S02100003438302D30303332332D52312E302E33392D50524F442D494D472E733337FE
S3150000000008080020D5010000ED2500006729000042
S315000000106F29000077290000732900007B29000062
S31500000020ED250000ED25000004400000ED25000050
S31500000030ED2500004C400000ED250000ED250000F8
S31500000040ED250000ED250000ED25000083290000C8
S31500000050ED250000ED250000ED250000ED25000052
S31500000060ED250000ED250000ED250000ED25000042
S31500000070ED250000ED250000ED250000ED25000032
S31500000080ED250000ED250000ED250000ED25000022
S31500000090ED250000ED250000ED250000ED25000012
S315000000A0ED250000ED250000ED250000ED25000002
S315000000B0ED250000ED250000ED250000ED250000F2
S315000000C0ED250000ED250000ED250000ED250000E2
S315000000D0ED250000ED250000ED250000ED250000D2
S315000000E0ED250000ED250000ED250000ED250000C2
S315000000F0ED250000ED250000ED250000ED250000B2
S31500000100ED250000ED250000ED250000ED250000A1
S31500000110ED250000ED250000ED250000ED25000091
S31500000120ED250000ED250000ED250000ED25000081
S31500000130ED250000ED250000ED250000ED25000071
S31500000140013800D0FCE7704710B5054C237833B969
S31500000150044B13B1044800E000BF0123237010BD17
S315000001609C08002000000000D442000008B5034BA4
S315000001701BB10349034800E000BF08BD00000000B2
S31500000180A0080020D4420000064B0748DA1C121AC9
S31500000190C11E22F00302994288BF0022034903F0E0
S315000001A006BF00BF9C08002010080020CC430000BA
S315000001B0064B0748DA1C121AC11E22F003029942A6
S315000001C088BF0022002103F0FFBE00BF400D0020C3
S315000001D09C08002008B5084B83F30A88074B084A99
S315000001E0C3E9002200F00EF800F056F9FFF7CCFF45
S315000001F0FFF7DEFF00F0AAF908000020080800203B
S31500000200A5EDF5FE044B054A9A60D3F8882042F422
S315000002107002C3F88820704700ED00E0000000007F
S31500000220F0B5421ED11C034685B019D86E460D4C5A
S3150000023004F11007354620686168083403C5BC42DE
S315000002402E46F7D10DF10F010F3311F8010912F8FF
S31500000250014F844204D19A42F7D1012005B0F0BD86
S315000002600020FBE7F03F00002DE9F041036804465B
S3150000027003F16043B3F5004F4FF00000A0B029D85A
S31500000280826A636816699E4224D8B3F5002F21D886
S31500000290656B06F14003AB4268D8B5F5002F65D80B
S315000002A02846FFF7BDFF002860D0284602F0F6F981
S315000002B080B16B6973B1022B0FD1AB69C4F1040134
S315000002C019444FF0FF32204601F096FA284BC31A24
S315000002D05842584120B0BDE8F08140F204632846F8
S315000002E00493FFF79DFF08B90020F3E7284602F0C4
S315000002F0D5F90028F8D00027D7F834804046FFF714
S315000003008FFF0028F0D0503EB045EDD8284605A90D
S3150000031002F0CBF90028E7D0BA6A059B12699A4227
S31500000320E2D89C42E0D8B3F5002FDDD806A801F04C
S315000003301FFB059A2146121B06A803F0AFF906A873
S3150000034003F0AEF9059C01F027FB039001F028FBB2
S3150000035021460090039B04F1200206A801F08EFAC4
S3150000036004900498B0FA80F04009B3E70120B1E7A1
S31500000370E320BBDE30B54FF0FF3289B005460C46B0
S3150000038001F03AFA0D4B984215D140F2022000F0E6
S315000003905BFA1C22002101A803F016FE084B294631
S315000003A06846009303F0F7F96846211F03F0F3F956
S315000003B0684601F0D7FC002009B030BDE320BBDE63
S315000003C00100064310B5044688B040F2022000F052
S315000003D03BFA1C22002101A803F0F6FD054B21463D
S315000003E06846009303F0D7F9684601F0BBFC00208D
S315000003F008B010BD0000034340B139B100230B60C3
S31500000400034B03600B6843F480430B60704700BFE7
S31500000410000400401A481B4E1B4FDFF878C04FF00F
S315000004200003014632463C466546914203D00B60C6
S3150000043001F10401F9E7AC4203D0236004F104049E
S31500000440F9E74FF4C045114E114F4FF0005C4FF0E5
S31500000450000432463B4661468A4201D102F104025B
S315000004609A4203D0146002F10402F9E728460168B3
S3150000047081F3088881F3098840688746FEE700BF54
S31500000480100800209C0800209C080020080000207E
S3150000049008080020400D002013B501244FF040232A
S315000004A08DF806408DF80740D3F894305B060BD5DF
S315000004B000F0EAF9A0F2022080B2072804D804FA74
S315000004C000F010F0C90F02D100F0E8FC20B10023C3
S315000004D08DF806308DF807304FF4C0435B68013362
S315000004E008D14FF4027000F0AFF900238DF8063002
S315000004F08DF807309DF8073063B14FF4C040FFF721
S31500000500B3FE8DF806009DF806301BB94FF4027055
S3150000051000F09AF99DF806308BB14FF400330721AD
S315000005204FF4C040074A936602F52032C2F8201104
S31500000530A2F51C329366044B9860FFF76BFF02B07E
S3150000054010BD00BF0090004000ED00E0A74BF7B5DE
S315000005501B68C3F30743012B0ED1A54B04205A6E2B
S315000005604FF48023A349550358BFA34A4B6601F5B0
S315000005701041086258BF53664FF400439D499F4A95
S315000005808B66536A082043F470235362D3689C4CED
S315000005909BB243F0BF6343F41033D3604FF4403350
S315000005A0A2F54062C2F88001E3601060954A1361CB
S315000005B04FF04023D3F88420140606D44FF400628B
S315000005C01A67D3F88420D006FBD44FF480328E4BC2
S315000005D04A668949D3F804364A669A6852020BD5A8
S315000005E01A69063203EB8203019300231946019A26
S315000005F0D1500433242BFAD1824B844A00259A60C9
S315000006004FF4A042C3F87052C3F874224FF4C042AC
S31500000610C3F88022C3F884227D4A9D60774B22F07E
S315000006201F02C3F8D850C3F8DC2045F6E172C3F8C0
S31500000630E0200122C3F8D8204FF0A042C3F8DC2006
S31500000640744A754EC3F8E0200222C3F8D820734AD4
S31500000650C3F8DC60C3F8E020D3F8D02042F00102F2
S31500000660C3F8D020BFF34F8FBFF36F8FD3F88C2022
S3150000067042F44062C3F88C20D3F8C02042F0FF0257
S31500000680C3F8C020D3F8C02022F47F4242F4884247
S31500000690C3F8C020D3F8C02022F47F02C3F8C020DC
S315000006A0BFF35F8F5A6A22F480325A62D3F89420DD
S315000006B022F00102C3F89420BFF34F8FBFF36F8F70
S315000006C046F203075648C3F89850C3F89C70C3F81F
S315000006D0A000BFF35F8F0521C3F894105A6A42F455
S315000006E080325A62BFF34F8FBFF36F8FBFF35F8FB6
S315000006F04C4C636A23F480336362D4F8943023F05D
S315000007000103C4F89430BFF34F8FBFF36F8FC4F863
S315000007109850C4F89C70C4F8A000BFF35F8FC4F86B
S315000007209410636A43F480336362BFF34F8FBFF361
S315000007306F8FBFF34F8FBFF36F8F4FF400320721D8
S315000007402C4B9A6603F52033C3F82011A3F51C330E
S315000007509A664FF400429A6602F001F9324A009610
S31500000760009B93423BD34FF4A0431A6882F38888D8
S3150000077082F38988A3605C68640864002046214689
S3150000078022462346B7EE000AF7EE000AB7EE001A35
S31500000790F7EE001AB7EE002AF7EE002AB7EE003A97
S315000007A0F7EE003AB7EE004AF7EE004AB7EE005A07
S315000007B0F7EE005AB7EE006AF7EE006AB7EE007A77
S315000007C0F7EE007A03F0B5FB4FF4017000F048F83D
S315000007D04FF4017000F044F8002003B0F0BD009B18
S315000007E01D60009B04330093BAE700BF0080E00F52
S315000007F0008000400090004000A0004000ED00E0B6
S3150000080000A000440080004400C0074055CEAC0064
S31500000810E0420000E1FFFFBF00600020E17F002012
S31500000820E1FF070000ED02E0008000204AF6C0303C
S31500000830044B5B8823F00F039BB21B1A58425841A6
S31500000840704700BF00000020044A08B51080FFF77B
S31500000850EDFF10B94FF20F03538008BD00000020D2
S3150000086008B5FFF7F1FFBFF34F8F0549054BCA687F
S3150000087002F4E0621343CB60BFF34F8F00BFFDE786
S3150000088000ED00E00400FA054FF20F01084B5A880C
S315000008908A4201D1188870473AB91B8840F2022073
S315000008A0012B18BF4FF4007070474FF4007070476B
S315000008B000000020014B1888704700BF0000002090
S315000008C04FF4003208B5044B9A6601F0B3F9B0FA5A
S315000008D080F0400908BD00BF00900040072BF8B526
S315000008E006460F4614461D4601D90020F8BD0121D3
S315000008F0202001F011F90121212001F00DF98CB120
S3150000090044EA06039B07F0D14FF40032064B31460A
S315000009109A66284623463A4601F0B6F9B0FA80F0C0
S315000009204009E3E70120E1E70090004010B50446E6
S3150000093000F054FA074BB0FBF3F304FB03F0022874
S3150000094006D9BDE810400323B0FBF3F0FFF7F8BB70
S3150000095010BD00BF40420F001FB510240D4B5C6652
S3150000096000F03CFA4FF47A23B0FBF3F00A4B224630
S3150000097018600021684603F027FB01238DF800303C
S3150000098040F2FF3369460548ADF8023002F013FF26
S3150000099004B010BD00900040B8080020008004405C
S315000009A030B50D4D0D4A2D68536A15FB00F010FA4F
S315000009B083F09CB280B2A0422CBF00240124084BD5
S315000009C01880084B1C7011B1536A8342FCD1012375
S315000009D005494B61936130BDB80800200080044092
S315000009E0B80A0020BA0A002000A00440094B0A4AAF
S315000009F05869127800F001000AB108B9704738B991
S31500000A00586A064B1B88984234BF00200120704765
S31500000A100120704700800440BA0A0020B80A00206E
S31500000A202DE9F84FDFF89881574BD8F80020574E3C
S31500000A309A42574F07D12823C8F80430554B3360E4
S31500000A404FF480233B60544B02F13C01DFF8749174
S31500000A50996002F12403C9F82430C9F804304FF034
S31500000A608063DFF864A14FF0010BCAF864304FF4DD
S31500000A708073CAF8643002F58053C3F804B040F6B8
S31500000A80AA630024536141F20503444D444802F52C
S31500000A9000519460D465D3601461D461D4648864D1
S31500000AA0C5F81C46C5F83446C5F82C46C5F8244694
S31500000AB0C5F82846D3609368936000F08FF9394BE8
S31500000AC04FF4E1121B6F0721C3F380235B44B0FB95
S31500000AD0F3F303F5E1435B01B3FBF2F3324A203B48
S31500000AE002EAC303D8F800200220D3615B46042241
S31500000AF001F034F85B465A460321584601F02EF8B9
S31500000B0014230522C5F81C36284B0321C5F83436B4
S31500000B10274B2848C5F82C36D8F800305A614FF0D4
S31500000B20F052254BCAF86410C3F804B09A605C62B0
S31500000B309C631C645C653A6802607A7B1A66FA7A82
S31500000B40BC7A120542EA04423C7B42EA4452DA6528
S31500000B50C3F8709032684260727BC3F89020F27AD4
S31500000B60B07A120542EA0042307B42EA4052C3F8AC
S31500000B708C20124A51630222C3F848B003F5805311
S31500000B801A61BDE8F88F00BF00C00540CC08002000
S31500000B90BC080020020004005008002000C00340EA
S31500000BA0FFFF010000800040F8FF7F000200070001
S31500000BB001000300004004400000044000200440FF
S31500000BC060080020100800200090004008B5054B82
S31500000BD000215A68186800F04BF9034B034A5A661D
S31500000BE008BD00BF6008002000A00040030000040C
S31500000BF0084B586B10F0020006D002229A6203F5E9
S31500000C00005301205A637047DB6A9B07FBD402221C
S31500000C10014BF6E700000440002004407F2938B568
S31500000C200446154624D8FFF7E3FF20B32046134BAE
S31500000C30621890420DD1124B01391A8861F30E12D7
S31500000C401A80104AC2F8A0300223936435B90020F6
S31500000C5038BD10F8014B03F8014BEAE7FFF7C8FF70
S31500000C600028FBD0084B1A6893699B06FCD5EEE773
S31500000C7041F20310ECE741F20620E9E7BB0C002045
S31500000C80500800200000044060080020014608B516
S31500000C90FFF7AEFF0028FBD0054B1B689A6950068C
S31500000CA0FCD5D9639A699206FCD5002008BD00BF21
S31500000CB0600800200E4BD86E40F2011398420FD008
S31500000CC040F2022398420DD00A4BC01A0A4B1B6809
S31500000CD083420AD02ABFC3F50073C01AC0187047F2
S31500000CE00020F3E74FF48070F0E70020704700BF64
S31500000CF000000440BB0A0020DC0800202DE9F84370
S31500000D00089F04460D461646F3B9FFF7D3FFA842DF
S31500000D1028BF284600214FF001084FF002091D4A5E
S31500000D20DFF878E013681C4F04EB000C64451DD116
S31500000D3001B1136006B1306041F20423A84234BF0A
S31500000D4018460020BDE8F8832FB1FFF705FE002105
S31500000D503846FFF725FEFFF7ADFFA842D5D2002F94
S31500000D60F9D0FFF743FE0028F5D0CEE71EF80310B2
S31500000D700133B3F5007F04F8011B04D10023C7F843
S31500000D8010900121D2E7B3F5807F08BFC7F8108025
S31500000D90F7E700BFDC08002000100440BB0A002073
S31500000DA010B10222094B9A6271B101220020074B51
S31500000DB007499A624A6307491967074908609A64AE
S31500000DC0022203F580531A61002070470000044098
S31500000DD00020044010080020DC08002030B51C4B21
S31500000DE087B001AA03F1100514461868596808333C
S31500000DF003C4AB422246F7D11B782370154B1B6FF9
S31500000E0003F00703032B1FD04FF48022124B5A66C0
S31500000E10124A9368C3F30443102B17D818336B4454
S31500000E2013F8143C0E480F4943438B4203D1926892
S31500000E30C2F30162D340074A106FC0F3033001309A
S31500000E40B3FBF0F007B030BD074BF4E7074BF2E712
S31500000E509C400000008000400090004000000140DF
S31500000E6040420F0000093D0000F04902C0EA21019E
S31500000E7040F60A43436100234FF48072490101F1B1
S31500000E80804101F57031C1F81C36034B5A664FF4A8
S31500000E9000725A66704700BF00A000404FF08062A3
S31500000EA0164B13B55A66062101230422022000F0D0
S31500000EB055FE00230093009B632B19DD02220123BC
S31500000EC00621104600F04AFE00230193019BB3F56C
S31500000ED0FA7F10DB0A4B00225C6F062101230220F9
S31500000EE000F03CFE6FEA941000F0010002B010BD65
S31500000EF0009B0133DEE7019B0133E6E700900040EB
S31500000F0000C0034030B500220C24064B04FB02F15E
S31500000F10CD58854201D1581830BD01320C2AF5D181
S31500000F200020F9E7B04000007FB50023CDE900338B
S31500000F30082315460DEB0302044602F0FDF941F2C3
S31500000F4003039842064626D194F8433063B108223B
S31500000F50E06C0DEB020102F0A1FB08230DEB03028E
S31500000F601146A06C02F089FB039A029B6A6094F812
S31500000F7043202B605AB9094A934208D0084A934243
S31500000F8005D00822E06C0DEB020102F087FB6B68CE
S31500000F90236500236365304604B070BDF70A0AF77F
S31500000FA0FC0404FC2DE9F04100254FF0FF3804460F
S31500000FB00F46164603F0200380F842301822FF2120
S31500000FC0C0E91855A0F8405080F84350A0F84450A6
S31500000FD080F84650C0F88880683002F0F5FF882215
S31500000FE02946C4E91276C4F88080C4F8848004F1E6
S31500000FF0900002F0E9FF094BC4F82081C4E94635A8
S3150000100084F8245137B12EB1304600F0B1FC2846A1
S31500001010BDE8F08141F20B00FAE700BF00010101D3
S315000010202DE9F04FA5B09846CDE9112300230446DB
S315000010300D462E9E1393139A424501D30020D8E005
S3150000104094F84630132BF7D8DFE813F06C00BB009A
S315000010506600510038002C00C8013800C001380075
S315000010607A013800C001AE022903140019015502A5
S31500001070550227034FF00009636D0F2B50D8012747
S31500001080102314AA2046CDF80490009711A902F067
S3150000109053F941F203030890089A9A4200F0E1805E
S315000010A0089B4BE04FF00109D4E91432934200F259
S315000010B0F08084F8469041F203033FE04FF00109C7
S315000010C0D4E91417B9422BD9C91BDDE91272BF1A2C
S315000010D094F840200329174440F28881032F00F238
S315000010E08881204611A902F006F9002326E001278F
S315000010F0636D072BDFD8082314AA2046CDE90077B5
S3150000110011A902F019F941F203030B900B9A9A42C6
S3150000111000F02B810B9B11E00027636D072B22D972
S31500001120012358E114AA204611A9FFF7FDFE41F25A
S3150000113003020590059B934208D0059B049341F258
S315000011400303049A9A423FF476AF51E0159A149934
S31500001150226500226265A34A914240F01181022273
S3150000116084F84620EAE7012314AA009320460823C0
S31500001170019711A902F0E0F841F203030690069ADE
S315000011809A4201D0069BD9E7149B03F07F43B3F143
S31500001190407F05D0132384F8463041F20903CDE79A
S315000011A0159AD00707D594F84230D10543F00103CC
S315000011B084F84230B1D4132384F8463041F20A034E
S315000011C0BCE7204614AA11A9FFF7AEFE41F20303BD
S315000011D00790079F9F420FD0079F41F20303049792
S315000011E0049A9A423FF427AF049B0BB10023EB709D
S315000011F0049825B0BDE8F08F1498FFF783FE28B950
S31500001200132341F2080784F84630E6E7437994F859
S3150000121024219A4205D9132341F20E0784F8463059
S31500001220DBE7026870498A4205D00289D20748BFC7
S31500001230013384F8243194F84230D9070DD5028958
S3150000124094F84330920706D53BB1132341F20107C8
S3150000125084F84630C1E7002BF7D0037984F846308E
S31500001260BBE7D4F848A000F09FFB80230221CDE91C
S31500001270000315AA3B46504600F0D6FAFCE6226D5E
S315000012800123A265002284F84330E26584F84630E3
S31500001290D1E614AA2046CDE9009911A902F04CF82E
S315000012A041F203030990099A9A4201D0099B45E746
S315000012B014AF05F108030DF1680C3A4603CA6245FE
S315000012C018605960174603F10803F6D110681860D4
S315000012D02B7843F001032B70E6E62B7843F00403EA
S315000012E02B70179BAB626B785F0726D5EB238DF8C7
S315000012F0503017238DF85130A6238DF852305E23D7
S3150000130000208DF85330236D6066C4F8843094F85D
S31500001310453043F0020384F84530F7686FB1042284
S31500001320336814A9B8470822606E3368F76816A9AF
S315000013301044B847636E103363660B2384F8463057
S31500001340636D072B3FF6B7AE012316AACDE900332E
S315000013502046082311A901F0EFFF41F203030A908A
S315000013600A9A9A42B9D00A9BE8E62B78159A43F076
S3150000137002032B70149B6B60236D083B6B622AB1D2
S31500001380132384F8463041F20103D7E6042384F898
S31500001390463094F84530626643F0010384F84530E0
S315000013A0A6E6042314AA2046CDE9007711A901F088
S315000013B0C3FF41F203030C900C9A9A4201D00C9B96
S315000013C0BCE6236D042B02D9149B23660127636DAB
S315000013D0032BE6D9092384F846306CE600236366BE
S315000013E0072353E7EB17A603F90707F98F42FFF424
S315000013F078AE402928BF40218F4228BF0F46032FD1
S3150000140088BF27F003073B4614AA2046CDE900997A
S3150000141011A901F091FF41F203030D900D9A9A4232
S3150000142001D00D9B8AE694F846A0BAF1070F04D1C5
S31500001430D6F808B0BBF1000F1BD1042FC7F1040B7F
S3150000144088BF4FF0000B14AB5A46FF21D81902F0A3
S31500001450BBFDBAF1090FBB4414D133465A462046A8
S3150000146014A901F0DEFF0D900D9B002B3FF428AE72
S31500001470D7E73A463368606E14A9D847626E3A4495
S3150000148062661DE6BAF1040F21D16B7898077FF5E5
S3150000149017AEF368002B3FF413AE626E042A0BD826
S315000014A00BEB0203062B07D915AB9B1A1A68C4F877
S315000014B084204FF0FF321A605A463368606EF76830
S315000014C014A9B847626E0BEB02076766F8E5BAF136
S315000014D00B0F7FF4F5AD6B7859077FF5F1ADD6F8B4
S315000014E00CA0BAF1000F3FF4EBAD5A463368606EBC
S315000014F014A9D047E6E700218A6A496B1269503A77
S3150000150091423FF640AF112B0FD194F81831002BC2
S315000015107FF406AE41F206030E930E9A9A4202D16A
S31500001520132384F846300E9B08E694F84430002BCB
S315000015307FF4F6ADCDE9003314AA4023204611A965
S3150000154001F0FAFE41F203030E900E9A9A42EAD196
S31500001550E06C02F0A5F894F81831A3B104F1B403D5
S31500001560E06C00931CAA04F1940314A900F086F918
S315000015700E900E9B9BB10023EB70132384F846302C
S3150000158041F20603DAE5E76C00F006FA039000F094
S3150000159007FA039B00901CAA384614A9E6E7012324
S315000015A0EB7084F84430BBE5002314AACDE9003380
S315000015B02046042311A901F0BFFE41F203030F9058
S315000015C00F9A9A4202D00F9B049311E6D4F8882012
S315000015D0344B9A4205D0132384F8463041F2050372
S315000015E0F2E794F8443033B9EB70132384F84630AD
S315000015F041F20603E8E7EB78002B47D094F8453034
S31500001600DA0707D5F7682FB104223368104604F1CC
S315000016108401B84794F845309B0707D5F7682FB182
S3150000162004223368104604F18401B847236E6BB375
S3150000163077685FB34FF0FF3304F18001042210A8EE
S315000016401093039102F0A3FC28B1042248F204008F
S3150000165033680399B84704F168090422494610A87B
S3150000166002F095FC90B100239B6A1422D3F81080F7
S3150000167004F16C0108F10800D6E90037B847D6E94D
S3150000168000370422494608EB0200B8470123AB7035
S315000016900E2384F84630002396E70023EB7041F2D0
S315000016A00700A6E5E320BBDE13B5224C01902C22F1
S315000016B00021204602F088FCFF22019B62701E4931
S315000016C01E4A1F48FFF76EFC02B0B7EE000ABDE8DF
S315000016D01040714672467346F7EE000AB7EE001ADE
S315000016E0F7EE001AB7EE002AF7EE002AB7EE003A38
S315000016F0F7EE003AB7EE004AF7EE004AB7EE005AA8
S31500001700F7EE005AB7EE006AF7EE006AB7EE007A17
S31500001710F7EE007A8EF3008C10B4F1EE10CA4FF695
S315000017206074C0F6FF740CEA040CE1EE10CA10BC3B
S31500001730F44674476808002048090020E0080020A5
S3150000174090090020F7B506460F46144601F03EFA0A
S3150000175008B901F035FA254D254B32460093294646
S315000017603B462448FFF75CFC2B782370AB7863700C
S31500001770EB78A3706B6863606B6AA360AB6AE36027
S3150000178003B0B7EE000ABDE8F040714672467346F4
S31500001790F7EE000AB7EE001AF7EE001AB7EE002AC7
S315000017A0F7EE002AB7EE003AF7EE003AB7EE004A37
S315000017B0F7EE004AB7EE005AF7EE005AB7EE006AA7
S315000017C0F7EE006AB7EE007AF7EE007A8EF3008C39
S315000017D010B4F1EE10CA4FF66074C0F6FF740CEA4E
S315000017E0040CE1EE10CA10BCF446744768080020E9
S315000017F0404100009009002030B50824094B00251F
S315000018005C66012403F5FE235C6001449D601A6159
S31500001810DC60884201D1586A30BD10F8012B1A628B
S31500001820F7E700BF00900040F8B516464FF40052A7
S315000018301D46114B04469A660222C3F860220F46E3
S3150000184002F099FADDE90612204602F098FA002322
S3150000185084F8387063623368C4F839307368C4F842
S315000018603D30B368C4F841302B0C6DBA84F845306E
S31500001870A4F84650F8BD00BF009000402DE9F041A5
S31500001880B0B014460646369D00286AD0002968D0B6
S31500001890002A66D0002B64D0002D62D006224FF4B9
S315000018A000500692304A20AF90660320C2F86002CC
S315000018B00022BE4609920C920F920A4601F12008B8
S315000018C0F446106851680832ACE803004245E64623
S315000018D0F6D122460DF1A00C04F1200E64461068E4
S315000018E05168083203C47245A446F7D10DF1400C85
S315000018F01A46644603F1200E2346106851680832E2
S3150000190003C372451C46F7D12B4618AC2035224638
S3150000191018685968083303C2AB421446F7D140230E
S31500001920CDE90A73089320230AAA0E9303AB07CACC
S31500001930CDF81CC00D9683E8070007AB93E80700B7
S315000019408DE807000DAB0ECB084802F062F9069051
S31500001950069B40F20460002B08BF002030B0BDE8B3
S31500001960F08140F20160F9E700900040A8420000D3
S315000019704FF40052074B10B59A6602220446C3F88C
S31500001980602201F090FE2046BDE81040002101F0E3
S315000019908EBE00BF00900040004870474CE3070031
S315000019A0004870476CE307000048704786E207006E
S315000019B02DE9F34799460A9B0C46196805463F29C7
S315000019C0164642D85A68002A41D0224A002E14BF31
S315000019D0B046904601F03F07091928BF5A681960BA
S315000019E024BF01325A60AFB1C7F1400AA24521D8DF
S315000019F02946524609EB070002F0D9FA012341466F
S31500001A0000934A463346002001F06AFEB046403C49
S31500001A1055443C443F2C0CD9A3092A460093414621
S31500001A203346002001F05CFE24F03F031D4404F021
S31500001A303F0400272CB12246294609EB070002F095
S31500001A40B6FA002002B0BDE8F0879046C2E7DFF89C
S31500001A500480BFE75041000030B4054608461146F1
S31500001A601A46DDE9023425B931B1029430BCFFF7DC
S31500001A709FBF024830BC70470846FBE780AFFFFFB8
S31500001A802DE9F0411746146886B01E46E3008DF82E
S31500001A900F30630952688DF80E30630B8DF80D30E8
S31500001AA0630D8DF80C30D30003EB54738DF80B30B7
S31500001AB004F03F045309372C8DF80A304FEA5233AD
S31500001AC04FEA525205468DF80820884694BFC4F165
S31500001AD03802C4F17802CDE900178DF809300D49B6
S31500001AE003460020FFF7B8FF082143462A46009721
S31500001AF00DEB0100FFF75CFF284605F1200350F8C7
S31500001B00042B984246F8042BF9D1002006B0BDE814
S31500001B10F08100BF70410000420910B510D0012AC3
S31500001B2010D00B4B0B4C022A18BF234600F01F00A7
S31500001B3051B103F58053012202FA00F0186010BD7E
S31500001B401346F3E7044BF1E703F50053F3E700BF51
S31500001B50688000406082004064800040F8B504461A
S31500001B600D461F4616464AB101238B403021194ABD
S31500001B7001FB0022FFB141F21001535004EB440374
S31500001B80072D4FF00F014FEA031317D8A80006FAE6
S31500001B9000F281401048184401F0ECFD56B90121CD
S31500001BA030230C4801FA05F503FB040077B141F236
S31500001BB01003C550F8BD42F21001DEE7A5F108009A
S31500001BC0800006FA00F281400448E4E742F210037E
S31500001BD0EFE700BF00C0034004C003400CC0034051
S31500001BE0F0B5114A114C124E00F00105E3695F078A
S31500001BF013D40DB9334213D103EA00078F4207D13C
S31500001C000B4A1A40002A14BF6FF001000020F0BDF5
S31500001C10013AEBD16FF00200F9E74FF0FF30F6E73B
S31500001C206FF00100F3E700BF8096980000000340C4
S31500001C30020001004FF4003238B50F4B0F4C9A6684
S31500001C4041F671330122E569E3630D4B0021DA6049
S31500001C50022360612120236105F48035FFF7C0FF70
S31500001C6010B92120FFF7BCFF0122064BDA600DB147
S31500001C700023E36338BD00BF00900040000003402E
S31500001C8000100340002003402DE9F04F06464FF4B4
S31500001C90402501202C4CDFF8BCC04FF40037CCF8AF
S31500001CA0040044F8265030250024DFF8ACE0DFF8C5
S31500001CB0AC9005FB06E5EC652C662C67234CDFF83B
S31500001CC0A0A0A76641F6713704F51C34D4F81C8031
S31500001CD0E763E76800FA06F60743E7604BB9E26890
S31500001CE018F4803F22F00102E26000D0E363184658
S31500001CF028E001F5005000EA0900401A984228BF82
S31500001D0018466161D4F81CB087081BF0040F17D180
S31500001D10013F3F0147F060576F66AA66C5F86CA0A1
S31500001D20CCF82460DEF834703E42FBD0084F014404
S31500001D307E630427CCF82860024427611B1ACDE78E
S31500001D404FF0FF30BDE8F08F0040044000900040A7
S31500001D5000200440001004400000044000E0FFFFA3
S31500001D60180003402DE9F843C3690446042B6FD8D5
S31500001D7001F0F9FC4FF48032364B3749586E03F5C3
S31500001D8080535A66354D364BC003C1F80036C1F84C
S31500001D9004565CBFA1F5E4214A66324AE6691A6038
S31500001DA02268314D5A6004F10C03C4F1204203EB62
S31500001DB0860102F598428B4202EB030020D13046A1
S31500001DC00027636803BB39460446254A41EA066193
S31500001DD091601368516892684B4053400022A242BA
S31500001DE031D145F82230BFF34F8F2049204BCA68C6
S31500001DF002F4E0621343CB60BFF34F8F00BFFDE7F1
S31500001E0053F8047B0760D6E70022D3F8009005EB71
S31500001E10800ED3F808C0F046CCF3990C624502EB6D
S31500001E20070102EB00040EF1040E06D35A68012ADC
S31500001E30CBD00F4620465B68C4E759F82210013222
S31500001E40C8F80010E5E755F8221001324B40C6E706
S31500001E50BDE8F8830080004000C00740004E00A0A7
S31500001E60004C00A0DEC0ECE50C4C00A000ED00E04C
S31500001E700400FA054FF48031174B10B5586E03F580
S31500001E808053596603F5E623D3F8043603F1C042BE
S31500001E90A2F58042B2F5606F01D9002010BDC203E1
S31500001EA05CBF0E4A516619680D4A9142F5D11A690E
S31500001EB00532B2F5007FF0D200210C46914205D3DF
S31500001EC053F82200031B58425841E7E753F8210014
S31500001ED001314440F2E700BF0080004000A000400E
S31500001EE0DEC0ECE538B50F4B0F495A6E4FF4803320
S31500001EF0D20358BF0D4A4B6601F5E621D1F80456C8
S31500001F00044658BF536630B1FFF7B4FF30B1002026
S31500001F106B68236038BD4FF4E020FBE74FF47E008A
S31500001F20F8E700BF008000400090004000A000409D
S31500001F3060B5054619B10139B1F5806F10D2094E69
S31500001F40F06810F48030FBD143EA0121120741EA20
S31500001F50050302F08052134343F00043736060BDF3
S31500001F600120FCE70020024C0122054B9A60DA684A
S31500001F70D203FCD4D86820F00F000004000C704790
S31500001F800020024C014B1868704700BF0010024C3D
S31500001F90044B1A6842F480721A601A6822F480723E
S31500001FA01A6070470010024C024B186B00F00E00CE
S31500001FB0704700BF0010024C82B01FB507930A9B02
S31500001FC004AC8B4228BF0B4604E907001048D10039
S31500001FD0079948BF03330160099948BF23F00303FB
S31500001FE023F0704301F0E041194341F00051816054
S31500001FF0002102F0E042019C134343F00053C1600C
S3150000200004618361416304B0BDE8104002B07047CB
S315000020100000024C3F22034B1A631022DA610322AE
S315000020209A6370470000024C024AD36B9B07FCD4AC
S31500002030704700BF0000024C034B986A10F0240062
S3150000204018BF0420704700BF0000024C08B5FFF718
S31500002050F3FF064BDB6B23F47F4323F0EF030343CD
S315000020601EBF0122024BC3F8FC2F08BD0000024C24
S3150000207000F0FF3F032208B5054B186019615A634B
S31500002080FFF7C8FFFFF7D0FFBDE80840FFF7DEBF48
S315000020900000024C42680346182A10B50AD0202ACE
S315000020A01DD0102A2BD1174AD2F80424D4010AD401
S315000020B0012013E0134AD2F804249001F8D50A68E7
S315000020C042F008020A6010481A6882424FF0000087
S315000020D00ED10A6842F040020A60586010BD094AF3
S315000020E0D2F804245201E3D50A6842F00402E9E773
S315000020F0064CA242F2D10A6842F08002ECE70720C1
S31500002100ECE700BF0000024C3B0D00203C0D002018
S315000021100B4607B50749D1F80414C90708D50021AD
S3150000212000920246084600F033F803B05DF804FB5F
S315000021300120FAE70000024C0B4607B50749D1F823
S315000021400414C90708D5009201210246002000F0B8
S315000021501FF803B05DF804FB0120FAE70000024C0B
S315000021601FB50A4CD4F8044464070CD5CDE9001217
S315000021700021069C0222CDE902340346084600F0FF
S3150000218031F804B010BD0120FBE700BF0000024C8F
S31500002190F0B51C465B6815468DB01A07129E1AD11B
S315000021A0CBB17268934216D10C4B0D4A53F821708D
S315000021B009AB07CA83E807001A462946CDE9053365
S315000021C0CDE90333CDE90163009447F4807001F053
S315000021D042FC0DB0F0BD0720FBE700BFE041000068
S315000021E0B04100002DE9F0418CB0DDE9127C7C683D
S315000021F01E46DDE9143E200728D13CB3DCF8040076
S31500002200844223D15868102820D1DEF80400102813
S315000022101CD10F4809AC50F821500E4951F82280C4
S315000022200D4A07CA84E8070045EA080022463146F7
S31500002230CDE9054ECDE90344CDE901C4009740F050
S31500002240300001F008FC0CB0BDE8F0810720FAE789
S31500002250E0410000BC410000B04100000138C0B2BE
S3150000226006289ABF014B185C00207047BC4200004C
S315000022700138C0B206289ABF014B185C002070478F
S31500002280C34200000138C0B206289ABF014B185C51
S3150000229000207047CA4200002DE9F04FBBB08046CF
S315000022A003A880E80E007E4B9DF81091D3F8002419
S315000022B0D40603D401203BB0BDE8F08F08F1FF320D
S315000022C0059EDDE903A7062A00F2E780DFE802F0B3
S315000022D0041A20262C323800D3F80C34D807E9D556
S315000022E0012307930023B9F1010FCDE908332DD05F
S315000022F0B9F1020F00F092804046FFF7C3FF632456
S31500002300054631E0D3F80C349907D3D50223E8E724
S31500002310D3F80C345A07CDD50423E2E7D3F80C34AE
S315000023201B07C7D50823DCE7D3F80C34DD06C1D577
S315000023301023D6E7D3F80C349C06BBD52023D0E770
S31500002340D3F80C345806B5D54023CAE7544BD3F816
S315000023500C34D903AED5079B404643F4C0630793BC
S31500002360FFF77CFF0324054613230422009307A9E5
S315000023704FF0005312A801F02BFB5146009446F093
S3150000238000533A4601F024FB4FF0000B04465E462C
S31500002390DDF814A1469B9B4564D1B9F1030F0AD120
S315000023A04046FFF76FFF874277D14046FFF760FF51
S315000023B00138304271D1002E67D1032332462046C0
S315000023C0009308A9334601F003FB04260446A4F152
S315000023D01000029001F012FB3146029801F019FB41
S315000023E0489AAA4228BF2A461446002A53D00023F8
S315000023F0479900930AA8499B01F0EAFA2A1B04D0E0
S3150000240000231946009301F0E3FA103801F0F6FABA
S3150000241012A80AA9FFF72EFE00204CE7204BD3F89E
S315000024200C24D2037FF546AFD3F80C349B037FF51B
S3150000243041AF97B17C423946374604F00304079B07
S31500002440404643F4E0630793FFF708FF24023E4645
S3150000245005460F4644F0A30486E704210DF1200A41
S315000024600C46ECE7DAF8042016444AB1032300933D
S315000024702046DAF80830DAF8001001F0A9FA044626
S315000024800BF1010B0AF10C0A84E716F0030618BFDC
S31500002490C6F104069BE70AA8B0E707200BE700BFD2
S315000024A00000024C08B5FFF773FD0122014B1A70BC
S315000024B008BD00BF3D0D00204FF40052034B002025
S315000024C09A660322C3F86022704700BF009000405E
S315000024D008B5FFF757FDC30708D5FFF765FD0628C2
S315000024E004D00A28F5D1FFF7DDFFF2E74FF40052DA
S315000024F0034B00209A660322C3F8602208BD00BF82
S3150000250000A00040C3438B426DD332F01F036AD153
S31500002510013902F01403014400B581EA000C142BC2
S315000025200ED8DFE803F03F0D0D0D480D0D0D0D0D16
S315000025300D0D0D0D0D0D510D0D0D1000DB0200D40E
S3150000254000205DF804FBBCF11F0F40E8C0F304D97E
S315000025509C4641E8C0F39C45F2D122F01402013AB0
S315000025600A2AEDD801A151F822F000BF9F250000EC
S31500002570E1250000992500004125000041250000C5
S315000025804125000041250000DB2500009F250000B5
S315000025903D250000992500009A02D2D4D0E71A03FF
S315000025A0CFD4CDE7BCF11F0F40E800F3D5D99C4648
S315000025B041E800F3CFE7BCF11F0F40E840F3CCD968
S315000025C09C4641E840F3C6E7BCF11F0F40E880F3A4
S315000025D0C3D99C4641E880F3BDE75B03B0D5B0E7BD
S315000025E05902AED5ACE70020704700BFFEE7C0F346
S315000025F00C032DE9F04105460F4616460BB9FEF7CA
S315000026005FF905F5005424F4FF5424F01F0405EB8C
S315000026100608A04507D8324639462846BDE8F041A7
S315000026200223FEF75BB92046FEF74AF904F500548B
S31500002630EFE770B40025AD6A03462E69864206D8D8
S315000026406C6913449C4202D370BCFFF7D0BF70BCC8
S3150000265070471FB510F5004F00F50043144603936D
S315000026601AD2039BB3F5FC2F16D2039BC3F5FC23AA
S31500002670934211D348B9836A5A69B2F5004F04D917
S3150000268018690191FEF71CF901992246039804B0D6
S31500002690BDE81040FFF7ABBF04B010BD036913F0EF
S315000026A0FE0F0CBF01200020704738B504460D46CA
S315000026B0FDF7B6FD48B16369012B09D12046FFF746
S315000026C0EDFF08B1A3692B6038BD01202C60FBE744
S315000026D00020F9E700239B6A9868704738B5002305
S315000026E09B6A04461B695D6B2846FDF799FD08B198
S315000026F02B6A236038BD08B5FFF7F4FBB0FA80F00B
S31500002700400908BD4FF0FF3313B5044601A80193F5
S31500002710FFF7F1FF20B1019BA3422CBF002001204F
S3150000272002B010BD08B5FFF7EDFFBDE808407146E1
S3150000273072467346B7EE000AF7EE000AB7EE001AC5
S31500002740F7EE001AB7EE002AF7EE002AB7EE003AC7
S31500002750F7EE003AB7EE004AF7EE004AB7EE005A37
S31500002760F7EE005AB7EE006AF7EE006AB7EE007AA7
S31500002770F7EE007A8EF3008C10B4F1EE10CA4FF625
S315000027806074C0F6FF740CEA040CE1EE10CA10BCCB
S31500002790F446744708B54FF40040FDF713FEBDE854
S315000027A00840714672467346B7EE000AF7EE000A15
S315000027B0B7EE001AF7EE001AB7EE002AF7EE002A77
S315000027C0B7EE003AF7EE003AB7EE004AF7EE004AE7
S315000027D0B7EE005AF7EE005AB7EE006AF7EE006A57
S315000027E0B7EE007AF7EE007A8EF3008C10B4F1EEB5
S315000027F010CA4FF66074C0F6FF740CEA040CE1EEE2
S3150000280010CA10BCF446744708B501464FF40040A0
S31500002810FDF7B0FDBDE80840714672467346B7EE57
S31500002820000AF7EE000AB7EE001AF7EE001AB7EE46
S31500002830002AF7EE002AB7EE003AF7EE003AB7EEB6
S31500002840004AF7EE004AB7EE005AF7EE005AB7EE26
S31500002850006AF7EE006AB7EE007AF7EE007A8EF3BA
S31500002860008C10B4F1EE10CA4FF66074C0F6FF7417
S315000028700CEA040CE1EE10CA10BCF446744708B525
S31500002880FFF728FFBDE80840714672467346B7EE6B
S31500002890000AF7EE000AB7EE001AF7EE001AB7EED6
S315000028A0002AF7EE002AB7EE003AF7EE003AB7EE46
S315000028B0004AF7EE004AB7EE005AF7EE005AB7EEB6
S315000028C0006AF7EE006AB7EE007AF7EE007A8EF34A
S315000028D0008C10B4F1EE10CA4FF66074C0F6FF74A7
S315000028E00CEA040CE1EE10CA10BCF446744708B5B5
S315000028F0FFF7F4FEBDE80840714672467346B7EE30
S31500002900000AF7EE000AB7EE001AF7EE001AB7EE65
S31500002910002AF7EE002AB7EE003AF7EE003AB7EED5
S31500002920004AF7EE004AB7EE005AF7EE005AB7EE45
S31500002930006AF7EE006AB7EE007AF7EE007A8EF3D9
S31500002940008C10B4F1EE10CA4FF66074C0F6FF7436
S315000029500CEA040CE1EE10CA10BCF44674470020E1
S315000029607047002070474FF40170FDF779BFFFF7FD
S31500002970FABFFFF7F8BFFFF7F6BF4FF40370FDF796
S315000029806FBFFFF7FABFB1F5057F10B504460FD349
S315000029904FF40572002101F017FB04F5CE7204F521
S315000029A0AA7104F12C000023BDE81040FEF7FABA24
S315000029B040F2052010BD13B50446009101462C30A7
S315000029C0FEF72EFBC4F8100218B141F20703984235
S315000029D009D1A3784BB140F2032040F20223E278FA
S315000029E0002A08BF184602B010BD40F20120FAE7DF
S315000029F02DE9F04387B00DF1080904460E46174647
S31500002A000021102248461D46DDF8388001F0DCFA28
S31500002A1000211C22C8F80010284601F0D5FA3246DB
S31500002A203B462146CDF8009004F12C00FEF7F8FA5B
S31500002A3023789A0744BF6268C8F80020DB0709D5E7
S31500002A4004F1080304F1240253F8041B934245F8E9
S31500002A50041BF9D1237840F20640002B18BF002052
S31500002A6007B0BDE8F0834FF40570704708B5FDF771
S31500002A70F7FEBDE808407046714672467346B7EEEB
S31500002A80000AF7EE000AB7EE001AF7EE001AB7EEE4
S31500002A90002AF7EE002AB7EE003AF7EE003AB7EE54
S31500002AA0004AF7EE004AB7EE005AF7EE005AB7EEC4
S31500002AB0006AF7EE006AB7EE007AF7EE007A8EF358
S31500002AC0008C10B4F1EE10CA4FF66074C0F6FF74B5
S31500002AD00CEA040CE1EE10CA10BCF446744708B5C3
S31500002AE0FDF7B2FEBDE80840704671467246734671
S31500002AF0B7EE000AF7EE000AB7EE001AF7EE001A74
S31500002B00B7EE002AF7EE002AB7EE003AF7EE003AE3
S31500002B10B7EE004AF7EE004AB7EE005AF7EE005A53
S31500002B20B7EE006AF7EE006AB7EE007AF7EE007AC3
S31500002B308EF3008C10B4F1EE10CA4FF66074C0F636
S31500002B40FF740CEA040CE1EE10CA10BCF44674479C
S31500002B5008B5FDF7AFFEBDE80840714672467346FC
S31500002B60B7EE000AF7EE000AB7EE001AF7EE001A03
S31500002B70B7EE002AF7EE002AB7EE003AF7EE003A73
S31500002B80B7EE004AF7EE004AB7EE005AF7EE005AE3
S31500002B90B7EE006AF7EE006AB7EE007AF7EE007A53
S31500002BA08EF3008C10B4F1EE10CA4FF66074C0F6C6
S31500002BB0FF740CEA040CE1EE10CA10BCF44674472C
S31500002BC04FF4037008B5FDF74BFEFEE708B531B1CB
S31500002BD01322FFF797FC003818BF012008BD0846EE
S31500002BE0FCE708B5FDF7A2FEBDE808407046714651
S31500002BF072467346B7EE000AF7EE000AB7EE001A01
S31500002C00F7EE001AB7EE002AF7EE002AB7EE003A02
S31500002C10F7EE003AB7EE004AF7EE004AB7EE005A72
S31500002C20F7EE005AB7EE006AF7EE006AB7EE007AE2
S31500002C30F7EE007A8EF3008C10B4F1EE10CA4FF660
S31500002C406074C0F6FF740CEA040CE1EE10CA10BC06
S31500002C50F446744708B5FDF77FFEBDE808407046A8
S31500002C60714672467346B7EE000AF7EE000AB7EEF3
S31500002C70001AF7EE001AB7EE002AF7EE002AB7EEB2
S31500002C80003AF7EE003AB7EE004AF7EE004AB7EE22
S31500002C90005AF7EE005AB7EE006AF7EE006AB7EE92
S31500002CA0007AF7EE007A8EF3008C10B4F1EE10CABB
S31500002CB04FF66074C0F6FF740CEA040CE1EE10CA1D
S31500002CC010BCF446744708B5FDF76AFEBDE8084037
S31500002CD07046714672467346B7EE000AF7EE000A72
S31500002CE0B7EE001AF7EE001AB7EE002AF7EE002A42
S31500002CF0B7EE003AF7EE003AB7EE004AF7EE004AB2
S31500002D00B7EE005AF7EE005AB7EE006AF7EE006A21
S31500002D10B7EE007AF7EE007A8EF3008C10B4F1EE7F
S31500002D2010CA4FF66074C0F6FF740CEA040CE1EEAC
S31500002D3010CA10BCF446744708B5FDF757FEBDE847
S31500002D400840714672467346B7EE000AF7EE000A6F
S31500002D50B7EE001AF7EE001AB7EE002AF7EE002AD1
S31500002D60B7EE003AF7EE003AB7EE004AF7EE004A41
S31500002D70B7EE005AF7EE005AB7EE006AF7EE006AB1
S31500002D80B7EE007AF7EE007A8EF3008C10B4F1EE0F
S31500002D9010CA4FF66074C0F6FF740CEA040CE1EE3C
S31500002DA010CA10BCF446744707B501230022194621
S31500002DB00092FDF7A3FF03B05DF804FB012307B5FE
S31500002DC0002200911946FDF799FF03B05DF804FB58
S31500002DD008B5FDF725FEBDE8084070467146724607
S31500002DE07346B7EE000AF7EE000AB7EE001AF7EEE2
S31500002DF0001AB7EE002AF7EE002AB7EE003AF7EE11
S31500002E00003AB7EE004AF7EE004AB7EE005AF7EE80
S31500002E10005AB7EE006AF7EE006AB7EE007AF7EEF0
S31500002E20007A8EF3008C10B4F1EE10CA4FF660747F
S31500002E30C0F6FF740CEA040CE1EE10CA10BCF446AE
S31500002E40744708B5FDF7C2FEBDE8084070467146F6
S31500002E5072467346B7EE000AF7EE000AB7EE001A9E
S31500002E60F7EE001AB7EE002AF7EE002AB7EE003AA0
S31500002E70F7EE003AB7EE004AF7EE004AB7EE005A10
S31500002E80F7EE005AB7EE006AF7EE006AB7EE007A80
S31500002E90F7EE007A8EF3008C10B4F1EE10CA4FF6FE
S31500002EA06074C0F6FF740CEA040CE1EE10CA10BCA4
S31500002EB0F446744770B504460D461646FFF786FE7F
S31500002EC008B9FFF77DFE324629462046FDF7A6FEE5
S31500002ED0BDE87040714672467346B7EE000AF7EEDB
S31500002EE0000AB7EE001AF7EE001AB7EE002AF7EE60
S31500002EF0002AB7EE003AF7EE003AB7EE004AF7EED0
S31500002F00004AB7EE005AF7EE005AB7EE006AF7EE3F
S31500002F10006AB7EE007AF7EE007A8EF3008C10B4F2
S31500002F20F1EE10CA4FF66074C0F6FF740CEA040C9A
S31500002F30E1EE10CA10BCF446744708B5FDF7A6FECC
S31500002F40BDE80840714672467346B7EE000AF7EED2
S31500002F50000AB7EE001AF7EE001AB7EE002AF7EEEF
S31500002F60002AB7EE003AF7EE003AB7EE004AF7EE5F
S31500002F70004AB7EE005AF7EE005AB7EE006AF7EECF
S31500002F80006AB7EE007AF7EE007A8EF3008C10B482
S31500002F90F1EE10CA4FF66074C0F6FF740CEA040C2A
S31500002FA0E1EE10CA10BCF446744708B5FDF720FEE2
S31500002FB0BDE80840714672467346B7EE000AF7EE62
S31500002FC0000AB7EE001AF7EE001AB7EE002AF7EE7F
S31500002FD0002AB7EE003AF7EE003AB7EE004AF7EEEF
S31500002FE0004AB7EE005AF7EE005AB7EE006AF7EE5F
S31500002FF0006AB7EE007AF7EE007A8EF3008C10B412
S31500003000F1EE10CA4FF66074C0F6FF740CEA040CB9
S31500003010E1EE10CA10BCF446744708B5FDF74AFE47
S31500003020BDE80840714672467346B7EE000AF7EEF1
S31500003030000AB7EE001AF7EE001AB7EE002AF7EE0E
S31500003040002AB7EE003AF7EE003AB7EE004AF7EE7E
S31500003050004AB7EE005AF7EE005AB7EE006AF7EEEE
S31500003060006AB7EE007AF7EE007A8EF3008C10B4A1
S31500003070F1EE10CA4FF66074C0F6FF740CEA040C49
S31500003080E1EE10CA10BCF44674472DE9F34114462C
S315000030900546002872D0002A70D002296ED1022B74
S315000030A06CD11021FFF792FD08B9FFF789FD1021B9
S315000030B02046FFF78BFD08B9FFF782FDD4E90067CC
S315000030C039463046D5F80080A468AD68FFF77EFD26
S315000030D0002840D1FFF774FD2A6898F80030394679
S315000030E0009230462246FDF709FE02B0B7EE000A0E
S315000030F0BDE8F041714672467346F7EE000AB7EE38
S31500003100001AF7EE001AB7EE002AF7EE002AB7EE1D
S31500003110003AF7EE003AB7EE004AF7EE004AB7EE8D
S31500003120005AF7EE005AB7EE006AF7EE006AB7EEFD
S31500003130007AF7EE007A8EF3008C10B4F1EE10CA26
S315000031404FF66074C0F6FF740CEA040CE1EE10CA88
S3150000315010BCF446744704212046FFF737FD0028CB
S31500003160B8D004214046FFF731FD0028B2D0042133
S315000031702846FFF72BFD0028ACD0ADE741F203202F
S31500003180B3E710B504210446FFF720FD08B9FFF7A1
S3150000319017FD2046FFF708FEBDE81040714672464F
S315000031A07346B7EE000AF7EE000AB7EE001AF7EE1E
S315000031B0001AB7EE002AF7EE002AB7EE003AF7EE4D
S315000031C0003AB7EE004AF7EE004AB7EE005AF7EEBD
S315000031D0005AB7EE006AF7EE006AB7EE007AF7EE2D
S315000031E0007A8EF3008C10B4F1EE10CA4FF66074BC
S315000031F0C0F6FF740CEA040CE1EE10CA10BCF446EB
S31500003200744738B50D4604210446FFF7DFFC08B9BC
S31500003210FFF7D6FC29462046FFF7D0FDBDE838402B
S31500003220714672467346B7EE000AF7EE000AB7EE2D
S31500003230001AF7EE001AB7EE002AF7EE002AB7EEEC
S31500003240003AF7EE003AB7EE004AF7EE004AB7EE5C
S31500003250005AF7EE005AB7EE006AF7EE006AB7EECC
S31500003260007AF7EE007A8EF3008C10B4F1EE10CAF5
S315000032704FF66074C0F6FF740CEA040CE1EE10CA57
S3150000328010BCF446744708B5FDF78AFDBDE8084052
S31500003290714672467346B7EE000AF7EE000AB7EEBD
S315000032A0001AF7EE001AB7EE002AF7EE002AB7EE7C
S315000032B0003AF7EE003AB7EE004AF7EE004AB7EEEC
S315000032C0005AF7EE005AB7EE006AF7EE006AB7EE5C
S315000032D0007AF7EE007A8EF3008C10B4F1EE10CA85
S315000032E04FF66074C0F6FF740CEA040CE1EE10CAE7
S315000032F010BCF446744770B5D1E90152AA4205D212
S3150000330090F840302B449B1A402B10D9002012E035
S315000033100A6890F84040D65C90F841200133224478
S3150000332002F03F02013486548B6080F840408B687F
S315000033309D42EDD8012070BD2DE9F8431D46174684
S31500003340D1E901329B1A90F84020044613449D426D
S315000033500E469DF820909DF8248056D9FFF7CBFFA6
S3150000336000285CD1132341F2020084F84630BDE800
S31500003370F88394F84120A25CFA5494F84120013372
S31500003380013202F03F0284F8412094F84020013ACD
S3150000339084F8402094F840200AB19D42E9D1D6E94C
S315000033A00121914201D29D4231D89D42DAD129466E
S315000033B03846D4F88820FEF71FFAC4F88800B9F119
S315000033C0000F04D02A463946E06C00F067F9B8F1E0
S315000033D0000F08D094F843308BB12B463A46394655
S315000033E0A06C00F04AF994F8433043B1E36DA26D46
S315000033F02B449342E36524BF002384F84330636D76
S3150000340041F203002B446365B1E70023C2E732684B
S31500003410525CFA54B26801330132B260BFE7002051
S31500003420A5E72DE9F743044658680E461746984621
S31500003430002842D011F0030342D19B6A206E1B691B
S3150000344002EB000C1D1D65451CD81C33984219D291
S315000034508542294638BF01469C4594BFC1EB0C0204
S31500003460C1EB0302081AC5F1680506EB00096818E6
S3150000347020444946019200F09AFDFF214846019AF0
S3150000348000F0A2FD48F20403226E9A420BD848F2DD
S315000034900701B818884206D99B1AF258C4F880204A
S315000034A04FF0FF32F2503A46D8E90035206E3146E9
S315000034B0A8470020226E3A44226603B0BDE8F08396
S315000034C041F20200F9E749BA89B24840C0F3031352
S315000034D0584003B283EA0033580100F4FF509BB210
S315000034E05840704738B5044645181046AC4200D1DE
S315000034F038BD014614F8010BFFF7E5FFF6E708B5FE
S31500003500FFF7E1FFBDE80840714672467346B7EE25
S31500003510000AF7EE000AB7EE001AF7EE001AB7EE49
S31500003520002AF7EE002AB7EE003AF7EE003AB7EEB9
S31500003530004AF7EE004AB7EE005AF7EE005AB7EE29
S31500003540006AF7EE006AB7EE007AF7EE007A8EF3BD
S31500003550008C10B4F1EE10CA4FF66074C0F6FF741A
S315000035600CEA040CE1EE10CA10BCF446744770B5C0
S3150000357004460D461646FFF729FB08B9FFF720FB60
S31500003580324629462046FFF7ADFFBDE8704071463A
S3150000359072467346B7EE000AF7EE000AB7EE001A57
S315000035A0F7EE001AB7EE002AF7EE002AB7EE003A59
S315000035B0F7EE003AB7EE004AF7EE004AB7EE005AC9
S315000035C0F7EE005AB7EE006AF7EE006AB7EE007A39
S315000035D0F7EE007A8EF3008C10B4F1EE10CA4FF6B7
S315000035E06074C0F6FF740CEA040CE1EE10CA10BC5D
S315000035F0F446744770B504460D461646FFF7E6FADC
S3150000360008B9FFF7DDFA324629462046FEF7F4F8F8
S31500003610BDE87040714672467346B7EE000AF7EE93
S31500003620000AB7EE001AF7EE001AB7EE002AF7EE18
S31500003630002AB7EE003AF7EE003AB7EE004AF7EE88
S31500003640004AB7EE005AF7EE005AB7EE006AF7EEF8
S31500003650006AB7EE007AF7EE007A8EF3008C10B4AB
S31500003660F1EE10CA4FF66074C0F6FF740CEA040C53
S31500003670E1EE10CA10BCF446744730B50D4685B06D
S31500003680194600F12803CDE90152009300F1240206
S3150000369000F1380300F0BFFB05B030BD00F00CB8F8
S315000036A0014600F016B86822002100F08DBC002308
S315000036B0C0E900331846704707B500F128030190AA
S315000036C0009300F108030020FEF7C6F903B05DF889
S315000036D004FB02460B4600F128010830FEF7D0B97C
S315000036E0F0B51D4693B0002837D1189B06909B0174
S315000036F0CDE904230AAB0A461E4601F120071C4603
S3150000370010685168083203C4BA422346F7D1002331
S3150000371007960993FEF7D0FE0446D8B920230893EE
S3150000372004AB93E807008DE8070007AB04200ECB37
S3150000373000F0B9FA0746FEF7CBFE8FB92B463246A4
S3150000374012AE154603CDB542186059602A4603F1FC
S315000037500803F6D1204613B0F0BD6FF07104F9E707
S315000037606FF06F04F6E7EFF3108072B6704700B99A
S3150000377062B6704770B5054614460E46FFF7F3FF6E
S31500003780296881EA040202EA06044C402C60BDE87E
S315000037907040FFF7ECBFC369032B9FBF00EB8302AA
S315000037A00133D160C3617047036BDA0702D5036941
S315000037B05B06F9D4704710B5FFF7F6FF012200F556
S315000037C000531A630B79044648881B0243EA804378
S315000037D0487A03434878002814BF4020002003435A
S315000037E0887A002814BF802000200343C87A002866
S315000037F014BF202000200343087B002814BF10209C
S3150000380000200343487B002814BF08200020034300
S31500003810887B002814BF4FF400600020034388799A
S31500003820002814BF4FF4803000200343636004F582
S3150000383080531A630A780AB90223E360002363629D
S31500003840C8790B7A497943EA8003002914BF10210D
S3150000385000210B43A3600AB10123E36010BD13B539
S315000038601AB10024009400F0B3F802B010BDF0B510
S315000038708DB005AC84E807001C46A1420D4628BF62
S315000038802546129B0DB304B311462846002603F5C0
S315000038901813CDE90A468DE8030003F241135F02CF
S315000038A0C5EB4323099302950CAA059B12E9070071
S315000038B0069500F012FAA54207D23146621B381B64
S315000038C00DB0BDE8F04000F006BA0DB0F0BD30B561
S315000038D091B001AC84E807001C461346DA0049BFE4
S315000038E0029A6200033222F00302014604A8FFF79F
S315000038F0B6FF04A800F082F81499224601F51811C3
S3150000390001F241114D0208A8C4EB41210023FFF743
S31500003910A6FF05F5007100232246091B0CA8FFF738
S315000039209EFF0CA800F06AF808A904A8FEF7A2FBFF
S3150000393011B030BD10B58CB005AC84E807000E9A06
S31500003940DDE9060102F5181202F5A0725202CDE970
S31500003950092300228DE803000B9202930CAA059B13
S3150000396012E9070000F0B9F90CB010BD2DE9F04BD3
S315000039704FF0000899460746164645468AB003ACFE
S3150000398084E8070002F0805B07AC049A424502D83F
S315000039900AB0BDE8F08B139B13B9AA1E012A0AD9F7
S315000039A0129BCDE90779099600955BB194E807006B
S315000039B04B46FFF75CFFBBF1000F00D14F440135CA
S315000039C0C844E2E74B4694E80700FFF7B3FFF2E787
S315000039D010B522F0704200F11004C0E900148260B4
S315000039E041B1826803F0704313438360029BC36056
S315000039F0204610BD836843F08043F6E70123436009
S31500003A00C36843F02003C360836843F000538360B8
S31500003A107047C36803F00F03012B02D0033B012B51
S31500003A2008D8C36801F01F0143EA0123C360836815
S31500003A3019448160704737B54D68044645B18C68B6
S31500003A400093096842EA04032A46FFF7C1FF0446C9
S31500003A50204603B030BD2DE9F04F2DED028BD1B0DD
S31500003A60019008EE903ADDE95D59DDE95F870420B3
S31500003A70002301AECDE9030305AB08EE102A07C902
S31500003A8083E80700314618460296619CFEF702FB62
S31500003A900646002840F0B5805C9A08AB07CA83E862
S31500003AA00700D8F80420D9F80430494213445B4291
S31500003AB003F00F0B7B6801F00F0A5B420093AB68C3
S31500003AC0DA0041BF6B68033323F003036B60A3681E
S31500003AD0DB0041BF6368033323F003036360002305
S31500003AE0D9F80400D8F80420CDE9133381185944D5
S31500003AF0CDE90C1369680B93494201F00F01CDE93A
S31500003B000E3161681093494201F00F01CDE9113180
S31500003B10CDE9153317935C9B5B684BB97B68134300
S31500003B20034305D110218A46CDE9091314AA089248
S31500003B3011234FF0005202A930A8FFF77CFF40F690
S31500003B4011034FF0005205A9FFF775FF42F6110366
S31500003B504FF0005218EE901AFFF76DFF44F611036E
S31500003B604FF0005218EE101AFFF765FF41230022AE
S31500003B704946FFF760FF4FEA0B234FF000524146DC
S31500003B8043F04103FFF757FF4FEA0A234FF0005275
S31500003B9043F0010308A9FFF74EFF009B4FF00052C8
S31500003BA01B0203F47063394643F00103FFF743FF3A
S31500003BB01038FFF723FF00230BA91A4618A8FFF7B2
S31500003BC03AFF002329461A46FFF735FF00230EA9C0
S31500003BD01A46FFF730FF002321461A46FFF72BFF50
S31500003BE0002311A91A46FFF726FF002362991A46F9
S31500003BF0FFF721FF1038FFF701FF18A930A8FEF7DD
S31500003C0039FA304651B0BDEC028BBDE8F08F006941
S31500003C10704770B586B003AE054686E80E00FFF71E
S31500003C20F6FF202804463AD86A6800EB80039A42D9
S31500003C3003D0062343439A4233D10B9BB3EB440F85
S31500003C402FD10E9A93422CD1012221463120EB68C6
S31500003C50FEF76EF908BB95E807000123CDE90033AE
S31500003C602346FFF783FE08230AAA009307CA2346C2
S31500003C70FFF72DFE0C23009396E807002346FFF777
S31500003C80F6FD0A230DAA009307CA2346FFF71FFE77
S31500003C90FEF76AF9002818BF032006B070BD0120A0
S31500003CA0FBE70720F9E770B58AB007AC84E80E0099
S31500003CB003AD064694E8070085E80B00012302934E
S31500003CC00EAB019303230093304694E80E00FEF7F3
S31500003CD0E3FA0AB070BD00F077B982B02DE9F04181
S31500003CE08AB005AE12F0804586E80700149C119351
S31500003CF033D1139B8C4228BF0C4613F08053884661
S31500003D00129A02D1944228BF144634B30F2C13D909
S31500003D10DDE912018DE803000294119B96E8070085
S31500003D20FEF74AF9FEF776F9FEF77EF90AB0BDE826
S31500003D30F04102B0FEF78AB9059E119F93B1A8EB38
S31500003D400502042A3B6828BF0422701909A9043514
S31500003D50099300F02CF9AC42F1D80AB0BDE8F04165
S31500003D6002B070472246394630460AB0BDE8F041F7
S31500003D7002B000F01CB92422002100F025B970B56C
S31500003D8015460E4624220021044600F01DF925F0B2
S31500003D904003802B02D0B5F5807F08D120463146FE
S31500003DA040F8045BEA0800F002F9002070BD6FF0ED
S31500003DB01F00FBE730B504680D4624F0400180295A
S31500003DC08BB002D0B4F5807F22D10021CDE9031259
S31500003DD010220430E408CDE90521CDE9073201902F
S31500003DE002940991FEF768FB68B9012D07AA04A998
S31500003DF001A80AD1FEF78CF90446FEF769FB2043B9
S31500003E0018BF6FF06F000BB030BDFEF795F9F3E702
S31500003E106FF07100F7E72DE9F04F82460F4698469E
S31500003E20164691B012B31568DAF8003023F0400256
S31500003E30802A02D0B3F5807F73D1DB080024059376
S31500003E401023CDE908341B9BCDE906480AF104028C
S31500003E503B44049202930DF11C0BBC4208D3002E86
S31500003E6065D00020356011B0BDE8F08F1546DBE760
S31500003E705DB11B9B1A9A1B5D525D013553401C9A1E
S31500003E8005F00F0513550134E7E7A7EB0409B9F16F
S31500003E900F0F1ED91B9B29F00F092344CDE90A39C0
S31500003EA01C9B0C952344CDE90D390F95FEF704FBB9
S31500003EB00028D8D15B460DAA0AA9CDF800B004A8FF
S31500003EC0FEF74EF90390FEF703FB039B03432BD14A
S31500003ED04C441B9B03EB04091C9B1C44029B4B4557
S31500003EE001D13C46B9E78DB94246012150461A9B9D
S31500003EF0FFF760FF0028B6D108F1100212F8013D65
S31500003F000133DBB213700BB99045F7D11A9A19F841
S31500003F10013B525D0135534004F8013B05F00F05A6
S31500003F20DCE76FF071009EE76FF06F009BE73046AD
S31500003F3099E72DE9E04F2746A046A146A246A346AB
S31500003F40A4462DED108B4FF0000545EC185B45ECB3
S31500003F50195A45EC1A5A45EC1B5A45EC1C5A45ECC5
S31500003F601D5A45EC1E5A45EC1F5AF1EE105A4FF6F3
S31500003F706076C0F6FF763540E1EE105A84F300888D
S31500003F8025462646A447BDEC108BBDE8E08F0139D7
S31500003F90024410B5904201D1002005E0037811F8E3
S31500003FA0014FA34201D0181B10BD0130F2E70A44AD
S31500003FB0431E914200D1704710B511F8014B914252
S31500003FC003F8014FF9D110BD02440346934200D1D4
S31500003FD0704703F8011BF9E7F8B500BFF8BC08BC49
S31500003FE09E467047F8B500BFF8BC08BC9E467047B1
S31500003FF0B814B6F1E0CFF3ADB7DD25C9FA79B7133A
S315000040000000000007B0CD5E0200000001000202C1
S315000040105C4400000060000000000800F30410008B
S315000040205F2900006329000069020000872900005B
S31500004030B729000000000000F1290000672A0000EF
S3150000404000000000F90300000000000013B779FA31
S31500004050C925DDB7ADF3CFE0F1B614B80102000013
S315000040600000000058440000400000000100020269
S31500004070000000000000000000000000000000003A
S31500004080000000000000000000000000000000002A
S31500004090000000000000000000000000040000070F
S315000040A000000D1013001A20263038405000000082
S315000040B0EB17A6030201000003000000FA0606FA49
S315000040C00F04000003000000F40A0AF405050000CE
S315000040D001000000EB17A65E0A06000001000000C2
S315000040E0F50909F50307000001000000F60808F6C7
S315000040F00608000000000000FE0101FE080800009E
S3150000410000000000FD0303FD0C0800000000000095
S31500004110F90707F91009000002000000F30B0BF382
S31500004120110A000003000000F70A0AF7120B00004C
S3150000413003000000FC0404FC0D0C0000030000005A
S315000041400000000033260000000000005326000097
S315000041506A09E667BB67AE853C6EF372A54FF53A12
S31500004160510E527F9B05688C1F83D9AB5BE0CD193E
S3150000417080000000000000000000000000000000B9
S315000041800000000000000000000000000000000029
S315000041900000000000000000000000000000000019
S315000041A00000000000000000000000000000000009
S315000041B000000000000000000000004000010000B8
S315000041C000020000000400000008000000100000CB
S315000041D000200000004000000080000000000100F8
S315000041E00000000001000000FFFFFFFF00000001CB
S315000041F0000000000000000000000000FFFFFFFFBD
S31500004200FFFFFFFFFFFFFFFFFFFFFFFF00000000B4
S31500004210FFFFFFFFFFFFFFFFBCE6FAADA7179E8477
S31500004220F3B9CAC2FC6325516B17D1F2E12C4247A0
S31500004230F8BCE6E563A440F277037D812DEB33A05D
S31500004240F4A13945D898C2964FE342E2FE1A7F9B05
S315000042508EE7EB4A7C0F9E162BCE33576B315ECE24
S31500004260CBB6406837BF51F5FFFFFFFF00000001E6
S31500004270000000000000000000000000FFFFFFFF3C
S31500004280FFFFFFFFFFFFFFFC5AC635D8AA3A93E7A8
S31500004290B3EBBD55769886BC651D06B0CC53B0F61B
S315000042A03BCE3C3E27D2604BE8410000C0000000F8
S315000042B000000000000010002000000010141C2068
S315000042C03040204040404080804010142020404034
S309000042D020000000C4
S315000042E07FE97FE9FEF790BA7FE97FE9FEF7A9BD8E
S315000042F07FE97FE9FEF720BD7FE97FE9FDF7D4B9C5
S315000043007FE97FE9FEF751BE7FE97FE9FDF71ABA3B
S315000043107FE97FE9FEF7D7BC7FE97FE9FFF727B999
S315000043207FE97FE9FEF7ABBA7FE97FE9FEF7ABBF2E
S315000043307FE97FE9FEF755BC7FE97FE9FEF796BB8B
S315000043407FE97FE9FEF7A1BE7FE97FE9FEF765BE5B
S315000043507FE97FE9FEF77EBC7FE97FE9FEF751BF83
S315000043607FE97FE9FEF7BBBB7FE97FE9FEF709BF7F
S315000043707FE97FE9FEF79EBD7FE97FE9FEF7E8BBAF
S315000043807FE97FE9FEF7CEB97FE97FE9FFF7B7B8A6
S315000043907FE97FE9FFF72EB97FE97FE9FEF7A7BA44
S315000043A07FE97FE9FEF7C9BD7FE97FE9FEF7F2B94C
S315000043B07FE97FE9FEF70CBD000000000000000069
S315000043C0CC4300001008002023000000F00F10036B
S315000043D000000000BB0A00201300000009000000D6
S315000043E0000100000202000013000000F00F10039D
S315000043F000000000BB0B00201300000009000000B5
S315000044000002000001010000D3FFFFFFF07F103023
S31500004410BB0C0020000000000000000000C00540AA
S315000044202800000000FF000000000000000000005F
S315000044300000000000000000000000000000000076
S315000044400000000000000000000000000000000066
S30D000044506D01000049010000A6
S3150000500000700020EB510000E9510000E95100005A
S31500005010E9510000E9510000E9510000E9510000A2
S31500005020E9510000E9510000E9510000E951000092
S31500005030E9510000E9510000E9510000E951000082
S31500005040E9510000E9510000E9510000E951000072
S31500005050E9510000E9510000E9510000E951000062
S31500005060E9510000E9510000E9510000E951000052
S31500005070E9510000E9510000E9510000E951000042
S31500005080E9510000E9510000E9510000E951000032
S31500005090E9510000E9510000E9510000E951000022
S315000050A0E9510000E9510000E9510000E951000012
S315000050B0E9510000E9510000E9510000E951000002
S315000050C0E9510000E9510000E9510000E9510000F2
S315000050D0E9510000E9510000E9510000E9510000E2
S315000050E0E9510000E9510000E9510000E9510000D2
S315000050F0E9510000E9510000E9510000E9510000C2
S31500005100E9510000E9510000E9510000E9510000B1
S31500005110E9510000E9510000E9510000E9510000A1
S31500005120E9510000E9510000E9510000E951000091
S31500005130E9510000E9510000E9510000E951000081
S3150000514010B5054C237833B9044B13B1044800E07D
S3150000515000BF0123237010BD08700020000000006E
S31500005160EC54000008B5034B1BB10349034800E0AB
S3150000517000BF08BD000000000C700020EC540000C9
S31500005180064B0748DA1C121AC11E22F00302994286
S3150000519088BF0022034900F087B900BF08700020CD
S315000051A000700020F8540000064B0748DA1C121A5B
S315000051B0C11E22F00302994288BF0022002100F09E
S315000051C080B900BF2470002008700020044B054AF7
S315000051D09A60D3F8882042F47002C3F8882070479A
S315000051E000ED00E000500000FEE708B5FFF7EEFF17
S315000051F0FFF7C6FFFFF7D8FF00F00FF9017901228C
S315000052000431033000F033B900F02FB900B5C3B054
S3150000521000F029F9B0F5027F17D14FF4847200210E
S31500005220684600F04EF9A0238DF8033002238DF86E
S31500005230043001238DF8063046238DF8073000230D
S3150000524068468DF80830FFF7D9FF4FF484720021C5
S31500005250684600F036F9A0238DF8033004238DF854
S31500005260043000F0D8F8CDF807006846FFF7C6FF0F
S3150000527043B05DF804FB30B5ADF5097D04464FF447
S315000052808472002146A800F01CF920238DF81B31FA
S3150000529002238DF81C314FF48472002104A800F01B
S315000052A010F94FF47A7500F0E4F80028FBD00123DA
S315000052B00095194603AA0DF1130000F0DCF89DF8DD
S315000052C01330202BEFD101230321009503AA05A853
S315000052D000F0D1F80028DED1039B032BDBD19DF82B
S315000052E0145075B140F6B8332946009303AA01233A
S315000052F00DF1170000F0BFF80028CCD1039B9D42AA
S31500005300C9D19DF81530002B4FD19DF81650022DAE
S315000053100DD0032D1DD0012DBDD18DF81E518DF858
S315000053201F318DF8203146A8FFF768FFB3E7224604
S315000053309DF8171006A800F0B5F88DF81E5128B193
S3150000534041F20703984214BF46200020ADF81F0122
S31500005350E9E763788DF81E512BB3A378002B0CBFB9
S315000053604623002346A8ADF81F31FFF747FF6378B1
S31500005370002B90D0A378002B8DD023785A0705D523
S31500005380E06800F042F808B100F041F823789B0786
S3150000539081D5656800F03FF885427FF67CAFA0684E
S315000053A000F037F877E74623DCE7012B7FF473AF8D
S315000053B09DF81630012B7FF46EAF637833B1A37876
S315000053C023B940F2032000F04CF864E79DF817304B
S315000053D0012B0CBF40F2022040F20120F3E7FFF759
S315000053E013BFFFF713BF1FB510220021684600F058
S315000053F068F8202000F054F8002268461146FFF7AE
S315000054003AFF05B05DF804FB7047FEF7B9BFFEF73B
S31500005410CBBFFEF765BFFEF783BF10B5FFF7DFFF13
S31500005420FFF7DFFF18B14FF4017000F01AF8FFF72D
S31500005430DAFF0446FFF7E8FF1CB140F203739C4213
S3150000544003D140F2012000F00CF8A4F20574012CFF
S3150000545094BF40F203204FF4017000F002F80020E0
S3150000546010BDFEF769BFFEF787BFFEF7A1BFFEF7C7
S315000054707FBFFEF769BF00B58BB08DF807300DF121
S31500005480070302930CAB04930223CDE906010892AD
S31500005490194606AA02A8FEF753FF0BB05DF804FBF7
S315000054A0FEF72ABFFEF730BF0A44431E914200D1E1
S315000054B0704710B511F8014B914203F8014FF9D12D
S315000054C010BD02440346934200D1704703F8011B06
S315000054D0F9E70000F8B500BFF8BC08BC9E46704767
S315000054E0F8B500BFF8BC08BC9E467047F8540000EB
S315000054F000700020020000006551000041510000CC
S31500006000000F002031DC01002DDC010005AC020090
S315000060102DDC010015AC020025AC02002DDC0100D0
S315000060202DDC01002DDC01002DDC01002DDC010042
S315000060302DDC0100107003002DDC01002DDC0100B9
S315000060402DDC01002DDC01002DDC010015E1010035
S315000060502DDC01002DDC0100F1F601002DDC010034
S315000060602DDC01002DDC01002DDC01002DDC010002
S3150000607055BD02002DDC01002DDC01002DDC0100E8
S315000060802DDC01002DDC0100154002002DDC010095
S315000060902DDC0100E9EB01002DDC01002DDC010007
S315000060A02DDC01000DED0100E9EC01002DDC010005
S315000060B02DDC01002DDC01002DDC01002DDC0100B2
S315000060C02DDC01002DDC01002DDC01002DDC0100A2
S315000060D02DDC01002DDC01002DDC01002DDC010092
S315000060E02DDC01002DDC01002DDC01002DDC010082
S315000060F0212802002DDC01002DDC01002DDC010031
S315000061002DDC01002DDC01002DDC01002DDC010061
S315000061102DDC01002DDC01002DDC01002DDC010051
S315000061202DDC01002DDC01002DDC01002DDC010041
S315000061302DDC01002DDC0100F5AD020001AE0200F0
S3150000614010B5054C237833B9044B13B1044800E06D
S3150000615000BF0123237010BD88140020000000003A
S31500006160C0CA030008B5034B1BB10349034800E04E
S3150000617000BF08BD000000008C140020C0CA030048
S31500006180A3F5803A704700BF174B002B08BF134B8F
S315000061909D46FFF7F5FF00218B460F461348144A2C
S315000061A0121A28F0BAFE0E4B002B00D098470D4B62
S315000061B0002B00D098470020002104000D000D4858
S315000061C0002802D00C4800E000BF28F03BFE20006B
S315000061D0290017F08CFC28F057FD00BF00000800CE
S315000061E00000000000000000000F002088140020BE
S315000061F0187B002000000000000000002DE9F0439D
S3150000620089B0054616468DF81F1021B18221344A01
S31500006210344826F02BF94FF405714FF4B267324C2F
S315000062209DF81F000DF11F0301FB00412A4607FBE5
S315000062300040CDE900633944002307F051F8C4203B
S315000062409DF81F104FF0980811FB00F000F6381269
S3150000625000F634102244204406920EF0FBF8842007
S3150000626040F69C099DF81F10204B00FB014002934D
S3150000627001F10F0300F2A470DBB207FB0141CDE987
S315000062800306CDE90053069A042309F0A9F89DF800
S315000062901F10174B18FB019002938B1D2044DBB295
S315000062A007FB0141CDE90306CDE90053069A042315
S315000062B008F0E0F974209DF81F20019618FB029162
S315000062C000FB0240931CDBB2009307FB02422B4605
S315000062D0214400F6280007F04FFC09B0BDE8F08322
S315000062E0102203000F290300A414002081F40000EB
S315000062F00DE7000010B5044620B1A421064A074860
S3150000630026F0B4F84FF4B260054B00FB0430BDE84C
S31500006310104007F05EB800BF10220300F828030003
S31500006320A414002070B505460C4621B1AB210C4AD9
S315000063300C4826F09BF84FF4B2600B4E294600FB42
S31500006340046007F049F8044640B9306810F0FAFADC
S31500006350002814BF012002200DF09AFA204670BDD5
S3150000636010220300E1280300A41400202DE9F047C1
S315000063709DF8288004460D4616461F469DF8209037
S31500006380DDF824A0B8F1000F04D0DC21094A0A4840
S3150000639026F06CF821464FF4B264084833462A4684
S315000063A004FB0800CDE9099A0897BDE8F04706F016
S315000063B0E3BB00BF10220300C8280300A41400207A
S315000063C02DE9F04105460E4617461C4623B1ED2140
S315000063D0074A084826F04AF829464FF4B2650648A7
S315000063E03B46324605FB0400BDE8F04106F029BCF9
S315000063F010220300A9280300A414002038B505467E
S315000064000C4621B1F321074A074826F02FF84FF42E
S31500006410B260064B294600FB0430BDE8384006F062
S3150000642079BB00BF1022030098280300A4140020A3
S3150000643010B5044620B1F921064A074826F016F899
S315000064404FF4B260054B00FB0430BDE8104006F087
S3150000645090BB00BF1022030083280300A414002071
S3150000646010B5044620B1FF21064A074825F0FEFF75
S315000064704FF4B260054B00FB0430BDE8104007F056
S31500006480C3B800BF1022030065280300A41400202F
S3150000649038B505460C4629B140F20511064A0748AB
S315000064A025F0E4FF4FF4B260054B294600FB0430AB
S315000064B0BDE8384006F037BC102203004928030027
S315000064C0A414002038B505460C4629B140F2111136
S315000064D0064A074825F0CAFF4FF4B2614C43054B04
S315000064E029461859BDE838400FF0C8BB10220300F2
S315000064F02F280300A414002010B5044628B140F24A
S315000065002311064A064825F0B1FF4FF4B260054B49
S3150000651000FB0430BDE8104006F046BD1022030023
S315000065201B280300A414002010B5044628B140F22D
S315000065303511064A064825F099FF4FF4B260054B1F
S3150000654000FB0430BDE8104006F03ABF10220300FD
S31500006550FB270300A414002038B505460C4629B1D4
S3150000656040F23B11064A074825F080FF4FF4B2601F
S31500006570054B294600FB0430BDE8384006F023BF32
S3150000658010220300DB270300A414002010B50446E4
S3150000659028B140F24111064A064825F067FF4FF43C
S315000065A0B260054B00FB0430BDE8104006F0FCBEAF
S315000065B010220300B3270300A414002010B50446DC
S315000065C028B140F24711064A064825F04FFF4FF41E
S315000065D0B260054B00FB0430BDE8104006F0E6BB98
S315000065E01022030079270300A414002038B50546BD
S315000065F00C4629B140F24D11064A074825F036FFF0
S315000066004FF4B260054B294600FB0430BDE8384024
S3150000661006F0CEBB1022030061270300A41400205D
S3150000662038B505460C4629B140F25F11064A0748BF
S3150000663025F01CFF2146284616F058FB003818BFE7
S315000066400120404238BD00BF102203004A27030044
S3150000665038B505460C4629B14FF4BB71064A0748C2
S3150000666025F004FF2146284616F062FB003818BFC5
S315000066700120404238BD00BF10220300322703002C
S3150000668038B505460C4629B140F28111064A07483D
S3150000669025F0ECFE22462946002015F04DFD003877
S315000066A018BF0120404238BD102203001B270300FB
S315000066B038B505460C4629B14FF4C671064A074857
S315000066C025F0D4FE22462946012015F035FD003876
S315000066D018BF0120404238BD1022030004270300E2
S315000066E038B50D46044628B140F2A311064A0748BC
S315000066F025F0BCFE4FF4B2604443054B29461859B9
S31500006700BDE838400FF0CEBF10220300AC260300D0
S31500006710A414002010B5044628B140F2B511064A6B
S31500006720064825F0A3FE4FF4B2604443044B1859C3
S31500006730BDE810400FF0D1BE1022030079260300F9
S31500006740A414002010B5044628B140F2CD11064A23
S31500006750064825F08BFE4FF4B260054B00FB043073
S31500006760BDE8104006F032BE102203005326030097
S31500006770A414002010B5044628B140F2D911064AE7
S31500006780064825F073FE4FF4B260054B00FB04305B
S31500006790BDE8104005F05DBE10220300232603006D
S315000067A0A414002070B506460D4629B14FF4F371C6
S315000067B00C4A0D4825F05AFE84230C4C314603FB47
S315000067C0054404F2A474204609F03EF82846FFF773
S315000067D02FFE022804D12046BDE8704008F048BECE
S315000067E070BD00BF10220300E1250300A4140020A1
S315000067F030B4C424054D04FB035413460A4601462F
S3150000680004F6341030BC0DF079BE00BFA41400208D
S3150000681070B505460E4614462AB140F21221084AC2
S31500006820084825F023FEC420074B324600FB0430FF
S315000068302946BDE8704000F634100DF02FBE00BFAB
S3150000684010220300B9250300A414002070B50546E4
S315000068500E4614462AB140F21E21084A084825F081
S3150000686005FEC420074B324600FB04302946BDE82E
S31500006870704000F634100DF026BE00BF1022030053
S3150000688091250300A41400202DE9F04106460F4689
S3150000689090461C462BB140F22A21084A084825F0AA
S315000068A0E5FDC420074D434600FB04503A463146F9
S315000068B0BDE8F04100F634100DF010BE10220300C2
S315000068C067250300A414002070B505460E4614463D
S315000068D02AB140F24321084A084825F0C7FDC420E2
S315000068E0074B324600FB04302946BDE8704000F6EF
S315000068F034100DF029BE00BF102203003F2503000F
S31500006900A41400202DE9F04106460F4690461C4689
S315000069102BB14FF41A71084A084825F0A7FD8420C8
S31500006920074D434600FB04503A463146BDE8F04168
S3150000693000F2A47008F0F2BE10220300192503002D
S31500006940A414002038B505460C4629B14FF41D7134
S31500006950074A084825F08AFD8420074B294600FB94
S315000069600430BDE8384000F2A47008F027BF00BF2D
S3150000697010220300F4240300A41400202DE9F0479C
S315000069809DF8209005460E4617469846B9F1000F29
S3150000699005D04FF42671094A094825F067FD98206D
S315000069A0084C3B4600FB094032462946CDF820807C
S315000069B000F69C00BDE8F04708F0F4B8102203008A
S315000069C0CE240300A414002038B505460C4629B190
S315000069D040F2A321074A084825F048FD9820074BB6
S315000069E0294600FB0430BDE8384000F69C0008F05C
S315000069F013B900BF10220300A9240300A414002029
S31500006A0010B5044628B140F2C921064A064825F0C9
S31500006A102DFD4FF4B260054B00FB0430BDE810407D
S31500006A2006F0F4BC1022030058240300A41400202E
S31500006A304FF4B262024B02FB003006F0FBBC00BF13
S31500006A40A414002038B505460C4629B140F2EB21C6
S31500006A50064A074825F00AFD4FF4B260054B294661
S31500006A6000FB0430BDE8384006F0E7BC1022030006
S31500006A7034240300A414002010B5044628B140F2C3
S31500006A80F121064A064825F0F1FC4FF4B260054BA9
S31500006A9000FB0430BDE8104006F0D8BC102203000D
S31500006AA009240300A414002010B5044628B140F2BE
S31500006AB0FD21064A064825F0D9FC4FF4B260054B85
S31500006AC000FB0430BDE8104006F0A4BC1022030011
S31500006AD0E6230300A414002010B5044628B140F2B2
S31500006AE00931064A064825F0C1FC4FF4B260054B51
S31500006AF000FB0430BDE8104006F094BC10220300F1
S31500006B00C4230300A414002010B5044628B140F2A3
S31500006B100F31054A054825F0A9FC4FF4B260044B35
S31500006B2000FB043010BD00BF102203008D230300BC
S31500006B30A414002013B5044628B14FF44F71074A38
S31500006B40074825F093FC4FF4B260064B00FB043077
S31500006B5002B0BDE8104006F07CBC00BF1022030066
S31500006B6070230300A414002007B528B140F2423177
S31500006B70044A054825F07AFC03B05DF804EB10F0F2
S31500006B804AB800BF10220300442303002DE9F04158
S31500006B9005460E4617461C462BB140F24931084AB7
S31500006BA0084825F063FC29464FF4B26506483B4683
S31500006BB0324605FB0400BDE8F04106F068BC00BFA4
S31500006BC0102203001A230300A414002010B5044663
S31500006BD028B14FF45471064A064825F047FC4FF495
S31500006BE0B260054B00FB0430BDE8104006F040BC27
S31500006BF010220300DF220300A414002010B504466F
S31500006C0028B140F25631064A064825F02FFC4FF4CB
S31500006C10B260054B00FB0430BDE8104006F04CBCEA
S31500006C2010220300AE220300A414002070B505460E
S31500006C300E4614462AB140F26E31074A074825F03F
S31500006C4015FC4FF4B260064B3246294600FB043071
S31500006C50BDE8704006F04ABC102203008F220300F4
S31500006C60A414002010B5044628B14FF45D71064AFD
S31500006C70064825F0FBFB4FF4B260054B00FB0430E1
S31500006C80BDE8104006F044BC102203006822030051
S31500006C90A414002070B506460D4629B140F27B319A
S31500006CA00C4A0D4825F0E2FB74230C4C314603FBDD
S31500006CB0054404F62804204606F09EFF2846FFF702
S31500006CC0B7FB022805D126B12046BDE8704006F084
S31500006CD09BBF70BD102203004C220300A4140020A9
S31500006CE010B5044628B140F28531074A074825F019
S31500006CF0BDFB7423064803FB0400BDE8104000F604
S31500006D00280006F067BF00BF102203002C220300F4
S31500006D10A414002038B505460C4629B140F2963138
S31500006D20074A084825F0A2FB7420074B294600FBBA
S31500006D300430BDE8384000F6280006F0F1BF00BF79
S31500006D401022030091270300A414002010B5044666
S31500006D5028B140F29D31064A064825F087FB4FF4DC
S31500006D60B260054B00FB0430BDE8104006F0D7BB0F
S31500006D7010220300DA260300A414002038B50546C5
S31500006D800C4629B140F2A331064A074825F06EFBAE
S31500006D904FF4B260054B294600FB0430BDE838408D
S31500006DA006F08DBB10220300FD250300A41400206D
S31500006DB010B5044628B140F2AF31064A064825F020
S31500006DC055FB4FF4B260054B00FB0430BDE81040A4
S31500006DD006F086BB102203008A240300A4140020B8
S31500006DE02DE9F04105460E4617461C462BB140F2EA
S31500006DF0B531084A084825F039FB4FF4B2635C43C5
S31500006E0006483B46324629460059BDE8F0410FF098
S31500006E1077BC00BF10220300A7230300A4140020A0
S31500006E2010B5044628B140F2BB31064A064825F0A3
S31500006E301DFB4FF4B2604443044B1859BDE81040A3
S31500006E400FF042BD10220300F9220300A414002013
S31500006E5010B44FF4B2645C4313460A460146034835
S31500006E6000595DF8044B0FF0FBBC00BFA4140020D2
S31500006E704FF4B262024B02FB003005F0FABC00BFD1
S31500006E80A41400204FF4B262024B02FB003005F05E
S31500006E90F3BC00BFA41400204FF4B2635843024B66
S31500006EA018580FF00CBE00BFA41400204FF4B263B4
S31500006EB05843024B18580FF0DDB800BFA414002049
S31500006EC04FF4B2635843024B18580FF0ABB800BFEB
S31500006ED0A41400204FF4B262024B02FB003006F00D
S31500006EE075BB00BFA41400204FF4B262024B02FB34
S31500006EF0003006F01BBB00BFA41400204FF4B262A2
S31500006F00024B02FB003006F046BB00BFA414002073
S31500006F104FF4B262024B02FB003006F04BBB00BFDF
S31500006F20A41400204FF4B262024B02FB003006F0BC
S31500006F3044BB00BFA41400204FF4B262024B02FB14
S31500006F40003006F03DBB00BFA41400204FF4B2622F
S31500006F50024B02FB003006F036BB00BFA414002033
S31500006F60014B93F90E007047A414002038B504466F
S31500006F70044D014628680EF082FF94F90030AB7389
S31500006F8038BD00BFA4140020064B1A6892F83C21B5
S31500006F9002711A7B4271D3F86823026093F88C352C
S31500006FA083717047A41400200B4B93F87C25196855
S31500006FB0012A0AD191F83D11017193F870134171BC
S31500006FC0D3F86C3303608271704791F83E110171FA
S31500006FD0997C41715B69F5E7A4140020034B10B15D
S31500006FE093F87D057047187B704700BFA4140020F6
S31500006FF013B503460A4C60B1002394F87D050DF1E4
S3150000700006020DF10701FFF7EBFE9DF8060002B040
S3150000701010BD207B0DF106020DF10701F3E700BF5D
S31500007020A414002013B503460A4C60B1002394F85B
S315000070307D050DF106020DF10701FFF7D1FE9DF862
S31500007040070002B010BD207B0DF106020DF107010D
S31500007050F3E700BFA4140020044B20B1002093F8EE
S315000070607D15FFF73DBB197BFBE700BFA41400208D
S3150000707013B5114CA37B04F2815084F87E35237B33
S3150000708084F87F35E37B84F880352368D3F81011C4
S3150000709093F8732027F01AFF00200DF1070114F072
S315000070A082F810B100238DF807309DF8073084F878
S315000070B08B3502B010BD00BFA414002073B5044682
S315000070C01B4D0630AB7B05F2815100F8053C95F867
S315000070D07E3500F8063C2B7B00F8033C95F87F359F
S315000070E000F8043CEB7B2E6800F8013C95F88035EF
S315000070F000F8023C96F87320827427F0E7FED6F873
S315000071001011227E04F10F0027F0E0FE00200DF1A1
S31500007110070114F048F810B100238DF807309DF8E8
S315000071200730A37695F88B35637602B070BD00BF45
S31500007130A4140020024B1A7B83F88C25704700BFED
S31500007140A414002008B5044B014618680EF0A6FFEB
S31500007150B0FA80F0400908BDA4140020014B18685D
S315000071600FF022BEA4140020014B18680FF029BEB0
S31500007170A4140020014B18680FF030BEA4140020A0
S31500007180014B18680FF037BEA4140020024B0146CD
S3150000719018680FF03DBE00BFA414002013B5074BBE
S315000071A001901C68FFF7E0FF0199024620460FF0A8
S315000071B009FC0D38C0B202B010BD00BFA4140020F7
S315000071C008B5034B18680FF038FEC0B208BD00BF03
S315000071D0A4140020014B18680FF03CBEA414002034
S315000071E007B50649009001F6245301F6682201F618
S315000071F0BC4008F00DFC03B05DF804FBA4140020AD
S3150000720007B50849019001F6BC43009301F66822D0
S3150000721001F6245301F6F81008F0C8FD03B05DF836
S3150000722004FB00BFA41400200349034601F678625C
S3150000723001F6245009F00AB9A414002002490246B6
S3150000724001F6682008F01CBFA414002073B50C4694
S315000072500A7D0D49034681F88C2E91F8B02A01F675
S3150000726078650092D1F8AC2A2846D1F8081D09F0B5
S315000072706FF906460FCD0FC495E8030084E80300B6
S31500007280304602B070BD00BFA4140020034800F6CB
S31500007290786100F6BC4008F00BBC00BFA4140020C7
S315000072A0014808F010BC00BF60210020034800F62A
S315000072B0786100F6F81008F0AFBD00BFA4140020F6
S315000072C0014808F0B6BD00BF9C1E002013460A46C2
S315000072D00146014809F0F8B8C8210020002070478F
S315000072E037B5002290F8F030044600EB03135D7AC0
S315000072F05A72A9070DD55878FFF7B4FCB0FA80F199
S3150000730094F8F0300B2004EB03135A78490911F076
S3150000731079F9EA0715D594F8F0300DF1070104EB79
S3150000732003135A780DF10600FFF780FCB0FA80F1DE
S3150000733094F8F030082004EB03135A78490911F049
S3150000734061F96B0714D594F8F03004EB0313587801
S31500007350FFF7FCFCB0FA80F1092094F8F0304909F7
S3150000736004EB0314627803B0BDE8304011F04AB96B
S3150000737003B030BD30B590F8F02087B000EB0212B4
S31500007380527A054612F001041CBF02238DF8143010
S31500007390910707D50D2104F118036B44013403F856
S315000073A0041CE4B2530719D5102204F118036B44E8
S315000073B0013403F8042CE4B224F09AFD95F8F02089
S315000073C005EB021300225B781146CDE90203CDE9F5
S315000073D0004205AB032010F0B1FC02E0621E022A57
S315000073E0EAD907B030BD0000064908B51160064A63
S315000073F01A60029B054A1A600FF0B0FF039B1860E3
S3150000740008BD00BFDD72000075730000E172000068
S31500007410F0B50C461746054685B020B18921164AB7
S31500007420164825F023F8631E062B22D80FF096FF88
S31500007430064610220021684627F06FFD0322C5EBA1
S3150000744005130433DBB28DF8003006EB0313597ACB
S315000074508DF808200C438DF801508DF8094024F072
S3150000746045FD3844019068460FF060FF002005B0E6
S31500007470F0BD0120FBE700BF102203002029030016
S315000074800A2270B590F8F030374E00EB03135B78A4
S31500007490044602FB03639B788CB023B9E321334A8D
S315000074A0334824F0E3FF94F8F03004EB03135978E3
S315000074B00A2303FB0163DB789BB305A8FFF72AFCCD
S315000074C04FF45163ADF8103094F8F03004EB031329
S315000074D05878FFF77BFB30BB0D2301258DF8103064
S315000074E094F8F03004EB03135878FFF72FFCE0B163
S315000074F0102205F130036B44013503F8202CEDB260
S3150000750024F0F6FC002294F8F030114604EB031444
S315000075106378CDE90052CDE90203032004AB10F0F5
S315000075200DFC0CB070BD0025DAE7002DE8D10A226B
S3150000753094F8F03004EB03135B7802FB03663279B0
S3150000754073799A42EDD024F0D3FC94F8F0302A46B1
S3150000755004EB031463780121CDE9020302202B46D4
S31500007560CDE90050DBE700BF342300203D290300AE
S315000075707D2A030010B50C460A4911600A4A1A60B2
S31500007580029B0A4A1A600FF0E9FE00220121039BC2
S315000075901860074B5C701A70DA7099701A715A711C
S315000075A010BD00BFFD76000081740000217600004A
S315000075B03423002030B50D46044685B020B1CC21D9
S315000075C0134A144824F052FF0A22134B02FB0433D9
S315000075D09B7823B9CD21114A0E4824F047FF10228B
S315000075E00021684627F099FCC4EB041305338DF897
S315000075F0003003238DF801408DF8083024F076FC26
S315000076002844019068460FF091FE05B030BD00BFDA
S3150000761010220300372A030034230020D329030055
S315000076200A2270B590F8F030314D00EB03135B7809
S31500007630044602FB03539B782BB940F205112D4AF1
S315000076402D4824F013FF94F8F03004EB0313587818
S315000076500A2303FB0053DB78002B43D0FFF7B6FA6F
S31500007660B8B194F8F03004EB03135878FFF76EFBCB
S3150000767078B994F8F03004EB03135878FFF730FB31
S3150000768038B994F8F030012004EB03135978FFF76A
S3150000769001FB94F8F03004EB03135878FFF788FBEE
S315000076A006460A2094F8F03004EB03135A7800FBE0
S315000076B002514B79B3420B7117D0A6B1012110F0DC
S315000076C0A1FF002194F8F03004EB03135878FFF77C
S315000076D071FF0A2294F8F00004EB0014637802FBB1
S315000076E003556E7170BD3146E9E782211046EEE71B
S315000076F0342300203D290300AA2A030038B590F858
S315000077000A310D2B05D10D4D90F818412B78A34267
S3150000771001D000240FE0002CFBD1EB785BB10FF019
S315000077201DFE6B7890F8F0209A4203D02146204641
S31500007730FFF740FF0124204638BD00BF3423002058
S3150000774010B5044620B1D921054A064824F08EFE1C
S31500007750C4EB0414601D80B2BDE810400FF0BCBD40
S3150000776010220300102A03002DE9F0410C46904632
S31500007770054620B1B821104A104824F077FE0A26A3
S315000077800F4F06FB0576F378A34208D04CB141466D
S315000077902846FFF70FFF0A2000FB0575EC70BDE8D1
S315000077A0F08129462046FFF775FA2846FFF7C8FFFD
S315000077B034717471EFE700BF102203005B2A0300E7
S315000077C03423002070471FB5044624F08FFB94F83D
S315000077D0F03004EB03135A680232904213D85878FB
S315000077E0FFF750FB78B1002394F8F0001A4604EB3B
S315000077F0001460780121CDE90233CDE9003300F0B1
S3150000780003FA04B010BD002194F8F00004EB001454
S31500007810607804B0BDE81040FFF72ABB064908B5FA
S315000078201160064A1A60029B054A1A600FF096FD1F
S31500007830039B186008BD00BF95780000C77700005D
S31500007840C577000030B50D46044685B020B18321CA
S315000078500E4A0F4824F00AFE10220021684627F03F
S315000078605CFBC4EB041303338DF80030032320467E
S315000078708DF801408DF808300195FEF7D9FD0228F4
S3150000788002D168460FF052FD05B030BD102203004C
S31500007890D72A030010B590F80A315A1E022A01D9D8
S315000078A0082B0AD190F812313BB190F8184124F018
S315000078B01DFB01462046FFF7C5FF002010BD002036
S315000078C07047000030B5044685B010220021684696
S315000078D027F023FBC4EB041302338DF80030032397
S315000078E08DF801408DF8083024F000FB052105468F
S315000078F0002024F0E7FD01902046FFF7BDF801289F
S315000079000DD101982844019068460FF00FFD20B173
S31500007910F021084A084824F0A9FD05B030BD2046EC
S31500007920FFF786F80028ECD12046FEF70BFF019BF7
S315000079301844E8E7F02A03003C2B030010B590F842
S31500007940F030044600EB03135878FEF771FD94F807
S31500007950F030022804EB031307D100215A7810F007
S3150000796051FEBDE8104010F0DDBC58780121FFF74C
S31500007970EDFA94F8F02004EB02135878A0EB00130C
S31500007980134404EB03139B7A002BEAD0FFF79AFF0C
S3150000799094F8F000002104EB001462780520DEE77D
S315000079A01FB590F8F030044600EB03135878FEF745
S315000079B03FFD02281FD094F8F030012104EB031399
S315000079C05878FFF7C3FA24F093FA002294F8F030BF
S315000079D0114604EB03146378CDE90022CDE90203D6
S315000079E0064B012010F0AAF9FFF742FB04B0BDE8F0
S315000079F01040FFF79FBB04B010BD00BF3E23002020
S31500007A00064908B51160064A1A60029B054A1A60C3
S31500007A100FF0A4FC039B186008BD00BFBF780000F0
S31500007A20A17900003D79000010B5044620B18921F6
S31500007A300A4A0B4824F01AFD0FF090FC0F2302228D
S31500007A4013FB042300EB0310037A052B04D1204615
S31500007A50BDE81040FFF736BF10BD00BF102203007F
S31500007A60262B0300F8B590F8F020044600EB02132D
S31500007A705B78A3EB0313134400EB03131B7A022B6F
S31500007A8002D101200BF004FFF72294F8F0101F4EEC
S31500007A9004EB01135B7802FB036292F8F5504DBBD1
S31500007AA092F8F400012806D192F8F30018B992F87A
S31500007AB0F65085F00105A3EB03130B4404EB031307
S31500007AC09A7A0AB35F7A012F16D110F0BFF998B9E6
S31500007AD0D5B9F72394F8F00004EB00146278534309
S31500007AE0F35C012B0CBF02213946BDE8F8400320A8
S31500007AF010F088BD0025DEE735B994F8F000294678
S31500007B0004EB00146278F0E7F8BD00BF3F230020C5
S31500007B102DE9F041F7270126002590F8F0300446BC
S31500007B2000EB031393F801C0214B07FB0CF217FB84
S31500007B300C67981890F8F4109D5490F8F5203B4483
S31500007B4090F8F37090F8F60088B0A84214BF4FF092
S31500007B5004084FF0020807910692059324F0C8F92D
S31500007B60DDE9053294F8F0C0079904EB0C1C9CF88B
S31500007B7001C0CDE90078CDE9020C022010F0DEF854
S31500007B8094F8F01004EB011348B95B78A3EB0313E8
S31500007B900B4404EB0314667208B0BDE8F0815A7812
S31500007BA0A2EB02120A4404EB02146572F4E700BF6A
S31500007BB03F23002090F80A315A1E012A01D90E2BC4
S31500007BC00AD1F72190F81831044A4B43D15C0129B8
S31500007BD01CBF90F81111D154002070473F2300209C
S31500007BE0064908B51160064A1A60029B054A1A60E2
S31500007BF00FF0B4FB039B186008BD00BFB57B000007
S31500007C00117B0000657A00002DE9FF47DDF8309012
S31500007C10884617461E4604469DF834A09DF83850FF
S31500007C2020B19921254A264824F020FC1022002163
S31500007C30684627F072F9FFF71BFAADB3022300205E
S31500007C408DF808300BF024FEF7201E4DB9F1000F19
S31500007C502ED000FB045318465246494683F8F3A03B
S31500007C60013027F033F9F72303FB045585F8F48038
S31500007C7085F8F57085F8F66024F038F90F9B8DF8D5
S31500007C8001401844C4EB04140190013468468DF891
S31500007C9000400FF04BFB20B1BA210B4A084824F0F4
S31500007CA0E5FB04B0BDE8F08703238DF80830CBE789
S31500007CB000FB045080F8F390D5E700BF10220300C4
S31500007CC0912B03003F2300205B2B0300704708B570
S31500007CD00020FEF7E9FE38B100F032F820B10022AC
S31500007CE02320114610F08EFC0020FEF7F5FE38B179
S31500007CF000F026F820B100222420114610F082FC64
S31500007D00002008BD7047000005491160054A1A6049
S31500007D10009B054A1A60019B186000F007B800BF77
S31500007D20CF7C0000CD7C0000057D00000022034BC7
S31500007D309A719A701A711A70704700BF3624002023
S31500007D4030B589B001A8FFF7B9F92C4C9DF81C5045
S31500007D500DF113012A46E01D257427F0B7F82A46CF
S31500007D600DF10A010DF1130027F0A0F8031E18BF4C
S31500007D7001239DF80620A3719DF807309342E37016
S31500007D8029D902239DF80820A3709DF80930934253
S31500007D90637124D902239DF9042023719DF90530CE
S31500007DA0934263701FDD02239DF81D2023709DF80A
S31500007DB01E309342A3741AD902236374D8B9227968
S31500007DC0A378134322781343627C134314BF012024
S31500007DD0002009B030BD34BF03230023D2E734BFEF
S31500007DE003230023D7E7B4BF03230023DCE734BF14
S31500007DF003230023E1E70120EBE700BF3624002040
S31500007E00064B03F1100253F8041B934240F8041B7F
S31500007E10F9D11A8802809B78837070473624002037
S31500007E20044B1A7982424FF0000004BF0870181DF7
S31500007E30704700BF4C240020F0B5077885B02FB1FD
S31500007E404FF4CC71244A254824F010FB2826102232
S31500007E500021684627F061F80323214C8DF808308D
S31500007E6006FB0746B3885BBAADF80030B379E3B1D9
S31500007E70337EE3B1282303FB0743DA7942F002029B
S31500007E80DA7124F033F80130019068460FF04EFAAB
S31500007E90282303FB074494F8293033B10021062038
S31500007EA0227984F8291010F0ADFB05B0F0BD24F05E
S31500007EB01DF8F36954F827501D44C5F11E03C3424B
S31500007EC0D8D5F0790028DCD1322124F0FBFA1E3D0A
S31500007ED005440195D9E700BFA72B0300912C0300A9
S31500007EE04C2400202DE9F0410646282423F0FEFF0D
S31500007EF04FF00008524F451D04FB0674207984F8A4
S31500007F000880FEF743FBE379C0B2DA07A0761BD5FB
S31500007F100F28844628BF4FF00F0C227AD11C6145EA
S31500007F2012DC4FF0010C23F00103E371A31883F870
S31500007F300980531C54FA83F383F809C002230232E2
S31500007F40217254FA82F46372282202FB0672D479F3
S31500007F50610734D50F28034628BF0F23117A47F847
S31500007F60265001F1060C9C4529DC4FF0020E24F048
S31500007F700404D471541884F809E04FF0000E4C1C28
S31500007F8052FA84F4136A84F809E08C1C2B4452FAE2
S31500007F9084F46372CC1C52FA84F44FEA132E84F8EC
S31500007FA009E00C1D053152FA84F44FEA134E82F8AB
S31500007FB008C01B0E52FA81F284F809E05372282396
S31500007FC003FB0673DC79A20737D51A7E47F82650DD
S31500007FD012B1002283F8282028230F2828BF0F205B
S31500007FE003FB06731A7A961D864226DC24F00204E9
S31500007FF0DC7101249818196A44721019294453FA3D
S3150000800080F04172901C53FA80F00C0A4472D01C26
S3150000801053FA80F00C0C4472101D53FA80F0090ECE
S315000080204172597E93F8287001F00F01053241EA3A
S3150000803007111E7253FA82F359722846BDE8F08181
S315000080404C2400202DE9F043057889B02DB140F28B
S315000080506B111C4A1C4824F009FA2846FFF742FF18
S3150000806028211A4C074601FB054696F80890B9F1F7
S31500008070000F23D04FF0CA0831464A46093186F828
S315000080802B8004A826F022FF4FF47A7033794743F9
S31500008090039302230122CDE900934146042002976F
S315000080A004AB0FF04BFE48B9337E0BB1013B337680
S315000080B0282303FB0544002384F8283009B0BDE8D3
S315000080C0F08300BFA72B0300B32C03004C24002031
S315000080D02DE9F84F002417464FF47A7205460E46EE
S315000080E0B3FBF2F8A1464FF0800A6FF0004BC47064
S315000080F0A74201D8BDE8F88F335D032BFAD8DFE835
S3150000810003F002093F4FEB78013443F00103EB70B3
S31500008110E4B2EDE7631DBB4230DA04F1010C06EB75
S315000081200C0211796B7D01F00F018B4226D10133D0
S3150000813003F00F036B75537816F80C00002100EB63
S315000081400320937800EB0340D3782A7800EB036092
S3150000815000EB0B03033388BFEB7885F8149084BFDC
S3150000816043F00203EB70EB69C5F820800344EB6132
S315000081700123072085F8253010F044FA0634C7E7B6
S31500008180631CBB420ADA33195B7803F00F030AFA61
S3150000819003F3AB61EB7843F00403EB700234B7E70B
S315000081A0631CBB42BFBF33195B7803F007032B7513
S315000081B0F4E700002DE9F0479846037806460D4699
S315000081C091462BB14FF4AB71144A154824F04EF981
S315000081D0282796F800A0134C3A4607FB0A400021D0
S315000081E0043026F09AFE104B104AC9F80030104BA6
S315000081F0CA21C8F80030089B1A60099B07FB0A428F
S315000082001E600F235571B5FBF3F582F82B10094953
S315000082101571D1619376BDE8F08700BFC32B0300CB
S31500008220D52C03004C2400206D830000397E00000D
S315000082304580000040FA01002DE9F74390461A1FD9
S31500008240032A06460F46DDF82C900DD9093B032B71
S315000082500AD90DF10701FFF7E3FD044640B90025F1
S31500008260284603B0BDE8F083002589F80050F7E7FB
S31500008270002EF4D18578002DF1D03B78032BEED873
S31500008280154A3946D25C0D9B88F80020FFF720FF7F
S3150000829094F8253033B132463146062084F82560FD
S315000082A010F0B0F9E378002BD9D09DF80700FFF75E
S315000082B019FE22799DF830309A4205D940F23A21CA
S315000082C0064A074824F0D2F822790A9889F800204D
S315000082D0611D26F0FBFDC3E7F32C0300E72B03002B
S315000082E0742C030030B50D46044687B028B140F221
S315000082F079211B4A1B4824F0B9F828221A4B02FBA5
S3150000830004339B794BB320460DF10701FFF788FD37
S31500008310044610B3C378102243F002030021C37051
S3150000832080F8245002A826F0F8FD63788DF808300E
S3150000833023788DF8093003238DF8103023F0D6FD0D
S3150000834005210446012024F0BDF82044039002A82C
S315000083500EF0ECFF002007B030BD0120FBE700BFA8
S31500008360102203003B2C03004C24002073B590F828
S315000083700A3104461A1F032A36D9093B032B33D97F
S3150000838090F818510DF107012846FFF749FD0646FA
S3150000839050B34DBB837833B194F8133133B12946CA
S315000083A02846FFF79FFF284602B070BD94F80931B2
S315000083B0002BF8D094F8082190F827309A42F2D191
S315000083C02146D4F8003111F8012BFFF781FE0EF09B
S315000083D0C5FF737890F8F0209A4203D00DF107009C
S315000083E0FFF72AFD0125DEE70025DCE737B50D4658
S315000083F0044628B14FF412710C4A0D4824F036F8A1
S3150000840020460DF10701FFF70BFD40B18278AA4225
S3150000841005D085702DB100212046FFF763FF03B01C
S3150000842030BD40780EF058FFF9E700BF1022030078
S31500008430582C030037B50D46044628B140F2972163
S315000084400B4A0C4824F012F820460DF10701FFF7FD
S31500008450E7FC044610B1C36913B92B60012005E09F
S3150000846023F044FDE36918442860002003B030BDC2
S3150000847010220300172C03000123037002230B7044
S31500008480CA23137070470000044B1A7882424FF0DB
S31500008490000004BF08701846704700BF7C24002007
S315000084A02DE9F04100268369044613F0010507789B
S315000084B086B0067722D0012790F80B800777B8F1AF
S315000084C0000F18D023F014FDA1890546304623F08D
S315000084D0F9FF2346284413F8022B02900220039248
S315000084E0CB213A46CDE900800FF028FCA369E6725D
S315000084F023F00103A36106B0BDE8F0819A0712D507
S31500008500022383830D238DF8143023F0F1FC01231D
S31500008510CDE9020700932A462946019505AB0320BB
S315000085200FF00CFCE7E75B0744BF04230377E2E7A1
S315000085302DE9F84F00251D7040F6B833C5728381CA
S31500008540044628460F461646DDF82880FEF71EF834
S3150000855008280ED82846FEF719F85FFA80F9002594
S31500008560AA46DFF824B1B24506D30020E572BDE87D
S31500008570F88F4FF00909F2E717F80A205146052A45
S315000085807BD8DFE802F0031B28415860AA1C0AF1D9
S3150000859001034A455FFA83FAE5DA0020611988701B
S315000085A00420691C54FA81F18870012122449170DB
S315000085B0A26903350A43EDB2A261D4E70021122075
S315000085C00AF1010322785FFA83FA10F01BF8012200
S315000085D088F80020C7E70AF10402B2424DDA3944AE
S315000085E088784A780AF1050302EB0022C8780979EF
S315000085F002EB004202EB0162CBF8002000211320BF
S3150000860022785FFA83FAE0E70AF10302B24234DA2B
S3150000861007EB0A0188784A78C978194B02EB0022E1
S3150000862002EB01421A600AF10403002114202278A9
S315000086305FFA83FAC9E70AF10103002115202278BF
S315000086405FFA83FAC1E70AF10402B24215DA07EBD0
S315000086500A0188784A780B4B02EB0022C878097920
S3150000866002EB004202EB01621A600AF105030021E7
S31500008670162022785FFA83FAA7E7012077E700BF82
S315000086809C24002078240020A02400207FB50546E5
S315000086900E46144600211022684626F03EFC0323AF
S315000086A068468DF800608DF801508DF80830019409
S315000086B00EF03CFE28B140F29621034A034823F00F
S315000086C0D5FE04B070BD00BFF72C03006F2D03006C
S315000086D038B5037F0446022B0CD0042B0FD0A369B8
S315000086E003B3042B1AD1226961782078BDE838409B
S315000086F0FFF7CCBF836923F00203A361EFE70569A7
S3150000870023F0F4FB281A0128E9DC00211120227845
S315000087100FF078FFA36923F00403EEE723F0E6FBEE
S315000087200246E1E738BD7FB590F8186105460DF1C0
S315000087300D013046FFF7A8FE002304468DF80E30E3
S31500008740002844D0002E44D1837F002B3CD040F239
S31500008750CB13B5F808219A4236D195F80A311A1F7B
S31500008760032A31D9093B032B2ED929460DF10E03D5
S31500008770009311F8012B0DF10F03FFF7D9FE58B93D
S31500008780A3694BB19DF80E3033B923F0AFFB617886
S3150000879002462078FFF77AFF9DF80F3033B19DF837
S315000087A00E201AB9114611200FF02CFF0EF0D6FD3F
S315000087B0627890F8F0309A4205D09DF80E3013B9E1
S315000087C02046FFF785FF0126304604B070BD0646F9
S315000087D0FAE71E46F8E700002DE9F84398460378C5
S315000087E006460C4691462BB14FF48771104A114844
S315000087F023F03CFE3578104F202207EB451600216A
S31500008800304626F08AFB0F210C4B0D4AC9F8003082
S315000088100C4BC8F80030089B1A60099B1E607470E8
S31500008820B4FBF1F46B01FC540123B377BDE8F88384
S31500008830072D03007C2D03007C24002027870000E1
S31500008840D1860000A18400000423037001230B706D
S31500008850CB231370704700002DE9F0434FF0000959
S3150000886085B0DDF834800E4688F800900DF10D01D4
S3150000887005461746FFF708FE8DF80E90044608B920
S3150000888000252BE0002DFBD1857F002DF8D0337815
S31500008890052BF5D8214A3146D25C0DF10E03009323
S315000088A03A700DF10F03FFF743FE18BBA369012BC6
S315000088B018D19DF80E30EBB9E27A9DF838309A421D
S315000088C005D94FF4EA71164A164823F0CFFDE27A2D
S315000088D00C9888F80020A11C26F0F8FA284605B066
S315000088E0BDE8F08306D923F001FB617802462078C3
S315000088F0FFF7CCFE9DF80F3023B100221120114660
S315000089000FF080FE0EF02AFD627890F8F0309A4261
S31500008910B6D02046FFF7DCFEB2E700BF9E2D03006F
S315000089201F2D0300562D0300014B1868704700BF2A
S31500008930A0240020014B1868704700BF9C2400202B
S31500008940014B1868704700BF7824002073B5154B9B
S3150000895005460E4618780DF10701FFF795FD012330
S315000089608370330A0371330C43712B0A03722B0C89
S3150000897043728369C67043F0010383610923360E8F
S31500008980C5712D0EC37286718572044623F0AEFA48
S31500008990617802462078FFF779FE23F0C0FD02B029
S315000089A070BD00BF7C24002037B5114B05460DF184
S315000089B007011878FFF768FD022383702B0A0371FD
S315000089C02B0C43718369C57043F001038361052352
S315000089D02D0EC3728571044623F088FA617802462B
S315000089E02078FFF753FE23F09AFD03B030BD00BF99
S315000089F07C24002037B5104B05460DF10701187889
S31500008A00FFF742FD032383702B0A03718369C57048
S31500008A1043F00103836104232D0CC37245710446A0
S31500008A2023F064FA617802462078FFF72FFE23F0E0
S31500008A3076FD03B030BD00BF7C24002073B505462B
S31500008A40104B0E4618780DF10701FFF71DFD0423A4
S31500008A50032D0CBF062202228370836908BF46607D
S31500008A6043F001038361C570C272044623F03EFAE7
S31500008A70617802462078FFF709FE23F050FD02B028
S31500008A8070BD00BF7C24002037B50E4B0DF10701E9
S31500008A9005461878FFF7F8FC052383708369C570CF
S31500008AA043F0010383610223C372044623F01EFAD6
S31500008AB0617802462078FFF7E9FD23F030FD03B028
S31500008AC030BD00BF7C240020031F032B05D90938C5
S31500008AD003288CBF0020012070470120704700004A
S31500008AE02DE9F04316270678DFF85C80054607FB7C
S31500008AF0068393F8119085B0B9F1000F21D023F0C9
S31500008B00F7F94FF47A712B78044607FB03835B8AE7
S31500008B100020594323F0D6FC4FF0020C2B7817FBAC
S31500008B2006C65F4318F807302044CDE901C0039319
S31500008B300122C9216046CDF8009008EB06030FF02C
S31500008B40FDF805B0BDE8F083302500202DE9FF4192
S31500008B50044630B1034640F24121194A194823F030
S31500008B6085FC16266643184DAB191F7D27BB4FF0B3
S31500008B70030810223946684626F0CFF9AB5B8DF81C
S31500008B8008805BBAADF8003023F0B0F941460646DE
S31500008B90384623F097FC3044019068460EF0C6FB39
S31500008BA028B140F24B21094A064823F05FFC162300
S31500008BB003FB04540123237504B0BDE8F08100BF14
S31500008BC0072D0300182E030030250020F72C030084
S31500008BD016210278074B01FB023300221A75064A5A
S31500008BE01378012B04D9013B00781370FFF7AEBF51
S31500008BF0704700BF30250020462500202DE9F047AC
S31500008C009946037806460C4692462BB14FF4857179
S31500008C10154A164823F02AFC4FF016083578144FEB
S31500008C204246002105FB087026F077F9114B124ADF
S31500008C30CAF80030114B0F21C9F80030089B08FB19
S31500008C4005F51A60099B7A191E6001235470537545
S31500008C500B4AB4FBF1F4137000220A4B7C55C3E9AE
S31500008C6000229A60BDE8F087072D0300372E030027
S31500008C703025002045910000D18B0000E18A0000DC
S31500008C8046250020A42400200323037001230B7033
S31500008C90C92313707047000000487047482500201C
S31500008CA000487047A424002000487047542500203F
S31500008CB0034602210C4A10F03F0010B59170D370A4
S31500008CC051740FD10124094A9B095901545402EBEE
S31500008CD043136FF00102DA61FFF738FFBDE8104079
S31500008CE023F01DBC0020F7E730250020B02400202B
S31500008CF0B2F5807FF8B5154D4FEA40171FD802BB75
S31500008D00EC19A6888E421CD1E2610126104C334034
S31500008D103D44A371EB79A67004339E400523E170B0
S31500008D20C1F3052141EA8011217162716682637483
S31500008D300020FFF70BFFBDE8F84023F0F0BB4FF42F
S31500008D408072012B04BFEC19E361DEE7B02400203A
S31500008D5030250020084BC2795A71027A9A71C2688E
S31500008D609A6082885A8082785A7042781A7082791C
S31500008D701A71427ADA7170474825002030B5054CE1
S31500008D80657A2DB923720123207061806260637257
S31500008D9030BD00BFA42400202DE9F04F1F46AF4B85
S31500008DA08DB01B780646012B9EBF00234374438279
S31500008DB0457C002089460292FDF7E8FB0E280FD875
S31500008DC00020FDF7E3FBC3B20024DFF89C82019389
S31500008DD0029B9C4206D3002075740DB0BDE8F08F4F
S31500008DE00F23F1E719F80400A24608283ED8DFE869
S31500008DF010F0090021003800B9003D003D003D009B
S31500008E003D00E10001343846E4B2FFF75DFE00287C
S31500008E10DED1019AAB1C9342DADA03217219907003
S31500008E206A1C56FA82F2917001220D443344EDB267
S31500008E309A70CDE7029A631C9342CEDA09EB0403DB
S31500008E405B78874AC3F3410103F001035370854BF6
S31500008E501170292000211A780234E4B20FF0D2FBF7
S31500008E60B6E7029A04F10A03934201DB0120B4E754
S31500008E703846FFF729FE0B340146E4B20028A7D195
S31500008E80CA442022039004A826F047F89AF801B0B5
S31500008E909AF803200BF00F038DF811309AF8023080
S31500008EA09AF8080043EA0223ADF814309AF8043021
S31500008EB0CBF3011B8DF816309AF805308DF812B0F9
S31500008EC003F00702C3F3C2038DF81830003B18BF46
S31500008ED001238DF817209AF8062003998DF819209A
S31500008EE09AF8092043EA8B1B120402EB00229AF837
S31500008EF0070002449AF80A0005F1010A02EB006233
S31500008F00079243BB04A80393FFF724FF554B272082
S31500008F101A78039B19460FF075FB01239DF812E0A2
S31500008F20169A08EB4E1E0DF1100C1370BCE80F00DC
S31500008F30AEE80F009CE80F008EE80F00019B9A45F3
S31500008F40BFF646AF02227319B24415449A70EDB2C9
S31500008F508AF802B03CE7019B9A45BFF639AF169BEB
S31500008F601970EFE7029A631C9342BFF67FAF38464B
S31500008F70FFF7AAFD0234E4B200287FF429AFCA4401
S31500008F809AF8013003F003035A0118F8021071B978
S31500008F9043F0040301996A1C8A42BFF619AF032005
S31500008FA07119324402358870EDB2937010E708F8F3
S31500008FB00200EFE709EB040393F802A0597841EAAF
S31500008FC00A214FEA9A1A08EB4A135B784FEA4A1BC2
S31500008FD013F0010207D0092F37D0A7F1040CDCF1FA
S31500008FE0000242EB0C02980704D50A2F2FD0052F5A
S31500008FF008BF0122580704D50B2F2AD0062F08BF19
S3150000900001221B0704D50C2F25D0072F08BF0122EC
S315000090103846FFF759FD08B1002A44D018F80B204E
S3150000902008EB0B032AB1DA69023204BF4FF0FF32B4
S31500009030DA61C344DBF81C30E21C002B16DB9BF81C
S31500009040064054FA82F2D4B2C2E60122CBE70122EC
S31500009050D0E70122D5E70122DAE700BF4625002046
S315000090605425002030250020B024002001330DD1E6
S3150000907050469BF806304A44C1F30D01FFF77EFEC9
S315000090800D4B002128201A780FF0BCFA08EB4A1382
S31500009090D969002907DBFF29A8BFFF2100220C2080
S315000090A0C9B20FF0AFFA08EB4A1A9AF80630033441
S315000090B053FA84F4E4B28BE630250020F0B50024A0
S315000090C085B00B9F8DF80F403C70194C0E462578E5
S315000090D0284303D00025284605B0F0BD657D002D48
S315000090E0F8D030780328F5D8124E305C10700DF1A8
S315000090F00F02009202462046FFF74EFE0028E9D1F5
S31500009100637C002BE6D09DF80F20002AE2D19DF863
S315000091103020934205D94FF4CC71074A074823F013
S31500009120A5F9627C06490A983A7025F0CFFED2E787
S3150000913030250020632E0300A42D0300E52D030037
S31500009140322500201FB50023164C90F818212178EF
S315000091508DF80F300A4303D01A46104604B010BDEE
S31500009160637D002BF9D040F2C913B0F8081199427B
S31500009170F3D10278002AF0D00DF10F03009390F896
S315000091800A31411C2046FFF707FE637C3BB19DF880
S315000091900F30184310F0FF0001D1FFF7D7FC012272
S315000091A0DBE700BF30250020F0B5047885B02CB190
S315000091B040F27311224A234823F058F94FF4887677
S315000091C010220021684625F0A8FE03231E4D8DF8C7
S315000091D0083006FB0456B38830795BBAADF8003028
S315000091E0FDF726F9022806D196F80C31032B04BFA9
S315000091F0002386F80C314FF4887606FB0456B379C3
S31500009200A3B1737B4FF47A7793B122F071FEF389A1
S3150000921007FB030045F824004FF47A7255F8243012
S315000092206846B3FBF2F301930EF080F805B0F0BD8B
S3150000923055F82430728907FB023345F82430EBE7F2
S31500009240672E0300DE2E0300582500202DE9F0418D
S31500009250067886B02EB140F23311424A424823F0D6
S3150000926005F922F045FE4FF48873404C0A3003FBA3
S3150000927006435A7B44F826001AB100225A7312F0AC
S31500009280B7FB4FF488777743E5192879FDF7D0F8CF
S315000092900228014611D0032385F80C314FF4887358
S315000092A003FB06442079FDF7C3F8022844D0207951
S315000092B006B0BDE8F041FEF7B7BB95F80C31022BBE
S315000092C01BD0032BEAD0012B95F80CC037D1BCF18B
S315000092D0000F18BF04212A7E2D7907F11903039583
S315000092E054F826500092003ACDE9011518BF012224
S315000092F0E02123440EF022FD13E095F80D8122F0C3
S31500009300F7FD07F5877300272A793946CDE902026A
S31500009310CDE900873A46032023440EF00FFD85F879
S315000093200D7148B94FF4887303FB064494F80C3169
S31500009330032B18BF84F80C0106B0BDE8F081BCF120
S31500009340000F18BF04210A4B012205932B790393C2
S3150000935054F82630CDE9011304231146009305ABDA
S31500009360C8E700BF672E0300B62E0300582500206D
S31500009370111213142DE9F04F90F81861834691B03D
S31500009380002E40F03583AA4D2B79002B0CBF3346B7
S31500009390FF23FF2B8DF81E302BD04FF4887404FB6F
S315000093A003539B792BB390F8133193B10DF0D6FF8D
S315000093B09DF81E3090F8F02004FB03535B799A4227
S315000093C003D00DF11E00FFF7EFFE01210020FFF78D
S315000093D00DF89BF80A310D2B40F0BC804FF48877CE
S315000093E09DF81E40674305EB070999F8153023B928
S315000093F00126304611B0BDE8F08FBBF9063199F869
S31500009400041001939BF9063109A80293BBF90431B4
S315000094109BF810A103930BF10108DBF80CB1FDF7E3
S3150000942079FC0D9B1937EE1923B9B9F816300133BB
S31500009430A9F816304FF4887909FB045408AA237951
S3150000944050460DF11F01FDF7CBFC9DF81F1040465D
S3150000945004F070FC9DF81F100590404605F032F8A8
S3150000946004902079FDF7DCFC4121BBFBF0F04FF0C6
S31500009470010B84F818B0E955217E019B01EB0B071F
S31500009480277606F801B0217EE78A01EB0B0C84F8FB
S3150000949018C07754277EE18A07EB0B0C090A84F87B
S315000094A018C0F155217E01EB0B0727767054217EFB
S315000094B001EB0B072776070A7754217E000C01EB98
S315000094C00B0727767054217E01EB0B00207606F8F9
S315000094D001A0217E01EB0B0020767354207E029BB7
S315000094E000EB0B01217619123154217E039B01EB0F
S315000094F00B0020767354217E049A01EB0B00207634
S315000095007254227E059B02EB0B012176B354227E18
S31500009510404602EB0B012176190AB154227E02EB7A
S315000095200B012176190CB154227E9B0B02EB0B0129
S315000095302176B354227E9DF81F10324404F0C6FFF4
S31500009540237E073323769DF81E3009FB035585F8E5
S315000095500CB14DE79BF811319BF809113BB9002975
S315000095603FF447AF9BF80831002B3FF442AF4FF46E
S3150000957088729DF81E9002FB09F205EB0208B8F806
S3150000958008300133A8F8083000293FF432AF9BF8C1
S315000095900831002B3FF42DAFE02B7FF429AF0020DC
S315000095A09BF8004088F81800D4B39BF801301932B4
S315000095B0222B05EB020726D8222B31D8DFE813F041
S315000095C09700AB00B000BC00CC00EB00F90007012F
S315000095D01C014B01610130003000300030003000CA
S315000095E030003000300030003000300030003000F5
S315000095F030003000300030003000300030003000E5
S315000096006B01810195017D2B00F0BC8112D8422BA4
S3150000961000F09281432B00F0AB81402B00F07E815D
S315000096204FF4887303FB095585F80C61E0E600BF2B
S31500009630582500207E2B00F0D1817F2BF0D1012C04
S31500009640EED14FF4887404FB09542079FCF79EFF91
S315000096500C28E5D9237E5A1C22767F22FA542079DB
S31500009660FDF768FA08902079FDF77EFA237E5A1CEA
S3150000967022760422FA54237E5A1C22760522FA54B4
S31500009680237E5A1C22760022FA54237E591C217608
S31500009690FA54237E5A1C22769DF82020FA54237E03
S315000096A05A1C22769DF82120FA54237E5A1C2276D3
S315000096B09DF82220FA54237E5A1C22769DF82320F8
S315000096C0FA54237E5A1C2276F854237E5A1C22769C
S315000096D0C0F30722FA54237E5A1C2276C0F30742AF
S315000096E0FA54237E000E5A1C2276F85411E0012CFF
S315000096F096D14FF48873002103FB09531C76A954B5
S315000097001A7E511C19760621B9541A7E511C1976F7
S31500009710BC54012684E7012C82D122F0D1FB7FE7DD
S31500009720012C7FF47DAF2879FCF79AFE0020297979
S31500009730FCF712FF032673E7022C7FF471AF9BF848
S31500009740021002293FF66CAF4FF4887303FB0953EE
S31500009750187911F0B4FD63E7022C7FF461AF9BF832
S3150000976002302F7993B909AC2246A24B03F1100CB3
S31500009770264618685968083303C663453446F7D148
S315000097800321384611F02FFB002649E73946002011
S31500009790FCF77EFE44E7022C7FF442AF9BF8027092
S315000097A01FB920460AF074F8EEE701200AF070F8B7
S315000097B036E7022C7FF434AF4FF488739BF802101F
S315000097C003FB09538C4A32F811205A8128E7F22C00
S315000097D03FF626AF9BF802204FF48873012A04D186
S315000097E0002203FB09531A731AE7022A7FF418AF03
S315000097F0012203FB0953F6E7F22C3FF611AF4FF4B3
S31500009800887606FB09563079FCF7C0FE337EC01A0F
S31500009810844205D33079FCF7B9FE347E001BC4B20E
S315000098204FF4887303FB09531A7E013C511C1976C9
S315000098300821B9540022E4B20BF1010BD1B28C42DB
S315000098407FF667AF1BF8011F187E0131461C1E7696
S3150000985001323954F2E7012C7FF4E2AE4FF48873FB
S31500009860092103FB09531C76A9541A7E1989501C39
S315000098701876B954197E1A89481C120A18767A5431
S3150000988047E7012C7FF4CCAE4FF48873002203FB2C
S3150000989009531A81C4E6012C7FF4C2AE4FF48873D3
S315000098A003FB095393F80D21022A3FF6B9AE4FF098
S315000098B0020B511C83F80D11134483F80EB10226D6
S315000098C0AEE6012C7FF4ACAE4FF4887303FB09536C
S315000098D093F80D21022A3FF6A3AE511C83F80D1111
S315000098E013440D2283F80E21E9E7022C7FF498AE8B
S315000098F04FF4887707FB09579BF802003979FDF783
S315000099003DFA97F80D31022B3FF68AAE5A1C87F8BE
S315000099100D211F44102387F80E31D0E7022C7FF467
S315000099207FAE4FF488739BF8022003FB0953003A7D
S3150000993018BF01225A7573E6022C7FF471AE4FF000
S31500009940010B88F818B0AB5498F81830B8F8162000
S3150000995003EB0B0188F81810FA5498F81820B8F899
S31500009960163002EB0B011B0A88F81810BB54D0E620
S31500009970012C7FF455AE4FF48873002203FB095384
S31500009980DA824DE6072C7FF44BAE012388F80D30C2
S315000099909BF803209BF80230287903EB0223A8F8F2
S315000099A00E309BF805309BF806201B0203EB0243A2
S315000099B09BF80420134464225343C8F810309BF8E4
S315000099C0073088F81430FCF74BFD11F041FF98F989
S315000099D01410D8F8100011F065FF21E6012C7FF471
S315000099E01FAE98F8041088F80600FDF72BF894E6E9
S315000099F00026FEE4822E03002A2F03002DE9F04301
S31500009A009846037806460D46914685B023B1CF2188
S31500009A10234A244822F02AFD4FF488723778224CD4
S31500009A205743381D0021204425F077FA0F211F4B9C
S31500009A301F4AC9F800301F4B3C44C8F800300C9B45
S31500009A4000271A600D9B1E606571B5FBF1F528466F
S31500009A502571FDF711F8002814BF012300234FF0EC
S31500009A600306A3714FF005032773638184F80C6125
S31500009A7013D0284613F080F910223946684625F09F
S31500009A804CFAA3888DF808605BBAADF8003022F076
S31500009A902DFA019068460DF049FC05B0BDE8F0834B
S31500009AA0932E0300062F030058250020759300000F
S31500009AB0A99100004D9200007FB5164D0B462C79FA
S31500009AC0044303D00124204604B070BDAA798A421B
S31500009AD0F9D018462146AB71FCF7B4FF05230326DF
S31500009AE06B81AB792C7385F80C61002BEBD01022BF
S31500009AF02146684625F011FAAB888DF808605BBAF6
S31500009B00ADF8003022F0F2F9019068460DF00EFC37
S31500009B10D9E700BF582500200023037001230B70EE
S31500009B20E123137070470000F0B50446181F0328A0
S31500009B3087B006D9093B032B03D9354B1E78A642BD
S31500009B4044D000253FE005230224324F8DF804005F
S31500009B508DF8053001AE57F8043B0DF103020DF107
S31500009B6002010DF1010098479DF801300334B370EE
S31500009B709DF80230112CF3709DF8033006F10306B0
S31500009B807370E8D139E04E7883F887608A7893F865
S31500009B90801083F88400B1429CBFFF2183F88410B3
S31500009BA0964284BFFF2183F884107D2A83F888209B
S31500009BB002D97D2283F8882022460C9801A925F037
S31500009BC085F90D9B1C70284607B0F0BD002CB8D156
S31500009BD09D78002DF7D008780228B2D80E4E0128BD
S31500009BE0365C1670AFD00228CDD001238DF8044024
S31500009BF08DF8054003248DF806309DF83830A342D1
S31500009C00DAD240F2F521054A054822F02FFCD3E7C7
S31500009C106C260020B42F0300AF2F0300402F030053
S31500009C20642F0300F0B590F882300446DB07A5B038
S31500009C305ED50078FCF7AAFC94F88430C6B2FF2BF8
S31500009C402FD102258DF811308DF8105094F883200D
S31500009C5005F190036B4403F8802C22F049F94FF488
S31500009C60FA610746002022F02DFC384402900220BB
S31500009C7023780135EDB203930122E121019000958D
S31500009C8004AB0EF05BF898BB94F88430FF2B37D109
S31500009C9084F8840094F8823023F0010384F882303B
S31500009CA026E094F88150B21EAA4201DD012B21D193
S31500009CB094F8851094F886200123521AAA4228BFE8
S31500009CC02A46033EF5B2AA4228BF2A4684F88430C3
S31500009CD002238DF81110033121440DF11200D6B282
S31500009CE08DF8103025F0F2F8B51CEDB2002DADD18F
S31500009CF025B0F0BD2A46E11C04A825F0E7F8F5E7F3
S31500009D00012BC7D194F8853094F881003344861B23
S31500009D10DBB2F6B284F8853084F881601EB194F81F
S31500009D2086209A42E4D8002384F88430B2E7000003
S31500009D307FB505460E46144600211022684625F0DA
S31500009D40ECF8032368468DF800608DF801508DF815
S31500009D50083001940DF0EAFA28B140F21B21034ABB
S31500009D60034822F083FB04B070BD00BFF72C03004C
S31500009D70802F030038B590F882300446DB070DD5F6
S31500009D8022F0B4F802210546002022F09BFB617800
S31500009D902A182078BDE83840FFF7CABF38BD000052
S31500009DA02DE9F04F594E90F81841337893B0A342FD
S31500009DB052D000244CE039573A5D002906DA914624
S31500009DC0691C01343544EA70E4B2CDB2002209F0D0
S31500009DD07F0104298DF826208DF8272037D896F89C
S31500009DE089200DF1280A013286F88920049A3078F4
S31500009DF003921E2202920DF126020192444ACDF8E8
S31500009E0000A052F821B00DF1270239190793D8475F
S31500009E10E8B19DF82620079B05EB020BBBF17C0FF2
S31500009E2009DC1E2A07D8E81C5146304425F04EF8B6
S31500009E30079B5FFA8BF59DF827201444E4B22AE0CD
S31500009E40059B84F8843094F88230002B56D1012487
S31500009E50204613B0BDE8F08F002CAAD1B378002BB2
S31500009E60F6D040F2E113B0F808219A42F0D1074645
S31500009E70A1462546D0F8002117F8018B049296F8E2
S31500009E80842090F80A31059208F1FF3286F8844062
S31500009E9086F889400692069AA2428CDC1B4C94F8FE
S31500009EA08430022B0DD194F88930012BC8D184F867
S31500009EB0843094F8873084F8853094F8883084F8B4
S31500009EC0863094F884306BB9474417F8012C84F82F
S31500009ED0853002F0030284F883207D2284F88050C6
S31500009EE084F8862094F88020134384F88120AAD031
S31500009EF094F8823043F0010384F8823021F0F6FFB3
S31500009F00617802462078FFF713FFA0E76C26002051
S31500009F10C82F03002DE9F8439846037805460C46FA
S31500009F2091462BB14FF4AE71134A144822F09EFAB3
S31500009F308A272D78124E3A4605FB076300211846FC
S31500009F4024F0EBFF0F4A1049C9F800200F4A7D4361
S31500009F50C8F80020089A73191160099A0F21106039
S31500009F6001225C709A70B4FBF1F47F22745583F879
S31500009F708620BDE8F88300BF072D03008D2F030060
S31500009F806C260020A19D0000759D0000259C000008
S31500009F90F0B5836A044613F0010687B01CD0867CB0
S31500009FA021F0A6FFA18C0546002022F08BFA23465D
S31500009FB0284413F8032B029002200392C8210122A1
S31500009FC0CDE900600DF0BAFE0023A374A36A23F066
S31500009FD00103A36207B0F0BD9A070578C3F34001F9
S31500009FE014D50D23C6748DF8143021F081FF01239A
S31500009FF0CDE902050093324605AB314603200196B2
S3150000A0000DF09CFEA36A23F00203E2E713F03C0F77
S3150000A010C3F383022DD08F1C23FA07F010F0010042
S3150000A020CEB221D00122BA4023EA0203A362002263
S3150000A03028461146FDF798FB29460120FCF7B2FB9E
S3150000A04056492B4601EB46110A7F30468969FCF7D3
S3150000A05059FC2A4631460F200EF0D4FA0023344428
S3150000A060237501232377B5E701310429D3D10646A9
S3150000A070DDE713F4707FC3F383112CD0901D23FA10
S3150000A08000F111F00101D6B220D00122824023EA6C
S3150000A0900203A36229463046FCF754FC00212644FD
S3150000A0A004F11403317718341E463278307A0133BE
S3150000A0B002441144A342C9B2F6D100298AD12A46E4
S3150000A0C00D2007B0BDE8F0400EF09CBA0132042A1C
S3150000A0D0D4D10E46DEE713F4705FC3F383222DD08E
S3150000A0E001F10A0723FA07F010F00100CEB220D0E2
S3150000A0F00122BA4023EA0203A3622846FCF758FE6F
S3150000A10000283FF467AF2549009501EB46114B7FC8
S3150000A1100A7F30468969FCF731FC2A463146102011
S3150000A1200EF070FA002334442376012384F820309D
S3150000A13050E701310429D3D10646DEE713F4703F18
S3150000A1403FF448AF02F10E0023FA00F111F00101CD
S3150000A150D6B21ED00122824023EA0203A362294618
S3150000A1603046FCF731FC0021264404F1180386F83A
S3150000A17020101C341846027A007801330244114438
S3150000A180A342C9B2F6D100297FF424AF2A460E2095
S3150000A19097E70132042AD5D10E46E0E724270020AE
S3150000A1A030B5044685B00D4610220021684624F0DD
S3150000A1B0B4FE23885BBAADF8003003238DF808306F
S3150000A1C021F094FEA36A0544ABB10DF0C7F863789D
S3150000A1D000EB031043689D4294BF019501936846C6
S3150000A1E00DF0A4F828B14FF44F71044A044822F048
S3150000A1F03DF905B030BD0195F1E700BFF72C03002E
S3150000A2004C30030001232DE9F3470678C374044656
S3150000A2103046FCF7DBFC054600283DD021F068FE01
S3150000A2203346694601AAFCF7B1FC0023E37400201B
S3150000A230DFF8C4A18046D4466FF00045009904F1CA
S3150000A240140E1EF8013B73B1DCF81030A3EB0109C4
S3150000A250A94508DADCF8142013445B1A002BC4BFA6
S3150000A2604D465FFA80F8013004280CF1200CE8D145
S3150000A2706FF000439D4224D0204625EAE571FFF7A2
S3150000A2808FFF002D1ADC08F10208012303FA08F8F3
S3150000A290A36A43EA080310E069463046FEF7CAF8A7
S3150000A2A0002814BF01230023E374C0D029462046AA
S3150000A2B0FFF776FFA36A43F00203A36202B0BDE88C
S3150000A2C0F0870020A84681464B4A04F11C0E1EF872
S3150000A2D0013B43B1D2E904373B445B1A4345BCBF5B
S3150000A2E098465FFA80F90130042802F12002EED187
S3150000A2F06FF00043984510D0204628EAE871FFF732
S3150000A3004FFFB8F1000F08DC012309F1060903FA33
S3150000A31009F9A36A43EA0903A3620020804600996B
S3150000A320354A04F1180E1EF8013B63B11369A3EB1D
S3150000A3300109A94507DA57693B445B1A002BC4BFDC
S3150000A3404D465FFA80F80130042802F12002EAD176
S3150000A3506FF000439D4226D03046FCF729FD68B9D0
S3150000A3603146FCF71FFAB5F5807F2A46B8BF4FF491
S3150000A370807201213046D2B2FDF7F6F93046FCF77D
S3150000A38017FD08B9862D0CDD872DB8BF8725873DBB
S3150000A39029462046FFF704FF002D8FD108F10A0851
S3150000A3A073E71E25F4E70022164604F1200C1CF87C
S3150000A3B0013B3BB1DAE9043003445B1AAB42BCBF54
S3150000A3C01D46D6B20132042A0AF1200AEFD16FF0F7
S3150000A3D000439D423FF472AF204625EAE571FFF740
S3150000A3E0DFFE002D3FF76AAF01230E3603FA06F6AD
S3150000A3F0A36A334361E700BF242700202DE9F04F0D
S3150000A4008BB001921A1F032A0646884601D80120FE
S3150000A41016E0093B032BFAD9002484742046FCF786
S3150000A420B5F80E280FD82046FCF7B0F8C3B20024C2
S3150000A4302546924F0093019BAB4206D80020B47488
S3150000A4400BB0BDE8F08F0F23F1E718F80530052BA8
S3150000A450DDD8DFE813F006001A007600DC001501EF
S3150000A460BC01009AA31C01359342EDB2E3DA002148
S3150000A4703219D1700221621C56FA82F2033456FA5E
S3150000A48083F3D170E4B2D970D5E7019A6B1C93427D
S3150000A490BDDA4FF0010B08EB05035B78774803F054
S3150000A4A00F030293631CDBB20393331983F803B0E3
S3150000A4B000239A4619460234E4B202785FFA83FC16
S3150000A4C092B3029A01311A41D207C9B22CD5009A29
S3150000A4D004F1050E964527D80BFA03F242EA0A0A5A
S3150000A4E0321982F803C0426804F1010C56FA8CFC5A
S3150000A4F08CF8032004F1020C4FEA122956FA8CFC60
S3150000A5008CF8039004F1040C033456FA84F44FEAF1
S3150000A510124956FA8CFC120E84F803905FFA8AFAF6
S3150000A5205FFA8EF48CF803200133042B00F120002F
S3150000A530C3D1039B4AEA01113344D9700235EDB207
S3150000A54079E7019A05F11D039342BFF660AF08EB68
S3150000A5500503D8789A7893F8019002EB00221879CF
S3150000A56009F0030902EB0042587907EB491102EBA7
S3150000A57000624A600DF1180E9A1D03F1160AF446A0
S3150000A580106851680832ACE803005245E646F6D139
S3150000A590DA7D997D07EB491B01EB02211A7E4FEA12
S3150000A5A0491A01EB02415A7E1E3501EB0261CBF8D6
S3150000A5B00810D87E9A7EEDB202EB0022187F5B7FF0
S3150000A5C002EB004202EB0362CBF80C200023484664
S3150000A5D0FCF75AF90022DBF804104846FCF718F994
S3150000A5E00022484606A9FCF76FF90123009A07F8EE
S3150000A5F00A30E3189342BFF61EAF0221321956FA0B
S3150000A60083F30C44D170E4B283F8039013E7019A04
S3150000A6106B1C9342BFF6FBAE08EB05035878009A15
S3150000A620631C00F0030093424FEA40120FDA4FF02A
S3150000A630030C311981F803C0B95C0234002914BF38
S3150000A6400021042156FA83F30143E4B2D9704FF096
S3150000A650000ABB1806EB0009C3F814A099F81C30D1
S3150000A66007F802A089F814A0002B3FF467AF514603
S3150000A670FCF768F989F81CA060E700BF24270020D2
S3150000A680019A05F10A039342BFF6C1AE08EB050332
S3150000A690D8789A7893F8019002EB0022187909F09D
S3150000A6A0030902EB0042587907EB491102EB0062FD
S3150000A6B00A619A794FEA491A02F00F000122824094
S3150000A6C04A61187ADA7902EB0022587A02EB0042E4
S3150000A6D0642042438A619B7A03F00F030B770023C1
S3150000A6E018460593FCF772FA8346002865D021F0D8
S3150000A6F0FFFB002306AA05A9FCF748FA07EB0A03A5
S3150000A7001969059A0020914294BF4FF0200B4FF033
S3150000A710000B17F80A209969002A0CBF4FF0100A9F
S3150000A7204FF0000A0293FCF7B7FB01300CBF08227A
S3150000A7300022029B0020197F0392FCF7C1FB009BBD
S3150000A740013004F104000CBF04210021984280F27C
S3150000A750EC804FF0040C039A4BEA090B4AEA0B0A09
S3150000A7604AEA02020A43311981F803C004F1010CD6
S3150000A770A11C56FA8CFC9145029BC9B28CF80320A9
S3150000A78017D11B69059A31449B1A6FF07F42934299
S3150000A79028BF1346E21CCB7056FA82F2190A3044DF
S3150000A7A01B0CD170C3700123611DB144C9B289F875
S3150000A7B014300B350C46EDB23DE606A90690FDF7C2
S3150000A7C039FE10B90698059098E75846FBE7019AB6
S3150000A7D005F10A039342BFF61AAE4FF0800C08EB60
S3150000A7E00503D8789A7893F8019002EB002218793D
S3150000A7F009F0030902EB0042587907EB491102EB15
S3150000A80000620A61A81D18F800204FF0000B02F044
S3150000A8100F020CFA02F24A6118F800204FEA491AB0
S3150000A820C2F302124A77187ADA79CDF814B002EB3D
S3150000A8300022587A02EB0042642042438A619B7AE6
S3150000A840584603F00F030B77FCF7C0F9002862D0D7
S3150000A85021F04EFB5B4606AA05A9FCF797F907EB24
S3150000A8600A031969059A0020914294BF4FF0200B04
S3150000A8704FF0000B17F80A209969002A0CBF4FF019
S3150000A880100A4FF0000A0293FCF706FB01300CBFDA
S3150000A89008220022029B0020197F0392FCF710FB7E
S3150000A8A0009B013004F104000CBF042100219842F2
S3150000A8B03BDA4FF0050C039A4BEA090B4AEA0B0AFE
S3150000A8C04AEA02020A43311981F803C004F1010C75
S3150000A8D0A11C56FA8CFC9145029BC9B28CF8032048
S3150000A8E07FF467AF1B69059A31449B1A6FF07F426C
S3150000A8F0934228BF1346E21CCB7056FA82F2190A1D
S3150000A90030441B0CD170C3700123611DB144C9B220
S3150000A91089F818304DE706A906900290FDF78AFDE2
S3150000A920029B00B9069B059399E7214641E700BFC4
S3150000A93010B5134C90F818212378934201D00022C9
S3150000A9401CE0002AFBD1A378C3B1B0F80831B3F5F7
S3150000A950E47F13D102788AB1411C90F80A3120466F
S3150000A960FFF74CFD014640B9A37C33B12046FFF703
S3150000A97017FCA36A43F00103A3620122104610BD2F
S3150000A980F82600202DE9F84F9846DDE90ABA037843
S3150000A99005460C4691462BB14FF4AA71164A174844
S3150000A9A021F064FD2C222D78154F15FB02F6BB19FC
S3150000A9B00021184624F0B1FA12492C22C9F80010D9
S3150000A9C011495543C8F8001010497B19CBF80010FF
S3150000A9D00F21CAF8000001225C70B4FBF1F40021DB
S3150000A9E006F114009A707C55D97438441022BDE8DB
S3150000A9F0F84F24F092BA00BF072D0300743003000D
S3150000AA00F826002031A90000919F000005A2000051
S3150000AA10022303700B70C82313707047F8B5002427
S3150000AA20079F0E463C70184C2578854202D00025BB
S3150000AA302846F8BD002DFAD1A578002DF7D030783C
S3150000AA400528F4D8114E305C107002462046FFF7F8
S3150000AA50D5FC0028EBD1A37C002BE8D09DF8202064
S3150000AA60934205D94FF43F71094A0A4821F0FEFC8A
S3150000AA70A27C094906983A7024F028FA0021024877
S3150000AA80FFF78EFBD4E700BFF8260020A9300300AD
S3150000AA90DC2F030020300300FB2600200C291BD8E6
S3150000AAA0DFE801F0070707070717140E0E090E1A4D
S3150000AAB00E0001207047A0F10C0358425841704720
S3150000AAC00B3801288CBF0020012070470A38022865
S3150000AAD0F8E709380328F5E700207047036E006899
S3150000AAE018470000F8B58C21044690F8085ED0F8A7
S3150000AAF05C0E01FB0541D0F800314831984728B17A
S3150000AB0040F2C311194A1A4821F0B0FC8C21D4F83E
S3150000AB105C0EFFF7E3FF28B14FF4E271154A1448C3
S3150000AB2021F0A4FC182707FB0547D7F8E46821F0B5
S3150000AB30DFF9301A0028F8DC21F0E5FC002021F0CE
S3150000AB40E6FC8C2202FB0545D4F85C3E696F5A6A26
S3150000AB501868904728B14FF4E771074A044821F076
S3150000AB6085FC21F0C5F9C4F8B40DF8BDAF3003007B
S3150000AB701D3A0300FC30030078310300F8B58C2140
S3150000AB80044690F8085ED0F85C0E01FB0541D0F84B
S3150000AB9004314831984728B14FF4D6711C4A1D48F4
S3150000ABA021F064FCCC21D4F85C0EFFF797FF28B1A6
S3150000ABB040F2AD11184A174821F058FC182707FB38
S3150000ABC00547D7F8E46821F093F9301A0028F8DC35
S3150000ABD021F099FC002021F09AFC8C2202FB05450D
S3150000ABE0D4F85C3E696F5A6A1868904728B140F2FB
S3150000ABF0B7110A4A074821F039FC21F079F9FF22FA
S3150000AC00C4F8B40D0021BDE8F84026200DF0FABCCA
S3150000AC10D23103004A3A03001F32030078310300A1
S3150000AC2070B58C21044690F8085ED0F85C0E01FBE6
S3150000AC300541D0F800311C31984728B14FF4BD7159
S3150000AC40214A224821F012FC0221D4F85C0EFFF7BB
S3150000AC5045FF28B140F27B111D4A1C4821F006FC35
S3150000AC60D4F85C0E05F25C5205F29623C66C34F8F5
S3150000AC70122054F823100068B04728B14FF4BE7173
S3150000AC80144A124821F0F2FB182303FB0545D5F8B8
S3150000AC90E46821F02DF9301A0028F8DC21F033FCA5
S3150000ACA0012021F034FCD4F85C3E1A6A18689047FB
S3150000ACB028B140F28511084A044821F0D7FB21F05B
S3150000ACC017F9C4F8B00D70BDB2320300FC380300AA
S3150000ACD0FF3203004F330300B933030070B58C21F4
S3150000ACE0044690F8085ED0F85C0E01FB0541D0F8EA
S3150000ACF004311C31984728B140F26311244A254893
S3150000AD0021F0B4FB0221D4F85C0EFFF7E7FE28B170
S3150000AD104FF4B271204A1F4821F0A8FBD4F85C0E0C
S3150000AD2005F25C5205F29623C66C34F8122054F8EC
S3150000AD3023100068B04728B140F26511174A15483C
S3150000AD4021F094FB182303FB0545D5F8E46821F0B0
S3150000AD50CFF8301A0028F8DC21F0D5FB012021F0CD
S3150000AD60D6FBD4F85C3E1A6A1868904728B140F2C0
S3150000AD706F110B4A074821F079FB21F0B9F8FF2241
S3150000AD80C4F8B00D0021BDE8704025200DF03ABC96
S3150000AD90EC33030029390300FF3203004F3303006D
S3150000ADA0B93303002DE9F3418C2690F8085ED0F8FC
S3150000ADB05C3E15FB06F606F11C07074404463946B9
S3150000ADC0D3F8C4201868904728B140F28F11324A50
S3150000ADD0324821F04BFB8C2303FB0543D4F85C0E71
S3150000ADE09A6AD0F8488093F930100068C04728B1B5
S3150000ADF040F291112A4A294821F038FB40F20241DB
S3150000AE00D4F85C0EFFF76AFE28B14FF4CA71254AE2
S3150000AE10224821F02BFB8C2303FB054305F25C51F2
S3150000AE2034F811105B8E019105F2962154F8211029
S3150000AE30D4F85C0E009106F18A023946D0F8C86053
S3150000AE4022440068B04728B14FF4CB71164A134824
S3150000AE5021F00CFB182303FB0545D5F8E46821F027
S3150000AE6047F8301A0028F8DC21F04DFB012021F0CC
S3150000AE704EFBD4F85C3E1A6A1868904728B140F237
S3150000AE80A3110A4A054821F0F1FA21F031F8C4F875
S3150000AE90B00D02B0BDE8F08139340300CC380300B0
S3150000AEA0A73403005C350300C2350300B933030041
S3150000AEB038B500254FF0FF33C0F86053C0E9095399
S3150000AEC0A0F85A53044621F011F8A4F85853C4F8D0
S3150000AED05403C4F8445384F8A95184F8385184F8CB
S3150000AEE0995184F8435384F8E25284F8B5532562A5
S3150000AEF0C4F8D05120F0FCFF84F8BD53C4F8D40147
S3150000AF00A4F8E05384F8E253A4F8C45384F8025535
S3150000AF1084F8365084F88A5538BD0023012210B5CE
S3150000AF200446C0E9F233C0E9F43380F8343080F8DF
S3150000AF307233C0F85C3380F8863380F8B43380F817
S3150000AF403010C27380F8BF33C0F88833A0F8D83108
S3150000AF50A0F84E3380F87133C0F8D8331946202252
S3150000AF6000F5637023F0D9FF4FF0FF332046C4F895
S3150000AF70DA31A4F8DE31BDE81040FFF799BF00F5DD
S3150000AF80A26200680AF0EEBD70B5044600680AF0D9
S3150000AF9033FE94F830202368012A44D194F818151A
S3150000AFA0002940D094F81915A17394F81A15617305
S3150000AFB094F8281500293ED0D4F82C15616194F830
S3150000AFC02915217694F82A15A17494F830150029CC
S3150000AFD03CD094F83115A17694F8321583F83511E2
S3150000AFE094F8331583F8361194F8341599B394F818
S3150000AFF03535637694F8383593B320680BF05BFCEF
S3150000B00070B3002504F23C56B4F83A35EAB22B4147
S3150000B010DB0704D556F8251020680BF031F9013509
S3150000B020102DF1D11CE093F87610012AA17393F844
S3150000B030A9106173BCD0D3F89010012A61614FF05A
S3150000B0400001217693F89C10A174BED093F8761077
S3150000B050012AA176C8D093F87530012A6376C9D043
S3150000B0600023C4F8E433236893F8E13084F8EC3322
S3150000B070072384F8ED3370BDF8B590F831600446C7
S3150000B080002E4BD090F8A95194F8363094F84C2302
S3150000B0901B0103EB821394F84D2394F8331003EB52
S3150000B0A0C21394F8022503EB421305F00F02134472
S3150000B0B0002284F8022594F83420DBB202F0030261
S3150000B0C002EB411284F83530A18D84F8392084F8DA
S3150000B0D03E30E26A636A618784F83F30110C1B0ACE
S3150000B0E0120E84F83C1084F83D2084F84030BEB13E
S3150000B0F094F8A97104F5D5713A4604F1410023F09C
S3150000B100F2FE94F8323073B994F8373094F832205E
S3150000B110083313441D4484F83850F8BD3546B3E768
S3150000B12084F84160F0E7274487F84160ECE70000C7
S3150000B1301FB590F831300446002B3BD0E22B14BFEC
S3150000B1400722062290F8A90194F8323094F83710B5
S3150000B1501844413094F80C352044CDE90203636A63
S3150000B160019300230093E36A10F062FE28B140F2D7
S3150000B1704711124A124821F079F994F80C35062243
S3150000B1800293636A94F838100193002304F139009E
S3150000B1900093E36A10F086FF28B140F25911094A7C
S3150000B1A0074821F063F994F83830043384F83830CE
S3150000B1B004B010BD18460622C6E700BFD936030004
S3150000B1C05639030001370300F0B5BBB017AF04468C
S3150000B1D08C220021384623F0A0FE182200260021EA
S3150000B1E00DEB020023F099FE217B206804960BF0FC
S3150000B1F059FA0546002840F0928005AB217B20686D
S3150000B2000DF10F020BF07CFA294614220CA823F04C
S3150000B21084FED4F8683320680F930BF061FBD4F8F2
S3150000B220682394F90E10237B8DF8410020680BF0FB
S3150000B230FFFA9DF80F308DF840008DF830309DF8FC
S3150000B240143020688DF831300BF041FB9DF830202A
S3150000B2509DF831108DF832001046FFF71FFC11469D
S3150000B2608DF8330020680BF0CBF994F838308DF860
S3150000B27036508DF837300123ADF83400ADF838304C
S3150000B28018AD0CAE8DF85C300FCE0FC533680CA927
S3150000B2902B60D4F874330DA8D3F85C3ED3F8A030F5
S3150000B2A0984702238DF81930834B04900793214663
S3150000B2B0D4F874030CAA0FF059F928B140F25321BF
S3150000B2C07E4A7F4821F0D2F89DF830308DF818304C
S3150000B2D0049B0B93D4F8B833099394F8BC33002B32
S3150000B2E000F0E78021F011F9099B181A0023099054
S3150000B2F084F8BC338DF822300223D4F8740384F822
S3150000B3007233009794F8383004F1390206A90FF029
S3150000B31047F910B1062384F872333BB0F0BD01281B
S3150000B32053D1217B206805AA0BF01AFA31462C224C
S3150000B3300CA823F0F2FDD4F86823237B94F90E10B1
S3150000B340206814920BF074FA8DF85A0020680BF0FE
S3150000B350CBFA5C4B4FF47A72159340F2FF13ADF8BB
S3150000B360583094F838308DF84550ADF84630564B85
S3150000B370139010934FF48273ADF848309DF8143053
S3150000B3808DF85C60534346F2A8120C934F4B18ADF0
S3150000B390CDE90D2304230CAE8DF83C300FCE0FC53E
S3150000B3A00FCE0FC596E80700D4F8743385E807007A
S3150000B3B0D3F85C3E0CA9D3F8A43010A89847032311
S3150000B3C004908DF81930424B70E702286AD10DF1CE
S3150000B3D00F03217B20680DF10E020BF0E3F9182212
S3150000B3E031460CA823F099FD237BD4F8682394F901
S3150000B3F00E1020680BF01CFAD4F874338DF8440054
S3150000B400D3F85C3E0596D3F8D850186805AA0CA95F
S3150000B410A84728B140F232212E4A294821F026F8C1
S3150000B42005990020013921F04DF800259DF80E30D0
S3150000B430ADF8460020688DF834508DF835300BF0A5
S3150000B440E3F901238DF838309DF80F308DF836007A
S3150000B4509DF80E008DF837300BF0C2F98DF83900E3
S3150000B46020680BF059FAD4F868338DF840500C90E8
S3150000B4700F9318AD0CAE0FCE0FC596E80300D4F8A7
S3150000B480743385E80300D3F85C0E94F83820D0F8BE
S3150000B490D45004AB00680CA9A84704238DF81930D2
S3150000B4A00D4B03E740F24D210C4A054820F0DEFF24
S3150000B4B0FDE601231EE700BFDDAC0000922E03006F
S3150000B4C0003A03000F1D211028000218A086010073
S3150000B4D021AC000026370300A5AD0000AF370300FE
S3150000B4E02DE9F0474FF0000A90F87093B2B00E467F
S3150000B4F00446494600681746CDF80CA00BF0D2F872
S3150000B5000DF13C0805468C225146404623F005FDC8
S3150000B510012E84F8716300F08D80022E00F08C807D
S3150000B520002E40F09180D4F86C330393002D40F048
S3150000B53092800DF10B03494620680DF10A020BF0CB
S3150000B540DFF82946102205A823F0E7FC20680BF057
S3150000B550C7F9B4F884338DF821008DF82230039BA7
S3150000B560206807930BF0B3F99DF80A509DF80B106D
S3150000B5708DF8120028468DF810508DF81110FFF73F
S3150000B5808DFA012249468DF8130020680BF01AFA4D
S3150000B5900126053029468DF8170020688DF81960B8
S3150000B5A00BF02EF81BADADF814008DF83C6004AE20
S3150000B5B00FCE0FC533682B60D4F87C332693214613
S3150000B5C0D4F874030DF10B020EF0D0FF28B140F24F
S3150000B5D0CE21454A454820F049FF1422002104A8FF
S3150000B5E023F09BFC9DF80B30414A8DF810309DF8F6
S3150000B5F03C30D4F87403012B14BF012300238DF8CB
S3150000B60011303C4B18BF13460593D4F88033CDF860
S3150000B6100080099304F2F132FF2304A907970EF084
S3150000B620BFFF00280CBF0423062384F8723332B010
S3150000B630BDE8F087636978E75246217B94F80C05EC
S3150000B64003AB08F035F871E740F282212A4A274811
S3150000B65020F00CFF6AE7012D3FD1494620680DF125
S3150000B6600B020BF07DF82022002107A823F055FCE1
S3150000B670039B20680C930BF037F9204B4FF47A723A
S3150000B6800D9340F2FF13ADF838301D4B8DF8255061
S3150000B6900893FF23ADF826304FF48273ADF82830B7
S3150000B6A09DF80B300B90534346F2A8120493154BAA
S3150000B6B01BADCDE9052304238DF81C30002304AE11
S3150000B6C08DF83C300FCE0FC50FCE0FC596E807009C
S3150000B6D085E80700D4F8803370E74FF432710A4AE0
S3150000B6E0024820F0C3FE6AE7922E0300E339030006
S3150000B6F0E5AA00007DAB0000CC3703000F1D21102A
S3150000B70028000218A0860100B2370300F7B50446E8
S3150000B71001460DF10302D0F874030EF027FF04F280
S3150000B72087339DF80310D4F8740301AA0EF0EAFFDC
S3150000B73094F88733042B18D0052B51D0032B02D154
S3150000B740019BC4F8883394F87233022B00F087808B
S3150000B750042B00F0928094F887330A2B40F09480F3
S3150000B760062384F8723303B0F0BD8C22019BD4F813
S3150000B7707413C4F8F0349DF8033002FB031203F28D
S3150000B7804C5331F81330B2F88200B2F8802084F8B6
S3150000B790F03394F8F133A4F8F6245A09D523D340AC
S3150000B7A0DB07A4F8F40414D494F88633022BCAD128
S3150000B7B094F8F32394F8F23303EB022394F8F4237A
S3150000B7C003EB024394F8F52303EB0263E26A934228
S3150000B7D0B9D0052384F88733002384F8F033B2E721
S3150000B7E094F87133019E33BB677ED4F88023D4F876
S3150000B7F08833D4F8AC531344F61A94F87033761B96
S3150000B80004EB4303B3F98C5320F07FFE761B4FF411
S3150000B8107A75301A05FB170520F07FFE281A0028D6
S3150000B82013DA94F8703304EB4303B3F88C23013A2C
S3150000B830A3F88C2387E7012B02D1657E6F1CD4E722
S3150000B840022B14BF00271227CFE73FF47CAF94F8F2
S3150000B850703304EB4303B3F88C230132E8E7032388
S3150000B860FF2200212A2084F872330CF0CBFE94F8D4
S3150000B87087330A2B7FF477AF72E70523FF22002177
S3150000B8802B2084F87233F0E740F26A31024A03480B
S3150000B89020F0ECFDEBE700BF922E0300C939030050
S3150000B8A02DE9F0430E4687B0044620F021FB012E19
S3150000B8B0804661D0022E65D0002E6DD1227E217B7E
S3150000B8C02068657E0AF0A8FA84F8700394F870136D
S3150000B8D020680AF0E7FE002868D194F87013206803
S3150000B8E00DF116030DF115020AF00AFF20F00DFE08
S3150000B8F0814620F012FE94F87033022E04EB4303C7
S3150000B900B3F98C23D4F8C07302EB090303EB0009E7
S3150000B91004D194F80C0507F0EDFE07444FF47A7253
S3150000B92003970027554304F55F73019304F560738D
S3150000B9302A4694F8701320680093029704F5617301
S3150000B9400BF0C2F904F56B7300934FFA89F2B4F861
S3150000B950843394F8701320680BF0FFF9D4F8882329
S3150000B960D4F8AC331A44A2EB080252192FD505239A
S3150000B970012084F8723316E0657EA37C013584F8D5
S3150000B9807033A3E70023217B94F80C0504F55C7261
S3150000B99007F08EFE122599E710484FF46471104A9D
S3150000B9A020F064FD002007B0BDE8F083012807D130
S3150000B9B094F8701320680DF117020AF0D1FE95E78E
S3150000B9C040F2A931074A054820F050FD8EE720468F
S3150000B9D031464244FFF784FD3846E4E7A8390300C0
S3150000B9E0CC370300B23703004FF6FF72B0F85A3374
S3150000B9F0934205D090F84E2312B10133A0F85A3382
S3150000BA004FF6FF72B0F8583393421CBF0133A0F8CB
S3150000BA10583390F8E033012B04BF022380F8E0335B
S3150000BA2090F8E133012B01BF022380F8E133D0F80F
S3150000BA308833C0F8D43390F8E233012B04BF0223D5
S3150000BA4080F8E23300680AF0D3B900002DE9F04F20
S3150000BA50002604464FF0130B85B080F8B56380F8D6
S3150000BA60436380F8386180F8996194F8E23294F87B
S3150000BA70B5138B4203D8002005B0BDE8F08F94F8CB
S3150000BA803821602A00F20A84621892F8F00102381E
S3150000BA90112800F2F383DFE810F012002C00FF00FB
S3150000BAA02A019601BF0142027B02CD02F103F10396
S3150000BAB02F03F103F10362037703F103C303881C29
S3150000BAC0984205DB84F8E262033184F8B513CCE7CB
S3150000BAD094F8E033022BF7D1032384F8E03392F88D
S3150000BAE0F131204484F8C43390F8F03184F8C5333A
S3150000BAF0EAE70025EFB2B800019007EB870002EBFA
S3150000BB00000C9CF8F0C1BCF1030F05D105300844C8
S3150000BB10984205F10105EDDD2FB9053184F8B5131D
S3150000BB2084F8E272A1E74FF00008072594F8B533D0
S3150000BB3008EB88021344234493F8F31193F8F22197
S3150000BB40206802EB012293F8F41192B2C1F30211BC
S3150000BB500AF0FCF908F10108831C5FFA88F308BFB4
S3150000BB6006259F42E2D894F84E33013008BF0625D9
S3150000BB70002B41D0072D33D0002594F83030012B0F
S3150000BB8005D1002322461946072020F039FB019BE8
S3150000BB9094F8B5A33B449A4494F8E2325FFA8AFAE1
S3150000BBA0534584F8B5A3FFF460AF94F838317800B4
S3150000BBB003EB4702602A3FF758AF00214FF0030E10
S3150000BBC0E21801315FFA81FC674582F839E182F8B3
S3150000BBD03A5102F10202F4D8034484F8383144E7BA
S3150000BBE020680AF00FFD0130C6D0012520680AF052
S3150000BBF057F984F8BD53C0E707F1FF3994F8B53318
S3150000BC0009EB8909A1444B4493F8F1814FEA1818CE
S3150000BC10B8F10F0F08D00122414620680AF04EFA0B
S3150000BC20013008BF05F0050594F8B5334B4493F889
S3150000BC30F11101F00F0ABAF10F0F08D05146206832
S3150000BC400AF0E1FF013002D105F0030595E7072D63
S3150000BC5093D194F8B5332068994499F8F4910AF091
S3150000BC601FF9BAF10F0F05D05146A27E20680AF0DF
S3150000BC70FBF8A07309F00F09B9F1010F38BF4FF0B7
S3150000BC8001090123B8F10F0F84F80F9018BF84F84B
S3150000BC900D8084F8BD3370E74A1C9A4201DB0231FD
S3150000BCA029E0224492F8F03103F00F03236294F85E
S3150000BCB03030012B05D1002322461946082020F0FA
S3150000BCC09FFA94F8B53394F8E2220233DBB29A4233
S3150000BCD084F8B533FFF4C9AE94F838315F2B3FF6DC
S3150000BCE0C4AE0421E21882F83911013375E7081D44
S3150000BCF0984205DB053184F8B51384F8E262B4E6B0
S3150000BD0092F8F1912068C9F3021949460AF082F9BE
S3150000BD1094F8B5330130234493F8F181206808F094
S3150000BD200F0841460CBF062507250AF07BF994F853
S3150000BD30B513013001F5F9712144206808BF05F0FB
S3150000BD4005050AF0B1FE0146074620680AF0B7FE6F
S3150000BD50013026D105F0030594F8B53394F8E222B4
S3150000BD600533DBB29A4284F8B533FFF47EAE94F81D
S3150000BD7038315E2B08D80521E218023382F83911D2
S3150000BD8082F83A5184F8383194F899310D2B3FF600
S3150000BD906CAE0521E21882F89A1182F89B510233A3
S3150000BDA0F3E0072DD8D194F8303084F81890012BA1
S3150000BDB084F812806761CFD10023224619460920F4
S3150000BDC020F01EFAC8E702AA2146D4F874030EF042
S3150000BDD0CDFB94F8B53394F8E2220133DBB29A42F4
S3150000BDE084F8B533FFF441AE94F838515D2D3FF633
S3150000BDF03CAE0623254485F8393120F08CFB85F8C6
S3150000BE003A0194F83831B4F8F424E11802F03F020C
S3150000BE1081F83B210333E0E64A1D9A4201DB0631F5
S3150000BE2069E720680AF047FD94F8B53318B9063378
S3150000BE3084F8B53319E6234493F8F1812068414626
S3150000BE400AF0B0F994F8B513013001F5F9712144FF
S3150000BE5020680CBF002503250AF026FE014607468A
S3150000BE6020680AF03BFE94F8B5330130234493F87A
S3150000BE70F591206809F00F09494608BF05F002054B
S3150000BE800AF0E4F894F8B5330130234493F8F5A1A9
S3150000BE9020684FEA1A1A514608BF05F001050AF054
S3150000BEA0D5F801301BD1D14505F0010519D894F814
S3150000BEB0B53394F8E2220633DBB29A4284F8B533FE
S3150000BEC0FFF4D3AD94F838315E2B3FF6CEAD0721A3
S3150000BED0E21882F8391182F83A5102337DE6D145EB
S3150000BEE002D905F00105E2E7032DE0D142463946C5
S3150000BEF020680AF0A5F94246394620680AF0C0F9DA
S3150000BF004A465346414620680AF0E2F9424627B9B6
S3150000BF10394620680AF018FAC9E70121F9E74A1CF0
S3150000BF209A42BFF6BCAE224492F8F03113F00F03EA
S3150000BF3008BF0123637694F83030012B05D1002326
S3150000BF40224619460B2020F05BF994F8B53394F895
S3150000BF50E2220233DBB29A4284F8B533FFF485ADB0
S3150000BF6094F838315F2B06D80821E218013382F89D
S3150000BF70391184F8383194F899310E2B3FF675ADA6
S3150000BF800821E21882F89A11013384F899316CE598
S3150000BF904A1C9A42BFF683AE20680AF089FC94F8E0
S3150000BFA0B53308B9023343E7234493F8F111BD4A88
S3150000BFB001F00F032068D35C90F87620023BDBB2D9
S3150000BFC0934228BF1346C1F30011A3760AF066FD1B
S3150000BFD094F8B5332068234493F8F111C1F3401166
S3150000BFE00AF05FFD94F83030012B05D1002322467C
S3150000BFF019460A2020F004F994F8B53394F8E222A1
S3150000C0000233DBB29A4284F8B533FFF42EAD94F8CE
S3150000C01038315F2B06D80921E218013382F839112D
S3150000C02084F8383194F899310E2B3FF61EAD09216C
S3150000C030E218A7E70A1D9A42BFF65CAE20680AF02E
S3150000C0403AFC94F8B53308B90533F1E6234493F87E
S3150000C050F181206841460AF09DF994F8B51300284D
S3150000C06001F5F9712144206814BF032501250AF062
S3150000C0701BFD0146074620680AF021FD013021D14B
S3150000C08005F0020594F8B53394F8E2220533DBB2E5
S3150000C0909A4284F8B533FFF4E8AC94F838315E2B55
S3150000C0A008D80A21E218023382F8391182F83A5187
S3150000C0B084F8383194F899310D2B3FF6D6AC0A2125
S3150000C0C0E21868E6032DDDD14246394620680AF0BB
S3150000C0D0D7F894F83030002818BF0025012BD1D1AD
S3150000C0E0032DCFD100230C20194602AA03978DF801
S3150000C0F0088020F085F8C5E7481D984201F1060141
S3150000C100C9B2BFF6F8AD94F8E133022B7FF4DDAC8B
S3150000C110032384F8E13392F8F33192F8F2511B04C9
S3150000C12043EA052392F8F15192F8F4212B4343EAAE
S3150000C13002634FF47A72C4F8C833204490F8F031A1
S3150000C14084F8B51353431B0AC4F8CC33D4F8D4335C
S3150000C150C4F8D0331FF0CAFEC4F8D80385E494F8B7
S3150000C160E2330131022B09BF03234FF0FF3384F87A
S3150000C170E233002384F8B513002B7FF476AC94F8F1
S3150000C180ED3384F8EE3370E40A1D9A42BFF6B2AD81
S3150000C19001F2F111206821440AF086FC074628B115
S3150000C1A0014620680AF08BFC01302FD0032594F855
S3150000C1B0B5332068234493F8F48108F00F0841460C
S3150000C1C009F030FF013023D105F0010594F8B533AD
S3150000C1D094F8E2220533DBB29A4284F8B533FFF4D1
S3150000C1E044AC94F838315E2B08D81121E21802339A
S3150000C1F082F8391182F83A5184F8383194F8993135
S3150000C2000D2B3FF632AC1121E218C4E50225CEE72C
S3150000C210032D12BF0225C4F8E87384F8EC83D5E732
S3150000C220CA1C9A4201DB043165E501F2F11120686E
S3150000C23021440AF039FC0546C0B90121C4F8E4538B
S3150000C24094F8B53394F8E2220433DBB29A4284F8C8
S3150000C250B533FFF40AAC94F838315E2B3FF605ACE3
S3150000C260E21882F839B182F83A1136E601462068BA
S3150000C2700AF025FC0130E0D10021E1E7204607F075
S3150000C280DDFA00287FF4F1AB204606F077FD0028A2
S3150000C2907FF4EBAB84F8E202FFF7E7BB4FF0FF3029
S3150000C2A0FFF7EABB773A030030B5044687B090F84B
S3150000C2B00C1504A810F04EFD94F80C1502A810F009
S3150000C2C027FD4FF6FF72B4F8D8310DF117019342EE
S3150000C2D01CBF0133A4F8D831002384F8333001237E
S3150000C2E02374E37394F834300DF10F0203F0030363
S3150000C2F084F8393004F1420004F13A0311F8015987
S3150000C30003F8015B12F801598342DD71F6D113215E
S3150000C310B4F8D83184F83810A4F84A3001AA94F851
S3150000C3200C3504F139000FF0F7FD28B140F2146125
S3150000C330074A084820F09AF894F838300199E2182C
S3150000C3400433C2F8391084F8383007B030BD00BF66
S3150000C350DF370300AB38030073B50446B4F8F623A1
S3150000C36094F8DB61ADF8042094F8DC21D0F8F203F0
S3150000C37094F8DA51120442EA06222A4300F47F4373
S3150000C38000F47F05C1B22B430B439A42009003D1C0
S3150000C3904FF0FF3002B070BDBDF80430B4F8D821BC
S3150000C3A00DF10301C4F8DA01A4F8DE31684694F809
S3150000C3B00C350FF0D7FD2046FEF77AFD206809F010
S3150000C3C049FC94F8F0330D2B3CD904F5F0710A467C
S3150000C3D004F2FE3304F20E4053F8045B834242F843
S3150000C3E0045BF9D120680AF097FB94F8F92394F8D6
S3150000C3F0F833206803EB022394F8FA2303EB024395
S3150000C40094F8FB2303EB0263E36294F8FC33C3F373
S3150000C410021103F00F03A37494F8FD33217613F091
S3150000C4200F0308BF0123637609F0F4FD0028AFD19E
S3150000C430A17C206809F0F6FD0028A9D1022384F822
S3150000C4408633A7E7D4F86823217B206809F06AFDC4
S3150000C450CBE7D0F8D03110B504460BB9002010BD9B
S3150000C4601FF046FD0346D4F8D40198428ABFC04364
S3150000C4701B1A1B18D4F8D0019842EFD3C01AEEE766
S3150000C48070B50026017B8EB00446006802960AF05D
S3150000C49009F9054600283ED10DF10703217B2068E6
S3150000C4A00DF106020AF02CF91422294603A822F0FF
S3150000C4B034FD9DF8063020688DF80C309DF8073065
S3150000C4C08DF80D300AF003FA9DF80C209DF80D103A
S3150000C4D08DF80E001046FEF7E1FA0123ADF8143090
S3150000C4E094F8383011468DF80F0020688DF8133017
S3150000C4F00AF086F8D4F874338DF81250D3F85C3EFF
S3150000C500ADF81000D3F8A03003A904A8984702900C
S3150000C51002980EB070BD01283AD1217B20680DF13A
S3150000C52007020AF01DF92C22314603A822F0F5FC79
S3150000C530D4F8683320680B930AF0D6F92B4B4FF4E6
S3150000C5407A720C9340F2FF13ADF8343094F8383019
S3150000C5508DF82150ADF82230254B0A9007934FF401
S3150000C5608273ADF824309DF8073003A9534346F291
S3150000C570A81203931F4B07A8CDE9042304238DF8C3
S3150000C5801830D4F87433D3F85C3ED3F8A430BDE742
S3150000C590022824D10DF10703217B20680DF1060244
S3150000C5A00AF000F93146182203A822F0B6FC01234E
S3150000C5B09DF806008DF814308DF811000AF010F978
S3150000C5C0D4F874338DF81500D3F85C0E94F838203F
S3150000C5D0D0F8D45002AB03A90068A84798E740F208
S3150000C5E0DA61054A05481FF041FF91E70F1D21104A
S3150000C5F028000218A0860100AF370300993803000F
S3150000C60073B5B0F8483304465BBAA0F84A33002342
S3150000C61080F8B43390F88633012B20D11FF066FCE6
S3150000C620D4F8603305460133C4F860332046FFF77B
S3150000C63027FF0A26B0FBF6F0D4F86433284403F546
S3150000C64061639842204680F0DA80FFF719FFB0FB5D
S3150000C650F6F00544C4F85C53002384F88633D4F816
S3150000C660443394F84A239342B4BF0023012384F849
S3150000C6704C33237C012B00F2D88001232374636A98
S3150000C6800133636294F83030012B05D10023224632
S3150000C690194606201FF0B4FDD4F844330133C4F81C
S3150000C6A0443394F84B2394F84A331344D4F8442380
S3150000C6B09A4226DB94F8B4332068032B40F0BB8003
S3150000C6C0617B09F03DFD94F8A9310146009394F889
S3150000C6D037200023206809F089FD90B904F10F0383
S3150000C6E094F84E132068009304F10D0204F10E0332
S3150000C6F009F0B3FE94F84A33C4F84433012384F8AE
S3150000C7008A35D4F84433B4F85023934206DB2AB171
S3150000C71040F24351524A53481FF0A8FE94F838316C
S3150000C72094F899219342C0F09080002B00F08D8000
S3150000C7301A4684F8433304F2391104F2E32022F056
S3150000C740C5FB012384F8B433E37B2374002394F8F8
S3150000C750861384F83831022917D194F8B433032BA1
S3150000C7607CD004F24D330193637B2068009304F27E
S3150000C7704E3204F10C0309F0CBFE013005D14FF423
S3150000C780AC61394A37481FF071FE94F8B433012B77
S3150000C79064D194F8A93194F843230093217B0023B4
S3150000C7A0206809F023FD04F2E32570B10022217B05
S3150000C7B0206894F843630AF005F90838C2B2314696
S3150000C7C0284601F025F884F84303294694F84323C4
S3150000C7D004F1420022F07AFB94F84333204684F8B1
S3150000C7E03730002384F8313040F201236386FEF7A8
S3150000C7F043FC204602B0BDE87040FEF799BCFFF747
S3150000C8003FFED4F86433284403F51A43B033984204
S3150000C810204605D2FFF734FE2844C4F85C031BE724
S3150000C820FFF72EFE06FB0050F7E70322013B84F8D4
S3150000C830B423237435E704F10F03009394F84E13E1
S3150000C84004F10E0304F10D0252E784F8A92104F560
S3150000C850CD7104F5D57022F039FB77E702B070BDD3
S3150000C860093803007539030033380300D0F8C003D4
S3150000C870704780F80215704790F80205704710B5AA
S3150000C88000680C46114601220AF09CF80530C0B239
S3150000C890A0424FF0FF3028BF002010BD0023F0B5A6
S3150000C8A004468BB090F8F003099300F03DFF94F82E
S3150000C8B07023054694F8F0132046FFF7E0FFC542C3
S3150000C8C003D0002528460BB0F0BD04F2F136304601
S3150000C8D00DF1210308AA0DF11F0100F02BFF0546FB
S3150000C8E00028EED19DF81F7094F8F013012F35D172
S3150000C8F03246304694F80C350FF01DFB90B9C4F85B
S3150000C90058031FF0F3FA94F8F0330425043B84F837
S3150000C910F03394F8B633C4F85403022B18BF022739
S3150000C92084F87C7500269DF81F30C4F8446384F8AB
S3150000C930B9319DF82030C4F8586384F8BA319DF8AF
S3150000C940213084F80235099BA3621FF0CFFA84F8E0
S3150000C950A961C4F8540384F89961B3E7A36A04F2A1
S3150000C960BD17099304F2BB13039304F2F943029330
S3150000C97004F59F630193E36AADF822000093304605
S3150000C98004970DF1220304F5DE7200F0EEFE002896
S3150000C99097D1BDF8220009A900F020FF002890D108
S3150000C9A0012594F8F01394F80C350439C9B20393B1
S3150000C9B084F8F0136318D3F8F13306220293099B27
S3150000C9C0304601930095E36A0FF01EFB00287FF4C2
S3150000C9D078AF94F8BB3125749A0605D594F83320C0
S3150000C9E0042A08BF84F80155C3F3001384F8FB3406
S3150000C9F094F87133002B48D1D4F86C33C4F8FC3466
S3150000CA0094F8703394F8BC5184F80035236893F891
S3150000CA103D2184F8042593F83E3184F8053594F8D1
S3150000CA20F934002B6BD094F8F01394F8F8340939E4
S3150000CA30491BC9B284F8F013002B46D1002D7FF4B0
S3150000CA4040AF94F80C3504F5F877CDE90273099BED
S3150000CA5006220193012304F2FA300093E36A0FF0F1
S3150000CA6051FA28B14FF48E61274A28481FF0FEFC80
S3150000CA7094F8F023F22A3FF655AF3946304684F84B
S3150000CA80E22222F023FA03254CE7012B01D1636948
S3150000CA90B4E7022B08D10022217B94F80C0504F29E
S3150000CAA0FC4306F005FEABE740F24641184A17483C
S3150000CAB01FF0DCFCA4E72A46394604F5F87022F09C
S3150000CAC005FA84F8E25202252CE7E22BB6D094F858
S3150000CAD00C3505F2FA30CDE90263099B0722019372
S3150000CAE0012320440093E36A0FF00CFA28B140F2C8
S3150000CAF08E41054A05481FF0B9FC94F8BC51002D3B
S3150000CB00D9D101250EE700BF713803008A39030029
S3150000CB105E38030070B5044690F8B6030E4628BB8F
S3150000CB2094F83030012B03D1022384F8863370BD8C
S3150000CB301FF0DCF9C4F8B8630126C4F8B003054653
S3150000CB4084F886632046FFF7AFFB206809F0B6FE3F
S3150000CB506076206809F0B5FED4F86033A0740BB98E
S3150000CB60C4F86453002084F8B663E0E74FF0FF3062
S3150000CB70DDE790F8860370472DE9F347B2F1000828
S3150000CB809DF8287008BF00271E4690F8A931044674
S3150000CB9000930D460023017B3A4600689DF82CA0C1
S3150000CBA009F024FB013004D14FF0FF3002B0BDE89C
S3150000CBB0F087BAF1040F02D0BAF1020FF4D194F85B
S3150000CBC030301BB994F88633022BEDD194F8B63386
S3150000CBD0002BE9D12046FFF73CFC81460028E3D133
S3150000CBE01FF084F90C9BC4F8B003C4F8B83384F87A
S3150000CBF0315084F8328084F833A084F80195EEB180
S3150000CC0084F837700DB194F8A95105EB080041304E
S3150000CC103A463146204422F059F92046FEF72CFACE
S3150000CC202046FEF785FAE37B002023740123A4F84F
S3150000CC30F80484F8FA0484F8B633B7E784F8376062
S3150000CC40EBE72DE9F04F05461F460E4600244FF050
S3150000CC500109C3B001EB020800F5D57AB0450CD145
S3150000CC6002230122CDE9004300212846029705ABA5
S3150000CC70FFF782FF43B0BDE8F08F95F8E0B3BBF154
S3150000CC80010F10D095F8E133012B0CD095F8E23363
S3150000CC90012B08D095F8A9212AB11444514605A8BC
S3150000CCA0E4B222F013F933780D2B16D0102B1BD0DB
S3150000CCB0022B35D1BBF1010F0DD0002385F8E0938F
S3150000CCC0A5F8C43304F58472631C0DEB02043278B4
S3150000CCD004F8F42CDCB20136C0E795F8E133012BF9
S3150000CCE0F9D085F8E193EDE795F8E233012BF2D020
S3150000CCF085F8E293317804F584726A44631C02F87D
S3150000CD00F41C42AA52FA83F395F8ED23023402F09A
S3150000CD10070203F8F42C0023E4B285F83630DAE78C
S3150000CD204FF0FF30A6E72DE9F043044690F84E7326
S3150000CD300D4680F84E1385B0006899BB09F052FB8A
S3150000CD40607304F10F0829464246206808F09CFFEC
S3150000CD50627B04F24E3604F24D3904F10C03009264
S3150000CD6094F8861332462068CDF80490039309F0B0
S3150000CD70CFFB431C054611D142463946206884F84C
S3150000CD804E7308F081FF627B039B009294F8861332
S3150000CD9032462068CDF8049009F0BAFB284605B063
S3150000CDA0BDE8F08309F02EFEA073CAE7C06A70479B
S3150000CDB090F83030012B06BFC16200204FF0FF30E3
S3150000CDC070472DE9F0430446BFB07C220021684637
S3150000CDD022F0A3F894F80C157C23C1EB41116A46A6
S3150000CDE0022089001FF0A0F8B4F8D891BDF80230EF
S3150000CDF094F8BF734B45266804F5ED780ED10622EC
S3150000CE00414601A822F052F840B99DF80A30BB42CB
S3150000CE1004D19DF80B2033789A4230D00025D4F8FF
S3150000CE20DA01B8F8043001908DF80050ADF80290A0
S3150000CE30ADF808308DF80A703378782168468DF899
S3150000CE400B3000F0EFFB94F80C157C23C1EB41117D
S3150000CE506A461E90890002201FF0D2F97C222946DC
S3150000CE600DEB020022F059F87C2394F80C150220F1
S3150000CE70C1EB41110DEB030289001FF055F83FB0DD
S3150000CE80BDE8F083002337B580F8723380F80335A8
S3150000CE9090F8CC310446042B15D1FFF75DFA90B912
S3150000CEA0012394F84F1384F8F00384F8F90484F806
S3150000CEB00335206884F84E1304F10F0208F0E4FEEF
S3150000CEC02046FFF77EFF94F8CC31023B012B02D8B7
S3150000CED02046FEF7BBFD2046FFF792FB94F8E033B1
S3150000CEE094F8CC11022B04BF002384F8E03394F8A5
S3150000CEF0E133022B04BF002384F8E13394F8E233D4
S3150000CF00022B04BF002384F8E23349B94FF48E7232
S3150000CF1004F57C7022F001F894F80C3584F8083595
S3150000CF20D4E90130984794F8B43303F0FD03012B9C
S3150000CF3035D104F111030093217B206804F55B735E
S3150000CF4004F55A7208F0E8FE98B1002384F8B63367
S3150000CF5094F8B433032B07D1636A01336362D4F8C0
S3150000CF6044330133C4F84433002384F8CC3103B08E
S3150000CF7030BD84F8B4031EF0BBFF40F6B831054659
S3150000CF804FF47A701FF09EFA05232844C4F8B803BC
S3150000CF9084F8B6331EF0AAFFC4F8B003E4E7002312
S3150000CFA084F8B633E0E7000073B5044601460DF198
S3150000CFB00502D0F874030DF0D9FA94F8BE63EEB901
S3150000CFC094F88633012B19D1D4F85C531EF08EFFEA
S3150000CFD0281A002812DD84F8B66394F87233062BFB
S3150000CFE002D12046FFF74EFF94F8B633052B00F228
S3150000CFF0C680DFE803F0231E728DA41B94F8B633B7
S3150000D000002BEAD01EF072FFD4F8B033C01AA0F598
S3150000D01096700028E1DD94F8B633CE215B4A5C4871
S3150000D0201FF024FA072384F8B633D6E7012384F8E1
S3150000D030B63394F872332BB1032B22D094F8B6038F
S3150000D04002B070BD0123217B206884F8723309F099
S3150000D05029FB58B9217B20680DF107030DF1060263
S3150000D06009F04EFB2046FEF7AFF8E7E70228F9D1B4
S3150000D070217B20680DF107030DF1060209F092FBF2
S3150000D080F0E7022384F8B633D4F88833D4F874234F
S3150000D090C4F8D4319DF8053003F2E62352F8232074
S3150000D0A0236A02FA03F39B1AC4F8D03194F8863344
S3150000D0B0012B02D12046FFF784FE2046FEF794FCA2
S3150000D0C094F80D351BB194F88633022B53D000210A
S3150000D0D02046FEF7E5FB0028B0D094F87233052B06
S3150000D0E0ACD194F88733042B09D10125204684F866
S3150000D0F0FA54FFF7D3FB84F8CC0100283BD1032375
S3150000D1000121204684F8B633FEF7CAFB002895D0E5
S3150000D11094F87233052B91D194F88733042B20D0E1
S3150000D12094F80C0506F0A4F828B30423022120463F
S3150000D13084F8B633FEF7B4FB00283FF47FAF94F8CB
S3150000D1407233052B7FF47AAF94F88733042B12D110
S3150000D1500E23204684F8FA34FFF7A0FB84F8CC01AE
S3150000D16009E00223204684F8FA34FFF797FB84F897
S3150000D170CC010028D4D02046FFF784FE5EE740F2BB
S3150000D180CD11044A02481FF071F957E7873A0300A8
S3150000D190D33A0300B13A030010B50446A0B07C228E
S3150000D1A0002101A821F0B9FE94F80C157C23C1EBEF
S3150000D1B04111022001AA89001EF0B6FE782101A8BD
S3150000D1C000F030FA1F9B984256D1BDF806300298FF
S3150000D1D0A4F8D831BDF80C309DF80F20A4F8DE3144
S3150000D1E09DF80E30C4F8DA0184F8BF33236804A929
S3150000D1F01A7004F5A2606C2221F068FE9DF81230C8
S3150000D200012B84F8303035D1D4F814352246E36248
S3150000D210022384F886330023062019461EF084FE76
S3150000D22000230720194604F5A3621EF07DFE0023A5
S3150000D2300820194604F226521EF076FE0023092025
S3150000D240194604F5A5621EF06FFE00230A20194652
S3150000D25004F5A6621EF068FE00230B20194604F2B0
S3150000D26034521EF061FE00230C20194604F5A76215
S3150000D2701EF05AFE002001E04FF0FF3020B010BD36
S3150000D28030B57C24BFB0054622460021684621F011
S3150000D29044FE4FF0FF33782168460193ADF808301D
S3150000D2A000F0C0F995F80C152346C1EB41116A460A
S3150000D2B01E90890002201EF0A3FF224600210DEBDE
S3150000D2C0040021F02AFE95F80C152346C1EB411106
S3150000D2D002200DEB040289001EF026FE3FB030BD91
S3150000D2E0F8B504460F46154600214FF4B2621E46B5
S3150000D2F021F013FE079B20461B783146DA1C84F882
S3150000D3007823069A84F80C35626004F57C72A26074
S3150000D3100A22C4F8C023224A2760C4F8DC2384F812
S3150000D3200835FDF7FAFD2046FFF736FF88B320469D
S3150000D330FFF7A6FF2046FFF72FFF1022236820469F
S3150000D3401A70FFF73EFD4FF41663164A94F87813E9
S3150000D350A4F8503328462346C4F874530DF0C8F891
S3150000D360236820461978FDF70AFE2046FDF70CFED5
S3150000D370206809F0B2FA84F84903206809F0AAFA8D
S3150000D38094F8BF3384F84803012B08BF84F8BE33F2
S3150000D390F8BD2368187808F0D9FB0028C7D1D2E772
S3150000D3A0805101000DB7000010B50446017B002234
S3150000D3B0006809F007FB94F8A931C01A083810BDB7
S3150000D3C090F83000704780F830107047D0F85C0352
S3150000D3D0704703681878704737B5054608460191C7
S3150000D3E008F0B4FB044670B901992846FDF7C7FD5D
S3150000D3F02846FDF7C9FD2846FFF7E3FC2046C5F899
S3150000D400604303B030BD4FF0FF30FAE70023A0F8C9
S3150000D4105A33704790F8BD3313B1002280F8BD230C
S3150000D4201846704790F88A3513B1002280F88A258D
S3150000D4301846704790F8BE03704780F8BF1300394E
S3150000D44018BF012180F8BE13FFF7BBBC90F8BF03DD
S3150000D450704700220123104663F3070062F30F2092
S3150000D460042262F3174082B063F31F6002B0704774
S3150000D47010B504461EF03AFDD4F8D8332BB1D4F8D3
S3150000D480DC231344C31AD80F10BD1846FCE770B44A
S3150000D4904FF47A76D0F8CC53D0F8C8432944D0F864
S3150000D4A0D053491BB1FBF6F506FB15112C4414604D
S3150000D4B0196070BCFFF7DCBFD0F8D80370470729A6
S3150000D4C00BD890F8E233013B012B06D9002380F8F4
S3150000D4D0ED1380F8E233184670474FF0FF3070477F
S3150000D4E090F83600003818BF0120704790F8E033F6
S3150000D4F0032B07D190F8C4330B7090F8C533002086
S3150000D5001370704700234FF0FF300B701370704795
S3150000D51090F8E103033818BF4FF0FF30704790F8DA
S3150000D520E203033818BF4FF0FF30704737B50446A3
S3150000D530FDF72AFD94F84E33042B02D1D4F860236C
S3150000D54052B984F84F330421206804F10F0208F021
S3150000D5509BFB042384F84E3304F24D330193637B23
S3150000D56004F10C0594F88613009304F24E322B4610
S3150000D570206808F0CDFF04F11103019304F11403B0
S3150000D58000932946206804F55B7304F55A7208F087
S3150000D590F7FB03B030BD07B500F111030093017B23
S3150000D5A000F55B7300F55A72006808F0B5FB03B02E
S3150000D5B05DF804FBD0F8B8037047C0F8B81370479D
S3150000D5C080F8BC13704780F88613704738B500257D
S3150000D5D00446294680F8CC5180F8B4534FF48E7235
S3150000D5E000F57C7021F099FC94F80C3594F87813CA
S3150000D5F084F808350123D4F87403237484F8B653E9
S3150000D600BDE838400DF04AB838B50025044680F824
S3150000D6108653FFF7DBFF206808F070FCC4F8605300
S3150000D62038BD00006FF0050330B50A4D01440A1AF3
S3150000D630002A02DCC3F1020030BD10F8012B534072
S3150000D640082243F300042C40013A84EA5303F8D13C
S3150000D650EDE700BF2083B8ED4B1F072B0BD80D2A33
S3150000D66009D84FF47A735843044B884033F81210A4
S3150000D670B0FBF1F070470020704700BFE83A0300A6
S3150000D680CB08C05C01F00701084100F001007047BB
S3150000D6900123CA0801F0070103FA01F1835C19436B
S3150000D6A0815470470123CA0801F007018B40815C51
S3150000D6B021EA030181547047D30701D5FFF7E8BF7C
S3150000D6C0FFF7F0BF0144884201D10120704710F8EE
S3150000D6D0013B002BF7D0002070470B0930F81300F0
S3150000D6E001F00F01084100F00100704701230A090B
S3150000D6F001F00F0103FA01F130F81230194320F856
S3150000D7001210704701230A0901F00F018B4030F80F
S3150000D710121021EA030120F812107047D30701D531
S3150000D720FFF7E4BFFFF7EEBF0B284FF0FF3088BFCF
S3150000D7300020704710B5047864090C70007800F07A
S3150000D740030010700A78072A03D8D521D140CC07E8
S3150000D75008D4003818BF01204042511F4A424A41AE
S3150000D7601A7010BD4FF0FF30F7E72DE9F843044675
S3150000D770DDE9098716468946827845780B9905EBD7
S3150000D7800225C27805EB0245027905EB0265089A87
S3150000D790AD1A427918BF4FF0FF350A70A279C079E9
S3150000D7A002EB00221A800A780C9802F00F0204F1AC
S3150000D7B00801327021F08AFB307800F10C0399459C
S3150000D7C0C5BF2418237A002388F80030CCBF012374
S3150000D7D088F8003028463B70BDE8F8830A6810B523
S3150000D7E094B2130C84424FEA034304D3013206D1A8
S3150000D7F00860002010BD0132FAD01844F8E78442D0
S3150000D80002D900F58030F8E74FF0FF30F2E700006C
S3150000D8109142034628BF114670B5064D1C1A8C422C
S3150000D82005DA1E78AE5D33441E1A9642F6DDE0B286
S3150000D83070BD00BF043B030008B5A0F10803DBB2CE
S3150000D840042B02D8054AD05C08BD03464FF410717C
S3150000D8500348044A1EF00AFE0020F5E7E03B0300F9
S3150000D860E53B0300183B030070B50546002041F276
S3150000D87021060246AB5C80EA032008234400A4B2DA
S3150000D880000403F1FF3354BF204684EA060013F078
S3150000D890FF03F3D101328A42ECD370BDF8B590F89C
S3150000D8A0085E044605F2BA2350F82320182303FB2A
S3150000D8B0050393F8D938112B04D12946BDE8F84061
S3150000D8C00CF0ECBE9368D3F8E40318B9D16A186873
S3150000D8D009F0B4F88C2101FB054319465865D4F8C4
S3150000D8E05C0E4831D0F80431984728B140F28711D0
S3150000D8F01A4A1B481EF0BAFDD4F85C3ECC211A6EBB
S3150000D9001868904728B14FF4C471164A14481EF09F
S3150000D910ADFD182707FB0547D7F8E4681EF0E8FABF
S3150000D920301A0028F8DC1EF0EEFD00201EF0EFFD98
S3150000D9308C2202FB0545D4F85C3E696F5A6A18686A
S3150000D940904728B140F29111074A05481EF08EFD16
S3150000D9501EF0CEFAC4F8B40DF8BD00BFD2310300F4
S3150000D960F73B03001F3203007831030007B50DF1C2
S3150000D97007030DF1060208F0C3FE9DF8060003B08A
S3150000D9805DF804FBF0B50446B3B01822002109A8DF
S3150000D99021F0C3FA1422002104A821F0BEFAD4E92A
S3150000D9A01723A168134491F80C1594F84C20521AC9
S3150000D9B0B3FBF2F102FB113323B194F85830002B7C
S3150000D9C018BF11238DF82530237B8DF824301EF0E7
S3150000D9D09CFD05461EF0A1FDA36806461F68384655
S3150000D9E009F013F8AA190FAD0146238E384652B234
S3150000D9F0009509F0B2F90F9AA36C13440C93A3682F
S3150000DA001E68304609F001F80146304609F014F95F
S3150000DA10B0F57A7F6BD3A3681E68304608F0F5FF31
S3150000DA200146304609F008F94FF47A73B0FBF3F07B
S3150000DA304E4B627B0A939DF825300126A3F1110116
S3150000DA404B424B41002A08BF1346278E8C2278434F
S3150000DA5000210E9028468DF82D3021F05EFAA3683D
S3150000DA608DF83C608DF82270186808F039FFA368BD
S3150000DA708DF82100186808F02AFF8DF81660A66850
S3150000DA808DF81200306808F0C0FF01463068FFF7D5
S3150000DA906DFFFFF7D1FE0023A6688DF817003068EA
S3150000DAA0ADF8183008F0B1FF01463068FFF75EFFA9
S3150000DAB0A6688DF81000306808F0A7FF0DF10F0377
S3150000DAC001460DF10E02306808F01AFE9DF80F208F
S3150000DAD09DF810308DF811200C2A44D8DFE802F0AA
S3150000DAE00909090909403D37373237433700012014
S3150000DAF09EE701238DF813300A231BAEADF81430D0
S3150000DB0004AF0FCF0FC63B6804A9336040F6B833A5
S3150000DB102693636805A8D3F85C3ED3F8A0309847EF
S3150000DB20192360630095606804F1100209A90CF0DE
S3150000DB3037FD28B140F26F110D4A0E481EF096FCD3
S3150000DB4033B0F0BDA3F10C0253425341D2E70B3B75
S3150000DB50012B8CBF00230123CCE70A3B022BF8E7FD
S3150000DB60093B032BF5E70023C4E700BF9DD800005F
S3150000DB702D3B0300203C03002DE9F04704460F46E9
S3150000DB801546002168220C301E469DF82080DDF8DF
S3150000DB90249021F0C2F94FF4FA3363640123A5609F
S3150000DBA005F57C75414684F84C303046666084F84D
S3150000DBB00C802760C4F8509065650CF0BBFC2346CA
S3150000DBC0217B6068024ABDE8F0470CF091BC00BFBB
S3150000DBD079DD0000807B7047837B10B5044653B126
S3150000DBE00023017BC37340680CF058FD2068BDE834
S3150000DBF0104001F041B810BD38B505460C4609B9CC
S3150000DC00FFF7EAFFAC7338BDF0B585B004461EF0E9
S3150000DC106FF900260DF10702054621466068CDE939
S3150000DC2002660CF0A3FC227B9DF8073084F858604E
S3150000DC309A4205D040F21D11364A37481EF016FCAE
S3150000DC40A37B002B62D005F57A763146A06803AB3C
S3150000DC5002AAFFF71CFC00285AD0029D039B05F080
S3150000DC607F02C3F5FA352D4B03FB0255A3683544F5
S3150000DC701E68A564304608F0C8FE0146304608F026
S3150000DC80DBFFB0F57A7F11D2F820012329462086E2
S3150000DC90E37302AA03ABA068FFF7F9FB029B2046D9
S3150000DCA0E362FFF76FFE002005B0F0BDA3681E68B3
S3150000DCB0304608F0AAFE0146304608F0BDFF4FF494
S3150000DCC07A764FF4FA63B0FBF6F0B3FBF0F0F72880
S3150000DCD0DAD8A3681F68384608F097FE014638462A
S3150000DCE008F0AAFFB0420FD3A3681F68384608F0B1
S3150000DCF08CFE0146384608F09FFFB0FBF6F04FF465
S3150000DD00FA63B3FBF0F0C0E70120F8E70120CBE7A8
S3150000DD100320C9E7B03B0300323C030018FCFFFFB9
S3150000DD2000F15803743053F8042B834241F8042B56
S3150000DD30F9D1704738B5441814F8023C14F8035C5E
S3150000DD40033905EB032589B2ADB211B1FFF78CFD9E
S3150000DD5001468D4205BF14F8063C14F8070C002056
S3150000DD6000EB032001BF14F8053C00EB034014F858
S3150000DD70043C00EB036038BD2DE9F041C37B04464B
S3150000DD8086B0002B00F09B834268037BD11803F218
S3150000DD90D62352F82350836891F8286B1F683846BB
S3150000DDA008F033FE0146384608F046FFB0F57A7FA4
S3150000DDB0C0F0CF80A3681F68384608F026FE0146EB
S3150000DDC0384608F039FF4FF47A73B0FBF3F0400899
S3150000DDD00023042EA5EB0005637320D1A6683068E6
S3150000DDE008F013FE01463068FFF7C0FDA6683068EC
S3150000DDF008F00BFE01463068FFF7B8FD616B05AB16
S3150000DE0004AAA068691AFFF742FB01236373237B08
S3150000DE10626803F24C5332F8133084F82930607B81
S3150000DE2068B194F85830002B40F095804FF4FA32E0
S3150000DE30C4E90E332364636B6264EB1AA364E36B79
S3150000DE40D4E9111283EAE376A6EBE3760A2E04DD23
S3150000DE50002BB4BF6FF009030A230A441344A364DA
S3150000DE60002840F0CB80A368268E1F68384608F04D
S3150000DE70CCFD0146384608F0DFFEB0F57A7F80F02B
S3150000DE808A80F820864280F0BB80A36E382B8CBF38
S3150000DE900023012384F858300023A66886F8FB3453
S3150000DEA086F8F834306808F0B0FD86F80005A368F7
S3150000DEB0D3F8E40318B9E16A186808F0BFFD0D222B
S3150000DEC0A36804F11001C3F8FC0483F8FA2494F85B
S3150000DED0292003F2F13083F8F02320F0F7FFD4E98C
S3150000DEE00132617B002900F08D808C20C2F8F0544D
S3150000DEF0217B00FB0133B3F88210B3F88030A2F81F
S3150000DF00F414A2F8F6342368E566C3F88C50E36D82
S3150000DF100133E365636E013363660023A36694F8F9
S3150000DF207030032B28BF0323013384F8703094F834
S3150000DF3058301568002B7DD1284608F066FD01464D
S3150000DF40284608F079FEB0F57A7F80F08182F820C5
S3150000DF504BE100203CE7012B7FF471AF626BA66CAE
S3150000DF60E36B3244AA1AC3EBC3039B1848BF0733BB
S3150000DF70A263226CDB10E3631344202B616C2364E1
S3150000DF8004DD013100236164236458E72033BFF6C2
S3150000DF9056AF0139F6E7A3681F68384608F035FD25
S3150000DFA00146384608F048FE4FF47A774FF4FA6394
S3150000DFB0B0FBF7F0B3FBF0F0F7283FF662AFA368CB
S3150000DFC0D3F80080404608F020FD0146404608F0A0
S3150000DFD033FEB84210D3A368D3F80080404608F059
S3150000DFE014FD0146404608F027FEB0FBF7F04FF45B
S3150000DFF0FA63B3FBF0F045E70120F8E7012349E7B0
S3150000E000002347E7206EC2F8F4140130C4E9180172
S3150000E0101820A16E0131A166217B00FB013393F824
S3150000E020D938112B83D094F87030002B3FF47FAF92
S3150000E030013B7AE72846A66C08F0E7FCA368E26E87
S3150000E040D3F8C033014603930023029305AB019333
S3150000E05004AB0093284604F13003B21A08F034FEEC
S3150000E060A36E002B40F0C28094F87050238EC5F149
S3150000E07005055D43A3681E68304608F0C6FC0146E8
S3150000E080304608F0D9FDB0F57A7F11D2A3681E6834
S3150000E090304608F0BAFC0146304608F0CDFDB0F532
S3150000E0A07A7F44D201204FF4FA67B7FBF0F713E00A
S3150000E0B0A3681E68304608F0A8FC0146304608F002
S3150000E0C0BBFD4FF47A73B0FBF3F04FF4FA63B3FB86
S3150000E0D0F0F00628DAD80627A3681E68304608F04E
S3150000E0E094FC0146304608F0A7FDB0F57A7F2CD2A5
S3150000E0F0F820A36887421E68304680F0B28008F098
S3150000E10084FC0146304608F097FDB0F57A7F4ED282
S3150000E110A3681E68304608F078FC0146304608F0D1
S3150000E1208BFDB0F57A7F80F08A80012094E0A368A9
S3150000E1304FF47A771E68304608F067FC0146304691
S3150000E14008F07AFDB0FBF7F0ADE7A3681E6830462D
S3150000E15008F05BFC0146304608F06EFD4FF47A7617
S3150000E1604FF4FA63B0FBF6F0B3FBF0F0F728BFD834
S3150000E170A368D3F80080404608F047FC01464046B5
S3150000E18008F05AFDB04210D3A368D3F80080404689
S3150000E19008F03BFC0146404608F04EFDB0FBF6F0A9
S3150000E1A04FF4FA63B3FBF0F0A3E70120F8E7A368A6
S3150000E1B01E68304608F029FC0146304608F03CFD52
S3150000E1C04FF47A73B0FBF3F04FF4FA63B3FBF0F05D
S3150000E1D006289DD80620854279D294F87000C0F1B1
S3150000E1E00503208E10FB03F080B2208694F8583089
S3150000E1F02068012B40F05881A36893F8E233032B83
S3150000E20040F05281E36A616C019340F6B833A26C28
S3150000E2100093511A40F6480300F080FC206800F095
S3150000E2203BFDE36A20468033E36294F85830002BC6
S3150000E23040F03D8106B0BDE8F041FFF7E5BCA368BC
S3150000E2401E68304608F0E1FB0146304608F0F4FC53
S3150000E2504FF47A73B0FBF3F04FF4FA63B3FBF0F0CC
S3150000E260B9E708F0D2FB0146304608F0E5FCB0F508
S3150000E2707A7F01D2F820AEE7A3681E68304608F020
S3150000E280C4FB0146304608F0D7FC4FF47A764FF4CB
S3150000E290FA63B0FBF6F0B3FBF0F0F728EAD8A36810
S3150000E2A01F68384608F0B1FB0146384608F0C4FC42
S3150000E2B0B042FFF43AAFA3681F68384608F0A5FBE2
S3150000E2C00146384608F0B8FCB0FBF6F0C4E7A36890
S3150000E2D01D68284608F099FB0146284608F0ACFC64
S3150000E2E0B0F57A7F11D2A3681D68284608F08DFB29
S3150000E2F00146284608F0A0FCB0F57A7F43D20120FB
S3150000E3004FF4FA66B6FBF0F613E0A3681D682846DC
S3150000E31008F07BFB0146284608F08EFC4FF47A7322
S3150000E320B0FBF3F04FF4FA63B3FBF0F00628DAD84B
S3150000E3300626A3681D68284608F067FB014628469E
S3150000E34008F07AFCB0F57A7F2BD2F820A3688642D3
S3150000E3501D682846BFF4F1AD08F057FB0146284674
S3150000E36008F06AFCB0F57A7F4BD2A3681D68284690
S3150000E37008F04BFB0146284608F05EFCB0F57A7FB4
S3150000E38054D201205FE0A3684FF47A761D682846D0
S3150000E39008F03BFB0146284608F04EFCB0FBF6F0C1
S3150000E3A0AEE7A3681D68284608F02FFB01462846FD
S3150000E3B008F042FC4FF47A754FF4FA63B0FBF5F0BF
S3150000E3C0B3FBF0F0F728C0D8A3681F68384608F0FA
S3150000E3D01CFB0146384608F02FFCA8420FD3A36861
S3150000E3E01F68384608F011FB0146384608F024FC41
S3150000E3F0B0FBF5F04FF4FA63B3FBF0F0A6E70120AB
S3150000E400F8E7A3681D68284608F0FFFA0146284683
S3150000E41008F012FC4FF47A73B0FBF3F04FF4FA6392
S3150000E420B3FBF0F00628A0D80620DEE6A3681D6838
S3150000E430284608F0EAFA0146284608F0FDFB4FF4A4
S3150000E4407A73B0FBF3F04FF4FA63B3FBF0F0CCE66B
S3150000E450A3681D68284608F0D8FA0146284608F041
S3150000E460EBFB4FF47A754FF4FA63B0FBF5F0B3FBB0
S3150000E470F0F0F7283FF66BADA3681E68304608F04B
S3150000E480C4FA0146304608F0D7FBA842FFF479AF3C
S3150000E490A3681E68304608F0B8FA0146304608F010
S3150000E4A0CBFBB0FBF5F0CEE700F0E6FBB9E6FFF7F5
S3150000E4B069FAD4E9143006B0BDE8F041184706B051
S3150000E4C0BDE8F081014411F8080C70472DE9F843C6
S3150000E4D0054608460C469046FFF7AEF9284410F864
S3150000E4E0026C2046FFF7A8F9284410F8013C2046A4
S3150000E4F006EB0326FFF7A0F9671EC4F101040444E6
S3150000E500A1B2B6B205EB070919B14846FFF7ACF957
S3150000E51001468E4206D00020C8F80000C8F8030065
S3150000E520BDE8F883EB590120C8F80030B9F804308B
S3150000E530A8F8043099F8063088F80630F0E70C2978
S3150000E5401BD8DFE801F0070707070717140E0E09A7
S3150000E5500E1A0E0001207047A0F10C0358425841D4
S3150000E56070470B3801288CBF0020012070470A38FD
S3150000E5700228F8E709380328F5E70020704770B548
S3150000E5801E2600F15405683055F8043B1A784AB93E
S3150000E5908542F9D170BD013A83F826209A8C06FB94
S3150000E5A002449C629C6A621A002AF1DC93F82620D7
S3150000E5B0002AF0D1ECE70000F8B58C21044690F86B
S3150000E5C0085ED0F85C0E01FB0541D0F804314831F5
S3150000E5D0984728B140F2A2411A4A1B481DF046FF4F
S3150000E5E0D4F85C3ECC211A6E1868904728B140F2E8
S3150000E5F0A341164A14481DF039FF182707FB0547A3
S3150000E600D7F8E4681DF074FC301A0028F8DC1DF019
S3150000E6107AFF00201DF07BFF8C2202FB0545D4F813
S3150000E6205C3E696F5A6A1868904728B140F2AC415F
S3150000E630074A05481DF01AFF1DF05AFCC4F8B40D30
S3150000E640F8BD00BFD2310300263D03001F32030090
S3150000E6507831030010B500680C46114608F0ECFA54
S3150000E6606043B0F57A7F2ABF4FF47A710120B0FB80
S3150000E670F1F010BD2DE9F84304460D46164600217B
S3150000E680942204309DF82480DDF820901F4620F067
S3150000E69044FC0A9B256023610B9B05F57C75636131
S3150000E6A00C9B4146A3614846C4F8089084F8048050
S3150000E6B0E5610BF03FFF23464146134AA0680BF085
S3150000E6C017FF012384F82430022384F850300623F0
S3150000E6D00021A4F842304FF0FF33C4E90C1340F296
S3150000E6E00673238704F12403636526B13022583468
S3150000E6F0CBB29F4201D8BDE8F88302FB016301312A
S3150000E70044F8043BF4E700BFDDF000002DE9F041DA
S3150000E710044696B001460DF1230280680BF026FFF1
S3150000E72004F10C039DF82310A0680AAA0BF0EAFF77
S3150000E730237B042B4BD194F8203004EB83035D6DCF
S3150000E7402B78002B40D000238C21C4F894300A9AF1
S3150000E7502368A068C3F8F0249DF8232001FB02017A
S3150000E76002F24C52B1F8826010F81200B1F8801033
S3150000E7701A68A3F8F614A3F8F46483F8F00392F881
S3150000E7803F2183F8042593F8F1235109D722CA4083
S3150000E790D24393F8861302F0010202291AD1CAB1B4
S3150000E7A093F8F31393F8F22302EB012293F8F41390
S3150000E7B002EB014293F8F51302EB016269688A42A3
S3150000E7C00DD0002283F8F023002384F8743016B0AD
S3150000E7D0BDE8F081052184F82010002AF1D0FEF76B
S3150000E7E0A3FF94F82030054604EB830320685B6D95
S3150000E7F090F8F0131A7FFEF742F8C542E4D120687C
S3150000E8000DF1250200F2025309A900F2F130FEF7DC
S3150000E81091FF0028D8D194F82030206853B190F8A1
S3150000E82002251AB99DF82420042A03D1002380F872
S3150000E8300235C9E7816A626D04EB830391600022A9
S3150000E8405B6DADF826209A680B9204F1790290F878
S3150000E850F013049204F17802039200F2F942029254
S3150000E86000F59F6201925B6804F18802009300F252
S3150000E870F1300DF12603FEF778FF0028A4D1BDF88C
S3150000E88026000BA9FEF7AAFF00289DD194F8203098
S3150000E8900B9D04EB83035B6DDA68AA4294D81A6970
S3150000E8A0954291D8206890F8F01390F80C650439D9
S3150000E8B0C9B280F8F0131A7D03964618D6F8F163AC
S3150000E8C000F2F130CDE90156012600965B680DF0A5
S3150000E8D09BFB00287FF478AF94F82010DDF82CC05D
S3150000E8E004EB81035B6D626DC3F808C0926825680E
S3150000E8F0AA6294F87820C2F3001285F8FB24002956
S3150000E90040F0A08002B1022283F82C2095F8F92469
S3150000E910002A00F09D8094F8880095F8F01395F889
S3150000E920F874091A0939C9B285F8F013E7B195F8F0
S3150000E9300C655A7D039605F2F136CDE901C601262E
S3150000E94000F2FA3000965B6828440DF0DBFA28B135
S3150000E95040F23441574A58481DF088FD94F88830F3
S3150000E960002B7FF431AF01279DF82430012F84F866
S3150000E97076309DF8253084F8747084F877307FF40B
S3150000E98023AF94F82030256804EB83035B6DA268FF
S3150000E990197F2379286803F24C53079132F81380C4
S3150000E9A007F080FE07990646002854D10DF126038C
S3150000E9B028680DF1250207F0A3FE142231460BA8A4
S3150000E9C020F0ABFA9DF825308DF82C309DF82630D6
S3150000E9D08DF82D30286807F07AFF8DF82E009DF807
S3150000E9E02C10286807F00CFE9DF82D10ADF83000AD
S3150000E9F09DF82C008DF832608DF833808DF83460E8
S3150000EA00FFF79DFD8DF82F00D5F874330BA9D3F8C9
S3150000EA105C3E0CA8D3F8A030984794F82030C4F890
S3150000EA20940004EB8302516D2268087F083382F854
S3150000EA300005896982F8FA34C2F8FC14D4E9063074
S3150000EA409847C1E60AB103225EE783F82C605DE7CA
S3150000EA5085F8F02382E7012824D1282628680DF1BD
S3150000EA60260207F07DFE324600210CA820F055FA5A
S3150000EA704FF47A729DF826308DF8417053430B930C
S3150000EA8004238DF84430D5F874335FFA88F8D3F848
S3150000EA905C3EADF83C60D3F8A430ADF842800BA9DB
S3150000EAA00FA8B9E7054840F29741054A1DF0DEFC7C
S3150000EAB00020B2E771380300033D0300DF3C03008A
S3150000EAC0AF3703007FB50D46194600230446CDE94E
S3150000EAD000331046CDE902336A469DF82430BDF86E
S3150000EAE020600DF09FFB28B140F24F21094A0A48E9
S3150000EAF01DF0BCFC9DF801009DF800302C4403EB92
S3150000EB000023B3FBF6F006FB10331E2000FB034088
S3150000EB1004B070BD4A3C0300BD3C03002DE9F74F2D
S3150000EB20064604464FF001084FF0000AC0E91A23D2
S3150000EB309B4602680C9B0F460367D16A56F8543F02
S3150000EB4000F16809596092F8EE2383F8202056F800
S3150000EB50045B95F82D30EBB185F82DA085F8008083
S3150000EB6095F820205946C2F1070308FA03F3053247
S3150000EB7085F8263008FA02F292B22368AA8493F83E
S3150000EB800C353846CDE900230D9A6B68FFF79AFFDE
S3150000EB90A86202E02B78002BE2D1B145D7D103B0B1
S3150000EBA0BDE8F08FF8B51E46437B074615469BB178
S3150000EBB0032913D84C1CE4B200EB8404636D1A7865
S3150000EBC072B993F82D305BB90368186855B907F028
S3150000EBD01FFF60B90420F8BD0620FCE70120FAE714
S3150000EBE00220F8E7294607F06AFF0028F2D13B68C1
S3150000EBF03146186807F016FA0028EBD1636D9DF8C8
S3150000EC0018209D6183F820204FF0FF329A60012280
S3150000EC101E7783F82D20DEE7032938B505461DD873
S3150000EC2000224C1CE1B200EB8104636D1A7083F87C
S3150000EC302D20DA604FF0FF321A6190F820308B42B7
S3150000EC4006D1017980680BF029FDA8680BF0F8FD64
S3150000EC500020FF22636D98611A7738BD0120FCE71A
S3150000EC6038B5054600242846E1B2FFF7D5FF10B9AE
S3150000EC700134042CF7D138BD38B5437B044653B173
S3150000EC8000254573FFF7ECFF2179A0680BF006FD20
S3150000EC90236883F8365038BD2DE9F04F03690446E2
S3150000ECA0C1B023B9FA216A4A6A481DF0DFFB23681E
S3150000ECB093F8E233032B05D0204641B0BDE8F04F70
S3150000ECC0FFF7DABF1DAF8C220021384620F025F968
S3150000ECD0182200210CA820F020F9DFF87C811DF015
S3150000ECE007F9014682462046FFF749FC616D0B781D
S3150000ECF0002B3CD0206806AAC36A4B6007AB896A22
S3150000ED00FEF7C5FB2368D3F8E80328B9626D0699B8
S3150000ED105268186807F0AAFE626D2368906193F83E
S3150000ED20EC13117793F8362012B9012283F83620B6
S3150000ED30052384F82030002304F1540555F8042BEC
S3150000ED401178B9B1916AA06E226F121A0A44002A8C
S3150000ED5010DCA1EB0A0100290CDD84F8203094F8C0
S3150000ED602050052D13D194F82030052B76D141B0D3
S3150000ED70BDE8F08F0133DBB2052BDFD1EFE704D11D
S3150000ED80DCF804204B689A422AD30135EDB2042DF3
S3150000ED9094F820C0E7D86545F7D004EB8509D9F883
S3150000EDA054100A78002AF0D08E6AA6EB0A02002ACE
S3150000EDB003DA91F82620002AE7D0226FA06E121AF5
S3150000EDC0F242E2D504EB8C0CDCF854C0DCF828B037
S3150000EDD05E4508D19CF82C2091F82C309A42CED270
S3150000EDE084F82050D1E7A6EB0B02002A206818DA37
S3150000EDF00A7FC98BFFF72EFC94F8202004EB8202D1
S3150000EE00526D916A761AC642EAD492F82C00D9F865
S3150000EE10543093F82C108842E2D3B6D152685B681E
S3150000EE20B1E79CF81C20BCF81E10FFF713FCD9F8BC
S3150000EE3054309A6AABEB020B1BEB000FA5D494F887
S3150000EE40202004EB8202526D92F82C00E1E700BF0D
S3150000EE509A3C0300533D0300B2370300012204EB42
S3150000EE608303596D627307AB896A206806AAFEF7A9
S3150000EE700EFB94F8203004EB83035B6D9E6936B974
S3150000EE8020685A680699006807F0F0FD064694F86F
S3150000EE9020304FF0000B04EB83035B6D93F81CA04E
S3150000EEA023685146186807F0FDFB054694F82030A4
S3150000EEB0206804EB83035B6DD0F8C0230DF1240EAC
S3150000EEC0D3F828C0197F0392CDF804E0D4F88C203B
S3150000EED00DF1200ECDF808B0CDF800E000681E3325
S3150000EEE0ACEB020207F0F0FE002D40F0A380206894
S3150000EEF00BAB514600680DF1170207F001FC2946DD
S3150000EF00102213A820F009F82368186807F0E8FC17
S3150000EF1094F820308DF8590004EB83035B6DDB8B8E
S3150000EF2015968DF85A3023680126186807F0CFFC2D
S3150000EF309DF817509DF82C108DF84A0028468DF83C
S3150000EF4048508DF84910FFF7FAFA23688DF84B0000
S3150000EF5001225146186807F035FD236805308DF803
S3150000EF604F00294618688DF8516007F049FB29AD16
S3150000EF70ADF84C008DF8746012AE0FCE0FC5336835
S3150000EF802B60099B349301264FF0000A23798DF8F4
S3150000EF903AA08DF830308DF839601DF0B6FA054686
S3150000EFA01DF0BBFA94F82030284404EB83035A6D15
S3150000EFB0D38B117F0AAA009242B22068006807F03C
S3150000EFC0CCFE94F820300A9904EB83035B6D20682D
S3150000EFD09A6A0A440F92D98B1A7FFFF73BFB9DF87A
S3150000EFE074302268B3420CBF364B374B11900D93E9
S3150000EFF0A0684FF0FF03009702F2F1320CA90CBF94
S3150000F0008DF831A08DF831600BF0CAFA03283FF471
S3150000F01066AE00287FF4ABAE94F820300B9004EB7C
S3150000F0208303596D1290896A206812AB0BAAFEF70A
S3150000F0302EFA9CE6012D3DD12368514618680BAA8D
S3150000F04007F08EFB2022594615A81FF066FF23689D
S3150000F0501A96186807F048FC1C4B4FF47A721B93FB
S3150000F06040F2FF13ADF87030194B8DF85D501693D2
S3150000F070FF23ADF85E304FF48273ADF860309DF833
S3150000F0802C301990534346F2A8121293114B29AD16
S3150000F090CDE91323042312AE8DF854300FCE0FC5DD
S3150000F0A00FCE0FC596E807008DF874B085E8070007
S3150000F0B0089B67E742464FF4CC7107481DF0D6F926
S3150000F0C061E700BFB9E50000E5AA00000F1D2110A9
S3150000F0D028000218A0860100533D030010B583687E
S3150000F0E002790446134493F8283B042B09D1D0E94E
S3150000F0F004309847637BEBB12046BDE81040FFF72C
S3150000F100CBBD0A2BF6D190F8203000EB83035B6D64
S3150000F110187820B11A7FD98B2068FFF79BFA94F8EC
S3150000F120203004EB83035B6D996A01442046FFF7A8
S3150000F13026FADFE710BD0000F0B543690446B3B018
S3150000F14023B9BB21914A92481DF090F96268A36DDC
S3150000F150D16A5960917C197752699A61052384F8BE
S3150000F1602430002304F1580252F8040BD9B2007877
S3150000F170002863D084F824100FAF8C220021384673
S3150000F1801FF0CBFE834B269394F82430163354F8A5
S3150000F19023206368117F186807F084FA0546002863
S3150000F1A040F0A08094F824306068163354F8231099
S3150000F1B000680DF10F03097F0DF10E0207F0A0FAAA
S3150000F1C01022294605A81FF0A8FE6368186807F0F4
S3150000F1D087FB94F824308DF82100163354F8233039
S3150000F1E060689A6900680792197F012207F0EAFBB6
S3150000F1F0012305308DF8193063688DF8170029460C
S3150000F200186807F0FDF96368ADF81400186807F090
S3150000F2105EFB9DF80F308DF812009DF80E008DF8FC
S3150000F22011308DF810000C2B12D8DFE803F0101007
S3150000F23010101058554F4F4A4F114F000133052BF0
S3150000F24092D1CF21544A52481DF010F994E7012576
S3150000F25001238DF8135004AE1BAD8DF83C300FCE54
S3150000F2600FC533682B6001251822002104A81FF062
S3150000F27054FE237A8DF81A508DF810301CF038FEA3
S3150000F280142309939DF83C306268AB4209BF002302
S3150000F290424B8DF81130424B00F104000790059364
S3150000F2A0E0684FF0FF03009702F2F13204A918BF9D
S3150000F2B08DF811500BF074F908B90123637033B05F
S3150000F2C0F0BDA0F10C014D424D41C1E70B380128BC
S3150000F2D08CBF00250125BBE70A380228F8E7093864
S3150000F2E00328F5E7012849D194F824300DF10F02DF
S3150000F2F0163354F823106368097F186807F030FA4C
S3150000F3002022002107A81FF008FE94F8243004AE3E
S3150000F310163354F823309B690C936368186807F01A
S3150000F320E3FA204B4FF47A720D9340F2FF13ADF8D7
S3150000F33038301D4B8DF825500893FF23ADF8263045
S3150000F3404FF48273ADF828309DF80F300B9053437D
S3150000F35046F2A8120493154B1BADCDE905230423F1
S3150000F3608DF81C3000238DF83C300FCE0FC50FCE24
S3150000F3700FC596E8070085E8070074E740F2171105
S3150000F3800B4A03481DF072F86DE700BF683D0300A5
S3150000F390C43D0300C0D40100893D0300E5AA000076
S3150000F3A07DAB00000F1D211028000218A086010069
S3150000F3B0B237030010B5C368027A0446134493F8C3
S3150000F3C0283B042B02D1D0E905309847637833B146
S3150000F3D0237823B12046BDE81040FFF7ADBE10BD2F
S3150000F3E02DE9F74F0446DDE90FBA1F460E9B0D4681
S3150000F3F0164600218422DDF830809DF83490019372
S3150000F4001FF08BFD019B6560C4E9053B012384F871
S3150000F41028304FF0FF33A36340F2067305F57C7581
S3150000F420A38704F12803C4F80C8084F80890C4F874
S3150000F4301CA02562A36536B10021302004F15C03CF
S3150000F440CAB297420CD8494640460BF073F8234699
S3150000F450064A217AE06803B0BDE8F04F0BF048B8E1
S3150000F46000FB0162013143F8042BE9E7B5F3000024
S3150000F47042781AB903780BB1FFF75EBE70470000F9
S3150000F480F0B504468BB001460DF11B02C0680BF0C7
S3150000F4906DF804F110039DF81B10E06808AA0BF044
S3150000F4A031F9237C042B32D18C216368089AE068F9
S3150000F4B0C3F8F0249DF81B2001FB020102F24C5216
S3150000F4C0B1F8825010F81200B1F880101A68A3F84B
S3150000F4D0F614A3F8F45483F8F00392F83E2183F867
S3150000F4E00525052284F8242093F8F1235109D72213
S3150000F4F0CA40D24393F8861302F00102022954D17E
S3150000F5003AB9002283F8F023002384F86C300BB05C
S3150000F510F0BD93F8F32393F8F21304F1580501EBC9
S3150000F520022193F8F42301EB024193F8F52301EB52
S3150000F5300261002255F8046B7768B9422ED13678FD
S3150000F54066B384F82420FEF7EFF894F824300546D5
S3150000F5501633606854F8233090F8F0131A7FFDF7DD
S3150000F5608EF9C542D0D160680DF11D0200F202533A
S3150000F57007A900F2F130FEF7DDF80028C4D194F8AF
S3150000F58024306068A3B190F802251AB99DF81C20B2
S3150000F590042A0DD1002380F80235B5E70132D2B234
S3150000F5A0052AC7D184F82420ABE7002ACBD1A8E7E7
S3150000F5B0816AA26D16339160002254F82330ADF8AB
S3150000F5C01E209A6890F8F013099204F171020492D1
S3150000F5D004F17002039200F2F942029200F59F6272
S3150000F5E001925B6804F18002009300F2F1300DF1A4
S3150000F5F01E03FEF7BAF8002886D1BDF81E0009A939
S3150000F600FEF7ECF800287FF47FAF94F82430099DCC
S3150000F610163354F82330DA68AA423FF675AF1A69F2
S3150000F62095423FF671AF606890F8F01390F80C655C
S3150000F6300439C9B280F8F0131A7D03964618D6F835
S3150000F640F16300F2F130CDE90156012600965B68C0
S3150000F6500CF0DAFC00287FF457AF94F82430DDF87C
S3150000F66024C0163354F82370A36DC7F808C0656824
S3150000F6709B68AB6295F8F934002B48D094F880006B
S3150000F68095F8F01395F8F834091A0939C9B285F8CE
S3150000F690F013DBB195F80C357A7D039305F2F1335F
S3150000F6A0CDE901C300F2FA3000967B6828440CF0DD
S3150000F6B029FC28B140F2DE21164A17481CF0D6FE76
S3150000F6C094F88030002B7FF41FAF01239DF81C2097
S3150000F6D0012B84F86E209DF81D2084F86C3084F888
S3150000F6E06F207FF411AF94F8243003F1160254F81A
S3150000F6F022106268087F033382F80005896982F860
S3150000F700FA34C2F8FC14D4E907309847FCE685F8C9
S3150000F710F033D5E771380300A13D0300F8B51F4665
S3150000F720037805461646002B3AD003293AD84C1CD6
S3150000F730E4B200EB8404A36D1B78002B34D143683C
S3150000F7401146186807F0BBF908B10420F8BD6B68CC
S3150000F7503946186806F066FC0028F6D105F15C0209
S3150000F76005F16C0152F8043B1878F8B98A42F9D1D0
S3150000F7704FF0FF32A36D9A6001221F779E611A70C7
S3150000F780AB6D9A69B2424FF0000202D1197FB942BD
S3150000F79004D01A70297AE8680AF080FF0020D5E7BD
S3150000F7A00620D3E70120D1E70220CFE79A69B242CB
S3150000F7B002D11B7FBB42DBD00520C7E7032910B56A
S3150000F7C023D8FF220131C9B2163150F82130002466
S3150000F7D01A774FF0FF321C701A619C61DC6000F1F1
S3150000F7E06C0200F15C0353F8041B097809B101347B
S3150000F7F0E4B29A42F7D154B90122836D1A70017AA4
S3150000F800C0680AF04BFF204610BD0124FBE7002428
S3150000F810F9E738B5054600242846E1B2FFF7CEFFE2
S3150000F82010B90134042CF7D138BD037810B504465D
S3150000F8304BB100234370FFF7ECFF217AE068BDE887
S3150000F84010400AF02BBF10BD38B505460C4609B965
S3150000F850FFF7EBFF2C7038BD012337B50B700C4654
S3150000F8600546F7F77BFC206195F82D3023752B684C
S3150000F870186807F035F8607528680DF1060295F8E6
S3150000F880361000680DF1070306F03AFF9DF80630C2
S3150000F89023719DF8073063712B68186807F017F815
S3150000F8A062792379A0710C2A29D8DFE802F00707CC
S3150000F8B007070725221C1C171C281C000123E371BF
S3150000F8C02B689DF80610186806F09AFE4FF48853C8
S3150000F8D0638101232081A38103B030BDA3F10C0213
S3150000F8E053425341EBE70B3B012B8CBF0023012313
S3150000F8F0E5E70A3B022BF8E7093B032BF5E7002374
S3150000F900DDE730B5836C0446A7B0ABB14FF47A712E
S3150000F910828E01FB0233836103AD29462046FFF741
S3150000F9209BFF11236068009504F1540204F10C0159
S3150000F9300AF036FE27B030BD1CF0DAFA0A30A061B4
S3150000F940EAE72DE9F04190F8086E054606F2BA237B
S3150000F95050F8234086B094F82430002B4ED0002374
S3150000F9604022CDE901320DF1170304F1540700934B
S3150000F97004223B46206804F1500100F070FA8C2105
S3150000F98001FB0651236DD5F85C0E013323651C314E
S3150000F990D0F804319847D5F85C3E02211A6E1868F3
S3150000F9A0904739461827D5F85C3E9DF81720D3F8BE
S3150000F9B04C801868C04707FB06571CF099FAD7F821
S3150000F9C0E43806461B1A002BF7DC1CF09CFDD5F824
S3150000F9D05C3E1A6A1868904701223146206CA6647C
S3150000F9E0C5F8B06D00F0A5FBD4E91101012200F0C5
S3150000F9F08EFD236894F8362083F87D2506B0BDE891
S3150000FA00F08190F824300BB1FFF77BBF7047000000
S3150000FA102DE9F04104461D461646A4B00F46DDF812
S3150000FA20A8806422002104301FF077FA4FF00A0EF6
S3150000FA30C4E910654646D7F874C304F1280584F86E
S3150000FA4008E00FCEC4F804C027600FC596E803008F
S3150000FA5085E80300714660460AF06CFD2346124AAB
S3150000FA60217A60680AF044FD104B23610223637318
S3150000FA700023A3756375237A237398F802301BB9A4
S3150000FA8098F80E3087F87D35204601A9FFF7E4FE89
S3150000FA90636802A9D3F85C3E03A8D3F8A030984760
S3150000FAA0E06424B0BDE8F08103FA000043F90000E9
S3150000FAB090F8242032B90122036C80F82420D964FE
S3150000FAC0FFF71FBF704790F8243010B504467BB18E
S3150000FAD00023017A836480F8243040680AF0DEFD52
S3150000FAE0206C00F01BFB606CBDE8104000F022BDEE
S3150000FAF010BD000030B5036D0446ADB0002B41D1FA
S3150000FB001CF0F6F90A30E06101238DF8243094F8F0
S3150000FB106D30012B6BD1636CDB6C1B69209300236A
S3150000FB208DF866302368186806F0DAFE8DF86500F1
S3150000FB30F7F714FB189020680DF1160294F83A10A6
S3150000FB4000680DF1170306F0DBFD9DF816308DF801
S3150000FB5054309DF817308DF855302368186806F034
S3150000FB60B6FE9DF855209DF854308DF856000C2AA7
S3150000FB7079D8DFE802F0484848484875726C6C67E7
S3150000FB806C786C0090F86D20012A27D1002300685C
S3150000FB9007AACDE90233019206AA009294F83A1018
S3150000FBA01A46006807F090F81CF0AFFC05461CF0FA
S3150000FBB0B4FC08AA284425680092002342B294F8AF
S3150000FBC03A10286807F0C9F8089AE36C1344228FA4
S3150000FBD04FF47A7101FB0233E36195E790F83C201C
S3150000FBE0002A8DD090F83D20002A89D0F0E794F8BD
S3150000FBF03C3013B194F83D200AB91C4B8EE74FF404
S3150000FC007A7253438AE701238DF857304FF47F43C6
S3150000FC102546ADF85A300023ADF85C3055F8543B14
S3150000FC209DF81610186806F0EBFC09ABADF8580005
S3150000FC3000932A461923606804F110010AF0B0FC0B
S3150000FC402DB030BDA3F10C0253425341DCE70B3B10
S3150000FC50012B8CBF00230123D6E70A3B022BF8E7D2
S3150000FC60093B032BF5E70023CEE700BFC0D4010014
S3150000FC7070B590F8283004468EB0002B48D0426804
S3150000FC80037BD11891F8281B042943D103F2D6210E
S3150000FC9003F24C5352F8215012F813200DF11703BA
S3150000FCA002930DF1160301930DF11503009300F174
S3150000FCB0540107AB006800F000F958BB94F86D30AA
S3150000FCC09BB9226C8AB18C20217B636800FB0133CF
S3150000FCD0B3F88010B3F882308DF819108DF81A3009
S3150000FCE0012306A88DF8183090470126A36884F8EA
S3150000FCF06D60D96C3246691A606CE16400F019FADD
S3150000FD00D4E91201324600F002FC2046FFF7F2FE6B
S3150000FD100EB070BD226C42B1002306A88DF81830D3
S3150000FD208DF819308DF81A3090470023606C84F8EE
S3150000FD306D30E36400F0F2F9A06C00F0FBFBE4E741
S3150000FD402DE9F04190F8085E044605F2BA2350F812
S3150000FD5023801CF0D8FB8C2101FB0541D4F85C0EF6
S3150000FD604831D0F8043118279847D4F85C3ECC21A6
S3150000FD701A6E1868904707FB05471CF0B9F8D7F8C4
S3150000FD80E43806461B1A002BF7DC8C2202FB0545DD
S3150000FD90D4F85C3E696F5A6A186890471CF0A8F858
S3150000FDA0C4F8B40DC8F85060BDE8F081F8B5044653
S3150000FDB00E461D461746002170221FF0AEF8D6F8F3
S3150000FDC074C34FF00C0EC4E911752546069B84F8E2
S3150000FDD00CE0C4F804C0A36045F82C6B079E0FCE58
S3150000FDE00FC596E8030085E80300714660460AF0F1
S3150000FDF0A1FB2346064A217B60680AF079FB054B86
S3150000FE00636100236374A3766376237B2374F8BD52
S3150000FE1071FC000041FD000090F8282042B980F8EE
S3150000FE206D200122436C80F82820D964FFF762BE5A
S3150000FE30704790F8283010B504467BB10023017B4B
S3150000FE40C36480F8283040680AF028FC606C00F033
S3150000FE5065F9A06CBDE8104000F06CBB10BD70B534
S3150000FE601D46002380F8A93180F83530012380F83B
S3150000FE70313040F201230446164643869DF81400AD
S3150000FE809DF8183043EA0023636204F142001FF034
S3150000FE901DF8204684F83760FBF7EEF82046FBF79E
S3150000FEA047F994F83820284604F139011FF00EF876
S3150000FEB094F83820049B1A7070BDF0B51F460023D5
S3150000FEC00D4614468BB00493ADF826300DF125038C
S3150000FED0039309AB02930DF123030193C36A06460C
S3150000FEE00093214628460DF126030DF12202FDF767
S3150000FEF03CFC00B240BBBDF82630119A190A1170BD
S3150000FF00129A211F1370CAB21146AA580390CDE95E
S3150000FF100132009006222846F36A07910CF074F825
S3150000FF20079978B9BDF82630CDE90270CDE900030E
S3150000FF300722F36A05F109000BF0E4FF10B9109BE4
S3150000FF400D3C1C700BB0F0BD1220FBE7012373B50E
S3150000FF500B70C36C05469B680C46CB65002381F885
S3150000FF60423003681646186806F0BAFC84F8410069
S3150000FF7095F84000F7F70AF9E06328680DF10602E4
S3150000FF8095F82B1000680DF1070306F0B9FB9DF8F4
S3150000FF90063084F830309DF8073084F831302B680D
S3150000FFA0186806F094FC94F8312094F8303084F800
S3150000FFB032000C2A2CD8DFE802F0070707070728CB
S3150000FFC0251F1F1A1F2B1F00012384F8333000231F
S3150000FFD084F83630012384F8376023872B689DF830
S3150000FFE00610186806F00CFBA08602B070BDA3F1DF
S3150000FFF00C0253425341E8E70B3B012B8CBF002315
S315000100000123E2E70A3B022BF8E7093B032BF5E75D
S315000100100023DAE7F8B590F8085E044605F2BA233C
S3150001002050F823601CF06FFA8C2101FB0541D4F8CE
S315000100305C0E4831D0F8043118279847D4F85C3E55
S31500010040CC211A6E1868904707FB05471BF050FF35
S31500010050D7F8E438181A0028F8DC8C2202FB05458B
S31500010060D4F85C3E696F5A6A186890471BF040FFE6
S31500010070C4F8B40D96F84030013386F84030F8BD27
S31500010080F0B51746A5B00D464FF41572002104468A
S315000100901EF043FF4FF00D0E3E46D5F874C32560A2
S315000100A084F808E004F12805C4F804C00FCE0FC592
S315000100B096E8030085E803000025714660460AF0CC
S315000100C039FA2346217A134A60680AF011FA124B6B
S315000100D065732361237AA575237365753A7920467D
S315000100E00D32D2B201A9FFF731FF63680DA9D3F82A
S315000100F05C3E0EA8D3F8A0309847236860642A4670
S3150001010094F82B10186806F05DFC0D3884F8480049
S3150001011025B0F0BDF70101001500010090F824306B
S3150001012033B10023017A80F8243040680AF0B6BA68
S3150001013070470123F0B51746ABB007AE04460D462E
S3150001014080F824308C22002130461EF0E6FE27B1CD
S315000101500023C4F8505184F8403094F8403094F8A4
S315000101602810B3FBF1F201FB123294F82A10D2B235
S31500010170914204BF013384F8403094F8402094F84A
S3150001018029309A4235D2002305AACDE902330192DC
S31500010190206804AA009294F82B101A46006806F00B
S315000101A093FD1CF0B2F905461CF0B7F906AA2844DE
S315000101B025680092002342B294F82B10286806F0B5
S315000101C0CCFD94F84020D4F85011E06C00F06CFAA4
S315000101D0069BFF2218443146A0612046FFF7B6FE72
S315000101E0FF236068009604F5AA7204F10C010AF077
S315000101F0D7F92BB0F0BD30B54368027A0446991899
S3150001020091F8281B89B0042937D102F24C5213F810
S3150001021012200DF1170302930DF11603019300F25B
S315000102204F1300F15005009300F5AA712B460068A3
S31500010230FFF743FE08BB9DF8173094F82A209A422F
S3150001024001D0402B19D1216BB9B18C20237A626878
S31500010250069500FB0322B2F8803006A88DF81E3001
S31500010260B2F882308DF81F3094F84F318DF81C307A
S315000102709DF816308DF81D30884794F8243023B147
S31500010280002220461146FFF754FF09B030BD30B5B4
S3150001029090F8502190F8293004469342A7B05DD9D1
S315000102A0D0E9100100F000FA0123A06194F8500191
S315000102B08DF80C3094F84751F6F768FF94F82D3015
S315000102C007908DF820302368186806F009FB8DF831
S315000102D0210020680DF10A0294F82B1000680DF137
S315000102E00B0306F00DFA9DF80A308DF810309DF8D3
S315000102F00B308DF811302368186806F0E8FA9DF87E
S3150001030011209DF810308DF812000C2A39D8DFE83B
S3150001031002F0070707070735322C2C272C382C004B
S3150001032001238DF8133023689DF80A10186806F02A
S3150001033067F900238DF816300123ADF8183003ABA9
S31500010340ADF814000093606894F8473104F148024F
S3150001035004F10C018DF817500AF022F927B030BDCF
S31500010360A3F10C0253425341DBE70B3B012B8CBF3C
S3150001037000230123D5E70A3B022BF8E7093B032BB0
S31500010380F5E70023CDE7F8B590F8086E054606F2C5
S31500010390BA2350F8234094F82430002B42D094F825
S315000103A04931002B3FD000238C2184F8493101FBD0
S315000103B00603194694F84721D0F85C0E83F82320EA
S315000103C01C31D0F804319847D5F85C3E02211A6EEB
S315000103D018689047D5F85C3E94F84721DF6C186899
S315000103E004F14801B847182303FB06561BF080FDAC
S315000103F0D6F8E43807461B1A002BF7DC002384F8ED
S3150001040047311CF080F8D5F85C3E1A6A18689047A7
S31500010410C5F8B07D94F82A3023B9236894F82B20C7
S3150001042083F87D25F8BD217A6068BDE8F8400AF0B9
S3150001043035B990F8242042B190F8502190F828104F
S315000104400A4480F85021FFF722BF70472DE9F04199
S3150001045098460F46154600214FF4AA7204461EF02F
S315000104605CFD4FF00B0E4646D7F874C384F808E0DE
S31500010470256404F128050FCEC4F804C027600FC512
S3150001048096E8030085E80300714660460AF052F8D3
S3150001049023460B4A217A60680AF02AF8094B236140
S315000104A0022363730023A3756375237A237398F874
S315000104B002301BB198F8033087F87D35BDE8F0812D
S315000104C0330401008703010030B504461D4694F844
S315000104D0243085B0BBB1236C1B7B934215D394F8B2
S315000104E02A302068019304F247130093029504F120
S315000104F04803FFF7B4FC0123002084F8485184F82F
S31500010500493105B030BD0320FBE70220F9E701239D
S3150001051080F8243032B190F82A30416480F85031A5
S31500010520FFF7B5BE90F8503190F82820134480F8B3
S315000105305031F5E790F824304BB10023017A43643A
S3150001054080F8243080F8493140680AF0A7B870472E
S315000105502DE9F0472DED028BB3F80C809A469DF8F4
S3150001056028308260037301610F4691460646F6F70D
S3150001057001FE0546F6F704FE9AF800309842C0F0EF
S315000105808B809AF80100B0FBF3F203FB1202D2B2A0
S31500010590002A7FD1B36832696433643200FB0323D6
S315000105A04FF47A7404FB05F0984238BF18460028C8
S315000105B04AD007EE900A9FED3A8AF8EE677AC7EEBF
S315000105C0887A17EE900A1EF0DFF841EC100B21F045
S315000105D0F3FC51EC100B1EF057F9A8B34443314A12
S315000105E048F6A041B2FBF4F293B21A46306942438F
S315000105F08A4208D9B1FBF0F29B1A9BB26343B3FB63
S31500010600F2F31C44134648F6A042B16801FB03F01D
S31500010610904207D9B2FBF1F29B1A9BB26343B3FB3B
S31500010620F2F31C4407EE904AF8EE677AC7EE887A31
S3150001063017EE900A1EF0A8F841EC100B21F0BCFC55
S3150001064051EC100B1EF020F9BAF80C3080B283423F
S31500010650F08123D310B34FF47A7303FB08F8A8EBA8
S315000106600707B8451AD96FF063029AF8013009FBFA
S3150001067013294F444FF0640903FB1977B8450DD987
S315000106800133B7FBF3F700204F447760BDEC028BD3
S31500010690BDE8F087002383E70020D5E70120F5E7D1
S315000106A000007A4480EE360010B50369446823449D
S315000106B019441AB183681C4402FB0411084610BD93
S315000106C0F0B50446002085B0C3B29A4201D8002095
S315000106D043E00E4694F8B5330130E51895F8F0710C
S315000106E035780C31AF42EFD194F8E2520133DBB2E7
S315000106F004F5F87284F8B533ED1A1344009394F8AF
S3150001070038317278234403F59D7302930023EDB2C9
S315000107108DF80C30B378AA428DF804508DF8052077
S315000107208DF80D301BD86946204673689847B0B1DD
S3150001073094F8B5339DF804209B1A1D4484F8B553EB
S3150001074094F838313178E21882F839119DF80C2085
S315000107500132134484F83831012005B0F0BD94F814
S31500010760E23284F8B533F7E738B505460078049CDC
S31500010770103809283DD8DFE800F00531173C3C3C2C
S315000107803C3C170521B101290AD04FF0FF3006E0A4
S315000107901B4919601B4B236003230020137038BDCE
S315000107A019491960194BF6E7012914D8184900208F
S315000107B0196001F5433101F5A07121600321117022
S315000107C01A68D5F898100A441A602368D5F8982053
S315000107D013442360E3E74FF0FF30F1E729B1012924
S315000107E0D3D10C4919600C4BD5E70C4919600C4B58
S315000107F0D1E740F2C1110B4A0B481BF037FEC4E7A3
S31500010800E0609033206E9333607B9633E0959C33A2
S3150001081080040D37E0CAA83320D8AB33801C9E3341
S31500010820C029A133922E0300DA3D0300F0B587B04B
S315000108300D4606461F4611460C9C52B100228E20DB
S315000108400BF07AFC28B140F22F21144A14481BF010
S315000108500DFE00221021CDE90222CDE904220092EB
S3150001086038468E2202AB0CF033F928B14FF40E71E3
S315000108700C4A0B481BF0FAFD0023DAB2AA4203F137
S31500010880010301DB07B0F0BD02F118010DEB010018
S3150001089010F8100CB15C4140A154EEE7003E030094
S315000108A05E430300753E030070B515461A46642380
S315000108B06C690026B4FBF3F3012486B08DF8084079
S315000108C08DF80B402C688DF809608DF80A60260AB0
S315000108D08DF80C408DF80D60260C240E8DF80F4016
S315000108E06C688DF80E60260A8DF810408DF811603F
S315000108F0260C240E8DF813408DF814301C0A1B0C9F
S315000109008DF816302B7C009103F00F038DF817300C
S31500010910032102AB8DF812608DF81540FFF786FFB3
S3150001092006B070BD70B564241D6886B0B5FBF4F4DD
S3150001093001258DF8085000258DF809508DF80A50CB
S315000109408DF80B509568D2682E0A8DF80C508DF8EB
S315000109500D602E0C2D0E1B798DF80F50150A8DF892
S3150001096010208DF81150150C120E8DF8132003F07E
S315000109700F03220A8DF814408DF815208DF81730D3
S3150001098000910A9A0421240C02AB8DF80E608DF8B1
S3150001099012508DF81640FFF749FF06B070BD0000F2
S315000109A07FB50C4615461E46014650B100228D20E4
S315000109B00BF0C2FB28B140F24A210C4A0C481BF04D
S315000109C055FD0023019303AB009332468D2329463F
S315000109D020460CF057F828B14FF41471054A044823
S315000109E01BF044FD039804B070BD00BFED3E03004B
S315000109F045430300623F03002DE9F04104461046DA
S31500010A000022492388B08DF811208DF812208DF827
S31500010A1013208DF814208DF815208DF81E200E2236
S31500010A208DF81030236864685FFA83FEC3F3072CE0
S31500010A30C3F307471B0E8DF819308DF807300B6885
S31500010A40E6B2C4F307254FEA14488DF81F20029336
S31500010A50240E0A2301AA04A98DF816E08DF817C001
S31500010A608DF818708DF81A608DF81B508DF81C8062
S31500010A708DF81D408DF804E08DF805C08DF80670DF
S31500010A808DF80C608DF80D50FFF78AFF08B0BDE8B0
S31500010A90F081000070B50A7805460C4688B082B927
S31500010AA04B686421B3FBF1F30270227A837002F082
S31500010AB00F0242701A0A1B0CC2700371052008B09E
S31500010AC070BD012A36D1642349680026B1FBF3F3D0
S31500010AD00270E2688DF815304270E268411D120A13
S31500010AE08270E2890391C270E27B027122694272CD
S31500010AF02269120A8272227A05A802F00F028DF883
S31500010B0014201A0A1B0C8DF816208DF81730221D99
S31500010B1004F118030096FFF705FFE36832460693D2
S31500010B202369039906A80793FFF766FFC5F80B002B
S31500010B300F20C4E70348A521034A1BF097FC0020B8
S31500010B40BDE700BF73430300EE3F030013B5144630
S31500010B500A4601A9FFF7A8FE9DF805309DF8062073
S31500010B601B0203EB02439DF804201344C3F30A025C
S31500010B706280C3F3C2226271C3F381322271C3F36D
S31500010B80034222709A0DC3F30153A271E37102B0BD
S31500010B9010BDD0F80300704710B5037803F00F03BA
S31500010BA013708BB9052926D1437803F00F0313720D
S31500010BB0C37801791B0203EB0143817801200B44C1
S31500010BC064214B43536010BD012B16D10F2914D15B
S31500010BD0D0F805105161C1780479090401EB04616B
S31500010BE0847801EB042144782144D160847A417AE6
S31500010BF001EB042111611846E5E70020E3E7D0F88F
S31500010C000B0070472DE9F0430446656889B0C5F3CA
S31500010C10072E5FFA85F84FEA15492D0E8DF80D500E
S31500010C2010460725002249238DF801208DF8022060
S31500010C308DF803208DF804208DF80E208DF80F50C5
S31500010C4007920D888A7864218DF800308DF812207C
S31500010C500123E2688DF80530B2FBF1F2217A2368AF
S31500010C6001F00F015FFA83FCC3F30727C3F30746BD
S31500010C708DF813101B0E8DF81420110A120C8DF825
S31500010C8006C08DF809308DF80BE08DF815108DF83A
S31500010C9016208DF818E069468DF807708DF8086002
S31500010CA08DF80A808DF80C90ADF810508DF81780EC
S31500010CB004AA8DF819C08DF81C300D238DF81A7011
S31500010CC08DF81B60FFF76CFE09B0BDE8F083F7B540
S31500010CD0054616461F460C794B79A403DB02A4B2DE
S31500010CE003F4605323434C88C4F30A0423430C786A
S31500010CF0240404F470242343CC79240504F4401419
S31500010D0023438C790146A40504F440041C43230AB9
S31500010D108DF804408DF8053001A8089B240C8DF848
S31500010D200640FFF7C1FD3A4629463046FFF76AFFFE
S31500010D30C5F80300072003B0F0BD00001FB5034648
S31500010D40084C01AA20686168052B03C2A0681060DF
S31500010D508FBF002004AA02EB430333F80C0C04B046
S31500010D6010BD00BF14430300032888BF0020064BB3
S31500010D7082B001939EBF00F108030DEB030010F84A
S31500010D80040C02B0704700BF0A141E28032888BF4E
S31500010D900020064B82B001939EBF00F108030DEBC4
S31500010DA0030010F8040C02B0704700BF02040608E5
S31500010DB0F0B585B010220021044668461EF0ADF854
S31500010DC001238C228DF800300621002368460BF0A2
S31500010DD01CFF28B140F2A511204A21481BF046FB11
S31500010DE001220023E7B2C4F30726C4F307458DF8B1
S31500010DF00020240E8D228C216846CDE90133039310
S31500010E008DF801708DF802608DF803508DF804405D
S31500010E100BF0FBFE28B14FF4D871124A10481BF0B3
S31500010E2025FB022200238DF800208C218E226846A4
S31500010E30CDE9013303938DF801708DF802608DF8C9
S31500010E4003508DF804400BF0E0FE28B14FF4DD713C
S31500010E50054A03481BF00AFB05B0F0BDFE3F03003F
S31500010E603043030088400300154103001FB50C46BB
S31500010E70009313460A4603A9FFF754FD9DF80C306B
S31500010E809DF80E2003F00F0323719DF80D3003EB3F
S31500010E9002239DF80F2003EB024364225343236090
S31500010EA004B010BD70B50C461646014686B0002248
S31500010EB08C201D460BF040F928B14FF4E671284A03
S31500010EC028481BF0D3FA012200238DF80820220AB4
S31500010ED08DF80A20220CCDE9033305938DF80940DC
S31500010EE08DF80B20240E00938C223346102102A884
S31500010EF08DF80C400BF0ECFD28B140F2D7111A4ADF
S31500010F0018481BF0B3FA02238DF8083000238C220F
S31500010F10009310212B4602A80BF0DAFD28B14FF4FD
S31500010F20EE71124A0F481BF0A1FA002231468D20BC
S31500010F300BF002F928B14FF4F0710D4A09481BF084
S31500010F4095FA002229468E200BF0F6F828B140F2D8
S31500010F50E311084A03481BF089FA06B070BD00BFC9
S31500010F60A2410300204303001942030096420300F5
S31500010F70ED3E0300003E03000C291BD8DFE801F01B
S31500010F80070707070717140E0E090E1A0E00012090
S31500010F907047A0F10C035842584170470B3801289D
S31500010FA08CBF0020012070470A380228F8E709386B
S31500010FB00328F5E70020704770B58C21044690F8A8
S31500010FC0085ED0F85C0E01FB0541D0F804311C31F6
S31500010FD0984728B14FF4C971224A23481BF046FAB3
S31500010FE0D4F85C3E02211A6E1868904728B140F287
S31500010FF093111E4A1C481BF039FAD4F85C0E05F20F
S315000110005C5205F29623C66C34F8122054F823106C
S315000110100068B04728B14FF4CA71154A12481BF04F
S3150001102025FA182303FB0545D5F8E4681AF060FF95
S31500011030301A0028F8DA1BF066FA01201BF067FA6D
S31500011040D4F85C3E1A6A1868904728B140F29F119D
S31500011050084A05481BF00AFA1AF04AFFC4F8B00D0F
S3150001106070BD00BFEC330300B1440300FF3203003F
S315000110704F330300B93303008C21F8B590F8085EAD
S31500011080044601FB05031B7E012B3FD101FB0541F4
S31500011090D0F85C0E4831D0F80431984728B140F2B7
S315000110A0AB11244A24481BF0E1F9D4F85C3ECC216B
S315000110B01A6E1868904728B14FF4DB711F4A1E4813
S315000110C01BF0D4F9182707FB0547D7F8E4681AF08F
S315000110D00FFF301A0028F8DC1BF015FA00201BF070
S315000110E016FA8C2202FB0545D4F85C3E696F5A6AF2
S315000110F01868904728B140F2C111114A0E481BF0F9
S31500011100B5F91AF0F5FEC4F8B40DF8BD6BB901FBDB
S315000111100541D0F85C0E4831D0F8003198470028D7
S31500011120C3D040F2AF11074ABCE740F2B311064AF9
S31500011130B8E700BFD2310300974403001F32030012
S3150001114078310300AF300300922E03002DE9F04100
S31500011150ACB00DF1240814460D4607468C22002139
S3150001116040461DF0DAFE01238DF8243008238DF860
S315000111703A30E37CE17B8DF839306368607C0D930E
S31500011180A37C8DF829108DF83830237C8DF8280042
S315000111908DF82A30FFF7F0FEA37B8DF82B008DF832
S315000111A02F3040F20113ADF83030A3890AA9ADF80A
S315000111B02C30D5F85C3E0BA8D3F8A0309847142202
S315000111C00646002103A81DF0A8FE02238DF80D3066
S315000111D00C4B28460493237DA26883F001038DF806
S315000111E016302368CDF80080069303A9A37B8DF8FA
S315000111F00C70089609F0D4F9B0FA80F040092CB0C9
S31500011200BDE8F081B90F01002DE9F3470B9C0546B6
S315000112108846174699469DF828A005F043FA0646E2
S3150001122090BB41460DF106020DF10703284605F074
S3150001123067FA284605F054FB08236075A37528460E
S31500011240276105F0DFFB434641B23A46284605F0E1
S31500011250EFFA2075284605F03AFB9DF80710A071B4
S315000112609DF8060061712071FFF786FE40F20113B9
S31500011270A3810123E071A67284F80BA0A4F808905B
S31500011280237002B0BDE8F0877E21034A034802B00D
S31500011290BDE8F0471BF0EAB8B23703003345030057
S315000112A02DE9F3470B9C05460F46914698469DF856
S315000112B028A005F0F7F90646002840D10DF10703ED
S315000112C0394628460DF1060205F01AFA9DF807205F
S315000112D09DF806100120FCF7BFF90A23074684F89A
S315000112E04230284605F0FCFAC4F83C9084F84100E7
S315000112F0284605F0ECFA9DF8071084F832009DF8AF
S31500011300060084F8311084F83000FFF735FE40F20C
S31500011310011384F833002387404684F8366084F845
S3150001132037A0FFF70BFD4FF47A734343B3FBF7F096
S3150001133001231E30A086237002B0BDE8F087A421E8
S31500011340034A044802B0BDE8F0471BF08FB800BF5E
S31500011350B23703001F4503002DE9F0438BB09046D9
S315000113601E460DF10E020DF10F038946139D05F080
S31500011370C7F9344A04AB106851689DF80F7003C36E
S315000113801A46314B03C2186859680B2F03C29DF8E0
S315000113900E4019D1042C2DD904F128030DEB0304B9
S315000113A014F80D3C6B700A234046AB70FFF7C6FC80
S315000113B0129B184400EB1010686026B30023EB70F3
S315000113C02B700BB0BDE8F083092F08D1042C11D97D
S315000113D004F128030DEB030414F8153CE2E7072F8B
S315000113E008D1042C06D904F128030DEB030414F8E3
S315000113F01D3CD7E74B46CA21CDE90047134A14489D
S315000114001BF034F8CFE70123EB709DF80F300B2B5F
S3150001141006D19DF80E300C2B0CBF03230223CFE718
S31500011420092B07D19DF80E30092B38BF032328BF9E
S315000114300223C5E7072BC4D19DF80E30092B38BF0F
S315000114400123F4E7954303009E430300844303000D
S315000114500E4503002DE9FF47894611460546984684
S315000114600C9C019205F01EF901990746002841D10D
S315000114700DF10F0328460DF10E0205F041F99DF815
S315000114800E109DF80F200120FCF7E6F8824628464B
S3150001149005F026FA84F841001BF037F84FF47A720A
S315000114A002FB00F6B6FBFAF20A3284F8422028461D
S315000114B0C4F83C8084F8379005F009FA9DF80E20AF
S315000114C09DF80F1084F8320084F83020104684F815
S315000114D03110FFF751FD012684F8330011462846E5
S315000114E084F83670268705F08BF82670A08604B03E
S315000114F0BDE8F08701282BD10DF10F02284605F032
S315000115002FF9284605F0F0F9164B46F2A812C4E960
S3150001151014832823A4F84030182384F84330FF238A
S31500011520A4F846304FF48273A4F848300E4BE064B9
S31500011530C4E90D2304234FF47A7284F83C309DF8F4
S315000115400F3084F845705343236300232370CEE79D
S315000115504FF49271054A064804B0BDE8F0471AF007
S3150001156085BF00BF0F1D2110A0860100B237030001
S31500011570FA4403002DE9F7430A9C054688461746B7
S31500011580994605F08FF80646B0BB41460DF10703B3
S315000115900DF10602284605F0B3F82846276105F045
S315000115A031FA3A4641B24346284605F041F92075DB
S315000115B0284605F095F99DF80630607523719DF86A
S315000115C007302846637105F082F922796179A071A5
S315000115D01046FFF7D1FC1146E071284605F010F8D8
S315000115E040F20113A38101232081A67284F80B9096
S315000115F0237003B0BDE8F08340F24711034A044863
S3150001160003B0BDE8F0431AF031BF00BFAF370300A6
S31500011610E64403002DE9F0411446ACB009AF064695
S315000116200D468C22002138461DF077FC237D617C16
S315000116308DF865300A238DF86630A368E07C18932F
S31500011640A37C8DF855108DF856308DF85400FFF7B0
S3150001165093FC237CD4F804808DF85B3040F20113AF
S31500011660ADF85C30E38A8DF85700ADF858300123A8
S315000116701422002103A88DF82430CDF880801DF0B6
S315000116804CFC0A4B284604932368E26806930097AC
S31500011690FF2303A98DF80C60CDF8208008F080FFA8
S315000116A0B0FA80F040092CB0BDE8F0817910010054
S315000116B070B58C25044690F8086ED0F85C0E16FBC2
S315000116C005F505F14801D0F804312144984728B1C0
S315000116D04FF4BC711D4A1E481AF0C8FED4F85C3E90
S315000116E04FF473711A6E1868904728B140F2791158
S315000116F0184A17481AF0BAFE05F178011825D4F8E8
S315000117005C3E2144D3F880201868904705FB0645C6
S31500011710D5F8E4681AF0ECFB301A0028F8DC1AF068
S31500011720F2FE00201AF0F3FED4F85C3E9A6B1868BC
S31500011730904728B14FF4C471074A05481AF096FE3E
S315000117401AF0D6FBC4F8B40D70BD00BFD231030048
S31500011750CB440300A74303005E4403002DE9F04197
S3150001176007460E463F4C86B002AA04F11005134601
S3150001177020686168083403C3AC421A46F7D1FF23D7
S315000117800024DFF8E4808DF80730D8F800308DF8B2
S3150001179006403946186804F085FF054600285ED1E3
S315000117A0D8F800000DF107030DF10602394600686D
S315000117B004F0A6FF9DF80730B21C092B92B232D075
S315000117C00B2B05D0072B3DD0284606B0BDE8F0818E
S315000117D004269DF8063006A901EB430333F81A1CCB
S315000117E0890803399DF806400131601C072C00FA6F
S315000117F000FC38BF04234FF0010028BF0623C4EBC9
S31500011800420200FA04F71344601B93FBF0F200FB5B
S31500011810123350204343781E053360441844F04088
S31500011820084400B2D1E79DF8063006A901EB430151
S3150001183031F81A1C0C2B4FEA510108BF0225032669
S315000118400C31CFE79DF8063006A901EB430131F8CB
S315000118501A1C0A2B88BF022502262631C2E720461A
S31500011860B3E700BF6E460300982C0020037A1BB92C
S3150001187003680BB1013B03607047000070B5044675
S315000118801AF036FB334B34491A78B0FBF1F1334881
S3150001189012B1002201601A700268314D91420FD1D6
S315000118A0287A08B92B6853B12E4B1B78002B35D1FA
S315000118B095F82C0018B9686A003818BF012070BD68
S315000118C08BB201604FF0000192B29BBFC2F59562E7
S315000118D001329B1A9B18224A9BB2D68810680331A3
S315000118E003FB06009688864294BF42F80C6B42F8C9
S315000118F00C0B0C29F1D100211B4A107840B1568EF0
S31500011900D06A03FB0600168E864294BFD662D06269
S315000119100131102902F13802EFD1C1E7012B16D1AD
S31500011920287D10B9EB68002BC9D0102C09D03823BB
S315000119300D4803FB040494F834000028BFD1E06A83
S31500011940BAE795F820000028B9D1A869B4E70120C3
S31500011950B5E700BF000F002080EE3600942C002072
S31500011960642C0020002E0020A4270020014B187AA9
S31500011970704700BF002E00202DE9F041464CACB067
S3150001198094F80880B8F1000F75D0002006F086FCA7
S3150001199005461AF0ADFA414F00F10A06002D3878D6
S315000119A0C8BF7619FFF7CAF93D7F4FF0000EB0FBAD
S315000119B0F5F0626994F84531921B591C002A06EB31
S315000119C0020CC9B25ADDBEF1000F01D084F84531CF
S315000119D094F84531C4E905CCB3FBF5F205FB1233A6
S315000119E0DDB284F84551002D4CD097F8008009AE40
S315000119F08C22002130461DF090FA0C2303FB05755D
S31500011A000F232068009301966A68297B4346006884
S31500011A10FFF746FC21AB019394F8453120680A3360
S31500011A2054F8233042460093297B01230068FFF7CF
S31500011A3093FC1822002103A81DF06FFA40F20973E6
S31500011A40ADF80C30164BA569049301238DF81530BA
S31500011A501AF05BFD44F62063281A0690206800966A
S31500011A600893104AFF23D0F8740303A908F098FDE0
S31500011A7050B9032363722CB0BDE8F0810B46C6460C
S31500011A8002449AE7A846B2E740F28641064A074869
S31500011A901AF0ECFCEFE700BF982C0020442C002044
S31500011AA0B1160100D62C002047450300A8460300C5
S31500011AB070B58C23044690F8085ED0F85C0E03FBE3
S31500011AC0054103FB05431B7E1C31012B4AD1D0F88E
S31500011AD00431984728B140F27661274A27481AF01F
S31500011AE0C5FCD4F85C3E02211A6E1868904728B1ED
S31500011AF040F27D61224A21481AF0B8FCD4F85C0E06
S31500011B0005F25C5205F29623C66C34F8122054F89D
S31500011B1023100068B04728B140F27E61194A174880
S31500011B201AF0A4FC182303FB0545D5F8E4681AF05E
S31500011B30DFF9301A0028F8DC1AF0E5FC01201AF06A
S31500011B40E6FCD4F85C3E1A6A1868904728B14FF44F
S31500011B50D1610D4A09481AF089FC1AF0C9F9C4F88D
S31500011B60B00D70BDD0F8003198470028B9D040F2C9
S31500011B707A61064AB2E700BFEC3303007E460300F2
S31500011B80FF3203004F330300B9330300B2320300BF
S31500011B902DE9F043ADB00646FFF7E8FE394D3A4B65
S31500011BA08046D3F804902B680022197B186804F04C
S31500011BB009FF13284CD92B68A0F1130400224146D2
S31500011BC0186804F0FFFEE4B2844206D92B680022AD
S31500011BD04146186804F0F6FE044609AF8C2200213E
S31500011BE038461DF09AF9286800974B464246214629
S31500011BF00068FFF72FFC1822002103A81DF08DF9BC
S31500011C0009238DF80C30214B04931AF07EFC9DF8C4
S31500011C102430301A012B06901CD100238DF80D308B
S31500011C206B6815A9D3F8A03016A898470890089BA9
S31500011C30286800972093164AFF23D0F8740303A956
S31500011C4008F0AEFCB8B906236B722DB0BDE8F0837F
S31500011C500024C2E743B901238DF80D306B6815A93D
S31500011C60D3F8A43019A8E0E740F2CB41094A0A4863
S31500011C701AF0FCFBDBE740F2D741084A06481AF0A6
S31500011C80F5FBE2E7982C0020002E002079100100D8
S31500011C90D62C002074450300CB460300974503006C
S31500011CA02DE9F04F824CD7B0637A0E46013B049082
S31500011CB0052B00F20883DFE813F045000B00060050
S31500011CC04A00000205027B4D2B6801332B6026B9C1
S31500011CD057B0BDE8F04FFFF74FBE94F845310020ED
S31500011CE07549002B31D00A78CDE916000C2000FB8E
S31500011CF003110A3354F82330206816AE0093019677
S31500011D000023097B0068FFF727FB63683146D3F898
S31500011D1080201868904728B140F29441674A684884
S31500011D201AF0A4FB63689A6B1868904728B140F2D1
S31500011D309741644A62481AF099FB042363726B68FF
S31500011D4001336B6057B0BDE8F08F1A46CCE726B178
S31500011D50584A936801339360F4E722B9554A938947
S31500011D6001339381B4E7584D94F83C102A465748FD
S31500011D70FEF712FF0028ABD04E4ADFF83CA1D3890B
S31500011D800133D3810C2294F8453102FB03A35A682F
S31500011D901B7BAA612B776389EB83E3682B62102394
S31500011DA084F844312B78012B38D00027DFF81881CD
S31500011DB098F8003013B1012B13D197B1FFF7D6FD77
S31500011DC02368014618686D6804F040F900287FF41D
S31500011DD07FAF23682946186804F071FE00287FF456
S31500011DE077AF94F84401FFF749FD00283FF470AF3F
S31500011DF094F8452198F8005002F11C0334F9139028
S31500011E00049BA3EB0909C4F81C90002D66D109F1C6
S31500011E10320057B0BDE8F04FFFF7BABE2B48FEF7C8
S31500011E20EEFEB1462A4A059005F1140112F80C7C22
S31500011E305FFA89F306939FB352F8080CEB68984250
S31500011E402ED152F8043CD5F810B01FFA83FCE345B5
S31500011E509CBF03F57F43FF331B0C1B049B44CDE959
S31500011E60160B16A80792FEF7C7FD4FF03808059B1B
S31500011E7008FB09F883421749079A11D1069B84F892
S31500011E804431154B03EB0802C2F808B008F11C08EF
S31500011E900A1D4344A2F11401101FFEF7E7FF85E76F
S31500011EA009F10109B9F1100F02F13802BED17CE73F
S31500011EB0982C0020E82D0020442C0020A345030087
S31500011EC0F4460300F6450300002E0020D62C002020
S31500011ED0B0270020142E0020A4270020012D40F059
S31500011EE0E3800A32636954F822201344A9EB030301
S31500011EF0A4F84631002F00F09180754A0020938A9C
S31500011F0094F844510133938206F0C8F9002803DCA2
S31500011F102846FFF7B3FC06462368002E1B7B4FF0CD
S31500011F2038028DF82030B4F8463194F84511ADF8F1
S31500011F30223094F8493109F132098DF82430654B84
S31500011F401B788DF8253094F848318DF8263014BF6A
S31500011F50002302238DF827305F4B02FB05325068C0
S31500011F609268C5EBC5050B920C2202FB01AA9AF8F1
S31500011F700C20ED008DF830208DF83820DAF8082095
S31500011F80DAF804100F9205F10C021C351D440A9073
S31500011F9013440D9100950AAA08A95048FEF797FE29
S31500011FA005468C220021A08716A81CF0B6FF2068E2
S31500011FB016AB0093DAF808202B469AF80C10006845
S31500011FC0FFF7D8FA1822002110A81CF0A6FF40F24C
S31500011FD00923ADF84030424B11931AF096FA636823
S31500011FE0A9EB0000D3F8A030139017A918A89847B9
S31500011FF016AB159020680093384AA38FD0F8740366
S3150001200010A908F0CDFA10B9052363729AE640F2D9
S315000120101C51344A34481AF029FA93E63348FFF73B
S3150001202025FC1830FFF722FC6FF00E03B8F91E20CD
S315000120306FF08D019A42A8BF1A46B8F920300B2BD2
S31500012040A8BF0B238A42B8BF0A466FF013018B4221
S31500012050B8BF0B46C2F1F1021433D2B2DBB243EA86
S31500012060421346228DF85820D8F80C208DF85D30A1
S31500012070110A8DF859208DF85A101B0A110C120EEF
S315000120808DF85B108DF85C208DF85E3019F030FF0D
S3150001209002231430019000932946072338460297FC
S315000120A016AAF4F763F913E640F20141104A114802
S315000120B057B0BDE8F04F1AF0D9B9049B636203F13A
S315000120C03200A6E6024BBAB95A8A01325A82FFE5B4
S315000120D0E82D0020442C0020A4270020D62C002027
S315000120E0B90F010036460300E1460300642C0020C7
S315000120F0922E030009470300198A01311982744B94
S3150001210093F800E0BEF1000F40F0C7804FF0010CDC
S31500012110704B1D78691E4D424D41997C059181B3E5
S3150001212093F8230070452CD30828814611464FF0B9
S31500012130000628BF4FF00809DFF8BC8103F112073A
S315000121401FFA86FAD14500F29F80D1B1082813D92A
S315000121500027A0F10806DFF8A48103F11B09F6B2F6
S3150001216019F801BB18F801A90137BFB2D34518BF49
S315000121700021B742F4D321B1059986468D1E18BFB9
S3150001218001250CF1010CBCF1100F03F11203C4D1AE
S3150001219023680022197B186804F014FC80B2132806
S315000121A094BF00201338A18F88BF80B2814288BFB7
S315000121B00025FFF7DBFBFFF7D1FA4FF47A7390FBAB
S315000121C0F3F0049B00B2181A2062002D3FF480AD93
S315000121D03F4D2B78002B62D13F48FFF747FB6FF04D
S315000121E00E023E48FFF742FBB4F90A306FF08D014B
S315000121F09342A8BF1346B4F90C200B2AA8BF0B22A1
S315000122008B42B8BF0B466FF013018A42B8BF0A462C
S315000122101432C3F1F103D2B2DBB2120142EA432214
S3150001222094F845312E491B0403F440331A43FFF752
S315000122309DFB00F00F0002438DF85820130A120C83
S315000122408DF85A2064228DF859306B682E78B3FBCD
S31500012250F2F3B6FA86F6A58F1A0A8DF85B308DF879
S315000122605C201B0C2A460DF15E008DF85D301CF0DA
S315000122702DFE236AAA1D7609002000963233D2B2BA
S3150001228016A904F0DDFE5DE518F801A917F801BFEE
S315000122900136D34518BF002152E7154678E7012BD1
S315000122A00AD138220F48FFF7E1FA94F844310E4873
S315000122B002FB03002C3090E740F252510B4A0C48C6
S315000122C01AF0D4F88BE740F245410A4AEFE600BF1F
S315000122D0002E0020242B0020882C0020642C0020B6
S315000122E0D62C0020702C0020A4270020922E03005B
S315000122F0C04603005C460300DE2C0020E62C0020CD
S3150001230013B51E4C092120680DF10103D0F87403A1
S3150001231001AA08F0F7F99DF8011004290AD00A2943
S3150001232027D000224B1E594259410198FFF7B8FCAC
S3150001233002B010BD0C2294F845311149206802FB08
S3150001234003110068097B0DF103030DF1020204F08C
S31500012350D7F923680021D3F87433B3F8AA2AD3F83E
S315000123606C05B3F87035A287C4F80A000122E3812F
S31500012370DBE70223002263721146D6E7982C002080
S31500012380442C0020F8B5002304460E4615460921C3
S31500012390234AD0F8740308F0ABF8034600283DD170
S315000123A00121204AD4F8740308F0A2F80346002854
S315000123B034D138271C4A07FB03F10133102B88540B
S315000123C0F9D101231227002218490B7007FB03F0EC
S315000123D00133102B0A54F9D1154BD4F874135A72E0
S315000123E00822D1F85C1E1C60596083F8496183F8A4
S315000123F04851104BDA805A820422DA835A85002228
S315000124001046D988033219600C2A4FEA4101998096
S31500012410187203F10C03F4D10120F8BD0020FCE78A
S3150001242001230100C5240100A4270020242B00203C
S31500012430982C0020642C002038B50023124D044648
S315000124402B722B680921D3F8740308F027F910B110
S315000124500024204638BD2B680121D3F8740308F007
S315000124601DF90028F4D16B7A0BB101236B720CB9FB
S315000124700124EEE701F01AFA02282874F8D00020A8
S3150001248001F006FAE5E700BF982C002038B50B4DA0
S315000124906B7A012B0FD101F009FA10B9287C01F0F2
S315000124A0F7F90124064B2C721B7F85F84531FFF79E
S315000124B063FA204638BD0020FCE700BF982C0020B7
S315000124C0442C002007B5074B0121186801AA0DF11C
S315000124D00303D0F8740308F015F9FFF7D7FF03B02B
S315000124E05DF804FB982C00202DE9F04F9046804DB5
S315000124F0B1B005F13E001CF0E9FC1FFA88F3039325
S31500012500AB872B6800221E68FFF730FA014630467A
S3150001251003F082FC0C21774A95F84531074601FB09
S3150001252003235B6801463046049304F0BBF84FF081
S31500012530180A4FF0010B0DF134098C2200210446D3
S3150001254048461CF0EAFC5246002107A81CF0E5FCAF
S31500012550694B8DF81CB008932B6A059319F0D5FFCA
S31500012560059B03F58C435033181A0A90002C6BD146
S3150001257039460DF11A0230460DF11B0304F0C0F87D
S31500012580049B3046119304F0ABF98DF849003046AF
S3150001259004F038FA3B4641B2119A304604F048F944
S315000125A09DF81B308DF848009DF81A008DF83930DA
S315000125B08DF838008DF83AB00C2B09D8DFE803F016
S315000125C00707070707413E38383338083800012422
S315000125D00823ADF83C3000238DF83E3040F201135C
S315000125E0ADF8403001238DF8343002238DF81D30CB
S315000125F06B688DF83B40D3F8A0308DF83F800EA96B
S315000126000FA898470C902868CDF80090AB8F3B4AED
S31500012610D0F8740307A907F0C3FF08B1FFF736FF27
S3150001262031B0BDE8F08FA0F10C014C424C41CFE72F
S315000126300B3801288CBF00240124C9E70A38022877
S31500012640F8E709380328F5E7012C4AD1394630461F
S315000126500DF11B0204F084F8294B0C21179340F26B
S31500012660FF13244AADF8603095F84531304601FB39
S3150001267003235B68169304F037F91590304604F08E
S31500012680C1F93B4641B2169A304604F0D1F8039B94
S3150001269046F2A812ADF84E302823ADF848304FF473
S315000126A08273ADF85030174B8DF86200CDE90F23D8
S315000126B004234FF47A728DF844309DF81B308DF85F
S315000126C04D4053430E9300238DF8343003238DF888
S315000126D01D306B688DF84BA0D3F8A4300EA912A853
S315000126E08FE740F21A21084A084819F0BFFE8AE727
S315000126F0982C0020442C0020B11A0100D62C002071
S315000127000F1D2110A0860100B23703009B4603006E
S315000127102DE9F04F0546A7B018B9002027B0BDE84E
S31500012720F08F0378052BF8D8037F013B012BF4D8F2
S3150001273000274FF00C082F4CFEB208FB0656236803
S31500012740317B186803F0AEFF0028E6D12368716873
S31500012750186804F0B4F90028DFD12368B168186855
S3150001276004F0ADF906460028D7D12A7F0137FBB21E
S315000127709A42E1D8AC464FF00C09BCE80F004FF085
S315000127800F0B1D4F0FC79CE80F0087E80F00A7F13D
S31500012790100A2B7FF7B2BB4205D8637A0120002BC2
S315000127A0BCD16072BAE709FB07A803ABCDE900B358
S315000127B020680023D8F8042098F80C100068FEF76A
S315000127C023FD0F2198F80C00FEF7C8FF4FF47A722B
S315000127D090FBF2F007F11C0324F81300636804A9C7
S315000127E0D3F8A03005A898470A3744F827000136E0
S315000127F0CFE700BF982C0020442C00202DE9F0479C
S315000128000F280446154699469DF820801AD8082AAD
S3150001281018D8B8F1080F15D84FF0120A0A4F0AFB5B
S3150001282004F40AFB0076013630461CF04FFB7019A2
S31500012830424649461CF04AFB45443B195D749DF8E6
S3150001284024303B55BDE8F087242B00202DE9F843C1
S3150001285004460F2C884610461F469DF820509DF8C9
S31500012860249023D8C4EBC40C114E4FEACC0C0CF1C6
S315000128701C030CF10C0C334406EB0C02FEF712FBA5
S315000128803820444301200A9B321993601FFA89F3C9
S31500012890538615FB03F315FB09F5C2F80480305581
S315000128A082F834701386D562BDE8F8830020FBE711
S315000128B0A42700200F2807D838234343034AD05CB6
S315000128C018B10021D154704700207047A427002079
S315000128D00F2809D838225043044B1A18185C20B126
S315000128E019B193680B60704700207047A427002038
S315000128F070B503289DF810600FD80C256843094C64
S31500012900012904EB00052A7216FB03F2EB80AA806B
S3150001291005D0022902D001B9215070BD734323505D
S31500012920FBE700BF642C0020014B1870704700BF05
S31500012930E42D0020014B1878704700BFE42D0020DC
S3150001294073B50021044601250D4E0170057704F18A
S315000129500803306800930068231D04F10C02FDF79B
S3150001296003FF58B904F1140330680093294600683F
S3150001297004F1100304F11802FDF7F6FE02B070BD72
S31500012980982C0020837842781B0403EB02230278FB
S31500012990C078134403EB0060704700002DE9F7434C
S315000129A00C46096800250846FFF7ECFF064691F834
S315000129B00480134FC0F301796A00C5EBC50348FAD9
S315000129C002F226FA03F302F0030217F8122003F0CB
S315000129D07F03A3F17F0100924A424A41E8B2494688
S315000129E00135FFF785FF042DE6D1237962790120B0
S315000129F09B1A23710023237303B0BDE8F08300BF44
S31500012A005C470300F7B50B680C461F78002307F0F7
S31500012A100F064D7B304601A90193FFF759FF10B907
S31500012A2005F0FE0506E0FB0604D53046FFF742FF3A
S31500012A300028F5D02379627901209B1A2371A368B6
S31500012A401D70A368019A5A70019BA2681B0A9370B4
S31500012A50A368BDF80620DA70A3689DF807201A71ED
S31500012A600523237303B0F0BD2DE9F0470C6888B048
S31500012A70A01CFFF787FF8146A01DFFF783FF0DF11D
S31500012A80100C0D468646624694F80080677804F17C
S31500012A900A0608F00F0807F03F0A1A346346306841
S31500012AA07168083603C3A6429C46F7D10C4BBF0991
S31500012AB013F81730AAF13F01CDE900A34B424B4170
S31500012AC040464946CDF808E0FFF7C0FE2B796A7902
S31500012AD001209B1A2B7100232B7308B0BDE8F087E8
S31500012AE05C4703002DE9F04F0B680D465A781C78B8
S31500012AF087B004EB02244A79A7B2097904F01F04CE
S31500012B0022448A4264DC697B102C98BF0E46C7F3C7
S31500012B10411288BF01F0FD06032A08BF06F0FE0632
S31500012B2017F4F06FC7F3C31008D10CB106F0FB061A
S31500012B30571E012F05D906F0FB0602E00CB9002A43
S31500012B40F9D18E422AD1082CA64628BF4FF0080E8D
S31500012B50082CA44638BF4FF0080C0DF108094FF0B8
S31500012B6000084946ACF1080C671C5FFA8CFC03EBC4
S31500012B70070A5FFA88FBDE451CD8A7EB0E070DF1A5
S31500012B8010091F444FF000084B465FFA88FAD445F6
S31500012B9017D8CDE900C27246FFF730FE01202B7926
S31500012BA06A799B1A1C1BAB682C711E70287307B0BF
S31500012BB0BDE8F08F1AF801B908F1010809F801BB5F
S31500012BC0D7E717F801A908F1010809F801ABDCE715
S31500012BD00020ECE707B50DF107030DF1060203F03E
S31500012BE08FFD01209DF8063098409DF80730073B80
S31500012BF0062B08D8DFE803F004070A070C0F1200BA
S31500012C007D23B0FBF3F003B05DF804FBFA23F8E78C
S31500012C104FF4FA73F5E74FF44873F2E74FF4C863DC
S31500012C20EFE700002DE9F0430A680D464C7B137867
S31500012C305178064603EB01239FB2C3F340309B0450
S31500012C408BB00CD4FFF7F8FB01202B796A799B1A1C
S31500012C502B71AB681C7028730BB0BDE8F083202282
S31500012C60002102A81CF059F9C7F382200528C7F3F1
S31500012C70C1198DF8080020D94FF47A7804F0DF04E1
S31500012C8004AB0093306803AB05AAC7F34021FDF7F7
S31500012C906BFDB8B104F0EF04B9F1000F1ED10123A9
S31500012CA08DF824306B7BA342CED102A8FFF730FD0D
S31500012CB000285FD0FFF7EAFBC6E7FEF73FF840FAC8
S31500012CC009F8DDE79DF814103068FFF783FF05303A
S31500012CD0B8EB400F38BF04F0DF04DDE7B9F1010FAF
S31500012CE045D102238DF824302B683068DA7899783B
S31500012CF01B7901EB022101EB034164235943069140
S31500012D0003F0DDFE08B104F0FE04C7F3C301306829
S31500012D108DF8201003F09AF9B0B104F0FB0407F026
S31500012D200707052F0DD84FF47A72134B069933F81E
S31500012D301730306802FB0311079103F0C0FE00282B
S31500012D40B0D004F0FD04ADE79DF82010306803F023
S31500012D50A9FC0028E1D19DF820103068FFF73AFF61
S31500012D600530B8EB400F38BF04F0DF04D7E704F0B5
S31500012D70F70497E7044667E7A047030010B5044642
S31500012D80FFF7D8FD30B12046BDE8104005220249C3
S31500012D90FDF796BC10BD00BF6447030010B4842440
S31500012DA0094B04FB00331C7E8C4209D000240246E9
S31500012DB083F8604022205DF8044B197605F022BCA9
S31500012DC05DF8044B704700BF242E00202DE9F04F1B
S31500012DD084270478C04D04F10E0607FB04578DB015
S31500012DE0F6B20DF10B033146786803AA07F08AFCA7
S31500012DF09DF80B30042B00F0C880052B00F04781AD
S31500012E00032B40F03E81039B2046FB6597F860301B
S31500012E10DFF8C882013387F8603097F861300133F3
S31500012E2087F86130F3F704FB022840F0A7801822E7
S31500012E3000210DEB02001CF070F897F83C2004EB22
S31500012E4044139B00002A40F0918003F11C0B4FF0C4
S31500012E50840A0AFB04FA05EB0A07D7F85C9001938A
S31500012E6019F053FB019B97F83C1041332B4409930E
S31500012E70072304EB44120A4405EB8202526DAB446C
S31500012E8009F13209A9EB00000792DBF8042006904C
S31500012E9055F80A0008928DF8283003F018FD8DF8D0
S31500012EA02A0055F80A0003F01BFD0DF129030DF167
S31500012EB02B029BF808108DF82C0055F80A0003F038
S31500012EC01FFC9DF82B1055F80A0003F099FB796851
S31500012ED0ADF82E0006AA3046FEF79CFB4FEA4419D0
S31500012EE00646002845D197F8612097F87D309A4229
S31500012EF042D987F8610001260746842202FB045263
S31500012F0092F83C1009EB04030B44D26D05EB8303E5
S31500012F105B6D64321344C8F800304FF0840808FB37
S31500012F20045898F8803098F860209A4212D38BB1F1
S31500012F3098F81830012B40F0B78000212046FFF7A2
S31500012F402DFF002388F8633088F82E3040F62803D9
S31500012F50A8F83E30002F00F0AF808423002003FB49
S31500012F600454636998470DB0BDE8F08F03F1700B07
S31500012F706DE700273E46C0E70127BEE70027039B12
S31500012F803233C8F800300126C7E77B6804F25A528B
S31500012F9013F81230072B87F840300CD0842303FB3B
S31500012FA0045393F8611093F87D20914269D9002763
S31500012FB083F86170E7E797F83C3004EB4416B600F6
S31500012FC0002B61D106F11C081822842700210DEB84
S31500012FD002001BF0A2FF2046F3F7F0FA07FB0457A5
S31500012FE03B6DA844079398F8083041368DF8203098
S31500012FF02E44D8F8003000223146069006A80993DF
S31500013000FDF700FE81463046FDF7C3FD8145C5D17A
S31500013010D8F804300DF1100842463046099306A946
S315000130200023FDF793FD98E8030000230126A7F886
S31500013030603007F1640383E8030087F863600221C7
S315000130402046FFF7ABFE9DF815309DF8140087F872
S315000130502E30BB8FBB85FDF787FE87F83E009DF8B6
S315000130601600FDF793FED7E90D231344BDF8122090
S3150001307087F83F009B1ABB629DF81770002F3FF43B
S315000130804CAF0127002648E706F170089CE797F840
S31500013090612097F87D3000269A4203D987F861604E
S315000130A0374670E7012738E7022B7FF453AF01213A
S315000130B02046FFF773FE4DE7002E3FF454AF074B52
S315000130C08DF819401B688DF818700793842303FB4C
S315000130D0045406A8E36845E7242E0020AC2E002000
S315000130E02DE9F04F9B46494BA9B093F800A007463E
S315000130F089460292BAF1000F00F08580444D00EB3B
S31500013100401086008422002105EB80001BF005FF9C
S31500013110BBF1000F01D0359B23B9B6213D4A3E488C
S3150001312019F0A4F919F0F1F9312804D9BA213B4A69
S31500013130394819F09BF907F10E01C9B248460391C6
S3150001314007F0F8F906F1080303994846344A2B4477
S3150001315007F0CEF90146002852D14FF0840808FB4A
S3150001316007F8029B05EB080445F80830339B2772E4
S315000131702361359B03276361012384F83D3040F6C3
S315000131802803607684F82E0006F170001422E38786
S31500013190C4F80CB0C4F80490A776284402911BF039
S315000131A0BCFE082306F1240284F8803006F11C03D4
S315000131B020362E44029984F87E702B442A4455F811
S315000131C008000096FDF7D0FA05AB8C221846029945
S315000131D01BF0A3FE00900723E26994F8241055F82A
S315000131E00800FEF7C7F9636806A9D3F85C3E07A88D
S315000131F0D3F8A03098476065504629B0BDE8F08FF6
S315000132004FF0000AF8E74FF0010AF5E7A82E002073
S31500013210242E0020AC470300F5470300C9470300ED
S31500013220CD2D0100014B1870704700BFA82E00205C
S31500013230014B1878704700BFA82E00208422044B4A
S3150001324002FB0030437E0BB100234376704700BF7B
S31500013250242E00208422054B02FB0030437E1BB93D
S31500013260837E0BB101234376704700BF242E0020D5
S315000132708422024B02FB0030407E7047242E002040
S31500013280F0B50C46897B05463B4EA7B041B9842370
S3150001329003FB0063024699762120597605F0B2F9BF
S315000132A0237B002B48D1A37B032B5DD008278423E6
S315000132B003FB056304F1100C70331A46206861683C
S315000132C0083403C264451346F7D1842303FB05631F
S315000132D02068106093F87E109A7E83F880708A4287
S315000132E004D02A462120997605F08CF9842202FB26
S315000132F00563554393F87E10741994F87C7001297F
S3150001330008BF5976002F35D003AB8C220021184611
S315000133101BF003FE00900723226F94F87810705972
S31500013320FEF728F9636804A9D3F85C3E05A8D3F82B
S31500013330A0309847A06507E084276F432168F059BC
S3150001334003F0BDFB18B10027384627B0F0BD616810
S31500013350F05903F0B4FB0028F5D1217AF05903F0B6
S31500013360A1F900289FD0EEE7842303FB056393F8B8
S3150001337080709CE70127E7E7242E002030B599B13C
S3150001338084220A4B02FB00300B4600F1700500F166
S3150001339080022C4603CC944218605960254603F1FD
S315000133A00803F6D12068186030BD00BF242E002026
S315000133B02DE9F04F84264643934C8FB004EB060863
S315000133C0074698F82E009A4691460391FDF7B6FCFA
S315000133D0834618F08DFD039B181AB0F57A7F03D545
S315000133E000200FB0BDE8F08FD8F8283007EB47155D
S315000133F00293002388F83C3098F81830AD00B3B931
S3150001340098F83D1005F12000B1FA81F105F11C0390
S31500013410490905F12402204488F83D10234400900F
S315000134202244A059FDF7A0F901300FD1D8E798F849
S315000134307C30002B00F09A80012388F83C3098F804
S315000134402C301BB9029BA3EB5B030293842303FB82
S3150001345007431A7E022A13D193F83E60D9F8083041
S31500013460029A1E44039B5B449B1A5E43674B76009C
S31500013470B6FBF3F6B34504D801213846FFF78EFCB7
S315000134805E46842303FB074393F83C30002B7AD135
S3150001349005F11C0899F80D104135A0442544002971
S315000134A074D1242205A81BF038FDD9F8043028462A
S315000134B0069399F80C3005A98DF81C30FDF7EAFA48
S315000134C08423012203FB074383F8400083F86C2021
S315000134D0842078430DF11303251898F80810205815
S315000134E005AA03F00DF99DF813209DF8141001208B
S315000134F0FAF7B2F84FF47A7101FB06F2B2FBF0F279
S3150001350095F83F30073313442B634343B3FBF1F381
S3150001351001336B632B7E022B6FD101238AF80830AE
S31500013520DDE90223981A3044B0FBFBF0A2EB560604
S3150001353002300BFB0060A86384204743D8F80030B3
S31500013540CAF80430E3199D6B18F0DFFF281ACAF890
S31500013550000098F808100AF10B038AF80910E059DF
S315000135600AF10A0203F0CCF801203AE705F120013D
S31500013570214405F11C0305F12402009198F83D1040
S31500013580234422444DE705F1700883E7842303FBB6
S3150001359007431A6D01321A6593F86C2032B1002285
S315000135A0D9F8000083F86C20FDF702FC24220021E3
S315000135B005A81BF0B2FC01238DF81430D9F80430AC
S315000135C02846069399F80C3005A98DF81C30D9F8D0
S315000135D000304FF0840909FB07490893D9F85030A8
S315000135E00993D8F800300B9398F808308DF83030ED
S315000135F0FDF750FA89F840006AE700238AF8083097
S31500013600039BAB6398E700BF242E002040420F00C6
S315000136102DE9F04387B00E6805460C4618F068FCA4
S31500013620301A002840DB842303FB05F81F4E22686D
S3150001363006EB08073B46413302933B6BBA63ADF891
S315000136400C3097F8403000928DF80E306268E37ABC
S3150001365056F8080001928DF80F3003F038F956F844
S315000136600890A37A8DF8100048468DF8113003F0C2
S31500013670C9F9637A41B26268484603F0D9F88DF810
S31500013680120056F8080003F02BF9237A8DF813007F
S3150001369005F10E006A467968C0B28DF81430FDF75F
S315000136A055FD07B0BDE8F0830020FAE7242E00207F
S315000136B070B504461D4616463AB1842343430C4869
S315000136C00022C05802F0A8FB30706DB18420084971
S315000136D004EB441200FB041494F83C30920023B925
S315000136E01C320A4413682B6070BD7032F9E700BFC3
S315000136F0242E00208422034B02FB003090F83E006A
S31500013700704700BF242E00208422044B02FB0033A5
S315000137101B7E13B90121FFF741BB7047242E002000
S31500013720024BC36001230374704700BF0004010507
S315000137302DE9F043D1F8009087B099F8023099F855
S315000137400180142208EB03284C7B1FFA88F70646F2
S315000137500D4601A800211BF0E0FBC7F345238DF8B8
S31500013760113099F80030C8F3C118C3F381038DF8FD
S31500013770123099F8003003F00302082393408DF8C4
S315000137801330B8F1000F3ED0B8F1010F51D18DF8C9
S31500013790108099F8043099F80310306801EB032181
S315000137A099F8053001EB034164235943019103F074
S315000137B086F908B104F0FE04C7F3C30130688DF839
S315000137C00C1002F043FC10B104F0FD0406E09DF874
S315000137D00C10306802F066FF0028F5D107F00707E4
S315000137E0052F02D904F0F7040DE04FF47A72124B5B
S315000137F0019933F81730306802FB0311029103F087
S315000138005EF90028EED16B7BA34207D196F80C0531
S3150001381001A9FFF735FD002808BF002401202B79F7
S315000138206A799B1A2B71AB681C70287307B0BDE8C7
S31500013830F08304F0FB04E6E73248030010B50446C2
S31500013840FFF7F6FC30B12046BDE8104001220249DF
S31500013850FCF736BF10BD00BF40480300002370B51A
S315000138604578DCB2A54201D8002007E046688E42C1
S3150001387005D886688E4202D90120147070BD0133C5
S315000138805030EEE70022014B1A607047B02E00203F
S31500013890054B1B6833B1022801D05A7812B1187052
S315000138A00020704701207047B02E0020034B1B6893
S315000138B00BB1187870470220704700BFB02E002068
S315000138C0F7B5394F04463B680D46002B4DD05A7863
S315000138D0002A4AD01B78022B47D018F009FB3F6813
S315000138E00646214638460DF10702FFF7B7FF0028C5
S315000138F03BD050229DF807002C4902FB0072137D34
S3150001390012694EF66024B2FBF1F202FB11623E210E
S31500013910B2FBF4F4B4FBF1FC01FB1C441E2103EBE6
S31500013920540404F0FF04B4FBF1FC01FB1C44012D1B
S315000139301F498ABF6D08012501358A42E4B216D3B3
S31500013940502303FB00703C22002116301BF0E5FAE0
S3150001395028239DF8072003FB024307EB4303DD827F
S31500013960502303FB02773E613C7503B0F0BDA342D1
S315000139700FD02822002150430133DBB21E2B28BF72
S315000139800023C218083207EB4202A342D180F3D1C9
S31500013990DEE7084B9A42DBD8282303FB004007EBFE
S315000139A04000C38A1D44D3E7B02E0020C0D40100D5
S315000139B080EE3600BFD401002DE9F84FDFF8B48060
S315000139C0D8F8003083B15B7873B118F091FA00270B
S315000139D00546DFF8A490DFF8A4A0D8F800005FFA46
S315000139E087FC4378634501D8BDE8F88F502101FB78
S315000139F00CF1461832694EF66024B2FBF9F202FB6D
S31500013A0019524FF03E0EB2FBF4F4B4FBFEFB0EFB73
S31500013A101B444FF01E0E337D03EB540404F0FF04E8
S31500013A20B4FBFEFB0EFB1B44DFF854E0E4B2724527
S31500013A3015D22821002601FB0CFCA34218D0013324
S31500013A40DBB21E2B28BF0023A34201D15245F4D974
S31500013A500CEB0301083100EB4101CE80EDE701F1EA
S31500013A6016033C22002118441BF057FA35613475C0
S31500013A700137B2E7B02E0020C0D40100BFD4010047
S31500013A8080EE3600114B30B51B68DBB10378012B94
S31500013A9018D14278C2B100245023224603FB010308
S31500013AA01633013233F8025BD2B21E2A2C44F8D106
S31500013AB0502303FB010083890548B0FBF3F0A0EB1B
S31500013AC0440030BD0120FCE71846FAE7B02E00207D
S31500013AD080EE36000F4B13B51C68014614B9012060
S31500013AE002B010BD2378012BF9D16378002BF6D0F3
S31500013AF020460DF10702FFF7B1FE0028EFD0204660
S31500013B009DF80710FFF7BEFF0028D4BF0020012053
S31500013B10E6E700BFB02E002008B5094B1B685BB174
S31500013B200378012B08D1427842B1FFF7ABFF002899
S31500013B30D4BF0020012008BD0120FCE71846FAE7A2
S31500013B40B02E00202DE9F04FDFF8CCA18146DAF83E
S31500013B5000300C468BB023B9002420460BB0BDE8DB
S31500013B60F08F1A78012AF7D15B78002BF4D0002761
S31500013B704FF0FF333D46FF260DF1180806930DF170
S31500013B80200BA8F804300893ABF80430FFF714FFB4
S31500013B9004EB89030093009BA34213D1002F4CD160
S31500013BA0002DD9D000263446DAF8007018F8061030
S31500013BB03846FFF767FF0136F3B29D42A4EB0004D6
S31500013BC0F4D8CAE7DAF8009054F8041B48460DF118
S31500013BD01702FFF743FE0028DDD09DF81710B1420A
S31500013BE0D9D04846FFF798FF99F8012058B95B46A6
S31500013BF0C6B296421BD307F128036B44013703F87B
S31500013C00081CFFB20BE040460023DEB2964208D301
S31500013C1005F128036B44013503F8101CEDB20E467D
S31500013C20B9E710F8016B0133B142EED1B3E713F8EE
S31500013C30016B0130B142DBD1ADE7002DB2D118F0F5
S31500013C4057F9DFF8D8808146B0FBF8F308FB130378
S31500013C50A8EB030301934FF0FF332D4A2D48009340
S31500013C605024DAF800301BF805104EF6602604FBE6
S31500013C700134237D2469B4FBF8F404FB1894B4FBE6
S31500013C80F6F43E26B4FBF6FC06FB1C441E2603EBAB
S31500013C90540404F0FF04B4FBF6FC06FB1C444FF08D
S31500013CA0280C00260CFB01F1E4B203910134E4B2C5
S31500013CB01E2C08BF0024DAF800100291039901EBCB
S31500013CC0040C029901EB4C01C98A79B99C421BD0BB
S31500013CD00136F6B21E2EE9D940F2FF11029318F011
S31500013CE0C5FB029B0B489C42094ADFD1019B01356A
S31500013CF008FB0636009BB34228BF33460093EBB25E
S31500013D009F42ADD8009C28E71E2EE5D8EEE700BFFE
S31500013D10922E03004C480300B02E0020C0D40100AF
S31500013D2013B5044601460DF10302006806F01EFCB8
S31500013D300DF102039DF80310206801AA06F0E2FCCA
S31500013D409DF80230062B04D1D4E90630984702B01B
S31500013D5010BD072B01D1237D13B1D4E90A30F5E754
S31500013D60D4E90830F2E700002DE9F347044690F85C
S31500013D70085E18F0C8FB002018F0C9FB8C2303FB72
S31500013D800543D4F85C2E197E966E1068B04720B1B3
S31500013D906E21434A434818F069FB8C2303FB054314
S31500013DA0D4F85C2E996E566E1068B04720B170211A
S31500013DB03D4A3C4818F05AFB8C2101FB0541D4F8D9
S31500013DC05C3E48311A6F1868904720B17221374A14
S31500013DD0344818F04BFBD4F85C3E00211A6E186883
S31500013DE0904720B17421324A2E4818F03FFBD4F88F
S31500013DF05C3E4FF0FF315A6A1868904720B1752131
S31500013E002C4A284818F032FB18F072F80746861C2F
S31500013E1018F06EF8301A0028FADC4FF08C0818F00A
S31500013E2067F808FB0548DFF89090DFF878A0C4F83A
S31500013E30B40DD4F85C3E0DF10601D3F89C20186848
S31500013E40904720B14A467F21504618F00FFB05F2F4
S31500013E50BA2354F82330BDF90620596B1A8611444A
S31500013E605963996B01319963B8F9883093420CDC37
S31500013E7007232544204685F8283B06F075FE204693
S31500013E8006F0DEFC02B0BDE8F087D8F87430FE1803
S31500013E9018F02EF8301A0028CBDC06232544E9E772
S31500013EA072480300EE4A0300CA4803002E49030084
S31500013EB098490300E5490300384A03002DE9F74F05
S31500013EC01646DDE90D9BDDE90F8A0C9A04460D467F
S31500013ED01F4601922BB1B9F1000F02D0B8F1000FC4
S31500013EE004D13521144A154818F0C0FA019B314610
S31500013EF0C4E907390023C4E90D332386237584F801
S31500013F003C300523A3604FF6B073A3810C4B2846C2
S31500013F102361C4E909B825602671A761C4F82CA0FC
S31500013F2006F008FB234631462846064A03B0BDE89B
S31500013F30F04F06F0DDBA00BF7D4A03000E4B0300C9
S31500013F40400D0300213D010010B500240231C0E9F6
S31500013F500D44048681608281036110BD10B58468B9
S31500013F60023C0C60B0F90C10118002691A6010BD98
S31500013F7080F83C10704790F83C0070472DE9F043FB
S31500013F801F46836904460E469146B9B002751BB1B8
S31500013F90036A0BB1836A23B99A21334A334818F06D
S31500013FA065FA0DF154088C22002140461AF0B5FF3E
S31500013FB01822002104A81AF0B0FF202200210DA822
S31500013FC01AF0ABFF01238DF84130236912965A0886
S31500013FD00A929A08CDE90B23042321AD8DF83430DA
S31500013FE00AAE0FCE0FC50FCE0FC596E80700A36820
S31500013FF085E807002C93A3892146ADF8C4300DF15D
S315000140000F02206806F0B2FA20B1B421184A174807
S3150001401018F02CFA9DF80F30A1688DF81030409BEE
S315000140200B4409930C238DF81130124B0593B9F10A
S31500014030000F16D07F1A18F068FA0023381A079075
S315000140408DF81A30002320681A46CDF8008004A99D
S3150001405006F0A6FA10B1D4E90A30984739B0BDE89E
S31500014060F08301230797EBE78B4A0300D64A030047
S31500014070A84A0300693D01000028024818BF002034
S31500014080704700BFB42E002010B50446D0E90230B7
S315000140909847002394F82E2084F8283084F82F209E
S315000140A084F82D3010BD37B50446002501460DF1C3
S315000140B00302006806F05AFA0DF102039DF8031097
S315000140C0206801AA06F01EFB9DF8023084F82A50EA
S315000140D0022B1FD1A37943B12046FFF7D5FF94F8F0
S315000140E0283084F8293003B030BD94F82930012BEB
S315000140F002BF94F82D3003F1FF3384F82D3094F884
S315000141002D30002BE8D0012384F82830D4E906307D
S315000141109847E4E7012B01D1A2795AB1D4E90830D5
S31500014120984794F82E3084F8285084F82F3084F874
S315000141302D50D4E794F82F30002BCDD0013B84F8D5
S315000141402F3084F82820D4E90430E1E710B504467D
S315000141508C2394F8081ED0F85C0E03FB0141D0F8BD
S315000141600C314831984728B140F26311124A13487D
S3150001417018F07CF9D4F85C3E4FF440711A6E186859
S31500014180904728B14FF4B2710D4A0C4818F06EF9F8
S3150001419018F0B9F9D4F85C3E9A6B1868904728B1C3
S315000141A04FF4B471074A054818F060F917F0A0FEFC
S315000141B0C4F8B40D10BD00BF1C4B03001D4C030019
S315000141C05F4B03005E4403002DE9F04F85B01646B0
S315000141D0DDE90EBA109A044601920D46DDE9119207
S315000141E01F460292DDE91382039243B1BAF1000F31
S315000141F005D0B9F1000F02D0B8F1000F04D180212A
S31500014200144A154818F032F930220021201D1AF0FF
S3150001421084FE019B3146C4E90539029B2846C4E95F
S315000142200738039BC4E9027B6362062384F82C30BA
S3150001423040F204432560E3852671C4F810A006F018
S3150001424079F9234631462846044A05B0BDE8F04FC0
S3150001425006F04EB9C14B0300664C0300A7400100AE
S31500014260407970472DE9F04F984690F82A30B5B05D
S3150001427004468A4691469DF8F870409D002B66D10A
S31500014280836887712BB103691BB183690BB1036A1B
S3150001429023B9D821664A674818F0E8F814220021A4
S315000142A006A81AF03AFE8C22002111A81AF035FE52
S315000142B0182200210BA81AF030FE94F82F309DF831
S315000142C00821934228BF134684F82F3094F82830EA
S315000142D0002B3FD194F8293063B994F82B304BB1B8
S315000142E094F82D3033B9012094F82C1018F0EAF81F
S315000142F084F82D004FF47A70AE00B6FBF0F64FF05D
S31500014300020B94F82D3063B14FF47A725D436D0060
S31500014310B5FBF2F5039318F0F8F8039B2E4400FB66
S31500014320036600238DF8163023684246D3F85C0EE7
S315000143300DF116030093D0F8FC505B464946006820
S31500014340A84788B1012809D12046FFF79DFE35B05F
S31500014350BDE8F08F4FF0010B0026D2E74FF48B71C9
S31500014360354A344818F082F89DF8162094F8303012
S315000143708DF818B013448DF819300A238DF81A30C8
S315000143804FF47A73012207939DF80C318DF8209032
S315000143908DF828308DF82180CDF824A00DF1740C0C
S315000143A006AD8DF844200FCDACE80F002B682146F1
S315000143B020680DF11702CCF8003006F0D7F828B1C5
S315000143C040F227111D4A1B4818F050F89DF8173086
S315000143D000258DF82C3005238DF82D30419B3F9813
S315000143E033441093164B861B0C938DF8355018F0F9
S315000143F08CF811AB301A0E9087F0010700932A460C
S315000144002B4620680BA98DF8367006F0C9F858B10D
S31500014410D4E90830984794F82E3084F8285084F867
S315000144202F3084F82D5092E7012384F82A308EE745
S31500014430D24B0300464C0300922E0300EF4B0300C0
S315000144404D4101000028024818BF0020704700BFF7
S31500014450F42E0020F8B504460D46C42200211AF0B8
S315000144605CFD00272570204604F1C0014FF0FF32A4
S3150001447006250124084BC0E9032742615E78033310
S31500014480467613F8016C80F820200676458400F8FC
S31500014490304F8842EFD1F8BD7C4C0300032910B59B
S315000144A00DD801EB410300EB03131C794CB9302401
S315000144B004FB010090F8310018B99A6010BD012083
S315000144C0FCE70220FAE703299FBF302303FB010023
S315000144D08368002094BF136001207047032910B53B
S315000144E008D89A4208D8302404FB01010020C1E90A
S315000144F0042310BD0120FCE70420FAE770B50C4641
S31500014500032C054611461E4618D8302000FB0450E0
S315000145100379ABB990F8313093B90A4804EB4404F6
S3150001452004442A78A07807F007FE28B931462A788C
S31500014530607807F001FE00B1032070BD0120FCE7A1
S315000145400220FAE77C4C030070B50C46032C0546A5
S3150001455011461BD804EB440600EB06163379BBB9AA
S31500014560302303FB040393F831308BB902780948F1
S3150001457004EB4403C05C07F0DFFD28B920462A7826
S31500014580B16807F001FE00B1032070BD0120FCE710
S315000145900220FAE77C4C03006F4BF0B5036740F24B
S315000145A00513A0F8743090F90530002BC0F2CE80C7
S315000145B0DAB2D50748BF013380F8762080F8772034
S315000145C0C3F3470380F879300D2380F878304FF430
S315000145D00153A0F87A30614B0521C367604B4FF058
S315000145E03064C0F88030022380F884305D4B80F857
S315000145F00411C0F8883003F5CF0303F58543C0F8ED
S315000146008C30642380F894304FF49053A0F89C309A
S31500014610342380F89E30544BC0F8B810C0F8A0304F
S315000146204FF6B071514BA0F8BC10C0F8A430504BF6
S315000146305049C0F8CC30504BC0F8C010C0F8D0304B
S315000146404E4B4F49C0E92A434E4BC0F8C410C0F83F
S31500014650B03040F2011340F201614FF44074A0F80A
S31500014660B4300023A0F8C8104749484AC0F8D4100E
S315000146704749C0F89020C0F8D8104649A0F8E04054
S3150001468080F8B630C0F8DC10C0E93922A2F58702FD
S31500014690A2F5A562C0F8F020132280F8F8203E4A60
S315000146A0DFF8F8C0C0F8FC204FF4A062A0F80021A2
S315000146B000F5A072C0F8082100F5C072C0F80C21FF
S315000146C000F50472C0F8102100F21222C0F814217C
S315000146D000F5E072C0F82021DCF8002000F5F07545
S315000146E0C0F8F821DCF8042000F5F674C0F8FC21C6
S315000146F0DCF8082000F5FC77C0F800220A6800F50E
S315000147000176C0F804224A6880F8F430C0F808221D
S315000147108A68A0F8F630C0F80C224FF00132C0F8D2
S315000147202451C0F82841C0F82C71C0F83061C0F896
S31500014730E021C0F8E421C0F8E821C0F8EC31C0F866
S31500014740F031C0F8F431A0F83E31F0BD40F60D531A
S31500014750A0F87630072335E710100302D84D030081
S31500014760CC4D030060DC7133184D03001B4D030073
S31500014770B04E0300400D0300BC4E03000706FF0FB9
S31500014780BE4C03003F000C00A64C030008E6D333E1
S31500014790B24C03009A4C0300CC4C03008E4C030030
S315000147A02DE9F84300250446A84600F5A07600F554
S315000147B0E07700F5047994F87030AB420EDC002501
S315000147C0154E04F5047794F87230E9B28B4214D889
S315000147D04FF6FF73A4F81232BDE8F88346F8048B4E
S315000147E0E9B200224846C6F83C80F8F765FFB4F8FE
S315000147F0B030013527F8023BDDE756F8212004EBFE
S315000148008103C3F84021C3F8802138460122F8F715
S3150001481053FF0135D7E700BFA44E03002DE9F04F42
S31500014820002585B00E9E044635708A4690461F4681
S31500014830FFF7C2F804F5047B94F870305FFA85F946
S315000148404B4506D8317821BB4FF0FF3005B0BDE8A6
S31500014850F08F49465846F8F713FF012817D109F199
S31500014860500354F82300FFF735F980B109F1E00050
S31500014870514604EB4000F8F730FF012807D13378A1
S3150001488003F110026A44013302F8109C33700135BA
S31500014890D2E70020013917F015FE3378B0FBF3F2A9
S315000148A002FB130000F110030DEB030010F8103C9E
S315000148B094F870209A42C7D904EB8302D2F84011CA
S315000148C00020C8F80010D2F880213A6084F83D3102
S315000148D084F83C31BAE7FFF7A1BFF8B5044600F208
S315000148E0122769B1062921D06FF001040221384649
S315000148F0F8F7E8FE012814BF20464FF0FF30F8BD57
S315000149000D46A0F8122294F87030EEB2B34201D8E7
S315000149100024EBE731463846F8F7B2FE012803D109
S31500014920503654F82630A3B10135ECE70025A0F83E
S31500014930125294F87030E9B28B42E9D901F1500371
S3150001494054F823301BB101223846F8F7B5FE01357C
S31500014950EFE74FF0FF34C9E7062808B50CD9072859
S315000149600CD0A0F10803032B0AD903464FF4A77113
S31500014970044A054817F07AFD002008BD0120FCE72E
S315000149800220FAE7884C0300954D0300062807D854
S31500014990064B1B5C0B70064B53F8203013707047A7
S315000149A04FF4AF71034A044817F060BD9C4E0300F3
S315000149B0204E0300922E03006F4D0300072802D1FB
S315000149C032230B70704740F26B11024A024817F00E
S315000149D04DBD00BF922E0300484D0300A0F1080310
S315000149E0032B08D8074B53F820300B70064B53F8AE
S315000149F02030137070474FF4BD71044A044817F014
S31500014A0035BD00BF6C4E03003C4E0300922E0300E1
S31500014A101F4D03005B4BF0B5036740F20513A0F889
S31500014A20743090F90530002BC0F2A580DAB2D407B4
S31500014A3048BF013380F8762080F87720C3F3470317
S31500014A4080F879300D2380F878304FF40153A0F8BF
S31500014A507A304D4B4D4CC3674D4B4FF0E061C0F87A
S31500014A608030022380F88430642380F89430494BE7
S31500014A70494AC0E9224341F20223A0F89C3034237B
S31500014A8080F89E30454BC0E93922C0F8A030052395
S31500014A90C0F89020102280F80431414B414DC0E905
S31500014AA02A130121404B80F8F820404AC0F8B03063
S31500014AB0C0F8C45000234FF48065C0F8FC204FF4C1
S31500014AC0A062A0F8B41080F8C8103949A0F8E050E7
S31500014AD0C0F8D4103749C0F8F040C0F8D8103649AC
S31500014AE080F8B630C0F8DC1080F8F430A0F8F63063
S31500014AF0A0F8002100F5A072C0F8082100F5C072E7
S31500014B00C0F80C2100F50072DFF8B0C0C0F8102122
S31500014B1000F20222C0F8142100F5E072C0F820214B
S31500014B20DCF8002000F5F075C0F8F021DCF804206F
S31500014B3000F5F474C0F8F4210A6800F5F877C0F8B6
S31500014B40F8214A6800F5FC76C0F8FC214FF00132E5
S31500014B50C0F82451C0F82841C0F82C71C0F8306162
S31500014B60C0F8E021C0F8E421C0F8E831C0F8EC3122
S31500014B70A0F83E31F0BD40F60D53A0F876300A2379
S31500014B805EE700BF10100302E34F030064CE8F33CC
S31500014B90DB4F0300DCACBB33F080A633544F03007C
S31500014BA00708BF000C4F03003F000800144F030025
S31500014BB0FC4E0300044F0300F44E0300EC4E0300C9
S31500014BC02DE9F84300250446A84600F5A07600F530
S31500014BD0E07700F5007994F87030AB420EDC0025E1
S31500014BE0154E04F5007794F87230E9B28B4214D869
S31500014BF04FF6FF73A4F80232BDE8F88346F8048B3A
S31500014C00E9B200224846C6F83C80F8F755FDB4F8EB
S31500014C10B030013527F8023BDDE756F8212004EBD9
S31500014C208103C3F84021C3F8802138460122F8F7F1
S31500014C3043FD0135D7E700BF485003002DE9F04F8A
S31500014C40002504468A4690461F4685B00E9E00F50D
S31500014C50007B357094F870305FFA85F94B4506D8BC
S31500014C603178E9B94FF0FF3005B0BDE8F08F49461C
S31500014C705846F8F705FD012810D109F1E000514623
S31500014C8004EB4000F8F729FD012807D1337803F139
S31500014C9010026A44013302F8109C33700135D9E7DA
S31500014CA00020013917F00EFC3378B0FBF3F202FB5A
S31500014CB0130000F110030DEB030010F8103C94F8FB
S31500014CC070209A42CED904EB8302D2F8401100201B
S31500014CD0C8F80010D2F880213A6084F83D3184F892
S31500014CE03C31C1E7FFF7AABFF8B5044600F2022737
S31500014CF069B1062921D06FF0010402213846F8F77F
S31500014D00E1FC012814BF20464FF0FF30F8BD0D46E7
S31500014D10A0F8022294F87030EEB2B34201D8002412
S31500014D20EBE731463846F8F7ABFC012803D150369C
S31500014D3054F82630A3B10135ECE70025A0F802525C
S31500014D4094F87030E9B28B42E9D901F1500354F875
S31500014D5023301BB101223846F8F7AEFC0135EFE7E7
S31500014D604FF0FF34C9E70000052808B507D9072821
S31500014D7007D04FF4A371044A044817F077FB0020CB
S31500014D8008BD0120FCE700BF922E0300A44F0300DB
S31500014D90052807D8064B1B5C0B70064B53F82030D1
S31500014DA0137070474FF4AB71034A044817F05EBBAA
S31500014DB04050030024500300922E03007E4F03004F
S31500014DC0072802D132230B70704740F26311024A61
S31500014DD0024817F04BBB00BF922E0300574F03004A
S31500014DE0F8B57B4B0446036740F20513A0F874300F
S31500014DF090F90530002B27DBDAB2D50748BF01331E
S31500014E0080F8762080F87720C3F3470384F8793059
S31500014E100C2384F878304FF40153A4F87A306D4BA3
S31500014E200139E3676C4B6D4DC4F88030022384F879
S31500014E30843064236A4E84F89430032900F2C280D8
S31500014E40DFE801F008A0ABBB40F60C43A0F87630D2
S31500014E500723DBE70023C4E92256C4F89830D4F8C7
S31500014E609820604B05211344C4F8903041F2022387
S31500014E70A4F89C3034233244C4E9392284F89E30A4
S31500014E801022594B5948C4F8A030594B84F80411E3
S31500014E90C4E92A03574BC4F8B810C4F8B03001234B
S31500014EA04FF6B07184F8F820534A4FF44070C4F8B5
S31500014EB0FC2040F20252A4F8B43084F8B63084F8EB
S31500014EC0C83084F8EC3084F8F4300023A4F8BC1020
S31500014ED04A49A4F80021C4F8C010494904F5A07252
S31500014EE0C4F8C4104749C4F80821C4F8D410464987
S31500014EF004F5C072C4F8D810C4F80C21434904F56E
S31500014F000072DFF828C1C4F8102104F20222A4F8C5
S31500014F10E000C4F8F050A4F8F630C4F8DC10C4F888
S31500014F20142104F5E072C4F82021DCF80020C4F84D
S31500014F30E831C4F8F021DCF80420C4F8EC31C4F8F7
S31500014F40F4210A684FF48073C4F8F8214A6804F51D
S31500014F50F075C4F8FC214FF0013204F5F47004F544
S31500014F60F87704F5FC76C4F82451C4F82801C4F88E
S31500014F702C71C4F83061C4F8E021C4F8E421A4F826
S31500014F803E31F8BD224BC4F89830224BC4F8883024
S31500014F9003F5371303F5D8630CE01F4BC4F89830BB
S31500014FA003F15B5303F53A13C4F8883003F5B703ED
S31500014FB003F55863C4F88C3051E7184BC4F89830A0
S31500014FC0174BE3E78F21174A174817F04FFA46E7C1
S31500014FD0101002028151030071510300C03DDF36FA
S31500014FE040F7093700EA0637C450030000020007FC
S31500014FF00708FF003F00080184500300400D03002D
S3150001500074500300645003006C5003005C500300AD
S31500015010C088E4FF0016D636C04A9BFF20F9A5FFDB
S31500015020404FA836922E03005451030054500300FA
S315000150302DE9F84300250446A84600F5A07600F5BB
S31500015040E07700F5007994F87030AB420EDC00256C
S31500015050164E04F5007794F87230E9B28B4214D8F3
S315000150604FF6FF73A4F80232BDE8F88346F8048BC5
S31500015070E9B200224846C6F83C80F8F71DFBB4F8B1
S31500015080B030013527F8023BDDE7D4F8982056F811
S3150001509021303846134404EB8102C2F84031C2F88C
S315000150A080310122F8F708FB0135D4E728520300C5
S315000150B02DE9F04F002504468A4690461F4685B0E5
S315000150C00E9E00F5007B357094F870305FFA85F915
S315000150D04B4506D83178E9B94FF0FF3005B0BDE848
S315000150E0F08F49465846F8F7CBFA012810D109F155
S315000150F0E000514604EB4000F8F7EFFA012807D12A
S31500015100337803F110026A44013302F8109C3370BC
S315000151100135D9E70020013917F0D4F93378B0FB0E
S31500015120F3F202FB130000F110030DEB030010F87C
S31500015130103C94F870209A42CED904EB8302D2F83F
S3150001514040110020C8F80010D2F880213A6084F896
S315000151503D3184F83C31C1E7FFF7AABFF8B50446F3
S3150001516000F2022769B1062921D06FF0010402215C
S315000151703846F8F7A7FA012814BF20464FF0FF304A
S31500015180F8BD0D46A0F8022294F87030EEB2B34293
S3150001519001D80024EBE731463846F8F771FA0128C1
S315000151A003D1503654F82630A3B10135ECE700257A
S315000151B0A0F8025294F87030E9B28B42E9D901F1B4
S315000151C0500354F823301BB101223846F8F774FA1C
S315000151D00135EFE74FF0FF34C9E70000062808B5AF
S315000151E007D9072807D04FF4AE71044A044817F0CF
S315000151F03DF9002008BD0120FCE700BF922E030007
S315000152001A510300062807D8064B1B5C0B70064B88
S3150001521053F82030137070474FF4B671034A0448AF
S3150001522017F024B92052030004520300922E030002
S31500015230F1500300072802D132230B70704740F268
S315000152407911024A024817F011B900BF922E0300E4
S31500015250C7500300F8B57C4B0446036740F20513BB
S31500015260A0F8743090F90530002B26DBDAB280F80D
S31500015270762080F87720D00748BF0133C3F3470370
S3150001528084F879300E2384F878304FF40153A4F86A
S315000152907A306E4B0139E3676D4B6E4DC4F8803041
S315000152A0022384F88430642384F89430032900F2BD
S315000152B0C580DFE801F008A5B0BE40F60E63A0F890
S315000152C076300723DCE70023C4F89830624BC4F834
S315000152D08850C4F88C30D4F89860604B60493344E8
S315000152E0C4F8903041F20223A4F89C30342384F8A8
S315000152F09E305C4B0522C4F8A0305B4B84F8042138
S31500015300C4E92A13594BC4F8B820C4F8B0300123B4
S31500015310A4F8B43084F8C83084F8EC3084F8F4305A
S315000153200A234FF6B072A4F8F6301723A4F8BC206E
S315000153304F4A84F8F830C4F8C0204E4A4E4BC4F8A0
S31500015340C4204E4AC4F8FC30C4F8D4204C4A40F27A
S315000153500253C4F8D8204FF440720021A4F800315A
S3150001536004F5A073A4F8E020C4F80831454A04F511
S31500015370C0734548C4F80C3104F500733244DFF8B4
S3150001538028C1C4F8103104F20223C4E93922C4F851
S31500015390F05084F8B610C4F8DC00C4F8143104F5F2
S315000153A0E073C4F82031DCF8003004F5F075C4F878
S315000153B0F031DCF8043004F5F472C4F8F431036812
S315000153C004F5F877C4F8F831436804F5FC76C4F8B7
S315000153D0FC314FF00133C4F8E031C4F8E4314FF445
S315000153E08073C4F82451C4F82821C4F82C71C4F878
S315000153F03061C4F8E811C4F8EC11A4F83E31F8BDE7
S31500015400224BC4F89830224BC4F8883003F5371381
S3150001541003F5D8635DE71F4BC4F8983003F15B537E
S3150001542003F53A13C4F8883003F5B70303F5586357
S315000154304FE7194BC4F89830184BE5E78F21184A06
S31500015440184817F013F846E71010020279530300C3
S31500015450695303004023D93600541F3700EA063743
S3150001546002020207BC5203000708FC003C000801C7
S31500015470400D0300505203006052030040520300E6
S315000154804852030040F7093738520300C088E4FF49
S315000154900016D636C04A9BFF20F9A5FF404FA83615
S315000154A0922E03004C530300305203002DE9F843BA
S315000154B000250446A84600F5A07600F5E07700F53C
S315000154C0007994F87030AB420EDC0025164E04F5D7
S315000154D0007794F87230E9B28B4214D84FF6FF7315
S315000154E0A4F80232BDE8F88346F8048BE9B200223B
S315000154F04846C6F83C80F8F7DFF8B4F8B030013515
S3150001550027F8023BDDE7D4F8982056F821303846D3
S31500015510134404EB8102C2F84031C2F88031012202
S31500015520F8F7CAF80135D4E7205403002DE9F04F06
S31500015530002504468A4690461F4685B00E9E00F514
S31500015540007B357094F870305FFA85F94B4506D8C3
S315000155503178E9B94FF0FF3005B0BDE8F08F494623
S315000155605846F8F78DF8012810D109F1E0005146A7
S3150001557004EB4000F8F7B1F8012807D1337803F1BD
S3150001558010026A44013302F8109C33700135D9E7E1
S315000155900020013916F096FF3378B0FBF3F202FBD7
S315000155A0130000F110030DEB030010F8103C94F802
S315000155B070209A42CED904EB8302D2F84011002022
S315000155C0C8F80010D2F880213A6084F83D3184F899
S315000155D03C31C1E7FFF7AABFF8B5044600F202273E
S315000155E069B1062921D06FF0010402213846F8F786
S315000155F069F8012814BF20464FF0FF30F8BD0D466B
S31500015600A0F8022294F87030EEB2B34201D8002419
S31500015610EBE731463846F8F733F8012803D150361F
S3150001562054F82630A3B10135ECE70025A0F8025263
S3150001563094F87030E9B28B42E9D901F1500354F87C
S3150001564023301BB101223846F8F736F80135EFE76A
S315000156504FF0FF34C9E70000062808B507D9072827
S3150001566007D04FF4AE71044A044816F0FFFE00203D
S3150001567008BD0120FCE700BF922E03001253030070
S31500015680062807D8064B1B5C0B70064B53F82030D7
S31500015690137070474FF4B671034A044816F0E6BE1C
S315000156A018540300FC530300922E0300E952030031
S315000156B0072802D132230B70704740F27911024A52
S315000156C0024816F0D3BE00BF922E0300BF5203005C
S315000156D06F4BF0B5036740F20513A0F8743090F9EB
S315000156E00530002BC0F2CE80DAB2D50748BF0133B0
S315000156F080F8762080F87720C3F3470380F8793065
S315000157000D2380F878304FF40153A0F87A30614BBD
S315000157100521C367604B4FF03064C0F88030022327
S3150001572080F884305D4B80F80411C0F8883003F5A9
S31500015730CF0303F58543C0F88C30642380F8943099
S315000157404FF49053A0F89C30342380F89E30544B8C
S31500015750C0F8B810C0F8A0304FF6B071514BA0F8A0
S31500015760BC10C0F8A430504B5049C0F8CC30504B57
S31500015770C0F8C010C0F8D0304E4B4F49C0E92A439B
S315000157804E4BC0F8C410C0F8B03040F2011340F2DD
S3150001579001614FF44074A0F8B4300023A0F8C8109A
S315000157A04749484AC0F8D4104749C0F89020C0F884
S315000157B0D8104649A0F8E04080F8B630C0F8DC10B1
S315000157C0C0E93922A2F58702A2F5A562C0F8F02048
S315000157D0132280F8F8203E4ADFF8F8C0C0F8FC2012
S315000157E04FF4A062A0F8002100F5A072C0F80821CC
S315000157F000F5C072C0F80C2100F50472C0F8102142
S3150001580000F21222C0F8142100F5E072C0F820213E
S31500015810DCF8002000F5F075C0F8F821DCF804206A
S3150001582000F5F674C0F8FC21DCF8082000F5FC77D9
S31500015830C0F800220A6800F50176C0F804224A6819
S3150001584080F8F430C0F808228A68A0F8F630C0F86B
S315000158500C224FF00132C0F82451C0F82841C0F89B
S315000158602C71C0F83061C0F8E021C0F8E421C0F81D
S31500015870E821C0F8EC31C0F8F031C0F8F431A0F8F5
S315000158803E31F0BD40F60D53A0F87630072335E7DB
S3150001589010100302705503006455030060DC713378
S315000158A0B0540300B354030048560300400D0300EF
S315000158B0545603000706FF0F585403003F000C001F
S315000158C04054030008E6D3334C5403003454030018
S315000158D064540300285403002DE9F84300250446C7
S315000158E0A84600F5A07600F5E07700F5047994F86E
S315000158F07030AB420EDC0025154E04F5047794F8A2
S315000159007230E9B28B4214D84FF6FF73A4F8123203
S31500015910BDE8F88346F8048BE9B200224846C6F88A
S315000159203C80F7F7C9FEB4F8B030013527F8023BE1
S31500015930DDE756F8212004EB8103C3F84021C3F8C3
S31500015940802138460122F7F7B7FE0135D7E700BFB8
S315000159503C5603002DE9F04F002585B00E9E044606
S3150001596035708A4690461F46FEF726F804F5047BF5
S3150001597094F870305FFA85F94B4506D8317821BB2A
S315000159804FF0FF3005B0BDE8F08F49465846F7F7AE
S3150001599077FE012817D109F1500354F82300FEF7C9
S315000159A099F880B109F1E000514604EB4000F7F7A0
S315000159B094FE012807D1337803F110026A440133BA
S315000159C002F8109C33700135D2E70020013916F038
S315000159D079FD3378B0FBF3F202FB130000F11003FB
S315000159E00DEB030010F8103C94F870209A42C7D9C9
S315000159F004EB8302D2F840110020C8F80010D2F857
S31500015A0080213A6084F83D3184F83C31BAE7FFF7EA
S31500015A10A1BFF8B5044600F2122769B1062921D0C3
S31500015A206FF0010402213846F7F74CFE012814BF36
S31500015A3020464FF0FF30F8BD0D46A0F8122294F82B
S31500015A407030EEB2B34201D80024EBE73146384656
S31500015A50F7F716FE012803D1503654F82630A3B1C4
S31500015A600135ECE70025A0F8125294F87030E9B23E
S31500015A708B42E9D901F1500354F823301BB10122BD
S31500015A803846F7F719FE0135EFE74FF0FF34C9E75E
S31500015A90062808B50CD907280CD0A0F10803032B5A
S31500015AA00AD903464FF4A771044A054816F0DEFCED
S31500015AB0002008BD0120FCE70220FAE7884C03001C
S31500015AC02D550300062807D8064B1B5C0B70064BA9
S31500015AD053F82030137070474FF4AF71034A0448EE
S31500015AE016F0C4BC34560300B8550300922E0300C9
S31500015AF007550300072802D132230B70704740F285
S31500015B006B11024A024816F0B1BC00BF922E030087
S31500015B10E0540300A0F10803032B08D8074B53F800
S31500015B2020300B70064B53F82030137070474FF43A
S31500015B30BD71044A044816F099BC00BF045603001F
S31500015B40D4550300922E0300B7540300A0F11003AD
S31500015B50022B05D91838012894BF0020012070476F
S31500015B600020704770B5044608460D461646FFF7F5
S31500015B70EDFF20B1A6211E4A1E4816F077FC2046ED
S31500015B806C22314600F8045B19F0A0F9103D982209
S31500015B90002104F1700019F0C0F9092D20D8DFE8C1
S31500015BA005F0050D111F1F1F1F1F161B2046FEF7AF
S31500015BB0F3FC94F89E3084F8343170BD2046FEF72C
S31500015BC029FFF6E701212046FFF70AF9F1E701214E
S31500015BD02046FFF73FFBECE72046FFF779FDE8E7B4
S31500015BE040F23D11024A034816F040FCE1E700BFCE
S31500015BF0922E0300005B030010B503780446103BA8
S31500015C00092B1CD8DFE803F0050F121B1B1B1B1BFE
S31500015C101518FEF7C5FD94F8EC3084F835310023EC
S31500015C2084F8363110BDFEF7CBFFF4E7FFF700FA33
S31500015C30F1E7FFF73BFCEEE7FFF74EFEEBE740F23D
S31500015C40CD11024A024816F011FCE4E7922E030038
S31500015C50D05A03000378122B02D80F2B03D97047B1
S31500015C60183B012B05D940F22F21024A024816F0B2
S31500015C70FDBB7047922E0300B75A030090F8B2207D
S31500015C80D0F8300119F022B938B504460139154664
S31500015C90D0F8240194F8B220032922D8DFE801F0D4
S31500015CA0020F1E12D4F8D41019F010F9D4E94910D4
S31500015CB094F8B22019F00AF903232B7038BDD4F8F1
S31500015CC0D810F1E7D4F82C1119F000F9D4E94910EC
S31500015CD094F8B22019F0FAF80123EEE7D4F830115E
S31500015CE0F2E7D4F8DC10EFE708B50378122B03D8F6
S31500015CF00F2B04D9002009E0183B012BFAD90448DF
S31500015D0040F27631034A16F0B1FBFF2008BD00BF11
S31500015D108E5A0300922E030070B50578049C103D3F
S31500015D20092D1FD8DFE805F0050A0F1E1E1E1E1ECF
S31500015D3014190494BDE87040FEF770BD0494BDE8E3
S31500015D407040FEF77BBF0494BDE87040FFF7B0B921
S31500015D500494BDE87040FFF7E9BB0494BDE87040C8
S31500015D60FFF7F8BD40F20641034A044816F07EFBF0
S31500015D704FF0FF3070BD00BF922E0300735A03002F
S31500015D8070B50578059C103D092D24D8DFE805F08E
S31500015D90050B112323232323171D04940978BDE83A
S31500015DA07040FEF798BD04940978BDE87040FEF78F
S31500015DB099BF04940978BDE87040FFF7CDB9049402
S31500015DC00978BDE87040FFF705BC04940978BDE881
S31500015DD07040FFF71CBE40F29B41034A034816F090
S31500015DE045FB4FF0FF3070BD922E0300535A03005E
S31500015DF00378122B02D80F2B03D97047183B012BBE
S31500015E0005D940F2FD41024A024816F02FBB704700
S31500015E10922E0300305A030038B5054690F8AD00BE
S31500015E2095F8B23000FB012113FB00F32A78DBB2AF
S31500015E30122ACCB201D0182A07D195F8362102FBD5
S31500015E40034402FB0331E4B2CBB2A34205D840F2CC
S31500015E502451034A034816F009FBEB6F185D38BD60
S31500015E60922E03000E5A030090F879308B4225BF1B
S31500015E70A2EB410252B250B222EAE270704791F9A6
S31500015E80003090F87720934204DD0A700B7880F891
S31500015E9076307047002BBCBF00230B70F6E700007D
S31500015EA010B503780446122B11D80F2B12D9D4E959
S31500015EB0440194F8732019F009F894F87320D4F882
S31500015EC01411D4F83801BDE8104018F0FFBF183B93
S31500015ED0012BECD9BDE8104040F2A951014A024814
S31500015EE016F0C4BA922E0300F359030090F87320FA
S31500015EF0FF21D0F8140119F010B800000378122B15
S31500015F0002D80F2B03D97047183B012B05D940F254
S31500015F101561024A024816F0A9BA7047922E03008B
S31500015F20C95903000378122B02D80F2B03D97047E6
S31500015F30183B012B05D940F27E61024A024816F050
S31500015F4095BA7047922E03009959030008B5037854
S31500015F50103B092B1AD8DFE803F005090D191919A9
S31500015F6019191115BDE80840FEF7B7BCBDE8084090
S31500015F70FEF7BABEBDE80840FFF7F0B8BDE8084035
S31500015F80FFF72ABBBDE80840FFF743BD40F2F761C2
S31500015F90034A044816F06AFA6FF0020008BD00BF12
S31500015FA0922E03006059030070B503780446122B44
S31500015FB003D80F2B04D9002622E0183B012BFAD96E
S31500015FC0BDE8704040F2AE71104A114816F04EBA63
S31500015FD0D4F8083153F825308BB12946D4F810018D
S31500015FE0F7F74EFB58B901222946D4F81001F7F705
S31500015FF063FBB4F8B020D4F8203123F8152001361C
S3150001600094F87030F5B2AB42E2D870BD922E03001F
S315000160101059030090F8AD0088424FF0FF3088BF59
S315000160200020704708B590F8AA208A420BD890F84C
S31500016030AC208A4207D3AE30F7F74FFB013818BFC1
S315000160404FF0FF3008BD4FF0FF30FBE708B590F881
S31500016050A8208A420BD890F8AB208A4207D3AE30EB
S31500016060F7F73BFB013818BF4FF0FF3008BD4FF083
S31500016070FF30FBE708B590F8A8208A420BD890F8C4
S3150001608004218A4207D3AE30F7F727FB013818BF40
S315000160904FF0FF3008BD4FF0FF30FBE790F80031BD
S315000160A08B4207D890F801314FF0FF308B4228BF61
S315000160B0002070474FF0FF30704700002DE9F04196
S315000160C003780446122B0E4611D80F2B12D9D4E9A8
S315000160D0443894F83551002A08BF9846C5B194F85A
S315000160E0A930B34225D94FF0FF30BDE8F081183B06
S315000160F0012BECD94FF406610F4A104816F0B6F998
S31500016100F1E739464046F7F7BBFA012806D00135D3
S3150001611094F87030EFB2BB42F3D8E4E7D4F820012B
S31500016120314600EB4700F7F7D8FA0128EFD10020F6
S31500016130DBE70025ECE700BF922E0300F2580300CF
S315000161402DE9F04105460E460C46144FDFF8508006
S3150001615095F8A830A34201D334461CE095F83521C1
S3150001616095F8B21095F8AB3001FB024402FB0333FC
S31500016170E4B29C4205DD3A464FF4E161404616F031
S3150001618075F9D5F8803000221C5D28462146FFF7B7
S3150001619095FF0028DCD12046BDE8F081922E030050
S315000161A03E59030008B502780346122A0DD80F2A74
S315000161B00ED993F872208A4210D893F870304FF0B6
S315000161C0FF308B4288BF002008BD183A012AF0D95A
S315000161D040F62D11034A044816F048F94FF0FF30F6
S315000161E0F2E700BF922E0300A4580300F8B5054656
S315000161F00C461646EBB990F8357195F8B33033B9BC
S315000162002FB140F639110C4A0C4816F02FF995F8C2
S31500016210B210D5F8C43001FB0744E4B2185D9DF80D
S31500016220182007381644B0424FF0FF30C8BF00208F
S31500016230F8BD90F83671E0E7922E0300845803000A
S315000162400378122B0BD80F2B0CD990F87030934290
S315000162500CD840F69711084A084816F007B9183BBA
S31500016260012BF2D940F6BC11034AF5E7D0F8083103
S3150001627043F82210704700BF922E030061580300B5
S3150001628008B50378122B0DD80F2B0ED990F8713063
S31500016290934213D840F6FA110B4A0C4816F0E6F869
S315000162A0002008BD183B012BF0D9084840F62121F2
S315000162B0054A16F0DBF84FF0FF30F2E7D0F80C3163
S315000162C043F82210ECE700BF922E03003D5803006D
S315000162D02DE9F041144602780646122A98460DD851
S315000162E00F2A0ED996F870308B420ED84FF42661DC
S315000162F0134A1448BDE8F04116F0B8B8183A012A15
S31500016300F0D940F68A210E4AF3E70AB24D00002180
S31500016310D6F8203106F1AE0723F81210444501D90B
S31500016320BDE8F08121463846F7F7D7F90246D6F897
S315000163302001214628440134F7F7F0F9E4B2EDE7EC
S31500016340922E03002458030010B403780C46122B36
S3150001635011460DD80F2B0ED990F870308B420ED8FE
S3150001636040F6C821094A0A485DF8044B16F07EB882
S31500016370183B012BF0D940F6ED21044AF3E72246FA
S31500016380D0F810015DF8044BF7F796B9922E030089
S31500016390E757030038B503780446122B0D4610D88B
S315000163A00F2B11D994F87030AB4205D840F62B313A
S315000163B00A4A0B4816F05AF8D4F8083153F8250062
S315000163C038BD183B012BEDD9054840F65B31034A30
S315000163D016F04CF84FF0FF30F2E700BF922E0300A3
S315000163E0C45703002DE9F04104464FF0000890F828
S315000163F0AB6094F870305FFA88F7BB420AD894F81C
S31500016400353123B194F8A9309E4238BF1E46304635
S31500016410BDE8F0813946D4F81001F7F731F90128C2
S315000164200AD194F8A8507F0094F8AB30AB4206D25B
S3150001643094F8A830B342E2D008F10108D9E7D4F8BC
S31500016440200129463844F7F748F9012802D1AE421E
S3150001645028BF2E460135EDB2E6E770B5054614466E
S3150001646031B990F8762093F90010914201DA1A7049
S3150001647070BD2678FFF7B6FF864208D028462178F8
S31500016480FFF75EFE2378834201D02070F0E70122F8
S31500016490049B28461A70FFF787FD28462178FFF7E7
S315000164A04FFEF2E7F8B5002504462E4694F8703003
S315000164B0EFB2BB4201D83046F8BD3946D4F81001D7
S315000164C0F7F7DEF8012808BFD4F8203105F10105F8
S315000164D004BF33F817301E43E8E737B50446FFF724
S315000164E0E1FF94F83531ADF806007BB9BDF8060039
S315000164F003B030BD00220DF10600F7F70FF90135A3
S3150001650094F8A930E9B28B42F4D8EFE70025F7E712
S315000165102DE9F74F0446894616461D46E0274FF0FA
S31500016520000A4FF0010B9DF83080327812B9B9F1AB
S31500016530020F28D00021084694F8B2205FFA81FCA8
S31500016540624555D818B9D4E9491018F0BFFC94F83A
S31500016550AB1094F8A80015F0B5FF94F8AB20013202
S31500016560B0FBF2F101FB1200D4F82821125C002ADB
S31500016570EDD02870D4F828110D9B0A5C013A0A5413
S3150001658083F800A00BE094F835217AB394F8A9209A
S31500016590424538BF42460D9B2A7083F800B02A78DF
S315000165A094F8AB1020468A4228BF0A462A70FFF7A4
S315000165B094FF2978ADF806000DF10600F7F78DF87E
S315000165C001280FD0013FB0D1377094F8352122B19F
S315000165D094F8A920904538BF904601230D9A85F875
S315000165E000801370002003B0BDE8F08F4246D2E769
S315000165F0D4F8283113F801C001316044C0B29DE7D7
S31500016600082070472DE9F8430022044690F8A88037
S3150001661090F8AB7090F8B230934205DDD4F82411AE
S31500016620895CD9B15FFA82F894F8352122B194F8E0
S31500016630A920904538BF9046013B002B05DCD4F8D4
S315000166402421D25C002AF7D0DFB2002694F87030FC
S31500016650B34205DC4FF0FF30BDE8F8830132DBE7DA
S31500016660D4F81401F1B2F7F70BF8012801D001367D
S31500016670ECE794F8A8504FEA460994F8AB30AB42E0
S31500016680F5D3D4F8200129464844F7F726F801281E
S3150001669003D1A84501D8AF4202D20135EDB2ECE7EC
S315000166A00020D9E708B503461B780846103B092B9D
S315000166B01AD8DFE803F005090D1919191919111569
S315000166C0BDE80840FEF748B9BDE80840FEF74CBBF7
S315000166D0BDE80840FEF782BDBDE80840FEF7BCBF35
S315000166E0BDE80840FFF7D4B940F6F941024A03482C
S315000166F015F0BCFE002008BD922E0300985703003A
S3150001670010B40446084611461A462378103B092B55
S315000167101AD8DFE803F005090D1919191919111508
S315000167205DF8044BFEF732B95DF8044BFEF730BB5A
S315000167305DF8044BFEF766BD5DF8044BFEF7A0BF9E
S315000167405DF8044BFFF7BEB940F68751024A03488C
S315000167505DF8044B15F08ABE922E03007D570300A7
S3150001676003461B780846103B1146092B10D8DFE873
S3150001677003F00507090F0F0F0F0F0B0DFEF71EB9DB
S31500016780FEF71EBBFEF756BDFEF792BFFFF7B2B985
S3150001679040F6DF51014A024815F068BE922E030009
S315000167A06157030010B40446084611461A46237879
S315000167B0102B09D0192B0BD040F61961064A074850
S315000167C05DF8044B15F052BE5DF8044BFEF706B9B1
S315000167D05DF8044BFFF79EB9922E03004357030061
S315000167E0032808B508D0012807D0054840F62961D5
S315000167F0044A15F03BFE002008BD0220FCE700BF5D
S3150001680020570300922E030008B50378102B09D0F8
S31500016810192B07D0044840F65761044A15F026FEA5
S31500016820FF2008BD0120FCE705570300922E030057
S3150001683008B50378122B03D80F2B04D9084608BDD7
S31500016840183B012BFAD940F6E361034A034815F0D8
S315000168500DFE0021F2E700BF922E0300D45603007D
S315000168602DE9F04100240C70904690F87020054601
S315000168709A420E461AD895F87030E7B2BB4202D852
S315000168800120BDE8F0813946D5F81001F6F7F8FE8A
S31500016890012809D1D5F8083153F82720337848F86B
S315000168A023203378013333700134E4E72046E8E7E7
S315000168B090F8B300704790F8B400704790F87400F0
S315000168C0704790F89C00704790F89400704790F8D4
S315000168D0C800704790F87B00704790F87A007047BF
S315000168E090F834017047000008B50378122B04D8DC
S315000168F00F2B05D9D0F8A00008BD183B012BF9D9FB
S31500016900034840F67771034A15F0B0FD0020F3E71E
S31500016910855B0300922E030008B50378102B01D086
S31500016920192B02D1D0F8A40008BD044840F6A37182
S31500016930034A15F09BFD0020F6E700BF655B0300E7
S31500016940922E030090F8B5007047000010B590F83C
S31500016950B64014B1D0F8B80010BD044840F6B9717C
S31500016960034A15F083FD2046F6E700BF475B0300A7
S31500016970922E030010B590F8B64014B1B0F9BC00E0
S3150001698010BD044840F6C371034A15F06FFD204659
S31500016990F6E700BF275B0300922E030010B590F8BF
S315000169A0B64014B1D0F8C00010BD044840F6CC7111
S315000169B0034A15F05BFD2046F6E700BF0F5B0300B7
S315000169C0922E030070B505460C46A2B990F83561C2
S315000169D095F8B33033B92EB140F6D571074A084858
S315000169E015F044FD95F8B210D5F8C43001FB064404
S315000169F0E4B2185D70BD90F83661E9E7922E0300A6
S31500016A00E15A030090F87600704790F8E10070476C
S31500016A1008B50378122B03D80F2B04D9002008BD23
S31500016A20183B012BFAD941F25B01024A024815F0E3
S31500016A301DFDF3E7922E03007D59030008B5037887
S31500016A40122B04D80F2B05D9D0F8E40008BD183B4A
S31500016A50012BF9D9034841F2CB01034A15F006FD92
S31500016A600020F3E705580300922E030008B50378CA
S31500016A70122B04D80F2B05D9D0F8E80008BD183B16
S31500016A80012BF9D9034841F23A11034A15F0EEFCFC
S31500016A900020F3E7B2560300922E030080F8351169
S31500016AA0704780F8361170474A780B7890F8940051
S31500016AB003EB02238A7803EB024358437047D0F86D
S31500016AC08C308B4207D3D0F8880088424FF0FF30D4
S31500016AD098BF002070474FF0FF30704708B5037824
S31500016AE0122B06D80F2B07D979B1BDE80840FFF75D
S31500016AF0E6BF183B012BF7D9054840F6C401054A04
S31500016B0015F0B4FC4FF0FF3008BD0846FCE700BFA6
S31500016B10C5580300922E03002DE9F047CB7B90F870
S31500016B20E05004469D420E4602D125B1012D45D0C5
S31500016B304FF0FF3532E02F4605EB45013144204643
S31500016B40FFF7B2FF94F87280D4F808A1D4F80C319B
S31500016B50A84401464AF8280043F828002046FFF7D2
S31500016B60BDFF5FFA85F994F87230D4F80811C0B9FF
S31500016B7003EB050C51F82C209AB1B4F8B010D4F8F7
S31500016B802021D4F8100122F81C1001224B44D9B25D
S31500016B900135F6F791FD052DCED100252846BDE834
S31500016BA0F0875A1941F82270D4F80C114B4441F878
S31500016BB02270D4F810010022D9B2E9E7FFF794F860
S31500016BC0002780462046FFF791F93D4606F1010967
S31500016BD0F9B2414505D3002DDFD12046FFF760F913
S31500016BE0DCE719F8173016F81720204602EB0322C6
S31500016BF092B2FFF7ABF9831CDBB2012B054607F115
S31500016C000107E5D8C9E790F8790088424FF0FF30CF
S31500016C1028BF0020704700230122184662F30700AF
S31500016C2063F30F20032363F31740022382B063F358
S31500016C301F6002B07047000037B504460D46FFF7E6
S31500016C4031FD70BBFF238DF806008DF8073029460C
S31500016C500DF1070320460DF10602FFF751FD9DF8E0
S31500016C600730073B052B14D8DFE803F0191303138C
S31500016C700D10FA234FF47A709DF806209040B0FB70
S31500016C80F3F003B030BD4FF4FA73F3E74FF44873F2
S31500016C90F0E741F28D110A4A0A4815F0E7FB7D2318
S31500016CA0E8E70023204629460DF107028DF8073053
S31500016CB0FFF756FD4FF4FA509DF80730DFE700BFA6
S31500016CC084560300915603002DE9F84314469DF8B6
S31500016CD028701E4680468946FFF7AEFF494605469F
S31500016CE04046FFF7DFFC4FF47A730B9A012802FB4B
S31500016CF004F44FEA4404B4FBF3F44FF0060202FB3A
S31500016D000544B4FBF3F214BF10371237BA4238BF49
S31500016D103A465A43B2FBF5F2062A38BF0622F82A4A
S31500016D2028BFF82293B2D20713D4338044F26723E3
S31500016D30308840F6B83245439D428ABF4FF47A7097
S31500016D401025B5FBF0F5089B1D60099B1A60BDE88F
S31500016D50F883F82B18BF0133E7E72DE9F041074621
S31500016D60884615461C46FFF79DFC064641463846B1
S31500016D70FFF762FF012E0BD14042640844434FF4F2
S31500016D807A7094FBF0F0069B401B1860BDE8F08119
S31500016D904FF47A72063C04EBD4746410C4F1010416
S31500016DA0604390FBF2F0EEE70378122B03D80F2B2A
S31500016DB004D800207047183B012BFAD8D0F8F00010
S31500016DC070470378122B03D80F2B04D80020704785
S31500016DD0183B012BFAD890F8F40070470378122B70
S31500016DE003D80F2B04D800207047183B012BFAD883
S31500016DF0B0F8F60070470378122B03D80F2B04D88E
S31500016E0000207047183B012BFAD890F8F80070471C
S31500016E100378122B03D80F2B04D800207047183B98
S31500016E20012BFAD890F8F8308B4298BF0021D0F8A0
S31500016E30FC3009B253F8210070470378122B03D8AE
S31500016E400F2B04D800207047183B012BFAD890F974
S31500016E50770070470378122B03D80F2B04D8002034
S31500016E607047183B012BFAD890F8780070477047A5
S31500016E7000207047064B9A784AB193F80821013AE7
S31500016E80012A04D8002283F80821FBF7FFBA7047CC
S31500016E90282F00201FB5134CA37893B194F808311D
S31500016EA05A1E012A0FD800230293D4F80431012176
S31500016EB001930223E220009394F80231E21CEFF7DA
S31500016EC055FA04B010BD032BFBD115F011F80023C0
S31500016ED0022200F596700190009219461846029317
S31500016EE0E21CECE7282F00207FB51E4E044696F8DB
S31500016EF00831013B012B33D8B0F80831B3F5F17FE6
S31500016F002ED1014690F8180111F8012BFBF7ECFA86
S31500016F1096F80851012D1ED110220021684617F05E
S31500016F20FCFF73788DF8003094F818318DF8013034
S31500016F3014F0DCFF03230130019068468DF8083018
S31500016F4000F0F4F900280CBF0323002386F808316A
S31500016F50284604B070BD0023012586F80831F7E7FD
S31500016F600025F5E7282F0020704700002DE9F8439A
S31500016F700546DDE9089800201E460C46174604F032
S31500016F8009FB2B78002836D023B1C421224A234895
S31500016F9015F06CFA0F20224BB4FBF0F03B60214B4D
S31500016FA03360214B0026C9F80030C8F8005001258E
S31500016FB01E4B5C7018709D7083F80861EFF7A4FD95
S31500016FC00446F5F753FC092811D9132811D91D28B0
S31500016FD08CBF0321022103222046FBF7D3F9C8B94E
S31500016FE0BDE8F843E321124A0C4815F03FBA314691
S31500016FF0F1E72946EFE723B1E821074A074815F0EB
S3150001700035FA0C4B3B600C4B33600C4BC9F8003026
S31500017010C8F80050BDE8F883A25B0300685C030072
S31500017020E96E0100956E0100756E0100282F0020A2
S31500017030D35B0300716E01006F6E0100696F010081
S315000170402DE9FF41884615461F46064620B1F32124
S315000170501B4A1C4815F00AFA1B4CA37863B310228D
S315000170600021684617F059FF63788DF801608DF8A5
S31500017070003014F03BFF0223019068468DF808307A
S3150001708000F054F920B1FE21104A0E4815F0EEF930
S315000170902A4641460E4817F019FF9DF8283001206F
S315000170A0002B14BF0123022384F80251C4F8047192
S315000170B084F80831FBF7C0F904B0BDE8F08100BFE0
S315000170C0102203004C5C0300282F0020155C0300EE
S315000170D02B2F0020704700207047000070B5244B0D
S315000170E090F818211C780546944286B02ED16CBBC7
S315000170F09B785BB32046EFF707FD1422214606462F
S3150001710001A817F00AFF204601A9FCF737F995F8FF
S315000171100A310E2B02D12046FCF7F6FA9DF8123001
S31500017120022B13D195F80A0198B9B6F858239DF8A0
S3150001713013309A420AD3FCF79BF838B9FCF78AF860
S31500017140012196F80C25202001F05CFA002006B0FA
S3150001715070BD0E28FAD00020FCF78AF80028F5D079
S315000171600020FCF76BF8002196F80C25EBE700BF31
S3150001717034300020704700002DE9F84F0F27B1FB8E
S31500017180F7F704463846884616461D46DDF828A018
S3150001719004F0F2F9DFF88C90DFF88CB070B3227846
S315000171A022B1AF211A4A1B4815F060F90020217857
S315000171B0194A01EB4101505202EB010C17498CF8B7
S315000171C002003160C5F80090CAF800B023780B9927
S315000171D003EB430313440B60237803EB430313448C
S315000171E083F80180237803EB4303D754237803EB19
S315000171F043031A4401239370BDE8F88F084A0B9B99
S315000172003260C5F80090CAF800B01C60F4E700BF10
S31500017210875C0300B45C030034300020DD7001009C
S31500017220D7700100D5700100757101007047704774
S31500017230F0B4104D00F14C0655F826406CB900F13A
S315000172405A0405EB840467683FB93C3005EB8000BE
S31500017250476817B909B102B12BB9F0BCB321064A87
S31500017260064815F003B945F8261062604360F0BC84
S31500017270704700BF38300020922E0300175D0300CF
S31500017280F422002110B5104817F047FE00220E4BDC
S3150001729005201C4611461A7001320F2A18725970C0
S315000172A0D97203F11003F6D1B4220021074817F071
S315000172B034FE042384F8F2300020BDE81040024B6E
S315000172C0034A0449FFF7B4BF383000202C310020AF
S315000172D02F7201002D7201000E289FBF044B05225B
S315000172E003EB0013002096BF1A72012098727047B3
S315000172F0383000200F2938B5054613D8814211D3FD
S31500017300044620460134A4B2FFF7E6FFA142F8D2B3
S31500017310054B93F8F020AA4204D38A429CBF00226F
S3150001732083F8F02038BD00BF3830002002780E2ADD
S3150001733010D8094B416803EB02135960027A1A729D
S3150001734042785A70427A5A7201229A72C27A00209F
S31500017350DA727047012070473830002000487047C4
S31500017360383000202DE9F74F00F0DEFC054600F02D
S315000173706BFF064660B114F0B9FD361A002E09DC22
S31500017380002000F067FFFF220021012001F03AF9F9
S315000173906FF0004645B14FF47A707043A84228BF9A
S315000173A0284603B0BDE8F08F734C94F8F03004EB37
S315000173B003135878EFF7A0F8052808D100F01AFD55
S315000173C04FF47A754FF47A7303FB06F0E6E718B1CA
S315000173D0072801D0694DF5E794F8F03004EB031363
S315000173E0DB7A8BB114F082FD94F8F03004EB0312D2
S315000173F0D268801A7838002840F3BC804FF48D712A
S315000174005F4A604815F032F894F8F0207AB104EB3F
S3150001741002135B78A3EB0313134404EB8302D2F844
S315000174206C31D2F8F4009847002384F8F03000203C
S3150001743000F034FFDFF840810746C1464FF0000BEC
S315000174404FF0050A504E99F808105FFA8BF205299C
S315000174501ED094F8F20088421AD394F8F110B9B903
S31500017460D9F804300192009314F040FD009B181ADC
S3150001747000280DDC99F80810514509D8B04207DCFF
S31500017480002F019A00DD19B906468A4684F8F020D4
S315000174900BF1010BBBF10F0F09F11009D3D1BAF1B1
S315000174A0050F25D14FF0000998F808305FFA89FBDE
S315000174B0052B16D094F8F2209A4212D394F8F130A3
S315000174C07BB9D8F804A014F011FDAAEB0000B04274
S315000174D007DA002F02DD98F8083013B9064684F85A
S315000174E0F0B009F10109B9F10F0F08F11008DBD16C
S315000174F0002F16DD244B9E4213D10023B7423D4691
S31500017500A8BF354684F8F03000F09EFE044678B3F5
S3150001751014F0ECFC201A20EAE0704FF47A73584319
S315000175203CE7002E1DDC94F8F06014F0DFFC94F8C3
S31500017530F02004EB061604EB02135B78F060A3EB74
S315000175400313134404EB83024C3354F82330D2F86B
S31500017550F400984794F8F03004EB031405232372E2
S31500017560D2E700234FF47A7584F8F0307543CBE700
S315000175700648D2E7014814E738300020C0D401009C
S31500017580D35C0300FF5C0300FFFF1F009BC42000C8
S31500017590024B184490F8F100704700BF38300020C4
S315000175A010B5044C0922E11CA01C17F09CFC082311
S315000175B0E37210BDE03100204FF00832034BC3F8EF
S315000175C00220C3F806205A81704700BFE03100202F
S315000175D00020704708B5FFF7EFFF0122044B93F82F
S315000175E01C0183F82821BDE80840EFF773BC00BFF2
S315000175F0E0310020FFF7EEBF1FB50023164C94F8CB
S315000176001C01C4F81031FCF71DFFFCF729FE20B15F
S31500017610D4F810310A33C4F8103194F81C01FCF780
S315000176202BFDFCF7A8FC90B194F81C01FCF724FD96
S3150001763003AB0DF1060202A9FCF790FC14F065FFFD
S31500017640D4F81021029B13440344C4F81031D4F832
S31500017650100104B010BD00BFE031002010B514F0D8
S3150001766045FC0A4BD3F82C21801AA0F59670002808
S3150001767006DCBDE810409A78054B53F822301847CE
S31500017680FFF7A8FF4FF0FF3010BD00BFE03100202B
S31500017690385D030038B505460B4CFFF781FF6B6873
S315000176A0C4F80C312378042B06D1FFF7A5FFD4F8D3
S315000176B00C31181AC4F80C01012384F81431BDE801
S315000176C03840FFF7CBBF00BFE031002010B5094CB1
S315000176D0FFF766FF94F8143123B1012194F81C01D8
S315000176E0EFF72AFC94F81C01D4F80C11EFF71AFCF9
S315000176F0002010BDE0310020F0B5364C87B0FFF711
S315000177004FFF2378013B032B61D8DFE803F0021614
S31500017710562794F81C11D4F80C01EEF76FFE0546B6
S3150001772094F8143123B1012194F81C01EFF704FCFC
S315000177306B1C22D1FFF74EFF1FE094F81C31264A3D
S315000177400293D4F80C31617D019394F80931207DBF
S31500017750009394F80831EEF709FEE0E7D4F81851E2
S31500017760D4F80C61FFF748FFC835AD1B281A00286D
S3150001777006DAFFF72FFF4FF0FF35284607B0F0BDB9
S31500017780617D94F80831D4F80C51267D94F809717D
S3150001779005910493FFF730FF94F81C212844CDE9A5
S315000177A00070049B029230460B4A0599EEF7DEFD06
S315000177B00123054684F81431B2E794F81C31D4F854
S315000177C00C2194F808110448EEF7FAFDA7E74FF0EB
S315000177D0FF35A5E7E0310020F6310020F0B5154E62
S315000177E089B096F81C01EFF78FF9044696F81C014B
S315000177F0FCF728FE104905468A7ACB7A4F6820683D
S31500017800497A0024D6F80C6107920693FFF714FA19
S3150001781005210123CDE90204CDE90413DDE9063290
S3150001782028463946CDE90046FCF71CFD204609B03D
S31500017830F0BD00BFE0310020103300207FB5154CAC
S3150001784094F81C01EFF760F994F81461054694F871
S315000178501C01A6B10A2384F81D31FCF70DFCD5F8ED
S3150001786068130446039114F043FB002203462046A5
S3150001787003990092FCF782FB002004B070BDD4F896
S315000178800C310393FCF7F8FB00963246039BD5F8BF
S315000178906813EFE7E03100200A2337B50024094DCC
S315000178A095F81C0185F81D31FCF7E6FB06490094A5
S315000178B02246D5F80C314968FCF760FB204603B037
S315000178C030BD00BFE03100201033002008B5074B62
S315000178D0074993F81C01FBF79BFE20B9FFF77AFED7
S315000178E04FF0FF3008BD0020FCE700BFE03100206B
S315000178F0103300207FB51B4DFFF752FE95F81C0192
S31500017900EFF702F90024C36AADF80E400093D0F8F0
S315000179106833154E0193D0F8C033D5F80C11029394
S31500017920037B8DF80C3090F8863395F81C019A1E6E
S31500017930534253418DF80D306A463346FBF738FD05
S3150001794028B9FFF747FE4FF0FF3004B070BD366827
S31500017950FFF752FE301AC5F80C01FFF77FFE2046ED
S31500017960F3E700BFE03100201033002070B5304C42
S31500017970FFF722FE94F81C01FBF77AFC034694F804
S315000179801C01A3B30023A370FCF75CFDFCF768FCA4
S3150001799048B30225E57094F81C01FCF76DFBFCF772
S315000179A0EAFA20B101226B1C2544AA70DDB203223A
S315000179B063196E1C9A7094F81C01F6B2FCF75CFB15
S315000179C0FCF7D9FA20B1042326440235B370EEB28E
S315000179D0227B731CDBB226443AB90622B2701C44E0
S315000179E00823A37070BD0125D5E70722F6E7FCF74A
S315000179F029FDFCF735FCB0B105230125A37094F8E8
S31500017A001C01FCF739FBFCF7B6FA20B104226B1C0A
S31500017A102544AA70DDB2227B6B1CDBB2254422B958
S31500017A200622AA70DBE70546E9E70722F9E700BF68
S31500017A30E031002010B5044C94F814311BB914F050
S31500017A4057FAC4F80C0110BDE031002008B5FFF764
S31500017A50A7FDFFF7EFFFBDE80840FFF7FFBD0000F8
S31500017A602DE9F0411E4E8AB096F81C01EFF74CF84D
S31500017A70017B04460068D6F80C81FEF713FE054625
S31500017A8048BB217B0DF127030DF126022068FEF785
S31500017A9037FE96F81C01FCF7D5FC9DF826209DF8CB
S31500017AA027300646217B2068D4F86873079206932F
S31500017AB0FFF7C2F8DDE906320595617CCDE9018063
S31500017AC0CDE90351304639460095FCF7CBFB002042
S31500017AD00AB0BDE8F0810020FFF7B8FFF7E700BF65
S31500017AE0E031002008B5FFF75BFD0022044B83F867
S31500017AF01D21FFF79FFFBDE80840FFF7AFBD00BF9F
S31500017B00E031002010B5094B044693F81C01FBF740
S31500017B10AFFB20B12046BDE81040FFF797BFFFF746
S31500017B2089FFBDE81040FFF799BD00BFE031002095
S31500017B30074B9A78013A012A08D993F81C011B7858
S31500017B40012B01D1EFF7D0B9EFF7D8B90020704773
S31500017B50E031002010B5124C94F81C01FBF788FBAC
S31500017B6090B194F81E310133DBB2042B84F81E3137
S31500017B7011D814F0BDF9C830C4F80C01FFF7F6FEB0
S31500017B80BDE81040FFF76ABDFFF7D2FF0446FFF7D5
S31500017B90EDFE002CF4D0BDE81040FFF71BBD00BF81
S31500017BA0E031002010B5174C94F81C01FBF760FB7F
S31500017BB0B0B194F81E310133DBB2042B84F81E31C7
S31500017BC00AD814F095F9C830C4F80C01FFF7CEFEB7
S31500017BD0BDE81040FFF742BDBDE81040FFF7FABC13
S31500017BE0FFF7A6FF94F81D310133DBB2092B84F8A8
S31500017BF01D31F1D80028EFD114F07AF9C830C4F854
S31500017C000C01E5E7E0310020FFF7E4BCFFF7E2BC39
S31500017C1070B504463A4D8AB04FF498720021284651
S31500017C2017F07BF92C6100240020FCF725FA354B6F
S31500017C300422CDE90243344B2969CDE9004304947A
S31500017C40324BFCF73BF92046EEF75EFF036893F8EB
S31500017C50B6305BB32046EEF757FF90F80C05FCF7FC
S31500017C600BFA06462046EEF74FFF0068FEF76EFE5A
S31500017C7009902046EEF748FF0068FEF77BFE089064
S31500017C802046EEF741FF0068FEF788FEDDE9082190
S31500017C9003463046FCF758F92046EEF735FF90F8D3
S31500017CA00C05FCF7E9F90121FCF762F90024002033
S31500017CB0FCF7C8FB164B0522CDE90443154B296990
S31500017CC0CDE90243144B0694CDE90043134BFCF76F
S31500017CD07BFA296920460891EEF716FF104BCDE98C
S31500017CE00044CDE90243049402680E4B20460899EC
S31500017CF0FBF7F6F90AB0BDE87040FFF75DBC00BFBF
S31500017D00E0310020F5750100A57B0100E57A01004F
S31500017D100D7C0100057B0100557B01004D7A0100B8
S31500017D20097C010095760100034B42F210709B78A5
S31500017D30052B88BF00207047E03100202DE9F74F61
S31500017D400E9F0025064688469DF830B09DF834A062
S31500017D509DF83C900192009314F0C8F8244CC4F8A5
S31500017D602C01257384F8285184F81E5184F81D517D
S31500017D70C4F81051C4F8185126B3019A00996275D6
S31500017D8004F116005A46267084F8148084F81451BA
S31500017D9017F09CF884F808B184F809A184F81C91BD
S31500017DA0FFF7E4FD042E12D1C4F81871FFF724FC85
S31500017DB0381AC4F80C0114F09BF8D4F80C31C01A27
S31500017DC0A8420CDD4FF0FF3003B0BDE8F08F4FF451
S31500017DD09671C82014F076FB3844C4F80C01FFF7FD
S31500017DE0A7FE0028EED103B0BDE8F04FFFF736BC81
S31500017DF0E031002070B500250126134C267384F866
S31500017E001E5184F81D5114F071F8C4F82C0194F830
S31500017E101C01EFF77DF80223C4E94305237084F8BA
S31500017E201451FFF785FE48B1FFF7C6FB94F81C0114
S31500017E3084F82861BDE87040EFF74CB8FFF796FD6E
S31500017E40BDE87040FFF70ABCE0310020034B1A7B06
S31500017E5012B993F82801704700207047E0310020DD
S31500017E60FFF7B8BB0023C0E90433C38003818381D4
S31500017E70836183884381704701608280FFF7F2BF87
S31500017E807047808970472DE9F84F0446DDE90A8974
S31500017E909B460F46924614F038F8A389002B00F052
S31500017EA08A80E188A2884B1CB3FBF2F602FB1633EB
S31500017EB02068455C0231C65CB1FBF2F302FB13118B
S31500017EC006EB0526B6B2455C002F45D1E388A288AC
S31500017ED003339BB2B3FBF2F102FB11339BB2E38096
S31500017EE0B8F1000F4DD1E388A2881FFA85F81D4429
S31500017EF0ADB2B5FBF2F302FB1355ADB2E5808FB11E
S31500017F0086B12168AB199342294451DD521B38468B
S31500017F1016F0DCFFA088E3882168C01A321A3844BB
S31500017F2016F0D4FFE388A28833449BB2B3FBF2F187
S31500017F3002FB1133E380638903339844A3894644E2
S31500017F40013BA3816369668101336361002413F0F8
S31500017F50E3FF2046BDE8F88FB8F1000FB6D0BAF1BD
S31500017F60000F2AD0B9F1000F27D0B345AAF8006057
S31500017F7089F8005003D39DF83030AB42A6D20324D2
S31500017F80E5E7002DAFD021685819904219440CDD60
S31500017F90D21A404616F09AFFA088E3882168C01AD3
S31500017FA02A1A404416F092FF9DE72A464046F9E711
S31500017FB032463846B4E70224C9E70124C7E72DE96A
S31500017FC0F74F154604469DF830700193FE1C88460E
S31500017FD02E4413F09AFFA288B6B2BBB29642009322
S31500017FE000F2BC80D4F800E0019963899E4271D801
S31500017FF023892A0A0EF803202389A28801339BB21A
S31500018000B3FBF2F002FB103322689BB22381D554F5
S315000180102389A28801339BB2B3FBF2F002FB103332
S3150001802022689BB22381D7542389A28801339BB24C
S31500018030B3FBF2F002FB10339BB22381EFB1206850
S3150001804003EB070C9445184440F38380D21A01913F
S3150001805016F03CFF2289A38801999B1A2068FA1A17
S31500018060194416F033FF2389009A1A4493B2A28861
S31500018070B3FBF2F102FB11332381DDB12389A2881F
S31500018080206859199142184465DDD21A414616F005
S315000180901DFFA18823892068C91A6A1A414416F06E
S315000180A015FF2289A3881544ADB2B5FBF3F203FB94
S315000180B01255258163899E1BA38966810133A3819C
S315000180C0236901332361002413F026FF204603B000
S315000180D0BDE8F08FB4F80C90B9F1000F35D0E08807
S315000180E0033300F1010ABAFBF2FB02FB1BAA1EF8DD
S315000180F000C01EF80AA009F1FF390AEB0C2C00F1A9
S31500018100020ABAFBF2FB033080B202FB1BAAB0FBE8
S31500018110F2FB02FB1B001EF80AA0A4F80C905044C7
S3150001812080B2B0FBF2FB02FB1B0010FA8CF080B2AE
S31500018130B0FBF2FB02FB1B009A4463691AFA8CFC42
S315000181400133E080A4F80AC06361A3690133A36126
S315000181504BE73A4685E72A464146A0E70324B3E7BB
S31500018160F0B5044689B01422002103A816F0D5FE05
S3150001817094F818318DF80C30B4F804318DF80E30BE
S3150001818094F80A318DF8193094F808318DF80F30CA
S3150001819094F80B318DF81030D4F80C31059394F81E
S315000181A010318DF8183094F814318DF81B3094F88D
S315000181B015318DF81C30B4F906313F2B2BDD7F23A9
S315000181C00E250026164F8DF80D30204657F8043B34
S315000181D09847013D304415F0FF05C6B2F5D194F834
S315000181E00A31B3B1AEB994F8083193B114232146DB
S315000181F0009311F8012B0B4803ABFFF7E0FE40B9E2
S315000182000420314694F8182100F0FCF90548FFF7DF
S3150001821037FE09B0F0BD13F1800FB8BF8023CFE759
S315000182205436002038340020004870473834002086
S31500018230014B83F81001704720330020014B93F85E
S315000182401001704720330020014BD3F81401704709
S3150001825020330020014BC3F814017047203300205E
S31500018260014BD3F808017047203300204FF0FF334C
S3150001827030B5094D01440A1A002A01DCD84330BD44
S3150001828010F8012B5340082243F300042C40013A15
S3150001829084EA5303F8D1EEE72083B8ED30B593B005
S315000182A00546EEF767FA0446FBF700FB012818D1ED
S315000182B00021402202A88DF8071016F02EFE2B464B
S315000182C0102202A90DF10700EEF7C2FD20B19DF8BB
S315000182D0070002A9FBF736FC14B1A042B8BF20463D
S315000182E00446204613B030BD38B5054614F0B8F83B
S315000182F0002828460CBF00240224EEF799F802282C
S31500018300284608BF44F00804FFF742F908B144F0D3
S3150001831010042846EEF78CF8012808BF44F0400403
S31500018320204638BD1FB510220021684616F0F5FD1E
S31500018330002110236A46084613F0F6FD0D4B009AFC
S31500018340D3F86C339A4211D00C2168460093FFF79B
S315000183508DFF002110236A460390084613F050FF53
S31500018360002110236A46084613F0DEFD05B05DF8CC
S3150001837004FB00BF203300201FB5102200216846F0
S3150001838016F0CBFD0021102308466A4613F0CCFDFA
S315000183900C216846FFF76AFF039B984206D10A4BF8
S315000183A0009AC3F86C2305B05DF804FB00216A4608
S315000183B008461023009113F023FF002110236A467B
S315000183C0084613F0B1FDEEE7203300202DE9F04712
S315000183D00D46514C86B0C4F8081100F0DFF8FBF7E2
S315000183E051FA4E4A00212846EDF708FF00210846BA
S315000183F0EEF74EF80020EEF733F80020EDF77AFF9E
S315000184000021EDF78FFFFF210DF1140804AE084698
S3150001841003AB04F54D72CDF804800096EFF7E0FB4F
S31500018420DDE9042301200399FEF702FFFF2103ABD7
S31500018430084604F54E72CDE90068EFF7E1FADDE989
S31500018440042302200399FEF7F3FEFF2103AB08463E
S3150001845004F54F72CDE90068EFF7E0F9DDE9042391
S3150001846003200399FEF7E4FEFF2103AB084604F55A
S315000184705072CDE90068EEF7B7FFDDE90423042069
S315000184800399FEF7D5FEFF2103AB084604F55172A9
S31500018490CDE90068EFF76EF8DDE9042305200399BD
S315000184A0FEF7C6FE4FF006091D4F04F5527A79789C
S315000184B05246C1EB0111494438467D6803ABC9B246
S315000184C0CDE90068A847DDE9042309F1010548461D
S315000184D003995FFA85F9FEF7ABFEB9F10F0F07F1C4
S315000184E008070AF1040AE2D1002384F810316FF07B
S315000184F000430C494FF40072A1F11C00C4F8143179
S31500018500FFF7BAFCFFF738FFD4F86C330133C4F830
S315000185106C3306B0BDE8F08720330020618101008D
S31500018520040F002054340020014BD3F86C0370472C
S31500018530203300202D2810B5044604D96021044AB1
S31500018540044813F093FF0448044494F82F0010BD27
S31500018550922E0300735D0300903600202D2810B57E
S31500018560044604D96A21044A044813F07FFF0448EB
S31500018570044494F85D0010BD922E03005C5D030077
S31500018580903600202D289FBF034BC01880F82F106E
S3150001859080F85D20704700BF9036002038B505464B
S315000185A000240022E0B211460134FFF7EBFF2E2C26
S315000185B0F7D1024B1A70C3F8BC5038BD9036002073
S315000185C02D2810B50BD8064B1C1894F82F201844EB
S315000185D0FF2A1CBF013284F82F2080F85D1010BDE0
S315000185E090360020034A13780BB1013BDBB21370BE
S315000185F0704700BF90360020014B1878704700BFC6
S315000186009036002073B50F4D04462B7816462D2B58
S31500018610019115D8FFF78EFF019928B92B78EA1831
S31500018620013382F88B402B702046FFF7C9FFD5F83E
S31500018630BC302C4466701BB102B0BDE870401847CF
S3150001864002B070BD90360020084B1A7852B11A4418
S3150001865092F88A201A44527802701A78134493F8D1
S315000186608A007047FF230370184670479036002032
S31500018670CB08C943C05C01F00701084100F00100C5
S31500018680704730B5CD08C943012301F0070103FA4C
S3150001869001F4435D8A4023EA04031343435530BD85
S315000186A02DE9F047002406460F4625464FF0020AFB
S315000186B06FF00108DFF84C9021463846FFF7D8FFE6
S315000186C0317809EB41031AFB010101F00F01317009
S315000186D004FB08811B5C01F00E018B40601C04F059
S315000186E007041D43072C29B2ADB206D113462D0A44
S315000186F003F8025B517000251A4628280446DBD18F
S31500018700BDE8F0870C61030083794BB1012B0AD1D7
S31500018710C379032B8CBF4FF400704FF4C0707047C0
S315000187204FF4C07070474FF400707047C900437929
S31500018730163130B589B2032B0FD8DFE803F0020AF0
S3150001874036380623594305230431B1FBF3F189B2C7
S3150001875003E001EB4101C1F34F01302501F12F0483
S31500018760B4FBF5F4437A1C441471B1FBF5F405FB33
S31500018770141104EB840303EB83035B0089B29BB200
S3150001878011B102310B449BB2417AC1EBC10401EB39
S31500018790C40103EB41039BB253800733DB10138003
S315000187A0037A0BB90123137130BD4900CFE701EB01
S315000187B04101CCE730B5C57980792F4C012818BF26
S315000187C0342034F8154014BFB4FBF0F0E0086328F8
S315000187D0088027D030D83C2849D01FD81E2809D870
S315000187E0092805D9012404FA00F0244C04402CB9C7
S315000187F0032012E0232801D02F28F9D1062010806A
S3150001880023FA00F21E48B3F5C07F825C4A8003F06A
S315000188103F028A80ECD20020CB8030BD3E2826D094
S315000188205628E5D1062010801648DA09825C4A806E
S3150001883003F07F028A80EEE7B0F5C37F10D00BD834
S31500018840B92801D0C628D3D1062010800E481A0AAD
S31500018850825C4A80DAB2EDE740F29314A042C7D1B6
S31500018860062010804FF484728B804A80D3E738202B
S3150001887010809A09C6E700BF9C5D030000044050C2
S31500018880005F0300065F03000A5F030002885308C6
S315000188900380D20742BF4A88534003808B880288EF
S315000188A09A4218BF53400A889A42EFD3581E80B2A3
S315000188B07047137A10B50C4643B1FFF7E7FF2388DB
S315000188C0B0EB530F28BFC01A00B210BDC8880B8881
S315000188D0B0FBF3F203FB120080B2F0E72DE9F04F93
S315000188E00026ADF52B7D01900691144631464FF4D5
S315000188F0177213A8B49D0293129616F00EFB314619
S31500018900FF2202988BB2984200F2BC8029464FF6AC
S31500018910FF73A74E42198A424FEA132440F0C680DC
S3150001892002994FF0020B6C54002188460E46537093
S31500018930029BDFF888A29C1CA4B2E700063791705F
S31500018940BFB212AA8BB29F4201F0070900F2B780AB
S3150001895004EB4404E4001234A4B2B9F1000F04D0CC
S31500018960330C1370330A53709670FF220021284688
S3150001897016F0D3FA019B5F79032F2BD00DF1380A3C
S3150001898052468C4B03F1080C164618685968083391
S3150001899003C663453246F7D1186899889B79022F39
S315000189A0B37198BF844B306098BF13F807904FF0AE
S315000189B00007B18088BF4FF000093E46B846BC4269
S315000189C000F29F80B4B2224607322946D20812A885
S315000189D016F07CFA019B00215E7A722316FB03F6E0
S315000189E08AB213465343A34201F10101F8DB4FF06A
S315000189F0000853085200079393B20393B3B21E467D
S31500018A00C34647460FFA84F90493B9F1000F00F300
S31500018A108F800027049B3C46F61A029B01998DF82C
S31500018A203030019BC9791A795B79DFF894A1DB00B3
S31500018A3003EB4213019AB6B2927903EB8203019AD0
S31500018A40DBB2127A03EBD103002A14BF0222002201
S31500018A5013448DF83130069B1B0903EB41138DF846
S31500018A603230069B19018DF83310019B5B7ABB42AC
S31500018A7000F2A880A0190730C0F3CF000DF52B7DB9
S31500018A80BDE8F08F635C5340180940EA03136B5449
S31500018A90131183EA521383EAD20303F0010383EA33
S31500018AA0D21343EA4203DAB201312AE711F8010B84
S31500018AB0604036F8100080EA03239BB22BE7284674
S31500018AC00391FFF7D5FD03990AEB480313F800C09C
S31500018AD0CB431BFB080803F0070303EB43030CFA24
S31500018AE003F3B9F1070F08F03F0846EA030606D17A
S31500018AF0330C13709670330A00265370033201311A
S31500018B0020E71AF808305BB1394612A8FFF7B0FD25
S31500018B1006F1010B024631462846FFF7B2FD5E46D5
S31500018B2008F10108C14508BF4FF00008013746E7C3
S31500018B304B46302BA8BF30234FF0000A00223146A6
S31500018B4028460593FFF79DFD0022711CFFF799FD4D
S31500018B50B31C0893089B3946534412A80993FFF79F
S31500018B6087FD099B024619462846FFF78AFD039BA6
S31500018B701F44BFB2BC420DD8079B5B449FB2039B07
S31500018B80BB429FBF08F101081FFA88F84746C34652
S31500018B9088BFBB46059B0AF1010A9A45DADB1A46EC
S31500018BA00232A9F1300916440FFA89F9B6B22CE757
S31500018BB00C5F0300895D0300985D03002C610300CF
S31500018BC0D85E03009DF83320013BDB1B22F00C022B
S31500018BD0DBB242EA83038DF83330FF2200230CA86F
S31500018BE010F8011B01334A409BB23149042B8A5CC0
S31500018BF0F6D14FF000088DF834200CA90EAA0DF11C
S31500018C002F00CDE90E88ADF840808DF82F80FFF753
S31500018C1047FD0EAA0CA90DF12F00FFF741FD4246B3
S31500018C2021462846FFF72DFD4246611CFFF729FD27
S31500018C30DFF8808004F1020B18F8011B0EA8FFF77C
S31500018C4017FD594602462846FFF71BFDC2450BF1A3
S31500018C50010BF1D1DFF8608004F14A0B08F1280914
S31500018C6018F8011B0EA8FFF703FD594602462846D0
S31500018C70FFF707FDC1450BF1010BF1D14FF00008DC
S31500018C8004F12A09019B41461868FFF7F1FC09EB3B
S31500018C90080B02465946284608F10108FFF7F1FC80
S31500018CA0B8F1200FEED17234A4B20137DDE600BF70
S31500018CB0B05D0300B05E0300D85E030007B56A46E7
S31500018CC0FFF734FD7D20BDF802301B027C33B3FB78
S31500018CD0F0F003B05DF804FB1FB584238DF80C306A
S31500018CE000238DF80D100222009303A912F08AFECB
S31500018CF005B05DF804FB1FB580238DF80C30002309
S31500018D008DF80D100222009303A912F07BFE05B027
S31500018D105DF804FB1FB5C1238DF80C300023012239
S31500018D20009303A912F06EFE05B05DF804FB1FB5B2
S31500018D3083238DF80C300B0C8DF80D300B0A8DF852
S31500018D400E3000238DF80F100422009303A912F0B0
S31500018D5059FE05B05DF804FBB1F5802F02D28901F9
S31500018D60FFF7E5BF022070471FB582238DF80C304F
S31500018D700B0C8DF80D300B0A8DF80E3000238DF893
S31500018D800F100422009303A912F03CFE05B05DF812
S31500018D9004FBB1F5802F02D28901FFF7E5BF02205E
S31500018DA070471FB59F238DF80C3000238DF80D10E9
S31500018DB00222009303A912F025FE05B05DF804FB1B
S31500018DC01FB594238DF808300B0C8DF809300B0A6A
S31500018DD08DF80A30130C8DF80C30130A8DF80D300E
S31500018DE000238DF80B108DF80E200093072202A99F
S31500018DF012F008FE05B05DF804FB92018901FFF748
S31500018E00DFBF1FB5C5238DF80C3000230122009367
S31500018E1003A912F0F7FD05B05DF804FB1FB5D123D8
S31500018E208DF80C3000230122009303A912F0EAFD0C
S31500018E3005B05DF804FB1FB5D2238DF80C30002375
S31500018E400122009303A912F0DDFD05B05DF804FBD4
S31500018E501FB596238DF80C3000238DF80D100222D4
S31500018E60009303A912F0CEFD05B05DF804FB1FB512
S31500018E7089238DF80C3000238DF80D100222009302
S31500018E8003A912F0BFFD05B05DF804FB1FB59823D9
S31500018E908DF80C3000238DF80D108DF80E200093FF
S31500018EA0032203A912F0AEFD05B05DF804FB0332FF
S31500018EB0C2F38702C1F38701FFF7E8BF1FB5952308
S31500018EC08DF808300B7805228DF809304B788DF82E
S31500018ED00A308B788DF80B30CB7802A98DF80C30DF
S31500018EE00023009312F08EFD05B05DF804FB1FB55B
S31500018EF093238DF80C3000238DF80D100222009378
S31500018F0003A912F07FFD05B05DF804FB1FB50D2422
S31500018F108DF80E108DF80C4000930C0A134603A928
S31500018F2003228DF80D4012F06DFD04B010BD1FB582
S31500018F301D248DF80E108DF80C400C0A00210093AB
S31500018F408DF80F10134603A904228DF80D4012F077
S31500018F5089FD04B010BD1FB50E248DF80D100093C8
S31500018F6003A9134602228DF80C4012F04BFD04B002
S31500018F7010BD1FB58DF80D1000211E248DF80E10A1
S31500018F80009303A9134603228DF80C4012F06AFDE3
S31500018F9004B010BD30B5082587B0BDF828408DF85E
S31500018FA00C508DF80E1021FA05F58DF81020110AD6
S31500018FB08DF812301A0A230A8DF8133000238DF822
S31500018FC00F108DF811200093092203A98DF80D5079
S31500018FD08DF8144012F016FD07B030BD1FB51223EF
S31500018FE00222ADF8083000230C46ADF80C30009291
S31500018FF003AB02A912F036FD30B99DF80C209DF89D
S315000190000D3003EB0223238004B010BD1FB50223EC
S315000190108DF80C300B0A8DF80D3000238DF80E10EB
S315000190200322009303A912F0EDFC05B05DF804FBE1
S31500019030002373B50D460DF106010646ADF806305F
S31500019040FFF7CCFF044618B9BDF8061019B94DB99A
S31500019050204602B070BD3046FFF7D8FF0028F6D093
S315000190600446F5E7BDF806302B80F1E71FB59D23D1
S315000190708DF80C3000238DF80D100222009303A900
S3150001908012F0C0FC05B05DF804FB1FB597238DF8FF
S315000190900830130C8DF80A30130A8DF80B300023B3
S315000190A08DF809108DF80C200093052202A912F003
S315000190B0A9FC05B05DF804FB1FB586238DF80830C1
S315000190C00B0E8DF809300B0C8DF80A300B0A8DF852
S315000190D00B3000238DF80C100522009302A912F023
S315000190E091FC05B05DF804FB1FB58A238DF80C30A1
S315000190F000238DF80D100222009303A912F082FCC1
S3150001910005B05DF804FB1FB51122ADF80C20012254
S315000191100B46009203A9022212F0A4FC05B05DF8E9
S3150001912004FB1FB58E238DF80C3000238DF80D102E
S315000191308DF80E200093032203A912F063FC05B0FB
S315000191405DF804FB8B2330B587B08DF810300B78B2
S315000191500C468DF811304B7805228DF812308B783C
S3150001916005468DF81330CB7804A903F001038DF879
S3150001917014300023009312F045FCE8B98DF80F0076
S31500019180012340F6890128460DF10F026478FFF7A5
S31500019190CEFE88B99DF80F30062C0CBF03F0FB03F9
S315000191A043F004038DF80F3040F689010123284668
S315000191B00DF10F02FFF7AAFE07B030BD7FB58C2374
S315000191C08DF80C300B881A0A8DF80E308B788DF8D5
S315000191D00D208DF80F30CB780A228DF810300B79DF
S315000191E08DF811304B798DF812308B798DF813305B
S315000191F0CB798DF814300B7A03A98DF8153000233D
S31500019200009312F0FFFB07B05DF804FB8C2330B529
S3150001921087B08DF810300B880C461A0A8DF812307B
S315000192208B788DF811208DF81330CB7807228DF8C5
S3150001923014300B7905468DF815304B7904A98DF854
S3150001924016300023009312F0DDFBD0B98DF80F0024
S31500019250012340F2367128460DF10F02FFF767FE32
S3150001926078B962799DF80F306AB103F0FB038DF886
S315000192700F3040F23671012328460DF10F02FFF738
S3150001928045FE07B030BD43F00403F0E71FB5882360
S315000192908DF808300B788DF809304B788DF80A3047
S315000192A08B788DF80B30CB788DF80C304B681A0C17
S315000192B08DF80D201A0A8DF80E208DF80F30082230
S315000192C000230DEB0201009312F09CFB05B05DF843
S315000192D004FB1FB58F238DF80C3000238DF80D107C
S315000192E08DF80E200093032203A912F08BFB05B023
S315000192F05DF804FBF829F0B50C4628BFF8240546AD
S315000193000F460023013485B0C4F346041F2CDEB298
S3150001931003F101031FD8A0238DF80C30730001332C
S3150001932004FA03F38DF80D30002302222846009338
S3150001933003A912F067FB60B95FB106EBC404012310
S3150001934040F2067128460DF10B028DF80B40FFF72E
S31500019350DDFD05B0F0BD0334C4F38704D6E71FB5C0
S31500019360C02301228DF80C3000230C468DF80F30F6
S3150001937000920DF10F0303A912F074FB38B99DF8A1
S315000193800F30C3F34202C3F302132270637004B0B9
S3150001939010BD1FB513230222ADF8083000230C4679
S315000193A0ADF80C30009203AB02A912F05BFB28B9B1
S315000193B09DF80C3023709DF80D30637004B010BD1C
S315000193C01FB51423ADF80830174B0C461B88022233
S315000193D0ADF80C3000238DF80E30032302A900935B
S315000193E003AB12F03FFBE8B99DF80C3003F0010224
S315000193F02270C3F340026270C3F38002A270C3F30A
S31500019400C002E270C3F30012C3F3401363719DF807
S315000194100D3022715B425B10A3719DF80E305B42E9
S315000194205B10E37104B010BDAC6103001FB51423DA
S31500019430ADF80830104B0C461B880222ADF80C30F3
S3150001944000238DF80E30032302A9009303AB12F01B
S3150001945009FB70B99DF80C305B425B1023709DF9D6
S315000194600D3002339B1063709DF80E305B425B102A
S31500019470A37004B010BD00BFAC6103001FB5152376
S31500019480ADF80C3000238DF80B3001230C46009308
S3150001949002220DF10B0303A912F0E4FA20B99DF89B
S315000194A00B305B425B10238004B010BD12F000BB91
S315000194B012F016BB10B580B10023094A52F83340A9
S315000194C0844205D3002002EBC3031B790B7010BD48
S315000194D00133152BF2D10220F9E70320F7E700BF8C
S315000194E04C0F00200A289ABF024B53F82000002097
S315000194F0704700BFC86103000279F0B5002A14BFA6
S31500019500102200228B7886781F1DC378012E02EB6C
S31500019510C3020CBF002314230C78A2EB8402062C91
S315000195204FEA84051A44A4F1020603DDCB7808321A
S3150001953003B1083D002AACBFAB182B1C013B93FBC2
S31500019540F5F20388062C07FB0233CCBF0C330E332E
S315000195509B00013303FA06F0F0BD38B5FFF7CCFFE7
S3150001956004464878FFF7BEFF4FF47A73421E03FBA9
S315000195700423B3FBF0F038BD42790388012A0CBFFE
S31500019580082200221344C278017913448279002902
S3150001959018BF0132C17906298EBF00200248405CFE
S315000195A0104403EBC0007047C061030010B50C46C0
S315000195B0FFF7E2FF4FF47A712268531E01FB003078
S315000195C0B0FBF2F010BD0023F7B50E4615468DF837
S315000195D005308DF806308DF8073040F6E20101239B
S315000195E00DF105020446FFF7A2FC002845D19DF8BE
S315000195F0053040F6E20123F001038DF807302046DD
S3150001960001230DF10702FFF781FCB0BB012340F6F0
S31500019610E50120460DF10602FFF789FC68BB9DF8BE
S31500019620063040F6E50103F07F038DF8073020464A
S3150001963001230DF10702FFF769FCF0B96FF07F41D5
S315000196402046FFF791FBC0B90746AF4217D100216B
S315000196502046FFF750FB80B9012340F6E201204680
S315000196600DF10502FFF752FC38B9012340F6E50179
S3150001967020460DF10602FFF749FC03B0F0BD0423B5
S3150001968040F61901204606EB8702FFF750FC002839
S31500019690F3D10137D9E743F60952B0FBF2F141F6AE
S315000196A0846302FB110003EB8030B0FBF2F000EBA8
S315000196B08130704710B504460846FFF7ECFF0146B6
S315000196C02046BDE81040FFF7F7BC000070B50B68F7
S315000196D0224E86B005464868B6FBF3F60C46FFF700
S315000196E0DAFF8B238DF80C30330C8DF80D30330AED
S315000196F08DF80E30237A8DF814008DF81030637AC8
S3150001970009228DF81130030C8DF81230030A8DF8F9
S31500019710133000232846009303A98DF80F6012F039
S3150001972071F9C0B98DF80B00012340F6890128466D
S315000197300DF10B02FFF7FBFB68B99DF80B3040F604
S31500019740890143F004038DF80B30284601230DF1FE
S315000197500B02FFF7DBFB06B070BD00BF0000093D41
S315000197608001704707B559B196238DF8043040F64C
S31500019770AC01012301AAFFF7C9FB03B05DF804FBA5
S315000197809423F2E7002313B5082A0446CDE90033F2
S315000197900BD8684615F09AFB08236A464FF4D86140
S315000197A02046FFF7B3FB02B010BD0320FBE7002301
S315000197B037B50D46ADF804304FF4E861022301AA2E
S315000197C00446FFF7B4FBB8B99DF8043025F00F0243
S315000197D003F00F0313438DF804309DF8053020463E
S315000197E003F00F0303EB05118DF8051002234FF467
S315000197F0E86101AAFFF78AFB03B030BD07B50B0A82
S315000198008DF804308DF80510022340F2BC6101AADF
S31500019810FFF77CFB03B05DF804FB07B50B0A8DF877
S3150001982004308DF80510022340F2BE6101AAFFF74C
S315000198306DFB03B05DF804FB002337B50D468DF8CB
S3150001984007304FF4D76101230DF107020446FFF7F4
S315000198506EFBD8B99DF80730C5F3002223F001034A
S3150001986013438DF807304FF4D761012320460DF1DC
S315000198700702FFF74BFB48B9012340F2B9612046C5
S315000198800DF107028DF80750FFF740FB03B030BD1D
S31500019890002313B540F6D8018DF807300DF1070204
S315000198A001230446FFF743FB68B99DF8073040F6EC
S315000198B0D80143F01E038DF80730204601230DF130
S315000198C00702FFF723FB02B010BD002313B540F6D4
S315000198D002118DF807300DF1070201230446FFF747
S315000198E015FBB0B9012340F6441120460DF10702DC
S315000198F0FFF71DFB68B99DF8073040F6441143F0A8
S3150001990002038DF80730204601230DF10702FFF708
S31500019910FDFA02B010BDFFF7D8BF07B501238DF8D8
S3150001992007100DF1070240F6E701FFF7EFFA03B062
S315000199305DF804FB07B502238DF804108DF80520A8
S3150001994040F6111101AAFFF7E1FA03B05DF804FB35
S3150001995000232DE9F04F85B00D461746CDE90133B9
S315000199608DF80C3040F29F21092301AA0646FFF724
S31500019970DEFA002848D104464FF0020C4FF0010EE2
S315000199809DF80410E2B297429DF8043033D94FF0A6
S3150001999000080DF104090DE04A4699F801B09278E4
S315000199A035F814A002EB0B22924508F1010809F1E2
S315000199B002091ED05FFA88F29342EDD8032B01D932
S315000199C0032021E035F814200DF1100808EB4303BC
S315000199D04FEA122803F80B8C9DF804301CFB03E3B5
S315000199E010336B4403F80B2C9DF8043001338DF8CA
S315000199F004300134C6E7994206D0092340F29F217B
S31500019A00304601AAFFF782FA05B0BDE8F08F0000E3
S31500019A1013B50446064B0322D3F80E005B8A009069
S31500019A2069462046ADF80430FFF792FF02B010BD3B
S31500019A30AC610300002373B50D4614468DF806305C
S31500019A408DF8073040F2497101230DF106020646F1
S31500019A50FFF76DFA90B9012340F26B7130460DF1B3
S31500019A600702FFF764FA48B99DF80630C3F30213FB
S31500019A702B709DF80730C3F30013237002B070BD3D
S31500019A8010B50446154B88B01868596805AA03C273
S31500019A901989D3F80A001180D3F80E1002AA03C25D
S31500019AA09B7C032120461370FFF71EFBA0B90346DA
S31500019AB000900A22204605A911F0A4FF60B90346C9
S31500019AC000900922204602A911F09CFF20B9024606
S31500019AD001462046FFF7FDFB08B010BDF461030007
S31500019AE007B56A46FEF722FEBDF80200404200F0C5
S31500019AF00700C00200F60E6003B05DF804FB0B7AA6
S31500019B000021FFF728BA002307B540F285318DF809
S31500019B1007300DF107020123FFF7F8F903B05DF8ED
S31500019B2004FB012307B58DF804308DF805108DF877
S31500019B300620032340F2853101AAFFF7E7F903B0B6
S31500019B405DF804FB0F2913B51AD8140A8DF8012004
S31500019B501A0E8DF8022001EB41011A0C8DF8032033
S31500019B6049001A0A8DF804208DF805306A46062345
S31500019B7001F562718DF80040FFF7C8F902B010BD1A
S31500019B800320FBE770B50446024601F114000D46B9
S31500019B90FEF78FFEA6792B88002E14BF08223422E9
S31500019BA003F00101012E4FEA520301FB03330CBFFF
S31500019BB04FF480514FF4D04194F910201A44E368D0
S31500019BC0A3EB422301FB1030237A43B1AA7D637ACA
S31500019BD09A4204D29B1ADB0758BF00F5807070BD0C
S31500019BE02DE9F0411D460E46114603F108020446D1
S31500019BF0FEF79CFD2B89FF2B09D8A3794BB9227C53
S31500019C001A32D2B2332A02D8E379052B08D80226B2
S31500019C1019E0012B04D1227C0432D2B2072AF6D8EC
S31500019C20002305F11408AB75424633462946204602
S31500019C30FEF7C0FD064630B9237A93B92946204678
S31500019C40FFF7A0FF28613046BDE8F081294640466E
S31500019C50FEF71CFE0137637AC3F10403BB42F5DC50
S31500019C60ECE70746F7E72DE9F84314460E46127B63
S31500019C70217A8046FFF755FF054678B9337A83B9CD
S31500019C806289404601322369A17D92B2FFF75AFFEC
S31500019C90054618B9A37D60810133A3752846BDE841
S31500019CA0F88394F80C90B9F1100F28BF4FF0100902
S31500019CB0A17D8945F2D9737A8B4215D86789322FEE
S31500019CC028BF32273A4640462369FFF73BFF80B952
S31500019CD0A37D21460133A37563893046DB1B63816E
S31500019CE0FFF750FF2061E3E7002914BF72277327AE
S31500019CF0E8E70546D2E72DE9F0410D46C2B0BDF8C9
S31500019D0024810646144619462846134642464A9F6A
S31500019D10FFF766FFA8B90FB123693B6002AF489A06
S31500019D20E188434628460097FEF7D8FD3A46214684
S31500019D303046FFF7E4FE20B9224629463046FFF7B2
S31500019D4092FF42B0BDE8F081F8B50E46137B917DD6
S31500019D5014468B4219D95789136901F00F01322232
S31500019D60FFF7F0FE054670B9A37D322F03F101031B
S31500019D70A3756389214694BFDB1B323B3046638161
S31500019D80FFF700FF20612846F8BD0025FBE71821F3
S31500019D9090F8082E01FB0201D1F8DC1831B102F569
S31500019DA0667250F82220C0F85C2E08477047000002
S31500019DB00F2905D940F2D341074A084812F056BB8C
S31500019DC000EB8101D1F8183E1BB94FF49B61024AA1
S31500019DD0F3E7D1F8E80A1847922E030076670300E5
S31500019DE02DE9F84F0546064604464FF0100A4FF096
S31500019DF000084FF0040B00F6BC5700F1100994F867
S31500019E00E238032B1AD13B68711B01333B600A23ED
S31500019E1084F8D8A8C4F8E488C4F8E888C4F8EC88BB
S31500019E2084F8E2B884F8E18886F8283BD7F8A430AC
S31500019E302846C5F85C3EC9B2FFF7BAFF01364E4562
S31500019E4004F1180407F10407D9D1BDE8F88FF0B57C
S31500019E5085B06A46034600F5C07193F8E0481833A9
S31500019E608B4202F8014BF8D1FF2700F6D82100F604
S31500019E70E82000226D46FF24134615F8016BA64221
S31500019E8098BFDAB203F1010398BF3446102BF4D11F
S31500019E9002F1100301F8012B6B44884203F8107C90
S31500019EA0E7D105B0F0BD2DE9FF4118234FF00008B9
S31500019EB003FB010393F8D97804460D461646CDF8FF
S31500019EC00C808FBB01F566738C2101FB054150F8AF
S31500019ED023003A46D0F8EC8091F84910006803ABAC
S31500019EE0C0473846182303FB054393F8D938A3F135
S31500019EF00802032A52D8D4F8B82D04EB8505D5F803
S31500019F00983CB61A3344C5F8983C0023D4F8A02DE2
S31500019F10C4F8B03D1644C4F8A06DC4F8B43DC4F805
S31500019F20B83D04B0BDE8F081012F11D101F566738A
S31500019F308C2101FB054150F8230003AB0093D0F8B7
S31500019F40E8700A6D4346896C0068B8474046C9E720
S31500019F50022F10D18C2707FB014701F5667350F8D4
S31500019F602300BA6AD0F8E48097F92C10006803AB95
S31500019F70C047B86AB6E7032FE8D18C2707FB01472C
S31500019F8001F5667350F82300FA6BD0F8E48097F96F
S31500019F904610006803ABC047F86BA3E70E3B022BE4
S31500019FA0BFD9D4F8B07D039BEFB104EB850CDCF887
S31500019FB0182CF11B0A44CCF8981BCCF8182CD4F8B1
S31500019FC0982D0A44C4F8982D4FF47A725943B1FB7F
S31500019FD0F2F1DCF8D82C0A44CCF8D82CD4F8A42D0C
S31500019FE01144C4F8A41DD4F8B41DE9B104EB850CE1
S31500019FF0DCF8582C711A0A44CCF8D81BCCF8582C2A
S3150001A000D4F89C2D0A44C4F89C2D4FF47A72594316
S3150001A010B1FBF2F1DCF8182D0A44CCF8182DD4F86E
S3150001A020A82D1144C4F8A81DD4F8B82DDAB1B61A72
S3150001A03004EB8502D2F8981C73433144C2F8981C8C
S3150001A040D4F8A01D31444FF47A76B3FBF6F3C4F885
S3150001A050A01DD2F8581D1944C2F8581DD4F8AC2DCC
S3150001A0601344C4F8AC3D0023C4F8B03DC4F8B43D74
S3150001A070C4F8B83D002F3FF454AF05F2E62554F875
S3150001A0802510F9F71DFC4CE72DE9F74F04464FF073
S3150001A090000811F02DFF274605462646C246DFF881
S3150001A0A0C09300F5FA6B96F8E238012B16D1D6F873
S3150001A0B0E438EB1A002BC4BF05F10A03C6F8E438ED
S3150001A0C0D6F8E838EB1A4B4508DD204686F8E2A8B3
S3150001A0D0C6F8E4B886F8E088FFF7B9FE08F101088A
S3150001A0E0B8F1100F06F11806DDD1182394F8081EF1
S3150001A0F003FB014393F8E228022A1DD193F8D938CC
S3150001A100012B02D90F3B012B16D8182303FB014360
S3150001A110D4F8A02ED3F8E4080232121A2A44C3F85E
S3150001A120EC2893F8E1283AB10022204683F8E12889
S3150001A13083F8E018FFF78BFE2346032104F5C07A66
S3150001A14093F8E22832B9D3F8E428521B002AB8BFA3
S3150001A15083F8E21818335345F2D104F6D82840465D
S3150001A16000234FF0180C10F8012B01330CFB0246AB
S3150001A17096F8E21801297ED8D6F8E418491B002979
S3150001A1807BDB182606FB024292F8D8B8D2F8E4081F
S3150001A190D2F8ECC8DBB20093009B0F2B77DDA64605
S3150001A1A006FB0B4C0CF6D80CBCE80F00AEE80F0012
S3150001A1B09CE80300E3688EE803005B1B40F19F8087
S3150001A1C0A37A022B0AD0D4F8FC3D0133C4F8FC3D36
S3150001A1D0237806FB0346032386F8E238182394F80E
S3150001A1E0102E03FB0243D3F8E408451B002D10DDB6
S3150001A1F0D4F8A01E8D420CD294F8581E012908D11C
S3150001A2002178914205D093F8E22812B9032283F806
S3150001A210E228182294F8083E02FB034393F8E23839
S3150001A220022B02D02046FFF7DBFD11F061FE23462B
S3150001A230032193F8E22832B9D3F8E428121A002A46
S3150001A240B8BF83F8E21818335345F2D1002297F8C4
S3150001A250E238D5B2012B05D8D7F8E438191A002906
S3150001A26080F2BA800132102A07F11807EFD10023D4
S3150001A27084F8583EE6E0022983D0DBB2102B7FF446
S3150001A28072AF204603B0BDE8F04FFFF7A9BD009BB2
S3150001A29018F8032006FB024191F8E2E8BEF1010F2E
S3150001A2A007D8D1F8E418491B002905DA009B0133C8
S3150001A2B071E7BEF1020FF9D106FB0242D2F8E418AA
S3150001A2C00191D2F8EC180B4601991944A1EB00094A
S3150001A2D0B9F1000F07DA491B0029E7DB9C4692F822
S3150001A2E0D8B80198E2E7E1D0E145DFDABEF1010F26
S3150001A2F002BF00EB0C010A31C2F8E418D6E7D4F824
S3150001A300A02E93423FF66AAF94F8082E237806FBF7
S3150001A310024191F8E208022859D191F8D8089842E9
S3150001A3203FF45CAF032302F5667281F8E23854F814
S3150001A330223000219A691868904728B140F29F217E
S3150001A340424A434812F092F894F8083E41F6FE71EB
S3150001A35003F5667354F823309A6D1868904728B14F
S3150001A36040F2A1213B4A3A4812F080F812F0C8F8AF
S3150001A37094F8083E012103F5667354F823305A69AF
S3150001A3801868904728B140F2A521334A304812F0A7
S3150001A3906DF8002084F8110E12F0B9F812F0B4F835
S3150001A3A094F8081E009111F0A3FD0099024620467B
S3150001A3B0FFF779FD1822237884F8083E02FB034350
S3150001A3C00222204683F8E228FFF7E1FC06E784F83B
S3150001A3D0083E06FB0343F3E7182101FB024191F80E
S3150001A3E0E268D7B2012E0DD8D1F8E468A6EB030CCA
S3150001A3F0BCF1000F06DAA6EB000CBCF1000FA4BFFE
S3150001A40033463D460132D6B20F2E01F11801E6D987
S3150001A41001221B1AD4F8A00E84F8105E9842C4F8E3
S3150001A4200C3E84F8582E0BD2181A009011F06BFDD1
S3150001A43022460A49009803B0BDE8F04F11F05ABD13
S3150001A44084F8122E03B0BDE8F08F00BF0762030047
S3150001A450876703004A6203008B62030065A401005B
S3150001A460C0D40100012380F8123EFFF70DBEF8B5F6
S3150001A47040F6A4620D460021044614F04EFD00226A
S3150001A4802346112710460426C4F85C5E04F566616E
S3150001A49083F8D8280132102A83F8D978C3F8DC0862
S3150001A4A083F8E26883F8E10841F8045B03F11803D5
S3150001A4B0EED10B2104F6283014F02FFD40220021A5
S3150001A4C004F6E82014F029FD4022002104F6186064
S3150001A4D014F023FD4FF41A7200216770A67204F678
S3150001A4E0983014F01AFD0823C4F8A03EF8BD000008
S3150001A4F00F2938B506D9FF210C4A0D4811F0B6FFD0
S3150001A500012038BD00EB8105D5F8184E04B91AB9FA
S3150001A5104FF48271054AF0E708440B2180F8281BA5
S3150001A5202046C5F8182EC5F8E83AEAE7922E030048
S3150001A530416703000F2908B507D90A4840F21111EE
S3150001A540094A11F093FF012008BD002301F286326A
S3150001A55040F82230182202FB010080F8E138184643
S3150001A560F2E700BF31670300922E0300002310B506
S3150001A57000F6E82050F8044B8C4202D100201370FB
S3150001A58010BD0133102BF5D103484FF49271034AE4
S3150001A59011F06CFF0120F3E722670300922E0300FE
S3150001A5A02DE9F0470D7806460F2D0C469146984643
S3150001A5B008D94FF49771354A354811F057FF0120F4
S3150001A5C0BDE8F0874B6823B100EB850ADAF8183E3F
S3150001A5D01BB940F233112D4AEEE78B7A012B03D9D1
S3150001A5E04FF49C712B4AE7E711F082FCA27AE368EB
S3150001A5F012B91A1A002A45DD274A191A914201D9B8
S3150001A600834241D8182707FB056797F8E208022815
S3150001A610D6D00B22731983F8282B07F6D80C0FCC4A
S3150001A620ACE80F008C2294E803008CE8030002FBDF
S3150001A63005600899183014F049FCCAF8589A05F2D1
S3150001A6405C5326F8138097F8E138B3B105F110038E
S3150001A650182202FB0565DBB285F8E038D5F8E43847
S3150001A6603046C5F8E838FFF7F2FB96F8114E14B9F3
S3150001A6703046FFF709FD0020A2E797F8E23805EB1F
S3150001A6800313E5E703209BE7042099E7922E0300D5
S3150001A69097670300BE620300005125020F2938B5F2
S3150001A6A0044607D915484FF4B971154A11F0DEFE73
S3150001A6B0012038BD182303FB010191F8E238032B71
S3150001A6C001D90020F5E7022B0DD1012380F8113EB7
S3150001A6D090F8085E11F00CFC05F2D62544F8250029
S3150001A6E011F01DFFEDE7032381F8E23890F8114ED2
S3150001A6F0002CE6D1FFF7C8FC2046DAE768670300BD
S3150001A700922E03000F2910B407D940F29B11094A72
S3150001A71009485DF8044B11F0A9BE01F2D62450F8A0
S3150001A72024400844146090F8282B5DF8044B1A70F5
S3150001A730704700BF922E03005A6703000029034B9E
S3150001A74008BF0023C0F8143E704700BFEE4B0DF062
S3150001A7502DE9F0414B7804460D2B0D4602D1002020
S3150001A760BDE8F081112BFAD00E7800EB8607D7F8F9
S3150001A770600E06F24C5306F25C51D0F85080D7F8C1
S3150001A780582A34F81110006804EB4303C04728B176
S3150001A79040F20241264A274811F068FE6B780BB158
S3150001A7A0072B16D18C21012201FB064301FB064131
S3150001A7B01A76D7F8603E8031D3F89420186890470E
S3150001A7C00028CCD040F20B411B4A1A4811F04EFE2C
S3150001A7D0C5E7012B13D18C21002501FB064301FBA3
S3150001A7E006411D76D7F8603E8031D3F8902018686F
S3150001A7F090470028B3D040F21441104AE5E70F3BD9
S3150001A800012B13D88C21002501FB064301FB0641D0
S3150001A8101D76D7F8603E8031D3F8902018689047AE
S3150001A82000289CD040F21E41044ACEE7012097E75A
S3150001A830CD620300FD66030072630300006403003A
S3150001A8402DE9F341044611F060FB182294F8083E05
S3150001A85002FB034393F8E228022A14D1D4F8141E0A
S3150001A860B74A91420FD0D3F8E45811F041FB281AA8
S3150001A87010F5FA3F07D540F2B91194F8083EB14AEE
S3150001A880B14811F0F3FD94F8113E6BB994F8122E0C
S3150001A89022B902B0BDE8F04111F03EBB204684F872
S3150001A8A0123EFFF7F1FBF4E71823002294F8085E45
S3150001A8B084F8112E03FB054393F8E218022900F2EE
S3150001A8C0298193F8D938ADF804200C2B7DD004EBFF
S3150001A8D08506D6F8603E01A9DA6D18682FB2904751
S3150001A8E028B14FF43C71994A994811F0BFFD1821DE
S3150001A8F001FB054292F8D928BDF80430102A04EB71
S3150001A900050222D113F0080003D0052382F8283B63
S3150001A9105BE013F0C00F02D082F8280B55E05B070D
S3150001A92040F1B980042301FB0541204682F8283B0A
S3150001A93001F6D801FFF70CFF012846D14FF441710A
S3150001A940824A834811F092FD3FE004EB470713F07A
S3150001A9500200A7F8383B5CD0032382F8283B6378D2
S3150001A960042B32D18C2101FB0545D6F8603E1C35FE
S3150001A97000222946D3F8D0801868C04728B140F292
S3150001A9801731744A724811F071FD0023D6F8600E32
S3150001A990ADF80630D0F8DC802946B7F8B82A006849
S3150001A9A00DF10603C04728B140F21F316A4A6848D3
S3150001A9B011F05CFD4FF47A72BDF80630B3FBF2F28A
S3150001A9C0D6F8583B9B1AC6F8583B94F8081E204601
S3150001A9D001F2D62354F82320FFF765FA94F8081EEE
S3150001A9E0631893F8282B0C2A3FF453AF182303FB63
S3150001A9F00143022A93F8D90801F5667354F8233006
S3150001AA004BD1062852D12046C4F85C3EFFF7D0F957
S3150001AA103FE713F0C00F7FF47FAF1F073FF575AF18
S3150001AA2058070FD5042301FB0541204682F8283B30
S3150001AA3001F6D801FFF78CFE0128C6D140F2353167
S3150001AA40424A7EE7990501D501235FE7DF0501D576
S3150001AA5002235BE7580516D58C210C2315FB01F55E
S3150001AA6082F8283BD6F8603E05F18A021C35D3F8F8
S3150001AA70CC60186822446119B0470028A5D04FF46C
S3150001AA805171364A5DE7190501D508233EE7DB0416
S3150001AA9001D509233AE70A2338E7012A01D1072814
S3150001AAA0B0E7102802D112F0FB0FACD0182202FB3E
S3150001AAB001411022042081F8D828002281F8E208F9
S3150001AAC0C1F8E428C1F8E828C1F8EC2881F8E128A2
S3150001AAD0186801215A69904728B140F2FB11204AB2
S3150001AAE0194811F0C3FC94F8081E204601F5667357
S3150001AAF054F82330C4F85C3EFFF75AF92046FFF7B5
S3150001AB006FF92046FFF7C0FA002011F000FD11F0A1
S3150001AB10FBFCBEE6134E0C4F04F5666504F56A644C
S3150001AB2055F8043B01215A691868904728B1324605
S3150001AB3040F20921384611F099FCAC42F0D1E3E725
S3150001AB40EE4B0DF08E6403004E670300922E030058
S3150001AB5010670300A164030027650300DD65030098
S3150001AB608B620300A166030038B5012380F8113E0C
S3150001AB70044690F8085E11F0BBF905F2D62544F8B3
S3150001AB802500BDE8384011F0CABC704770B51546BE
S3150001AB900C46064600211022284614F0BEF9002371
S3150001ABA0611E0F3411F8012F0F2A0BD846FA02F055
S3150001ABB0C00704D5A85C01330130DBB2A8548C422E
S3150001ABC0F0D10BB9022070BD0020FCE72DE9F0435E
S3150001ABD085B005460E46174698469DF83090FDF716
S3150001ABE083FB00F01C00082820D1B9F1F20F03D92C
S3150001ABF0022005B0BDE8F083731EDBB2DE2B0FD851
S3150001AC0000249DF834302846CDE9019301223B46C4
S3150001AC1031460394CDF80080ECF7F6FF2046E8E7CD
S3150001AC202846EBF729FF0028EAD1E1E70420E0E70F
S3150001AC3038B5204C0546A3682068984720B1FC2109
S3150001AC401D4A1E4811F012FCE3682068984720B19E
S3150001AC50FD211B4A194811F009FC0121636920688D
S3150001AC60984720B1FE21174A144811F0FFFB002036
S3150001AC7011F04DFC0F491448FFF7F9FB124913482F
S3150001AC8011F022FC104B124A18460021FFF730FC46
S3150001AC9001F0E2FEFCF7F4FA28460B49FDF796FBB4
S3150001ACA00948FCF7B5FFBDE838400021FF220846F8
S3150001ACB0FDF7A8BCF40F0020A76703007D68030019
S3150001ACC0DA6703000C6803005037002069AB010006
S3150001ACD08BAB010008B50348FFF7B2FDBDE808409C
S3150001ACE0FCF740BB5037002070B506460D46FDF710
S3150001ACF0A5FA10B10324204670BD6DB13046FDF7AB
S3150001AD00F3FA10F04804F5D131462846EBF7A0FCDA
S3150001AD10002818BF0424EEE70224ECE770B50646C6
S3150001AD200D46FDF78BFA10B10324204670BD6DB1B7
S3150001AD303046FDF7D9FA10F04804F5D131462846D8
S3150001AD40EBF76EFC002818BF0424EEE70224ECE7BB
S3150001AD5070B506460D46FDF771FA10B1032420467B
S3150001AD6070BD6DB13046FDF7BFFA10F04804F5D15C
S3150001AD7031462846EBF784FC002818BF0424EEE789
S3150001AD800224ECE770B506460D46FDF757FA10B1F9
S3150001AD900324204670BD6DB13046FDF7A5FA10F0CB
S3150001ADA04804F5D131462846EBF782FC002818BF46
S3150001ADB00424EEE70224ECE770B505460E46FDF7DE
S3150001ADC03DFA10B10324204670BD2846FDF78CFAE2
S3150001ADD010F04804F6D129463046EBF7A3FA0028CD
S3150001ADE018BF0224EFE77FB504460D461646FDF768
S3150001ADF025FAB8BB2046FDF777FA030735D5032DAB
S3150001AE0002D126B902202EE06B1E022B02D8204663
S3150001AE10EBF7F6FD032DF5D8DFE805F0020A0D1074
S3150001AE2021460020EBF734FB0130EBD000201AE07D
S3150001AE3021460120F6E721460220F3E72046EBF7FB
S3150001AE4069FC00236A463146CDE90033CDE9023378
S3150001AE50FFF79CFE38B921466846EBF733FB2146DE
S3150001AE600320DFE7032004B070BD0420FBE738B5FB
S3150001AE700546FDF7E3F910B10324204638BD2846FF
S3150001AE80FDF732FA10F0480FF6D110F0140412D182
S3150001AE902846EBF749FB012809D129462046EBF75D
S3150001AEA0ADFA2A4621460220FDF7ACFBE5E7284626
S3150001AEB0ECF7BAFDE1E70424DFE730B585B00546D6
S3150001AEC01C46CDE90221FDF7B9F960B96CB1DDE99E
S3150001AED002219DF820300190009328462346FFF772
S3150001AEE075FE05B030BD0320FBE70220F9E700003F
S3150001AEF070B50E46044686B0002800F0BD800029D4
S3150001AF0000F0BA80FDF778FB2E28054608D940F2F5
S3150001AF10EB215B4A5B4811F0A9FA002006B070BD2F
S3150001AF20002800F0AB800DF10700FDF78DFB9DF8C1
S3150001AF30073060702370FDF7FDFA013D0138A070FE
S3150001AF40357060782D281BD8DFE800F0171A4A22E1
S3150001AF501A651A1A3237393B3D1A1A4446481A8875
S3150001AF608C1A8F1A1A1A1A1A1A1A1A1A3333336EB4
S3150001AF706E1A1A7279831A1A1A92FDF7D5FAA080F7
S3150001AF80002260781146FDF7FDFAFDF72BFBC4E7B9
S3150001AF900320FDF7E3FA207404A8EBF7F5FF9DF80B
S3150001AFA0143023719DF815302373049BA360E7E7E2
S3150001AFB00820FDF7D3FA2071E2E70920F9E70A2014
S3150001AFC0F7E70B20F5E70C20FDF7C8FAB0FA80F099
S3150001AFD04009F0E70F20ECE71020EAE71120E8E747
S3150001AFE002A8EBF7D1FF9DF80C3004A823769DF853
S3150001AFF00E3084F82030029BE361EBF7D5FF9DF814
S3150001B0001430E3749DF815302374049BE3609DF8B6
S3150001B01016306374B4E704A8EBF7B6FF9DF8143055
S3150001B02023719DF81630BFE7201DECF7E9FEA7E76F
S3150001B030EDF732FE231D07C883E80700A0E7EDF709
S3150001B0402FFE251D034607C885E8070000225A7210
S3150001B05096E7EDF729FE0388A38091E7EDF764FCF7
S3150001B06060608DE7EDF766FCFAE7EDF769FCF7E757
S3150001B070201D00F0D3FE83E702204FE707204DE7AE
S3150001B08049680300686803002DE9F04786B08046E9
S3150001B0900F4691461E46FDF7D1F8044630BBB8F17E
S3150001B0A0000F25D027B3B9F1000F21D006B3FDF764
S3150001B0B0BBF88246FCF7E5FE0546D8B11423029398
S3150001B0C00DF11503CDE900934146F22350460DF1EA
S3150001B0D01602ADF81640FCF7D6FE2046BDF816302E
S3150001B0E0013D3B70357006B0BDE8F0870320FAE7F5
S3150001B0F00220F8E70420F6E770B506460D46FDF78F
S3150001B1009DF8044630B93DB13046FDF7EDF82860AB
S3150001B110204670BD0320FCE70220FAE770B505461C
S3150001B1200E46FDF78BF858B931462846EEF7C4FCB2
S3150001B130044638B916B1284601F076FE204670BDA0
S3150001B1400324FBE70424F9E72DE9FF4105460E46F2
S3150001B15017469846FDF772F808BB2846FDF7C4F86E
S3150001B16000F01C0008281CD176B900242846434665
S3150001B17032463946CDE90244CDE90044ECF744FDB7
S3150001B180204604B0BDE8F0817B1EDBB2DE2BECD994
S3150001B1902846EBF771FC0028E7D10220F1E70320EE
S3150001B1A0EFE70420EDE770B506460D46FDF746F8D4
S3150001B1B0044680B98DB13046FDF796F800F01C00C3
S3150001B1C0082802D004202C7070BD3046EBF7DEF95A
S3150001B1D028702046F8E70320F6E70220F4E738B5A1
S3150001B1E00546FDF72BF8044660B92846FDF77CF8BD
S3150001B1F000F01C00082807D128460121EDF7F6F8D2
S3150001B200204638BD0320FCE70420FAE738B5054699
S3150001B210FDF714F8044628B901462846EDF7E6F885
S3150001B220204638BD0320FCE770B504460E46FDF7FF
S3150001B23005F8054678B92046FDF756F800F01C00DA
S3150001B24008280AD12A4631462046ECF7E1F80028BB
S3150001B25018BF022070BD0320FCE70420FAE7F8B509
S3150001B26005460E461746FCF7E9FF044660B928462F
S3150001B270EBF7C4FC50B110F03BFE2B463A46314683
S3150001B280EBF784FC2046F8BD0320FCE70520FAE72E
S3150001B29070B506460C461546FCF7D0FF58B964B1A1
S3150001B2A05DB1324629462046EBF7C0FC002814BFA3
S3150001B2B00420002070BD0320FCE70220FAE770B5E8
S3150001B2C006460C46FCF7BAFF054648BB3046FDF775
S3150001B2D00BF8030726D5012C0DD0022C16D01CBB6A
S3150001B2E0214630462246ECF73FFA31462046EBF737
S3150001B2F059FA204670BD31462846EBF753FA2A46DD
S3150001B30021463046ECF730FA2C46F2E7294630461C
S3150001B3102A46ECF729FA31460120EBF743FAF3E71F
S3150001B3200324E6E70424E4E70224E2E738B5054608
S3150001B330FCF784FF0446C0B901462846FFF7BFFF64
S3150001B340FCF78EFDC5EB05110E31C5EB051089B273
S3150001B35080B2FBF7CFFF2846EBF782F82C20FF22BD
S3150001B3602146FDF74FF9204638BD0320FCE738B5E5
S3150001B37004460D46FCF762FF68B92046FCF7B4FFA8
S3150001B38000F01C00082804D121462846EBF7F6FCFC
S3150001B39000B1042038BD0320FCE7F7B5089F064637
S3150001B3A00C461D460192FCF749FFA0B9ADB1A7B104
S3150001B3B0324620460199EBF72BFA30B933463A4625
S3150001B3C029462046EBF714FA18B1012814BF0420C8
S3150001B3D0022003B0F0BD0320FBE70220F9E770B5B8
S3150001B3E006460D461446FCF729FF58B964B13246A4
S3150001B3F021462846EBF72AFA18B1012814BF042082
S3150001B400022070BD0320FCE70220FAE773B5064669
S3150001B4100D4601920093FCF711FF044680B9DDE960
S3150001B420002133462846EBF76DFA01280AD00BD9DD
S3150001B4300438C0B2022834BF0220042002B070BD15
S3150001B4400320FBE70220F9E72046F7E738B5054672
S3150001B4500C46FCF7F3FE48B929462046EBF772FA8B
S3150001B46018B1012814BF0420022038BD0320FCE7CF
S3150001B4707FB506460D4603920293FCF7DFFE0446AE
S3150001B48090B9DDE9022128469DF820300096EBF7B8
S3150001B49075FA01280AD00BD90438C0B2022834BF84
S3150001B4A00220042004B070BD0320FBE70220F9E767
S3150001B4B02046F7E738B505460C46FCF7BFFE48B906
S3150001B4C029462046EBF780FA18B1012814BF04205B
S3150001B4D0022038BD0320FCE7F8B504460F461646A0
S3150001B4E01D46FCF7ABFE10BB0EB90220F8BD002DC0
S3150001B4F0FBD021460120EBF72FF821463846EBF722
S3150001B50075F890B922463146062001F079FB0028EC
S3150001B510EBD122462946072001F072FB0028E4D12F
S3150001B5202046FFF7A4FC0028E0D00420DEE7032034
S3150001B530DCE770B505460E46FCF780FE044650B9B9
S3150001B5405EB131462846F7F79BFE40B12846F7F72C
S3150001B55081FE204670BD0320FCE70220FAE70420A5
S3150001B560F8E708B5F7F76AFE002008BD08B50846F2
S3150001B570F7F758FE002008BDF7F75ABE08B508468A
S3150001B580F8F7CEF8002008BD08B50846F7F7CCF95C
S3150001B590002008BDF7F7CEB938B50D46FCF74EFECB
S3150001B5A0044658B92846F7F7B3F808B9042038BD58
S3150001B5B0F6F76CFF0028F9D02046F8E70320F6E7F6
S3150001B5C008B50846F7F7BCF9002008BD0C291BD8B9
S3150001B5D0DFE801F0070707070717140E0E090E1A11
S3150001B5E00E0001207047A0F10C03584258417047E4
S3150001B5F00B3801288CBF0020012070470A38022829
S3150001B600F8E709380328F5E700207047704700007E
S3150001B61070B50446ACB010F067FC2368217A5A185D
S3150001B62092F8282B042A48D18C2000FB0133D4F848
S3150001B6300C21B3F882100132B3F88030C4F80C2122
S3150001B640244A2D205380D4F8093011805360D4F850
S3150001B6500D3000219360FF22FCF7D4FF012618224A
S3150001B660002103A813F059FC237A8DF816608DF892
S3150001B6700C3010F03DFC8C224FF4FA632568217AD8
S3150001B680143002FB0151089309AB06901831184694
S3150001B69013F01CFC9DF8241004F10902B14210D1EB
S3150001B6A000218DF80D100C499DF85B300491009036
S3150001B6B0284603A9FEF774FF01E00A2ACED12CB071
S3150001B6C070BD0649BDF86A308DF80D600491009091
S3150001B6D0EEE700BF484700207DAB0000E5AA000069
S3150001B6E038B5D0F85C3E044690F8085EDA6818680A
S3150001B6F0904728B14FF46871124A134810F0B6FE0C
S3150001B7008C2101FB0541D4F85C0E1C31D0F80431C3
S3150001B710984728B140F2A1310C4A0B4810F0A6FE19
S3150001B720012010F0F4FED4F85C3EDA6B18689047FD
S3150001B73038B1BDE8384040F2A331054A024810F05D
S3150001B74095BE38BD8D680300F4680300EC33030031
S3150001B750BE680300F0B50446ADB010F0C5FB257A0E
S3150001B76023682B4493F8283B0A2B36D01822002154
S3150001B77003A813F0D2FB01238DF80C508DF8163077
S3150001B78010F0B6FB8C22237A2168143002FB0311D8
S3150001B79009AD06901831284613F098FB9DF8243020
S3150001B7A0012B94F8103129D102228DF80D20264A59
S3150001B7B004920BBB264656F8093B0AA9D3F85C3E10
S3150001B7C00BA8D3F8A03098479DF82F300890009524
S3150001B7D03246206803A9FEF7E3FE2DB0F0BDFF2136
S3150001B7E0002010F06FFE2644707201379DF82F304D
S3150001B7F0FEB2B342F3D8DDE70027F7E703228DF85F
S3150001B8000D20124A0492EBB9264656F8093B0AA9BD
S3150001B810D3F85C3E0EA8D3F8A4309847BDF83E3065
S3150001B82008900095D4E7FF21002010F04BFE3B461F
S3150001B83026447072BDF83E20DEB2964203F101073E
S3150001B840F1D3E1E70023F5E7DDAC000021AC000010
S3150001B85038B5FCF7F3FCE0B9EAF7EAFD0446D0B9DE
S3150001B8600E4D0120FCF7E4FC4FF4AA72214628464E
S3150001B87013F053FBFCF7F4FC072128602972FEF74D
S3150001B88059FE2B46064A297A2868FEF731FE2046DC
S3150001B89038BD0324FBE70424F9E700BFF445002083
S3150001B8A00DB60100F0B5B1B004460D46FCF7C6FC75
S3150001B8B0002853D01422002102A813F02EFB284B96
S3150001B8C00C229C424FF007039BBF8DF809300123E0
S3150001B8D08DF80A308DF80A308CBF122334234FF0CD
S3150001B8E001060DAF88BF8DF80920002105948DF85A
S3150001B8F018508DF8082038468C220EAD02AC8DF812
S3150001B900193013F00AFB0FCC0FC52368154C18220A
S3150001B910002107A82B608DF8346013F0FEFA237A14
S3150001B9208DF826608DF81C3010F0E2FA4FF4FA63B8
S3150001B9300C93022302308DF81D300B4B31460A90D1
S3150001B94020680893FEF7FAFE002300971A4620683E
S3150001B95007A9FEF725FE002031B0F0BD0220FBE766
S3150001B960FF170D8FF4450020E1B6010010B5FCF775
S3150001B97065FC08B3114C2368D3F85C3E9A681868D5
S3150001B980904710B10424204610BD2368D3F85C3ECD
S3150001B990DA68186890470028F4D123680121D3F8A2
S3150001B9A05C3E5A691868904704460028EAD110F0AF
S3150001B9B0AEFD10F0A9FDE6E70224E4E7F445002018
S3150001B9C010B5FCF73BFC78B1084C217A2068FEF7EC
S3150001B9D065FE2068FEF734FFFFF7C8FF20680021E7
S3150001B9E0FEF7ACFE002010BD0220FCE7F445002066
S3150001B9F038B5FCF723FC88B1FFF7E2FF044678B9B6
S3150001BA00084D297A2868FEF795FD2046FCF710FCBB
S3150001BA1021462868FEF792FE204638BD0224FBE740
S3150001BA200424F9E7F44500202DE9F04FBBB09A460E
S3150001BA309DF81431054603939DF818310E4604937B
S3150001BA409DF8203117469DF810910593FCF7F6FBFA
S3150001BA50002800F0E880B9F1080F00F2E480039BAA
S3150001BA60062B00F2E080049B062B00F2DC801822F4
S3150001BA704FF0010800216E4C0DEB02000DF15C0B3D
S3150001BA8013F04BFA8C220021584613F046FA237A1A
S3150001BA908DF822808DF8183023680293B9F1000FD2
S3150001BAA06AD1202249460FA813F037FA614B4CF2AE
S3150001BAB050321393604B1497159340F2FF13ADF870
S3150001BAC058305E4B8DF85AA010934FF48273ADF83F
S3150001BAD0483046F2A813CDE90C23594B8DF8458021
S3150001BAE00E930423ADF846608DF83C3018AF0DF186
S3150001BAF0300CBCE80F000FC7BCE80F000FC79CE86D
S3150001BB000700032387E807008DF819304D4B18A964
S3150001BB100793029B1CA8D3F85C3ED3F8A430984740
S3150001BB200B90FFF74DFF074600287ED1059B206845
S3150001BB30217A002B61D1FEF7FDFC3D4B424A217A69
S3150001BB402068FEF7D5FC002D64D10123DFF8FC80C7
S3150001BB5084F81031AE4255D110F0CAF9143009906B
S3150001BB6033463A4A2068CDF800B006A9FEF718FD1B
S3150001BB7038463BB0BDE8F08F102200210DA813F026
S3150001BB80CCF9334A0F9797428CBF12273427479B2C
S3150001BB90039AADF834302F4B8DF8417013F8090034
S3150001BBA02D4B8DF840A0995C049A2C4B8DF83110E1
S3150001BBB09B5C8DF837608DF832308DF838808DF8C2
S3150001BBC03000FFF703FD0CAF8DF833000DF1600C6B
S3150001BBD00FCFACE80F003B688DF85C80CCF80030E5
S3150001BBE002238DF819301E4B18A90793029B19A839
S3150001BBF0D3F85C3ED3F8A03091E7FEF79BFC0C4BE3
S3150001BC00184A9CE7FF21002010F05CFC013508F87A
S3150001BC10010B9FE70023324629460C4884F8103170
S3150001BC2013F054F998E70227A2E70427A0E700BF1B
S3150001BC30F4450020286903000F1D21102800021871
S3150001BC40A086010021AC00000DB60100FD450020D3
S3150001BC50FF170D8F1F69030011690300186903009F
S3150001BC60DDAC000055B701002DE9F047B6B0054639
S3150001BC700C4692469846FCF7E1FA002800F0AF80A0
S3150001BC80082C00F2AC80BAF1060F00F2A880B8F1D8
S3150001BC90060F00F2A4800021534E13AF8C223846C2
S3150001BCA0C6F80C1113F039F94FF0FF334FF00109C3
S3150001BCB00021182202A82A9313F02FF9337A0021C2
S3150001BCC08DF808308DF81290002C52D12146202291
S3150001BCD00BA813F022F9454B4CF250320F93444B0B
S3150001BCE01095119340F2FF13ADF84830414B8DF892
S3150001BCF035900C93FF23ADF836304FF48273ADF8CF
S3150001BD00383046F2A813CDE908233B4B1FAC0A9302
S3150001BD10042308AD8DF82C300FCD0FC40FCD0FC401
S3150001BD2095E80700354B84E807008DF809900393E1
S3150001BD30FFF746FE0446002853D1317A3068FEF7F4
S3150001BD40F9FB294B2E4A317A3068FEF7D1FB10F008
S3150001BD50CFF84FF4FA63143005900793294AFF236D
S3150001BD603068009702A9FEF71BFC204636B0BDE8F5
S3150001BD70F087142208A813F0D0F8234B0B959D42A7
S3150001BD8028D912238DF83130631F012B25D80C23B6
S3150001BD90ADF82430FF238DF827301C4B1FAD185DFD
S3150001BDA01B4B8DF8200013F80A101A4B8DF8211041
S3150001BDB013F8083008AC8DF82230FFF707FC012391
S3150001BDC08DF823008DF84C300FCC0FC523682B60FE
S3150001BDD0114BACE734238DF831300823D8E7022420
S3150001BDE0C3E70424C1E700BFF44500202869030026
S3150001BDF00F1D211028000218A0860100E5AA0000E7
S3150001BE0011B60100FD450020FF170D8F1F690300C4
S3150001BE1011690300186903007DAB0000034A13682A
S3150001BE200360536843609368836070474847002006
S3150001BE302DE9F04F8DB00F46DDE9176A80469DF872
S3150001BE4064B000285AD0BAF1000F57D0002101245E
S3150001BE50CDE908110B91CDE90411CDE906119DF843
S3150001BE6058108DF826308DF82510190A8DF82710EF
S3150001BE70190C1B0E8DF82930330A8DF82A608DF8BE
S3150001BE802B30330C360E3DB28DF820408DF828103C
S3150001BE908DF82C308DF82D60AEB2A7EB0609002D7A
S3150001BEA01FFA89F903DC00200DB0BDE8F08F8DF88B
S3150001BEB02F4010210134CDF800B004AB08A8A4B27C
S3150001BEC0039200F005FED8B9102DA8BF1025039ADC
S3150001BED0C3B2AB4200F1010003DBA6F110052DB29E
S3150001BEE0DAE709EB030130336B4418F801C013F8A4
S3150001BEF0203C8CEA03030AF80130E9E70920D3E77D
S3150001BF000E20D1E730B49DF808409DF814500294F4
S3150001BF10059530BCFFF78CBF07B5CDE900230A466E
S3150001BF2001230146002000F0ADFD002818BF0E20B8
S3150001BF3003B05DF804FB10B5002486B00393C9B2C3
S3150001BF400DF11703CDE9012300910346224621464F
S3150001BF50FF208DF8174000F078FE002818BF0E204C
S3150001BF6006B010BD2DE9FF410C460021CDE90211B5
S3150001BF7002218DF8001001785FFA82F88DF8011020
S3150001BF804178160A8DF80210817805468DF803105E
S3150001BF90217807228DF80410617868468DF805101E
S3150001BFA0A1781F468DF8061001218DF807808DF8BE
S3150001BFB0086000F02AFE18B10E2004B0BDE8F08139
S3150001BFC001212B78CDE902008DF801306B7806222C
S3150001BFD08DF80230AB7868468DF8033023788DF8FA
S3150001BFE000108DF8043063788DF807808DF80530E0
S3150001BFF0A3788DF808608DF806303B4600F005FE03
S3150001C000002818BF0E20D8E72DE9F041C6B00C462E
S3150001C01090461D4607464D9E00283FD0B1F5807FCC
S3150001C0203ED800214FF4867203A8029112F075FFE3
S3150001C03049238DF808309DF830318DF80E508DF872
S3150001C0400D302B0A8DF80F302B0C8DF810302D0E7C
S3150001C050330A224639468DF811508DF81330350EC4
S3150001C060330C06A88DF814308DF812608DF8155032
S3150001C0708DF8174012F02AFF9DF83C3104F11001AA
S3150001C08000934E9A434689B202A800F007FD10B10B
S3150001C090012818BF0E2046B0BDE8F0810920FAE755
S3150001C0A00D20F8E7F0B589B00D4607460F9E00282A
S3150001C0B03ED0B1F5807F3DD849218DF81010002181
S3150001C0C09DF838008DF816308DF81500180A8DF890
S3150001C0D017001C0E180C330A8DF81B30330C8DF823
S3150001C0E01C309DF840308DF81110019303AB8DF88B
S3150001C0F012108DF813108DF814108DF818008DF8A4
S3150001C1001A608DF81E10009339461346360E2A46DC
S3150001C11004A88DF819408DF81D608DF81F5000F0A8
S3150001C120B1FC002818BF0E20039B7B5109B0F0BD5E
S3150001C1300920F9E70D20F7E730B587B005460192EA
S3150001C14000F05EFD0446E8B9019BC5B90822014627
S3150001C150CDE90200CDE904000DEB020000F055FD2A
S3150001C16080B908217F22019B0DEB0100CDE9024434
S3150001C170CDE9044400F049FD041E18BF0E242046F3
S3150001C18007B030BD0E24FAE7F0B513468BB000298F
S3150001C19044D0032837D80025214C14F825208242A3
S3150001C1A02ED1002001220227CDE90300CDE90700A7
S3150001C1B0CEB2059009908DF80820C1F30720C1F38E
S3150001C1C0074204EB8504090E8DF80A008DF80B2051
S3150001C1D08DF80C108DF81A008DF81B208DF81C10A7
S3150001C1E06278E17802A801938DF809608DF81870DC
S3150001C1F08DF8196000F009FD019B30B10E200BE0AE
S3150001C2000135042DC9D10B2006E0A278E17806A8F4
S3150001C21000F0FBFC0028F1D10BB0F0BD0920FBE7D3
S3150001C22004110020F0B50C46002187B005461746DB
S3150001C230CDE90211CDE904111A468F2002A91E4645
S3150001C24000F0DEFCE8B92B0A8DF809302B0C8DF8CD
S3150001C2500A30230A8DF80D30230C8DF808508DF81D
S3150001C2600C402D0E8DF80E30240E3B468F221021E8
S3150001C270009602A88DF80B508DF80F4000F028FCAF
S3150001C28000B10E2007B0F0BD0A7803785340037061
S3150001C2904A784378534043708A7883785340837051
S3150001C2A0CA78C3785340C3700A790379534003713E
S3150001C2B04A794379534043718A798379534083712B
S3150001C2C0CA79C3795340C3710A7A037A5340037218
S3150001C2D04A7A437A534043728A7A837A5340837205
S3150001C2E0CA7AC37A5340C3720A7B037B53400373F2
S3150001C2F04A7B437B534043738A7B837B53408373DF
S3150001C300CA7BC37B5340C373704710B50B7814784F
S3150001C3106340037054784B786340437094788B780C
S3150001C32063408370D478CB786340C37014790B79FA
S3150001C3306340037154794B796340437194798B79E6
S3150001C34063408371D479CB796340C371147A0B7AD4
S3150001C35063400372547A4B7A634043728B7A947AC0
S3150001C36063408372D47ACB7A6340C372147B0B7BAE
S3150001C37063400373547B4B7B63404373947B8B7B9A
S3150001C38063408373CB7BD27B5340C37310BD0000E4
S3150001C390A1F110032DE9F047DCB2102C06D80123D8
S3150001C3A0A34003F0013323F080732BB90023FF2050
S3150001C3B082F8F030BDE8F087531E4418A04252D1EE
S3150001C3C001F11C039B005FFA83F8C3F30313013BDE
S3150001C3D082F8F0304FF001090B462A4CB3FBF1F01D
S3150001C3E001FB103002EB030C10F0FF001CF804AC4B
S3150001C3F01CF8037C1CF8026C1CF8015C38D114F89B
S3150001C40007E0A75D89EA0E0E665D14F80A50F2464A
S3150001C4104FEAD91000EB400000EBC00080EA49006A
S3150001C4205FFA80F9581AC0B212F800E010448AEA9D
S3150001C4300E0A02F803A090F801A003F1010E87EAA3
S3150001C4400A075FFA8EFE02F80E70877804337E4083
S3150001C4508CF80260C078DBB2454098458CF80350F1
S3150001C460BCD80020A6E710F8015B03F8015FA5E739
S3150001C4701829D7D9102801BF14F80AA0E75DA65DCF
S3150001C480655DCFE72B6B03002DE9F04F92F8F03095
S3150001C49091B007EE901A0B92002B00F045810146F0
S3150001C4A00CA8FFF732FF0123A04CA14DA14E00932A
S3150001C4B00B9B009A009903EB02129DF831309DF80F
S3150001C4C0309001939DF832309DF8358002939DF8A6
S3150001C4D033309DF839E003939DF834309DF83AC026
S3150001C4E004939DF836309DF83E7005939DF83730DC
S3150001C4F09DF83F0006939DF8383007939DF83B3031
S3150001C50008939DF83C3009939DF83D300A930B9BA7
S3150001C51093F8F0308B4246D814F809300CA98DF8FF
S3150001C5203030049BE35C8DF83430079BE35C8DF877
S3150001C5303830099BE35C8DF83C3014F808308DF8EF
S3150001C540313014F80E308DF835300A9BE35C8DF8E6
S3150001C5503930019BE35C8DF83D3014F80C308DF8D1
S3150001C5603230029BE35C8DF83A30E35D8DF836306C
S3150001C570059BE35C8DF83E30089BE35C8DF83F300C
S3150001C580069BE35C8DF83B30039BE35C8DF837300B
S3150001C590235C17EE900A8DF83330FFF7B6FE0020C4
S3150001C5A011B0BDE8F08F16F808B015F809A014F817
S3150001C5B00C10235C8AEA0B0A81EA0A0A83EA0A0A50
S3150001C5C08DF830A014F809A015F808B083EA0A031B
S3150001C5D08BEA030316F80CB015F80CC083EA0B03BB
S3150001C5E08DF8313014F808308AEA030A4B4016F800
S3150001C5F009108AEA0C0A59402B5C16F800C04B4018
S3150001C60004998AEA0C0A695C16F80EC08DF8333073
S3150001C610039BE05DE35C81EA0C01414059408DF8E2
S3150001C6203410049915F80EC0615C8DF832A04B40A8
S3150001C6308CEA030316F807C0EF5D83EA0C038DF855
S3150001C640353014F80E3059407940039F4340F75D69
S3150001C65079408DF8361004990A9F705C0799584005
S3150001C660039BF75DEB5C695C43408DF83730029BB9
S3150001C6707940E05C069B4140E35C0A9F59408DF896
S3150001C68038100799EF5D615C4B407B40029FF75D77
S3150001C6907B408DF839300A9B029FE35CEF5D594080
S3150001C6A07940069F4340F75D79408DF83A10079926
S3150001C6B0705C06994340685C43408DF83B300899AD
S3150001C6C0019F605C0999059BF75D695CE35C7940B4
S3150001C6D0594041408DF83C100999019F615CEF5D1D
S3150001C6E048407840059FF75D78408DF83D000198F8
S3150001C6F0059F205CEF5D41407940089F4340F75D0F
S3150001C7000CA879408DF83E100999715C4B40089947
S3150001C710695C4B4011468DF83F30FFF7B5FD009B34
S3150001C7200133DBB20093C3E6FF2039E72B6B03002D
S3150001C7302B6903002B6A030010B510220446002161
S3150001C740F13012F0EAFB00212046C4F81411F02260
S3150001C750BDE8104012F0E1BB024608461021FFF782
S3150001C76017BE2DE9FF470446D0F814010E461546BB
S3150001C77004F2011900283DD0C0F110079742BA46CC
S3150001C78028BF92464844524612F0A0FBD4F8143111
S3150001C79053440F2BC4F8143137D9AF4235D204F1C3
S3150001C7A0F1031F4613F8012BD97B4B4582EA01029F
S3150001C7B003F8012CF6D16A463B4690469446186822
S3150001C7C059680833ACE803004B456246F6D1224668
S3150001C7D041464046FFF758FE3B4604AF424603CA70
S3150001C7E0BA4218605960904603F10803F6D15644DF
S3150001C7F0A5EB0A050DF1100A102D09D82A46314676
S3150001C800484612F063FBC4F8145104B0BDE8F08742
S3150001C81004F1F1031F46711E1A7811F8010F424007
S3150001C82003F8012B4B45F7D16A463B4690469446A1
S3150001C830186859680833ACE803004B456246F6D1DF
S3150001C840224641464046FFF71FFE3B46424603CA83
S3150001C850524518605960904603F10803F6D1103627
S3150001C860103DC9E7F0B50C4689B0102200210546F6
S3150001C870684612F052FB224669466846FFF704FEF7
S3150001C8809DF900306A46002B4FF0000141DA13781A
S3150001C89012F8010F01315B0043EAD0130F2902F8A8
S3150001C8A0013CF4D19DF80F305B0083F087038DF8CE
S3150001C8B00F30D4F81431102B3AD1694604F2011322
S3150001C8C004F211101A7811F8016B724003F8012B6A
S3150001C8D09842F7D104F1F102134604F2011712F856
S3150001C8E0011BD07BBA4281EA000102F8011CF6D194
S3150001C8F004AA9446164618685968083303C6BB420B
S3150001C9003246F7D1224629466046FFF7BDFD09B0FA
S3150001C910F0BD137812F8010F01315B0043EAD01321
S3150001C9200F2902F8013CF4D19DF80F305B00BEE7F8
S3150001C9309DF900206946002A4FF0000034DA0A7892
S3150001C94011F8016F0130520042EAD6120F2801F8A0
S3150001C950012CF4D19DF80F20520082F087025F1C52
S3150001C960102FC3F10F064FF0800188BF00268DF806
S3150001C9700F20E21803F5817382F80111E01832469F
S3150001C980002112F0CAFA6B463E44C4F8146104F25F
S3150001C990011204F21110117813F8016B714002F8BB
S3150001C9A0011B9042F7D195E70A7811F8016F013022
S3150001C9B0520042EAD6120F2801F8012CF4D19DF853
S3150001C9C00F205200CBE700002DE9F043CBB006461D
S3150001C9D0174699460D46DDF84881002937D0B8F14A
S3150001C9E0000F34D004A8FFF7A7FE4FF4E7729DF8B5
S3150001C9F04C411849624300248818037D4B4516D1E2
S3150001CA0004EB041414441534214404A8FFF7A4FECE
S3150001CA10B6B93A46294604A8FFF7A3FE684604A913
S3150001CA20FFF720FF009B0020C8F8003005E0013425
S3150001CA301A2C00F11100E0D103204BB0BDE8F083C0
S3150001CA40102231460DEB0200FFF78BFEE1E70220D3
S3150001CA50F3E700BF5447002000B5F5B04FF4E77285
S3150001CA606846064912F032FA4FF4E77269460448FD
S3150001CA7012F02CFA002075B05DF804FB2B6C030054
S3150001CA805447002030B48E2B9DF80C5003D80395E3
S3150001CA9030BCFFF799BF032030BC704730B50D4657
S3150001CAA01446014685B080B100209DF820200390F0
S3150001CAB0019203AA00922A46FFF786FF18B9039846
S3150001CAC0001B18BF012005B030BD0220FBE70000A6
S3150001CAD02DE9F0410D4690461F460646BEB090B37D
S3150001CAE08BB311F00F0430D12146F12201A812F0C7
S3150001CAF014FA4FF4E7709DF8101141431448431896
S3150001CB001A7D42450ED104EB04140C44153420441D
S3150001CB10102101AAFFF73CFC2C46281BC0B254B9D0
S3150001CB20204605E001341A2C03F11103E8D1032054
S3150001CB303EB0BDE8F081391801AA3044103CFFF738
S3150001CB40A3FCA4B2E9E70220F2E70520F0E700BF63
S3150001CB5054470020F0B54FF4E77400260346084613
S3150001CB6004FB02F1254D174687B06A18147D9C42D5
S3150001CB703BD183F08002092A4FEA061426D840F2F7
S3150001CB804923D340DB4313F001031FD1CDE902331F
S3150001CB90CDE904337F2202AB10210097FFF798FFFE
S3150001CBA034444FF4E776844606FB07442C4402AB33
S3150001CBB0153406AD1A4603CAAA42206061601346BF
S3150001CBC004F10804F6D1604607B0F0BD34440C44C4
S3150001CBD015342C4400F1100350F8042B984244F804
S3150001CBE0042BF9D14FF0000CEDE701361A2E02F1B4
S3150001CBF01102BBD14FF0030CE5E700BF54470020FB
S3150001CC0009B1FFF7A7BF0220704730B514461D468C
S3150001CC1087B0B0B100237F2ACDE90233CDE90433D1
S3150001CC2001D108290FD10A460095102102ABFFF761
S3150001CC304FFF20B92A46204602A9FFF78BFF07B00E
S3150001CC4030BD0220FBE70320F9E72DE9F3479846BB
S3150001CC50DDE90B599DF828409DF83470002B3DD035
S3150001CC60002D3BD0B9F1000F38D0212C38D8FF2840
S3150001CC700CBF4FF0010A4FF0030A19462246284617
S3150001CC8012F024F9611E524600976B1C89B208F115
S3150001CC900100A6B2FFF71CFF20BBEB7ADB0989F87E
S3150001CCA000300BBB2C4414F8012C14F8023C12067C
S3150001CCB042EA034214F8043C14F8030C1A43311FE8
S3150001CCC042EA002201232846009789B2FFF7E6FED1
S3150001CCD0003818BF012002B0BDE8F0870220FAE74C
S3150001CCE00520F8E70720F6E70420F4E710B550B170
S3150001CCF04FF4E7735943054A036854185350436880
S3150001CD000020636010BD0220FCE700BF54470020ED
S3150001CD1050B14FF4E7725143044B5A185B58036004
S3150001CD205368436000207047022070475447002033
S3150001CD3010B558B14FF4E7735943054A03680831F2
S3150001CD405350436800205418636010BD0220FCE76D
S3150001CD505447002058B14FF4E7725143054B08314F
S3150001CD605A185B58036053684360002070470220DD
S3150001CD70704700BF5447002070B505464FF4E7766B
S3150001CD804FF4EA730E4CF6B006FB05441A46002131
S3150001CD9001A812F0C2F83246214601A812F096F80F
S3150001CDA04FF4EA7301AA03FB05F104200FF0BCF866
S3150001CDB03246204601A912F089F8002076B070BDEE
S3150001CDC0544700204FF4E77330B50A4C03FB004388
S3150001CDD000241D7DE0B28D420ABF1070062000209E
S3150001CDE0192C05D0062804F1010403F11103F0D032
S3150001CDF030BD00BF544700204FF0FF3330B5094D19
S3150001CE0001440A1A002A01DCD84330BD10F8012B6F
S3150001CE105340082243F300042C40013A84EA5303A9
S3150001CE20F8D1EEE72083B8ED4FF4EA7310B5F6B00A
S3150001CE3004461A46002101A812F06FF84FF4E77272
S3150001CE400C4901A802FB041112F040F84FF4E871F5
S3150001CE5001A8FFF7D1FF4FF4EA73759003FB04F1C4
S3150001CE6001AA04200FF0CCF92046FFF785FF002028
S3150001CE7076B010BD544700207FB5002603AB01AA4A
S3150001CE800DF10501044603960EF090FD9DF805503F
S3150001CE907DBB122320460DF107020DF106018DF827
S3150001CEA006308DF807300EF089FD9DF80630122BFD
S3150001CEB003D19DF80730122B11D0204602A9FCF7A9
S3150001CEC04EFA58B99DF80930022B0BD020469DF831
S3150001CED007209DF80610FCF72DFD00B105462846F2
S3150001CEE004B070BD01212046FBF705FF0028EDD0F7
S3150001CEF0F4E73546F3E7000007B501460190084817
S3150001CF0012F069FA48B10199064812F064FAB0FACA
S3150001CF1080F0400903B05DF804FB0120FAE700BF89
S3150001CF20F96D0300006E0300FCF7C0BA1FB50023BC
S3150001CF3004468DF809300393FCF76AFD50BB204681
S3150001CF4002A90EF005FD20469DF80810FBF780FFAB
S3150001CF5000BB20460DF109010EF0FDFC20469DF8AF
S3150001CF600910FCF783F8A8B903AB20460DF10702B7
S3150001CF700DF10A010EF01AFD9DF80A30012B0BD0B6
S3150001CF8020460DF10B010EF01AFD20469DF80B10FF
S3150001CF90FCF7E8FB04B010BD2046039A9DF8071084
S3150001CFA0FCF773F80028F5D17F212046FBF75FFFD8
S3150001CFB00028E5D0EEE7FCF77BBA002914BF04216F
S3150001CFC00021FBF789BE09B1012901D1FBF793BE07
S3150001CFD002207047FBF79EBE10B50446FFF74CFFD3
S3150001CFE0014620B92046BDE81040FBF7B5BE10BD8D
S3150001CFF038B505460C46FFF73FFF88B9631C06D1D5
S3150001D0002846BDE838406FF07F41FBF7ADBEB4F569
S3150001D010802F05D221462846BDE83840FBF7B9BE28
S3150001D020032038BDFCF79EBB022905D80901203132
S3150001D03001F0F001FBF75BBF02207047FBF7B1BEC1
S3150001D040FBF7DBBE10B50446FFF716FF20B92046F5
S3150001D050BDE81040FBF7D5BE10BD10B50446FFF77D
S3150001D0600BFF20B92046BDE81040FBF7D7BE10BD27
S3150001D07010B50446FFF700FF20B92046BDE8104071
S3150001D080FBF7D9BE10BDFBF712BF10B586B08DF800
S3150001D0901010059204A902AA04460EF05FFC9DF841
S3150001D0A00A3033B1204602A9FBF708FF38B106B0B2
S3150001D0B010BD2046FCF7ECFB0028F3D0F7E79DF8FE
S3150001D0C00A302046002B0CBF382318230DF1070127
S3150001D0D08DF807300EF076FC9DF80A305BB99DF8A5
S3150001D0E00730382B0DD120469DF80C209DF90D10E7
S3150001D0F0FCF717F8DBE7012BF5D19DF80730182B64
S3150001D100F0E720469DF80710FCF707FC0028EAD057
S3150001D110CDE770B5164600220D4611460446FCF7CA
S3150001D120D8F8014630B92A462046F3B2BDE8704028
S3150001D130FBF711BF70BD7FB50E4603A905461C4618
S3150001D1400192FCF726F960B99DF80C30019A19464F
S3150001D15004B123808E4206D328469DF80D10FBF7B5
S3150001D16008FF04B070BD0320FBE7FCF7A3BA09B1C1
S3150001D170012901D1FBF7B8BF0220704713B50C4650
S3150001D1800DF10701FBF7BFFF28B99DF8073023B161
S3150001D190012B04D0022002B010BD2070FBE72370E2
S3150001D1A0F9E7F82902D8C9B2FCF7A4B802207047FA
S3150001D1B0012070470120704713B50C466946FCF7FC
S3150001D1C0FFF858BB9DF801209DF90030002A14BFD5
S3150001D1D00222002213439DF80220002A14BF0422D2
S3150001D1E0002213439DF80320002A14BF08220022BF
S3150001D1F013439DF80420002A14BF10220022134372
S3150001D2009DF80520002A14BF202200221343238003
S3150001D2109DF9063063809DF90730A38002B010BDE9
S3150001D22013B50C4601A9FCF701F940B99DF9043083
S3150001D23023809DF9053063809DF90630A38002B0F5
S3150001D24010BD01207047FCF719B901207047FCF7A2
S3150001D25099BAFCF7ACBA0120704738B504461546B1
S3150001D260FCF7CCFA28B929462046BDE83840FCF738
S3150001D270D4BA38BD01207047FCF7DEBA30B5054691
S3150001D28087B08DF81010059204A902AA1C460EF06B
S3150001D29065FB28460DF107010EF05AFB9DF80A00C1
S3150001D2A0012818D19DF90E200F2A10DC12F1110F59
S3150001D2B00FDB1132D2B200209DF80730012B0CBFD3
S3150001D2C0124B134B53F82230236007B030BD202296
S3150001D2D0F1E70022EFE7B0B99DF90E20162A0EDC20
S3150001D2E012F1090F0DDB0932D2B29DF80730012B7D
S3150001D2F00CBF084B084B53F822302360E5E71F2289
S3150001D300F3E70246F1E70220DFE700BF886E03007C
S3150001D3108C6F0300086E03000C6F030037B50DF127
S3150001D32007011C46069D0EF013FB9DF80730012BE5
S3150001D33009D1002C41F2680318BF4FF4965300201F
S3150001D3402B6003B030BD002C42F2544308BF4FF4AA
S3150001D350FA53F4E737B50DF1070115461C460EF0F1
S3150001D360F7FA9DF807300020012B07BF41F2B443BD
S3150001D37041F2F81242F2747342F2B022002D08BF54
S3150001D3801346236003B030BDFCF71DB9FCF7C3BAE1
S3150001D390002070470846114610B50A291A46029B15
S3150001D3A01ED9441F072C0DD8DFE804F0040E101215
S3150001D3B0141416181324022A1C7031D033D9D41E22
S3150001D3C0012C34D9022031E01424F4E71524F2E7C4
S3150001D3D01624F0E71724EEE71A24ECE71E24EAE701
S3150001D3E00629EFD9441F072CECD80FF2080C5CF87C
S3150001D3F024F000BFB5D30100C9D30100D1D3010088
S3150001D400D1D3010015D4010019D40100D9D30100EB
S3150001D4101DD401001824CEE71924CCE71D24CAE740
S3150001D4201C78013C1C700EF0D0FA002010BD1C784F
S3150001D430023CF7E7024610F0010018BF02209107EF
S3150001D44048BF40F00400930544BF40F0080398B27A
S3150001D45012F0180F1CBF40F0200398B2910644BF8A
S3150001D46040F0400398B2530644BF40F0800398B29F
S3150001D470110644BF40F4807398B2D30544BF40F40B
S3150001D480007398B2510744BF40F0100398B2530499
S3150001D49044BF40F4806080B27047002337B50D4623
S3150001D4A00DF10601ADF80630FBF798FD044620B9EB
S3150001D4B0BDF80600FFF7BEFF2880204603B030BD49
S3150001D4C0002337B50D460DF10601ADF80630FBF721
S3150001D4D0AFFD044628B925B1BDF80600FFF7AAFF3E
S3150001D4E02880204603B030BD0346C0F340005907EB
S3150001D4F048BF40F002001A0748BF40F40070990681
S3150001D50048BF40F018005A0648BF40F020001906EF
S3150001D51048BF40F04000DA0548BF40F08000990559
S3150001D52048BF40F48070DA0648BF40F004005B054E
S3150001D53048BF40F48040704710B504460846FFF7DF
S3150001D540D3FF01462046BDE81040FBF75FBD13B58A
S3150001D55004460846FFF7C8FF0023024644F2FF319E
S3150001D56020460093FBF716FD02B010BD002337B528
S3150001D57005460C4680680DF107018DF80730FBF76B
S3150001D58099FF88B92B6823606B6863609DF8073043
S3150001D59063722B7B042B12D8DFE803F003080B0D13
S3150001D5A00F0000221846227203B030BD08232372F1
S3150001D5B0FAE70923FBE70A23F9E70B23F7E702203A
S3150001D5C0F2E71FB500230446084601A9CDE9013358
S3150001D5D00393FFF7CBFF18B9204601A9FCF776F8AC
S3150001D5E004B010BD03880B808378042B13D8DFE8C1
S3150001D5F003F0031416181A0000238B70C378CB703E
S3150001D6000379012B02D0022B00D023B90B71437988
S3150001D6105BB1012B09D0022070470423EDE70523F6
S3150001D620EBE70623E9E70723E7E74B71C3888B712D
S3150001D630037A042BEFD8DFE803F0030C0E10120077
S3150001D6400123CB71407A60B10128E4D10872002030
S3150001D65070470023F5E70223F3E70423F1E70623E6
S3150001D660EFE7087270471FB500230446084601A973
S3150001D670CDE90133ADF80C30FFF7B4FF10B9204600
S3150001D680FBF79CFD04B010BD10B5044686B00846F4
S3150001D69003A9FFF76BFF69462046FFF7A3FF68461C
S3150001D6A003A9FBF783FF06B010BD03780B7043781F
S3150001D6B00B2B21D8DFE803F0060E10121416181AE8
S3150001D6C0201C201E00234B7083788B70C3780020AA
S3150001D6D0CB7070470823F6E70123F4E70923F2E745
S3150001D6E00223F0E70A23EEE70323ECE70423EAE744
S3150001D6F00523E8E70623E6E70220704713B504464B
S3150001D700084601A9FFF7D1FF10B92046FBF71AFD1C
S3150001D71002B010BD10B503880B8083781BB1012BB5
S3150001D72001D0022010BD8B70C478027943790020A4
S3150001D730CC700A714B71F5E7002313B50446084610
S3150001D74069460093ADF80430FFF7E4FF10B92046AF
S3150001D750FBF75CFD02B010BD1FB50446084601A9E2
S3150001D760FFF7A3FF02A92046FFF7D4FF01A902A8EC
S3150001D770FBF7F3FE04B010BD013803280DD8DFE82E
S3150001D78000F00206080A012300200B7070470223ED
S3150001D790FAE70323F8E70423F6E70220704713B5F7
S3150001D7A00C460DF10701FCF745F920B921469DF814
S3150001D7B00700FFF7E1FF02B010BD10B503780C4674
S3150001D7C0042B04D8DFE803F005191B1D1F000220F6
S3150001D7D010BD00232370437863708378A370C378E8
S3150001D7E0012B03D0022B10D0002BF0D1E37040683F
S3150001D7F0FBF7B6FF60600020EAE70123EAE70223B0
S3150001D800E8E70323E6E70423E4E71023EEE713B58D
S3150001D810044608466946FFF7D0FF18B9694620460F
S3150001D820FBF734FD02B010BD70B50546C0680C4665
S3150001D830FBF731FF064695E8070095F9103084E8B5
S3150001D8400700E660237470BD10B5044686B008462D
S3150001D85001A9FFF7E9FF204601A9FCF711F906B076
S3150001D86010BD10B58CB00446084607A9CDE90432AF
S3150001D870FFF7DAFFDDE9043200210291BDF83C1021
S3150001D880204601910E99009107A9FCF734FA0CB0D4
S3150001D89010BD10B5044688B0084603A90192FFF7EA
S3150001D8A0C3FF2046019A03A9FCF74EFA08B010BD42
S3150001D8B010B5044688B0084603A90192FFF7B4FFE4
S3150001D8C02046019A03A9FCF71EF908B010BD30B530
S3150001D8D0154687B0084601A91C46FFF7A5FF29464C
S3150001D8E001A8FBF7EBF92060002007B030BD10B5A9
S3150001D8F086B0084601A91446FFF796FF01A8FAF774
S3150001D90003FF2060002006B010BD30B5154687B074
S3150001D910084601A91C46FFF787FF294601A8FCF71F
S3150001D920DFF82080002007B030BD70B5036B0546D7
S3150001D9300C4600680021984730BB0146AB6E28684B
S3150001D940984708BB6B6E216A28689847E0B9AB6CAB
S3150001D950226A94F92A1028689847A8B921462B6F9C
S3150001D9602868984780B96B6F286804F110019847B9
S3150001D97050B9237E4BB9E27CD5F8AC300732E16968
S3150001D9802868D208984748B170BDD5F8B830E28CFE
S3150001D990A18C286898470028EDD0F5E7607E00281D
S3150001D9A0F2D0D5F8C030218D2868BDE870401847FF
S3150001D9B070B5036B05460C4600680021984738BBD5
S3150001D9C0D5F88430A17C2868984708BB0121AB6E45
S3150001D9D028689847E0B96B6EE16828689847B8B936
S3150001D9E0AB6CE26894F910102868984780B9214613
S3150001D9F0AB6F2868984758B9EB6F2868211D98477F
S3150001DA0030B9D5F8B030617C2868BDE87040184758
S3150001DA1070BD01207047002330B585B0ADF80630E2
S3150001DA2002938DF80C304B7A04468DF805300B7A4B
S3150001DA300D468DF804300B7C01218DF80D30836E77
S3150001DA400068984798B9636EE9682068984770B985
S3150001DA50A36F206801A9984748B9E36F206802A916
S3150001DA60984720B92946D4F880302068984705B0F0
S3150001DA7030BD000008B506F059FB0DF07BF900F04A
S3150001DA80B9F808F08FF90AF001F908F021F90CF05C
S3150001DA90C9FF08F0C1FF09F0D3FF09F00DFD09F038
S3150001DAA065FB09F04FFF0DF0BBFB0121302002F0B1
S3150001DAB009F940F203120121074B0846C3F8002475
S3150001DAC002F052FF002005F0D5FD0DF031FEBDE854
S3150001DAD008400DF047BE00BF00C007500420704744
S3150001DAE008B50AF021F9BDE8084009F061B808B5A2
S3150001DAF006F0ACFAFFF7BEFF06F0B5FAFFF7F0FF46
S3150001DB000DF0ACFE0028F7D005F07AFCF4E708B575
S3150001DB100521802002F096FB05214FF4806002F07A
S3150001DB2091FB05214FF4906002F08CFB08214FF424
S3150001DB30C06002F087FB08214FF4F06002F082FB1F
S3150001DB4008213E2002F07EFB08213D2002F07AFBEF
S3150001DB5008212D2002F076FB002008BD10B5012119
S3150001DB603A2002F0AFF8022201231046062103F003
S3150001DB7035FB012100230846042203F02FFB012374
S3150001DB8002220721002003F029FB00230222184666
S3150001DB90052103F023FB002304221846062103F086
S3150001DBA01DFBBDE81040012304220021184603F0A5
S3150001DBB015BB08B50DF05CFE08BD38B505F02CFDAA
S3150001DBC004460DF01FF9042810D002284FF0000575
S3150001DBD008BF0124FFF782FF042809D0022808BFE5
S3150001DBE00124002D18BF0024204638BD0125F1E788
S3150001DBF00024F9E7012208B5074B1A700022074BEA
S3150001DC001A700422064B1A701F22064B1A7004F072
S3150001DC1015FE054B186008BD141100202849002087
S3150001DC20151100201611002024490020FEE70000EE
S3150001DC3008B500F02DF8124B12498B4212D3002081
S3150001DC40114B12498B4218D3E8F79EFA186850F81F
S3150001DC502240586840F82240013298688242F5D342
S3150001DC600C33EAE70022F8E71C6844F82200013287
S3150001DC705C68A242F8D30833E4E70022F8E700BF64
S3150001DC8080CB03008CCB03008CCB03008CCB030031
S3150001DC904FF400414FF0FF30124B134A10B59A6012
S3150001DCA0D3F8882042F47002C3F888200F4A91669F
S3150001DCB001F1884101F5005210664FF6DF7050669A
S3150001DCC00220C3F8D000BFF34F8FBFF36F8F082434
S3150001DCD04FF440330648C0F88041D36004600B61BD
S3150001DCE010BD00BF00ED00E0006000000090005094
S3150001DCF000E100E0014B1868704700BF1C110020CD
S3150001DD00014B1860704700BF1C110020084B1B6FA8
S3150001DD1003F00703022B04D0032B05D0012B05D0FA
S3150001DD20FEE7044B18687047034BFBE7034870474F
S3150001DD30008000501C11002020110020002D31010F
S3150001DD4008B5FFF7E3FF054B1B6FC3F3033301333D
S3150001DD50B0FBF3F0024B186008BD00BF0080005015
S3150001DD60181100200048704700B4C404014B18681C
S3150001DD70704700BF201100200020704700487047FF
S3150001DD80002D31014FF4004070474FF47A7070470F
S3150001DD90014B1868704700BF24110020BFF34F8F55
S3150001DDA00549064BCA6802F4E0621343CB60BFF330
S3150001DDB04F8F00BFFDE700BF00ED00E00400FA054C
S3150001DDC000239B6AB3F5C04F03D21968064A9142F4
S3150001DDD003D00023037083607047012202709A68A2
S3150001DDE09B694260F7E700BF07B0CD5E30B50024FE
S3150001DDF0A36A87B0B3F5C04F054601910FD201233F
S3150001DE0003A88DF80C30CDE90444FFF7D9FF059B33
S3150001DE105B0504D5A36A28461B6C0199984707B090
S3150001DE2030BD704773B55B4B04461A781AB10222AE
S3150001DE301A7002B070BDCDE900220028F9D0012682
S3150001DE401E7002F080FC544D544B1860FFF7E9FF39
S3150001DE502B785BB900F06CFF40B951480823514A51
S3150001DE60514900680FF0BCFF00B92E704F4B5A6E36
S3150001DE7022619B6E4E4A63614FF40043936603F140
S3150001DE8088435968A1614B499960196E2160596EA1
S3150001DE906160196CA160596CE1604749086C1864AE
S3150001DEA0496C5964012151664FF4005191661A6E0D
S3150001DEB0560448D54149CA68D407FCD45B6E5A0456
S3150001DEC046D53F4AD36B13F0430FFBD13D4B1A683E
S3150001DED0531C43D04FF4001393403B4A136604236B
S3150001DEE0394C23664FF48063236600F05FF90130F5
S3150001DEF00BD000F05BF940F2011398421FBF4FF4BB
S3150001DF00804323664FF40043236610232E4C684654
S3150001DF1023664FF4005323664FF0804323664FF484
S3150001DF20804301A96366FFF761FF009B2366019B9E
S3150001DF3063662B78002B3FF47CAF1A4B1A68226676
S3150001DF405B68636675E72149CA68D007FCD4B5E703
S3150001DF501F4AD36B13F0430FFBD1B7E71D4B1B7859
S3150001DF60002BBCD14FF48072114B5A661A4A526883
S3150001DF701AB94FF40011144A11664FF400725A6629
S3150001DF80164B5B68002BAAD14FF480020E4B1A6622
S3150001DF90A5E700BF524900205049002054490020FE
S3150001DFA0301100204849002000710800008000500F
S3150001DFB00090005055CEAC0000C000540000044053
S3150001DFC00000024C2811002000900044000004507B
S3150001DFD00000025C5149002000C0055000000650B7
S3150001DFE070470000F8B5274D04462F78012F02D05F
S3150001DFF001232B70F8BD0028FCD000F0D7F80130C2
S3150001E000214E0AD000F0D2F840F20113984204D012
S3150001E0101E4A7766D368DF07FCD44FF400531C49C8
S3150001E020B366CA6B12F04302FBD12168194B19661C
S3150001E03061685966A1681964E1685964A169C807EC
S3150001E04048BF9A60144B1A6801320DD1134A1278EF
S3150001E05052B913494968C90748BF1A60114A52683B
S3150001E060D20744BF01221A6022690F4B5A666269C0
S3150001E0709A66FFF7B5FF0D4B186802F06AFB00239D
S3150001E080B7E700BF5249002000900040000004405D
S3150001E0900000024C00800044281100205149002054
S3150001E0A000C0055000000650008000505449002071
S3150001E0B070B50024A36AB3F5C04F1ED2104E337853
S3150001E0C013F0FD0517D10F48FFF7ACFE08214FF4F9
S3150001E0D080330D4A0D48C2F88011C36011600C4AA5
S3150001E0E01361AB6ADB69984704460648FFF77AFF76
S3150001E0F00CB901233370204670BD4FF48174FAE7E1
S3150001E100514900202C49002000E100E000A0004414
S3150001E1100090004413B51F4B1B7803B9FEE700239B
S3150001E1201D4CCDE900336A4608231C4920680FF0CF
S3150001E13057FEF0B91A4AD2F84031D2F840211F2BC6
S3150001E1404FF0010310D9203A9340019A13430193EA
S3150001E15008236A46114920680FF0F8FD4FF0005375
S3150001E160104A1A60FFF71AFE9340009A1343009370
S3150001E170EEE70D4B9842F1D1094AD2F84031D2F877
S3150001E18040211F2B4FF0010302D9203A9340DEE7CD
S3150001E1909340ECE75249002030110020007108003D
S3150001E1A0008000440B020FF00BE000F01FB50023C6
S3150001E1B09A6AB2F5C04F04D340F2011005B05DF87A
S3150001E1C004FB126BB2F5C04FF6D2012201A8CDE9CC
S3150001E1D002338DF80420FFF7F3FD039BDB03EBD538
S3150001E1E0029B1A0EE8D0012A03D1C3F307430A2B77
S3150001E1F0E2D900239B6A1B6B1B6C9847DEE7FEE79F
S3150001E200002303607047000038B504460D4601B18E
S3150001E21018B937210348FFF7F2FF23682B60256001
S3150001E22038BD00BF6070030038B504460D4601B124
S3150001E23018B978210548FFF7E2FF23681BB1AB4205
S3150001E24002D12B68236038BD1C46F6E760700300D7
S3150001E25005490A681318054883428CBF4FF0FF32FF
S3150001E2600B601046704700BF2C1100200080002073
S3150001E2702DE9FF47044618B92C215848FFF7BFFF7F
S3150001E2802368574A93420AD0564A934200F0838044
S3150001E2904221524804B0BDE8F047FFF7B0BF2E2037
S3150001E2A0012101F00FFD01230A226179207902F093
S3150001E2B095FF01230A22E179A07902F08FFF092750
S3150001E2C04FF00108DFF82491474D267994F805A00F
S3150001E2D0002E62D0012E63D0022E63D0032E04D10C
S3150001E2E00F2323FA0AF3DA0704D440F2FE31484633
S3150001E2F0FFF785FF302202FB065642F2100208FAAA
S3150001E3000AF3B350642005F0B9FE267994F805A006
S3150001E310002E49D0012E4AD0022E4AD0032E04D116
S3150001E3200F2323FA0AF3DB0704D440F22D414846B2
S3150001E330FFF765FF302202FB065641F2100208FA8A
S3150001E3400AF36420B35005F099FE013FBDD1206860
S3150001E350234B98422FD10323C5F890346279237950
S3150001E36043EA0243C5F89434E279A37943EA0243C6
S3150001E370C5F8983440F20113ADF80030E3686946F8
S3150001E3800293A3680193237C8DF80C3003F008F8FF
S3150001E39004B0BDE8F0872F2082E740F2FF13A0E723
S3150001E3A01F239EE7FF239CE740F2FF13B9E71F23D4
S3150001E3B0B7E7FF23B5E70B4B9842DBD10323C5F83B
S3150001E3C0A0346279237943EA0243C5F8A434E27999
S3150001E3D0A37943EA0243C5F8A834CBE79270030058
S3150001E3E00000015A0080065000C00350CC700300A3
S3150001E3F038B5054603F042F9044C012801D1013C28
S3150001E40000D138BD284603F017F8F6E7E19304007A
S3150001E41008B5114B984217D00DD8A3F50043984281
S3150001E42014D003F58043984212D00C485B21FFF7C4
S3150001E430E6FE802008BD0A4B98420BD003F58043C7
S3150001E4409842F2D15220F5E72620F3E72420F1E79E
S3150001E4502520EFE72720EDE7000005505071030066
S3150001E4600040055008B5104B984216D003F580437D
S3150001E470984215D003F58043984211D003F58043A5
S3150001E48098420DD003F58043984209D0074840F2DF
S3150001E490A721FFF7B4FE002008BD4FF0FF30FBE7D0
S3150001E4A04FF6FF70F8E700BF008004508471030047
S3150001E4B070B5044688B000680D46FFF7A9FF012133
S3150001E4C0064601F0FFFB01213A2001F0FBFB2B7907
S3150001E4D00422A179607902F081FE0D2200216846AD
S3150001E4E010F01BFD03238DF8063001238DF805304E
S3150001E4F002238DF801302B796A46591E4B424B4156
S3150001E500206821798DF80A3003F0F4FE2268304B39
S3150001E5109A4254D003F580439A4252D003F5804380
S3150001E5209A4250D003F580439A424ED029482A494F
S3150001E530A3F5BD33824218BF0B46A07962792179D2
S3150001E54042EA004243F82120304601F0E5FB2D68FE
S3150001E5502668B0FBF5F0451E3046FFF783FF85427E
S3150001E56004D940F289411D48FFF749FE336BDA07AA
S3150001E57004D440F28B411948FFF741FEF561256845
S3150001E58026792846FFF76EFF2B6BDB0704D440F292
S3150001E59017311248FFF733FE05EB461500260E220A
S3150001E5A03146AE6604A810F0B8FC0123206804A920
S3150001E5B08DF8103003F046FE304608B070BD084BAA
S3150001E5C0BBE7084BB9E7084BB7E7084BB5E700BF10
S3150001E5D0008004500080055060C50350847103001B
S3150001E5E080C50350A0C50350C0C50350E0C5035004
S3150001E5F0012301790268134803FA01F182421AD014
S3150001E60000F5804082420DD00F4B9A4215D003F59A
S3150001E61080439A4213D003F580439A420CBF0423E8
S3150001E6204FF0FF3341F27C525B0103F1A04303F546
S3150001E6307033995070470023F4E70223F2E703236E
S3150001E640F0E700BF00800450000005500123017966
S3150001E6500268134803FA01F182421AD000F580409C
S3150001E66082420DD00F4B9A4215D003F580439A4250
S3150001E67013D003F580439A420CBF04234FF0FF33B6
S3150001E68042F27C525B0103F1A04303F570339950CA
S3150001E69070470023F4E70223F2E70323F0E700BF04
S3150001E6A0008004500000055038B50446FFF7CEFF40
S3150001E6B02068194B984227D003F58043984225D00C
S3150001E6C003F58043984223D003F58043984221D035
S3150001E6D0124A1349A3F5BD33A03B904218BF194610
S3150001E6E00025237941F8235003F05EFE2B462A4686
S3150001E6F0A179607902F072FD2068FFF789FE29464B
S3150001E70001F0E0FA284638BD0649E9E70649E7E798
S3150001E7100649E5E70649E3E7008004500080055015
S3150001E72000C6035080C50350A0C50350C0C50350A1
S3150001E730E0C5035070B504680679E569204669436A
S3150001E7406425B1FBF5F5FFF78DFE854204D940F24C
S3150001E750FA210748FFF753FD236BDB0704D44FF477
S3150001E7603F710348FFF74BFD04EB4614256770BD67
S3150001E770847103002DE9F04F9A46564B85B01B78FC
S3150001E78006460F461546DDF83C909DF844B0DDF887
S3150001E7905080002B00F08D80072A00F28C800E9BA2
S3150001E7A0002B00F08880B9F1000F00F08480129BE5
S3150001E7B0B3F5006F7FDC012802D1109B002B7AD0C4
S3150001E7C0454B03EB05131B7B002B76D0434C1022E4
S3150001E7D00021684610F0A1FB04EB45141022002F1E
S3150001E7E059D13946204610F098FB43F21003638055
S3150001E7F0BBF1000F03D1E37843F00303E370374A1B
S3150001E8000E9B02EB451CCCE90193129B6901013B6E
S3150001E810C3F30A009DF84C30012E03F003034FEABF
S3150001E820836343EA001E53582D48CDF800A000EA41
S3150001E83003004EEA0003535041D113230CF1100E8D
S3150001E840CCF80C309CE80F008EE80F006FF0030146
S3150001E850DCF81C20109B61F39F02012FCCF81C20D1
S3150001E860CCF8143003D1CCF81890CCF8043000273A
S3150001E870194A290102EB051342F80180159A284627
S3150001E8805A60694622469F605E7303F01DFB384657
S3150001E89005B0BDE8F08F0021204610F03EFB4FF495
S3150001E8A044736380BBF1000FA9D1E37843F03003D1
S3150001E8B0A4E70C48ECE70C48EAE70C48E8E7B8F1AE
S3150001E8C0000FD4D19CF8023068F304138CF802309F
S3150001E8D0CDE700BFD84A002058490020D84900207A
S3150001E8E00F80FFF3028000F0018000F0078000F046
S3150001E8F038B5124B05461B78DBB1E0B101F023FFB9
S3150001E9000F4A00231146147B54B92B6001251A01C5
S3150001E91001EB03131D738C5001F01BFF204638BD1C
S3150001E9200133082B02F11002EDD101F012FF054867
S3150001E930F5E70548F3E70548F1E700BFD84A0020A7
S3150001E94058490020048000F0028000F0018000F0A8
S3150001E95013B501F0F8FE00230B4A147B7CB9013391
S3150001E960082B02F11002F8D1019003F023FA074BAC
S3150001E97001981C7001F0EDFE204602B010BD01F0B9
S3150001E980E8FE0348F9E700BF58490020D84A0020AD
S3150001E990058000F00D4B10B51B78044693B107288E
S3150001E9A012D801F0D0FE0A4B03EB04131A7B2AB1ED
S3150001E9B000241C7301F0CDFE204610BD01F0C9FEF6
S3150001E9C00448FAE70448F8E70448F6E7D84A00207D
S3150001E9D058490020068000F0028000F0018000F016
S3150001E9E0154B13B51868002301908DF8043001F01A
S3150001E9F0AAFE124B1C7824B101F0ABFE104802B0FE
S3150001EA0010BD01221A7001F0A4FE0E4B01A81C7361
S3150001EA101C7783F82C4083F83C4083F84C4083F8FC
S3150001EA205C4083F86C4083F87C4008238DF80730FE
S3150001EA3003F000FA2046E2E709720300D84A0020F3
S3150001EA40038000F05849002010B588B00E9C009252
S3150001EA5007940D9C024606949DF8304005940B9C44
S3150001EA6004949DF8284003940024CDE901342046FE
S3150001EA700B462146FFF77EFE08B010BD10B588B0E3
S3150001EA800E9C009207940D9C024606949DF8304018
S3150001EA9005940B9C04949DF8284003940024CDE929
S3150001EAA0013420460B460121FFF764FE08B010BD74
S3150001EAB010B588B00F9C009207940E9C02460694EE
S3150001EAC09DF8344005940C9C04949DF82C400394C5
S3150001EAD00A9CCDE901340B4601210846FFF74AFE9F
S3150001EAE008B010BD0A4A08B512785AB107280BD8E2
S3150001EAF0084A02EB00131B7B43B1002103F078F9AE
S3150001EB00002008BD0448FCE70448FAE70448F8E792
S3150001EB10D84A002058490020028000F0018000F008
S3150001EB20078000F00A4A08B512785AB107280BD8AF
S3150001EB30084A02EB00131B7B43B1012103F058F98C
S3150001EB40002008BD0448FCE70448FAE70448F8E752
S3150001EB50D84A002058490020028000F0018000F0C8
S3150001EB60078000F00A4A08B5127852B107280AD878
S3150001EB70084A02EB00131B7B3BB103F025FA002088
S3150001EB8008BD0548FCE70548FAE70548F8E700BF70
S3150001EB90D84A002058490020028000F0018000F088
S3150001EBA0078000F00B4A10B512780C4662B10728AF
S3150001EBB00CD859B1084A02EB00131B7B43B103F091
S3150001EBC01FFA2060002010BD0448FCE70448FAE75C
S3150001EBD00448F8E7D84A002058490020028000F08E
S3150001EBE0018000F0078000F02DE9F843174B1F6DF7
S3150001EBF05B6D1F4000D5FEE701260025144CDFF8AA
S3150001EC005480DFF85490374217D02368C8F8506013
S3150001EC109BB1A168284601316268A1609847637B70
S3150001EC20012B0AD148B909EB45131A7B60F341025E
S3150001EC301A731A7F60F341021A770135082D4FEADC
S3150001EC40460604F11004DED1BDE8F8830000045045
S3150001EC505849002000200450D849002070B50446C8
S3150001EC6001250B4E04B970BD94FAA4F0B0FA80F0F8
S3150001EC7005FA00F306EB001224EA03045368002B9D
S3150001EC80F0D0117B11B191689847EBE79847E9E716
S3150001EC90DC4A002008B5192001F05EFD28B14FF0CD
S3150001ECA00072074BC3F880211A601A2001F054FD47
S3150001ECB028B14FF08062024BC3F880211A6008BD6B
S3150001ECC000E100E038B505460C4601F03CFD0022A6
S3150001ECD0044B03EB05135C601A73BDE8384001F081
S3150001ECE038BD00BFDC4A0020074BD3F82404D3F813
S3150001ECF0202403F50053104000F0553020F0502039
S3150001ED00C3F82004FFF7AABF00C00350074BD3F88E
S3150001ED102404D3F8202403F50053104000F0AA3050
S3150001ED2020F0A020C3F82004FFF798BF00C00350CD
S3150001ED30024B1968024B18680EF032BF34110020DD
S3150001ED40301100207047000037B5920004460D4689
S3150001ED50019213F045FA431C0BD060B929462046AF
S3150001ED60019A10F0A3F80028044808BF002003B058
S3150001ED7030BD0348FBE70348F9E700BF10E000F0A8
S3150001ED8021E000F024E000F013B5044601A803F0E9
S3150001ED90E7F99DF80630012223804FF480730020A5
S3150001EDA06380054B9B680A3303F01F0302FA03F3E2
S3150001EDB0636002B010BD00BF0080E00F03F058B9D8
S3150001EDC008B503F045F9002008BD10B5044644EA2C
S3150001EDD0010313F00303084609D1934201D1002030
S3150001EDE010BD54F8231040F823100133F5E72146EE
S3150001EDF0920010F06BF8F2E710B5044613F0F8F93B
S3150001EE00431C15D0B0B90C4B20469B680A3303F05E
S3150001EE101F020123934023F003032344984201D1A7
S3150001EE20002010BD50F8042B0132F7D00348F8E753
S3150001EE300348F6E70348F4E70080E00F0EE000F030
S3150001EE4021E000F024E000F008B501F075FC014B6B
S3150001EE50186008BD70530020014B186801F070BCA2
S3150001EE607053002070470123816480F85430704745
S3150001EE7038B50546B0B1B9B1B2B1B2F5006F13DC20
S3150001EE8001F061FC95F84C3003F0FF041BB101F071
S3150001EE9060FC064838BD012385F84C3001F059FC69
S3150001EEA02046F7E70248F5E70248F3E7032000F0BA
S3150001EEB0012000F0022000F010B50446152001F0F3
S3150001EEC065FC30B994F85430002BFBD005E0FFF710
S3150001EED08BFE94F85430002BF9D010BD836D70B5BC
S3150001EEE0002B054603DCBB210C48FFF788F901F02E
S3150001EEF02AFCAC6D0646013CAC654CB901F01CFC24
S3150001EF0005462146012004F0A7F9284601F018FC20
S3150001EF103046BDE8704001F01CBC00BF34720300EE
S3150001EF2038B5144601F00FFC0023A36484F84C3075
S3150001EF302364237F0546012B03D104F1600004F00D
S3150001EF4013FE636B1BB100212046E26B98472846EE
S3150001EF5001F0FFFB2046FFF7C1FF012038BD70B568
S3150001EF60044601F0F0FBA36D05464BB901F0E4FB45
S3150001EF7001210646084604F06FF9304601F0E0FB30
S3150001EF80A36D28460133A365BDE8704001F0E1BBDE
S3150001EF902DE9F04390460022436390F85C30044625
S3150001EFA0894687B080F85420C0F83C8043BB4FF4B3
S3150001EFB0406346690568092E6B6124D9012605F16E
S3150001EFC02C0744352046FFF7CAFF154B4A46CDE9C3
S3150001EFD002630123216B0093A06A3B460494CDF89A
S3150001EFE00480FFF74BFD00232A46CDE90333009346
S3150001EFF0CDE90186E16A606A04F11803FFF724FD91
S3150001F00007B0BDE8F083A6F109030BBF05F12007A0
S3150001F01005F1240738353C355E425E41D2E700BF33
S3150001F02021EF01002DE9F0471F46002388B080F843
S3150001F0305430109B0446436390F85C308846C7639E
S3150001F04053BB4FF4406346690568092E6B6126D9A7
S3150001F050012605F12C0944354FF0010A2046079295
S3150001F060FFF77DFF144B079ACDE90263216B4B46EF
S3150001F070A06A04940197CDF800A0FFF7FFFC0023D6
S3150001F0802A46CDE90333CDE901764346E16A606A52
S3150001F090CDF800A0FFF7D8FC08B0BDE8F087A6F1CF
S3150001F0A009030BBF05F1200905F1240938353C3563
S3150001F0B05E425E41D0E700BF21EF01002DE9F04736
S3150001F0C017460022436390F85C300446884686B0B2
S3150001F0D080F85420C7634BBB4FF44063466905680B
S3150001F0E0092E6B6125D9012605F12C0A44354FF00D
S3150001F0F000092046FFF733FF144B216BCDE902636C
S3150001F10004F138025346A06A04940197CDF80090A1
S3150001F110FFF7B4FC01232A460093CDE90399434640
S3150001F120CDE90176E16A606AFFF78EFC06B0BDE8BB
S3150001F130F087A6F109030BBF05F1200A05F1240AA0
S3150001F14038353C355E425E41D1E700BF21EF010013
S3150001F1502DE9F04104468B4F8AB003AE0D460FCF21
S3150001F1600FC697E8070086E80700002C00F0088123
S3150001F1701DB985480AB0BDE8F081802200212046EC
S3150001F1800FF0CBFE2B68814A934240F0B1802822D2
S3150001F19022654FF480224FF000087D4FC4E90B72BF
S3150001F1A026462F4646F8043B0FCF0FC697E80F00B9
S3150001F1B086E80F006B7E012B08BF8DF81A30AB7EF7
S3150001F1C033B1012B40F0A2804FF40073ADF81C302F
S3150001F1D02B7E0121012B03BF00238DF819304FF43B
S3150001F1E07A73EB683A20059300F06CFD0121206DDE
S3150001F1F000F068FD2B691A1F0C2ABAD8033B286850
S3150001F20003A98DF8183003F07BF9AB6923F47F036A
S3150001F21023F47F4323B92268936843F480339360D0
S3150001F2202B7A2879697940EA03406B7AAA7941EA0F
S3150001F2300341AB7AEE7E42EA0342564B4FEA481847
S3150001F2404344002E6DD11D26C3F81C66C3F834064F
S3150001F250C3F82C16C3F83026E97AEA7942EA014264
S3150001F260C3F82026E37BE27A84F84530237F207AAF
S3150001F270677AA57A217B94F80D80A67B84F84420D1
S3150001F280002B58D10422019301F0A8FF019B012212
S3150001F2904146384601F0A2FFA27F3146012A8CBFC2
S3150001F2A00123019B0422284601F098FFE37F3BB925
S3150001F2B00123042294F8451094F8440001F08EFFCE
S3150001F2C001F041FA344B1A78002A4ED101221A7004
S3150001F2D001F03FFA04F00EFCFFF782FB002104F176
S3150001F2E02400FFF705FB0146002841D02B4841E7E2
S3150001F2F02B4A93427FF43DAF292222654FF4A02287
S3150001F30028484FF00108C4E90B0249E7022B02D154
S3150001F3104FF480735AE7032B7FF42BAF4FF44073FE
S3150001F32054E71C25C3F81C56C3F83406C3F82C163B
S3150001F330C3F8302696E70023012201F04FFF002390
S3150001F34004224146384601F049FFA37F0222012BE0
S3150001F35094BF002301233146284601F03FFFE37F96
S3150001F360002BADD101230222A4E701F0F2F9B3E7A4
S3150001F37004F12800FFF7BCFA00283FF4FBAEB5E71D
S3150001F3800948F7E66C720300022000F000C0055040
S3150001F3900200040000C0035024540020092000F09C
S3150001F3A00000065002000500012000F02DE9F041A1
S3150001F3B00446002852D0806AFFF7D4FB606AFFF743
S3150001F3C0D1FBE37BE27A677A94F80D80217B207A80
S3150001F3D084F8442084F8453002220023A57AA67BCE
S3150001F3E001F0FCFE002302224146384601F0F6FEFA
S3150001F3F0A37F0222012B94BF002301233146284615
S3150001F40001F0ECFEE37F33B91A4694F8451094F8FF
S3150001F410440001F0E3FE237F012B03D104F16000D8
S3150001F42004F0A2FB94F85C3013B9206803F02CF8C1
S3150001F4300021206D00F046FC606AFFF7ABFAA06A76
S3150001F440FFF7A8FAFFF784FAA36D002B04DD012369
S3150001F4502046A365FFF742FD002000E00148BDE814
S3150001F460F08100BF012000F070B5037F0446012B37
S3150001F4700D4616460DD0FFF7FBFC48B93246294624
S3150001F4802046054BFFF784FD2046FFF715FDA06CCE
S3150001F49070BD0248FCE700BF67EE0100082000F0DE
S3150001F4A07FB51546027F0446012A0E4613D01A4639
S3150001F4B00393FFF7DDFC60B97DB1094A3146204669
S3150001F4C0039B00922A46FFF7ADFD2046FFF7F4FCA9
S3150001F4D0A06C04B070BD0348FBE70348F9E700BF21
S3150001F4E067EE0100082000F0022000F070B5037FEE
S3150001F4F00446012B0D4616460DD0FFF7B9FC48B957
S3150001F500324629462046054BFFF7D8FD2046FFF730
S3150001F510D3FCA06C70BD0248FCE700BF67EE01009A
S3150001F520082000F0234B244A30B51968146808688E
S3150001F53014B1002830D11A602049214A086815689B
S3150001F54004680DB16CBB0A601B681A6872B31D486A
S3150001F5509C88826F1C4B22F0FF7203EA044322F45B
S3150001F5608032134383674FF050234FF000429A666F
S3150001F5700B681A68E2B113499B888A6FC3F30803C3
S3150001F58022F4FF7222F0010213438B674FF05023DE
S3150001F5904FF080429A6630BD908889888842CAD8E1
S3150001F5A0CAE7948880888442CDD3CDE7074BDCE750
S3150001F5B0064BEDE728540020385400202C54002037
S3150001F5C040540020004000500000FF010060005040
S3150001F5D0012210B500240D4B1A700D4B0D4AC3E9DB
S3150001F5E000440D4BC3E900440C4B13600C4A1360F5
S3150001F5F04FF040420B4B5A669A6640220A4BC3F8BB
S3150001F60080211A60FFF78EFF204610BD2554002089
S3150001F6103854002028540020405400203054002043
S3150001F6202C5400200060005000E100E008B501F014
S3150001F63091FADFED117AB4EEE70AF1EE10FA18D479
S3150001F640DFED0E7AB4EE670AF1EE10FA37FE800AA4
S3150001F65010EE100A0FF098F80022094B0EF036FF53
S3150001F6600022084B0EF032FF0FF0E6F8803840B268
S3150001F67008BDB0EE670AEBE7000000C30000FE42DA
S3150001F6800000E03F00006040154A38B5936E526EA7
S3150001F690134013F0804212D0124B1B681D6835B11E
S3150001F6A000241C605C60FFF7C1FF2146A8474FF0AC
S3150001F6B080420D4B5A66BDE83840FFF733BF002B39
S3150001F6C0F9DA0A4B1B681C682CB11A605A60FFF7FD
S3150001F6D0ADFF0121A0474FF00042034BEAE700BF0F
S3150001F6E0004000502C540020006000502854002097
S3150001F6F0FFF7CABF034B5A6812B19A6A002AFAD1B8
S3150001F700704700BF00400650024A936A0342FCD18B
S3150001F710704700BF0040065070B5456804466B1E31
S3150001F720B3F5004F29D2B5FA85F5184BC5F11F057A
S3150001F7305B680BB1FFF7DEFF0126154B20205E60EB
S3150001F740FFF7E2FF237A1149002B14BF02220022A0
S3150001F750637843EA0515637A1543002B14BF022229
S3150001F7600022A37A8D6013434B620A4B5E602378B5
S3150001F77013B1FFF7BFFFCE6070BD41210648FEF70A
S3150001F7803EFD002DCFD12025CFE700BF004006501A
S3150001F79000600650005006508872030010B50C46F2
S3150001F7A020B140F21B110648FEF729FD1020FFF794
S3150001F7B0ABFF044B1C63BDE81040FFF7A5BF00BFBC
S3150001F7C0887203000040065008B520B140F2391195
S3150001F7D00248FEF714FD024B186B08BD8872030040
S3150001F7E00040065008B5FFF785FF02230449CB60A8
S3150001F7F000230B62FFF77EFF0123CB6008BD00BF2C
S3150001F80000400650044BD3F88420D206FBD4D3F82B
S3150001F8108400C0F3811070470040005008B5344B96
S3150001F820984250D028D8334B984246D018D8324BFC
S3150001F83098423FD00BD800283ED0304B984239D061
S3150001F8402F4841F24D11FEF7DAFC002034E02D4B32
S3150001F85098422FD02C4B9842F2D12C4B586E2BE06C
S3150001F8602B4B98422CD003F5371303F5D8639842F6
S3150001F870E6D1264B986F1FE0264B98422FD00CD825
S3150001F880254B984223D0254B984224D0244B9842AD
S3150001F890D6D11E4BD3F884000EE0224B984222D0DB
S3150001F8A003F5740303F510539842C9D1174BD3F8E6
S3150001F8B0980001E0154B986D08BD144B186FFBE7D6
S3150001F8C0124B586FF8E7114BD3F88000F4E70F4B52
S3150001F8D0D3F88800F0E70D4BD3F88C00ECE70B4B1F
S3150001F8E0D3F89000E8E7094BD3F89400E4E700BFAA
S3150001F8F080BA8C01405DC60080841E0040420F0024
S3150001F900B972030000093D00C0CF6A000080E00F14
S3150001F9100024F400007E560380D54302006CDC020D
S3150001F9200048E8010090D00338B5124B0546D3F8DC
S3150001F93020310C4603F00303022B0BD0032B0DD011
S3150001F940012B0FD1FEF7D6F9052305B1286004B1C5
S3150001F950236038BDFEF70AFA0323F6E7FEF70EFA2F
S3150001F9600223F2E7044841F22B01FEF748FC00238B
S3150001F9701846EAE700800050B9720300F7B5002780
S3150001F980114B0197D3F88041064604F00304012C7C
S3150001F9900D4608D0022C12D041F278110B48FEF721
S3150001F9A02EFC3C4604E0394601A8FFF7BDFF0F24B3
S3150001F9B00EB1019B336005B12C6003B0F0BDFEF7BB
S3150001F9C0DDF90190F4E700BF00800050B972030031
S3150001F9D038B5194B0546D3F824310C4603F0070315
S3150001F9E0013B052B20D8DFE803F0030F171B0B1390
S3150001F9F0FEF780F9052305B1286004B1236038BDFF
S3150001FA00FEF778F90623F6E7FEF7B0F90323F2E7E6
S3150001FA10FEF7ACF90423EEE7FEF7B0F90223EAE7B5
S3150001FA20FEF7AAF90723E6E7044840F68851FEF7F0
S3150001FA30E6FB00231846DEE700800050B97203009A
S3150001FA4038B5124B0546D3F840310C4603F0030393
S3150001FA50022B0BD0032B0DD0012B0FD1FEF792F900
S3150001FA60092305B1286004B1236038BDFEF790F97A
S3150001FA700823F6E7FEF789F90B23F2E7044841F27A
S3150001FA805901FEF7BCFB00231846EAE70080005047
S3150001FA90B972030038B5154B0546D3F800320C464A
S3150001FAA003F00703013B032B18D8DFE803F0020A32
S3150001FAB00E12FEF767F9092305B1286004B1236028
S3150001FAC038BDFEF765F90823F6E7FEF75EF90B2365
S3150001FAD0F2E7FEF735F90E23800AEDE7044841F215
S3150001FAE02E21FEF78CFB00231846E5E70080005027
S3150001FAF0B972030038B5124B0546D3F840320C46AD
S3150001FB0003F00303022B0BD0032B0DD0012B0FD1D6
S3150001FB10FEF738F9092305B1286004B1236038BD21
S3150001FB20FEF736F90823F6E7FEF72FF90B23F2E77E
S3150001FB30044841F2C111FEF762FB00231846EAE7C9
S3150001FB4000800050B972030038B5124B0546D3F850
S3150001FB5060310C4603F00303022B0BD0032B0DD0AF
S3150001FB60012B0FD1FEF70EF9092305B1286004B167
S3150001FB70236038BDFEF70CF90823F6E7FEF705F911
S3150001FB800B23F2E7044841F28701FEF738FB002315
S3150001FB901846EAE700800050B972030010B40F4C12
S3150001FBA00B46D4F8204204F00304012C0ED0022C9B
S3150001FBB010D008B1002101600BB100221A6040F695
S3150001FBC0B25107485DF8044BFEF719BB5DF8044BCB
S3150001FBD0FFF7AABE5DF8044BFFF732BF0080005065
S3150001FBE0B9720300B0F5207F10B534D009D8B0F54D
S3150001FBF0007F2AD003D898B1B0F5C07F10D0002479
S3150001FC0021E0B0F5607FFAD1154BD3F88030C3F30C
S3150001FC1001149B0617D5032C15D040F282210FE063
S3150001FC200F4B1C6F230B13F00E0FC4F303340AD0D2
S3150001FC30032C08D0072C06D00F2C04D040F27221D9
S3150001FC400848FEF7DCFA601C10BD054BD3F890405E
S3150001FC50C4F30464F7E7024B1C6FC4F38024F2E794
S3150001FC6000800050B97203004FF400320E4B10B5FC
S3150001FC7004469A660020FFF7B5FF41F671326043EC
S3150001FC800A4C0B4BA0428CBF4FF480100020D9695F
S3150001FC90DA639A6822F4401202439A60CA0344BFA7
S3150001FCA00022DA6310BD00BF00900050005A6202C4
S3150001FCB00000035008B5FEF755F8BDE808400021DD
S3150001FCC0FFF7D2BF70B5460904460D460FD140F283
S3150001FCD016310D48FEF793FA334604F01F0485B139
S3150001FCE003F58053012000FA04F41C6070BD012E57
S3150001FCF005D0064B064A022E18BF1346EDE7054B03
S3150001FD00EBE703F50053EDE7B97203006880005095
S3150001FD106082005064800050002330B5802885B091
S3150001FD200446019374D02AD8002877D0A0F1200484
S3150001FD30412C32D8412C30D8DFE804F0707370734F
S3150001FD40868686867373903FA6653F7373732F2FDE
S3150001FD502F2F2F2F8B57737373B0AB732F2F2F2F1B
S3150001FD602F2F2F2F2F2F2F2F2F702F707070862F41
S3150001FD702F2F2F2F2F2F2F2F2F2F2F2F7070B0F5C3
S3150001FD80806F61D024D8B0F5007F54D00BD8B0F580
S3150001FD90807F68D0B0F5C07F40D040F26D414248C7
S3150001FDA0FEF72DFA37E0B0F5607F44D0F5D8B0F50F
S3150001FDB0207F36D0B0F5407FEFD1FDF7C1FF044675
S3150001FDC04FF42070FFF70EFFB4FBF0F0400821E07E
S3150001FDD0B0F5C06F58D00DD8B0F5A06F39D0B0F5D9
S3150001FDE0B06F3BD0B0F5906FD7D1002101A8FFF7D6
S3150001FDF0EFFD10E0B0F5E06F4BD0B0F5F06F4DD0F0
S3150001FE00B0F5D06FC9D1002101A8FFF743FE02E08A
S3150001FE10FDF77CFF0190019805B030BDFDF790FF1D
S3150001FE20F8E7FDF78DFF04464FF42070FFF7DAFE81
S3150001FE30B4FBF0F0EEE7FDF769FF05462046FFF754
S3150001FE40D1FEB5FBF0F0E5E7002101A8FFF76CFD57
S3150001FE50E1E7002101A8FFF7A1FEDCE7002101A8E7
S3150001FE60FFF78CFDD7E702934FF0E0231B695B0791
S3150001FE7005D5FDF765FF0290029B0193CBE703A928
S3150001FE8002A8FFF7DDFDF7E7002101A8FFF7D8FD7E
S3150001FE90C1E7002101A8FFF72DFEBCE7002101A85B
S3150001FEA0FFF752FEB7E700BFB972030008B580201D
S3150001FEB0FFF732FF034B98429EBF4FF48032024B4D
S3150001FEC01A6708BD005A620200A000501FB5002340
S3150001FED0B0F5807F01937FD027D8382800F09C8029
S3150001FEE00BD82438092810D809280ED8DFE800F0E5
S3150001FEF06F6F6F6F0D0D670D3685522867D007D866
S3150001FF003D283AD03E2800F08C8040F24B5152E019
S3150001FF108028FAD1454B1B6F03F00703013B032BE6
S3150001FF2047D8DFE803F044413F75B0F5D06F64D0A0
S3150001FF3019D8B0F5A06F6FD00AD8B0F5806F46D04A
S3150001FF40B0F5906FE1D1002001A9FFF741FD3AE03C
S3150001FF50B0F5B06F33D0B0F5C06FD6D1002001A98E
S3150001FF60FFF76EFD2FE0B0F5006FECD00AD8B0F5C3
S3150001FF70E06F56D0B0F5F06FC7D1002001A9FFF7A9
S3150001FF80E3FD20E0B0F5086FBFD1284BD3F800316F
S3150001FF9003F00303022B35D0032B37D0012B39D1C4
S3150001FFA0FDF7E4FE032300E0052301930BE00223A2
S3150001FFB0FBE740F29F411E48FEF721F903E00020CE
S3150001FFC001A9FFF7DBFC019805B05DF804FB0020F1
S3150001FFD001A9FFF7A9FCF6E702934FF0E0231B699D
S3150001FFE05B0705D5FDF7ACFE0C230393039BDCE70A
S3150001FFF003A902A8FFF724FDF8E7002001A9FFF7EE
S3150002000049FDE0E7FDF7C4FE0823CEE7FDF7B4FE9F
S315000200100723CAE70123C8E7002001A9FFF7BEFDAF
S31500020020D1E7002001A9FFF765FDCCE7008000506B
S31500020030B9720300436810B5072B044604D940F68B
S31500020040E1312A48FEF7DBF8A368032B04D940F610
S31500020050E3312648FEF7D3F82378032B04D940F67A
S31500020060E5312248FEF7CBF894F90130002B04DA89
S3150002007040F6E7311D48FEF7C2F84FF480011C4AEC
S31500020080637851664FF4D151022002F5B8325162BB
S3150002009018494F2B48604FF0010028BF4F2301F546
S315000200A0805148601169C903FCD4217843EA0123CF
S315000200B05361D4E901131B0143EA0123617B0B431C
S315000200C0217B43EA41039360E37BA17B1B0143EA65
S315000200D04113617C0B43217C43EA41035360A37CB9
S315000200E013B16FF4D153536210BD00BFB97203004E
S315000200F00090005000100250014B1880704700BF5C
S31500020100541100200029CCBF01210021FFF7ACBD0C
S31500020110B0F5207F10B565D00ED8B0F5007F4FD070
S3150002012003D800B3B0F5C07F1DD040F2F921BDE877
S3150002013010403448FEF763B8B0F5607FF5D14C1E27
S31500020140012C06D9042904D040F2DD212D48FEF700
S3150002015056F82D4AD2F8803023F0300343EA0413CE
S31500020160C2F8803010BD102901F1FF3404D8274BA4
S3150002017023FA01F1CB0704D440F2B2212148FEF75B
S315000201803EF8FFF797FD00F045F84FF48031204B1B
S315000201901D4A1967136F23F4704343EA0433136746
S315000201A0FDF7CEFD0446FFF72DFBC0F10201204606
S315000201B0FFF7A8FF00F034F8BDE81040FFF776BE5F
S315000201C04C1E1F2C04D940F2ED210E48FEF717F8FB
S315000201D00D4BD3F8901021F0F85141EA0461C3F8AF
S315000201E09010BFE74C1E012C04D940F2F3210548BA
S315000201F0FEF705F8044B196F21F4806141EA842168
S315000202001967AFE7B97203000080005016010100BA
S315000202100090005002214FF42070FFF779BF0000D2
S3150002022008B54FF4C070FFF777FDBDE808400449F2
S3150002023088428CBF022101214FF42070FFF768BF6C
S3150002024080F0FA02B0F5807F70B50C4600F00881A6
S315000202502BD8382800F0A08110D82438092816D8BF
S31500020260092814D8DFE810F0E100E100E100E1001E
S3150002027013001300CC00130048005001522800F06E
S31500020280D48007D83D2851D03E2800F09C8140F604
S3150002029067011FE18028FAD18B1E052B00F2A5808B
S315000202A0DFE803F0A091A3ABA364B0F5D06F00F032
S315000202B02B8130D8B0F5A06F00F06E8115D8B0F55D
S315000202C0806F00F0B280B0F5906FE0D1023C052C51
S315000202D000F21381A74B195DA74AD2F8243123F005
S315000202E007030B43C2F824316CE0B0F5B06F00F09F
S315000202F08780B0F5C06FCAD1083C032C00F2EF80AC
S315000203009E4B195D9C4AD2F8403123F003030B43FE
S31500020310C2F8403156E0B0F5006FD7D015D8B0F527
S31500020320E06F00F05081B0F5F06FB0D1083C032CBD
S3150002033000F2DC80924B195D8F4AD2F8603123F0CD
S3150002034003030B43C2F860313CE0B0F5086F9ED15F
S315000203504C1E072C00F20481DFE814F007010201AB
S3150002036009010201020102010001F600002504262C
S315000203700121022000F0F8FAFFF79CFCFFF74AFF82
S315000203804FF480317F4B7C4A1967136F23F00703C2
S3150002039033431367FDF7D4FC0646FFF733FAC0F181
S315000203A002013046FFF7AEFE0121002000F034FBC9
S315000203B0FFF736FFFFF77AFD25B9032C02D101229A
S315000203C0714B9A6270BD4FF400226E4B0E465A660E
S315000203D0012203F540539D6A03F58053C5F3400598
S315000203E09A62C5E700250126C2E7002540F28D5133
S315000203F06648FDF704FF2E46BAE700250226B7E750
S31500020400022C07D00F2C0ED040F2D2515F48FDF7D6
S31500020410F6FE0024584BD3F8801121F003010C4359
S31500020420C3F88041CEE70124F4E7032C12D0052C51
S3150002043012D0022C12D040F209615448FDF7DFFEB9
S3150002044000224D49D1F8203123F003031343C1F8AA
S315000204502031B7E70222F4E70122F2E70322F0E7AE
S31500020460A1F10804082C33D8DFE804F005053205AB
S315000204701C32323205004FF480323F4B4449586EEB
S3150002048003F580535A660B6A43F001030B62C103FC
S315000204905CBF404B5A664FF0E022136923F0040317
S315000204A013618FE74FF48032334B3949586E03F5A7
S315000204B080535A660B6A23F001030B62C3035CBFC7
S315000204C0344B5A664FF0E022136943F00403E7E720
S315000204D040F23161BDE870402C48FDF790BE40F213
S315000204E04D612A48FDF78BFE00210BE74FF4CD61E3
S315000204F02648FDF784FE00211EE740F28D6123485F
S31500020500FDF77DFE0021E7E6083C062C13D8DFE85E
S3150002051004F00419190E1212100002221649D1F81B
S31500020520003223F007031343C1F800324AE70322DD
S31500020530F4E70422F2E740F2AD611448FDF75FFEEC
S315000205400022EBE70122E9E702220B49D1F800314A
S3150002055023F003031343C1F8003133E70322F4E720
S3150002056040F2E9610948FDF74AFE0022EDE7012261
S31500020570EBE700BFEC72030000800050E872030054
S31500020580E87203000090005000E00050B9720300C8
S3150002059000C0075000A000500F2C10D0102C10D015
S315000205A040F234711248FDF72AFE00221149D1F8B1
S315000205B0203223F003031343C1F8203202E701225B
S315000205C0F4E70222F2E7083C032C0AD80A4B195D2B
S315000205D0084AD2F8403223F003030B43C2F84032F2
S315000205E0F0E640F2B5710248FDF709FE0021EFE799
S315000205F0B972030000800050E87203002DE9F04151
S315000206000546FFF70BF9431E0333044604D940F6A9
S31500020610C7013A48FDF7F3FD4FF4C022384B5A663C
S3150002062003F598335A68012A04D136494A609A6911
S315000206309207FCD18020FFF749FC052807D1FFF776
S3150002064039FBFFF7E7FD4FF480322D4B1A672E4B2D
S3150002065024F040749D4244D02C4B9D4244D0FDF779
S3150002066049FB8542064603D90121284600F0D4F902
S31500020670274FFB6813F0060FFBD1D7F80880BC6042
S31500020680BB6804F4F81403F4F8139C422FD03546E1
S3150002069040F60F111948FDF7B2FDC7F80880802011
S315000206A0FFF714FC052814D1FDF74AFB85420446E0
S315000206B004D24FF412611148FDF7A1FDFFF7A2F82B
S315000206C0C0F102012046FFF71DFDFFF7A9FDFFF766
S315000206D0EDFBB5420FD8BDE8F0410121002000F044
S315000206E09BB944F00074BAE744F08074B7E7284631
S315000206F0FDF706FBD3E7BDE8F08100BFB972030040
S315000207000090005000E0015040420F0080841E001D
S31500020710000001500028ABBF00F16040054B00F518
S31500020720614000F00F00ACBF90F80003185C0009AE
S31500020730704700BF14ED00E0EFF3108072B6704709
S3150002074000B962B67047EFF31180302383F3118844
S31500020750704780F31188704738B5C5B23F2D0446FD
S3150002076004D940F21F310748FDF749FD064B6409DB
S3150002077053F8240005F01F05E840C04300F00100CD
S3150002078038BD00BFF272030000E100E000F10C0385
S31500020790DBB24B2B10B5044604D940F2AD21144806
S315000207A0FDF72DFDEFF31083DB0702D5012210467C
S315000207B010BD2046FFF7D0FF02460028F6D120469C
S315000207C0FFF7A8FF0146EFF3118313B1B0EB131F36
S315000207D0ECD2084B5B68C3F30803002BE7D0103B4F
S315000207E058B2FFF797FF88428CBF00220122DEE74C
S315000207F0F272030000ED00E0194B10B51B6873B3EB
S31500020800184A5268012A2AD0174A8020C2F80031B3
S31500020810FFF75CFB05281FD14FF4C070FFF7E2F922
S315000208200128044604D102214FF4C070FFF770FC80
S3150002083007220E4B1A610122A3F580535A60094A18
S315000208401369DB07FCD5012C09D12146BDE810400E
S315000208504FF4C070FFF75CBC0122054B5A6010BD15
S315000208604854002000C001500080005000E00150B2
S3150002087000D0015000224FF40031074B1A60074A9C
S31500020880516602F598325268012A02BF044AD2F82A
S3150002089000211A60704700BF4854002000900050A3
S315000208A000800050044A4178536F23F4407343EAB0
S315000208B001235367704700BF0040005070477047DE
S315000208C010B5044608B1FFF7D5FF0E4A136943F087
S315000208D00403136102F08AFFFFF7F0FFFFF72CFF14
S315000208E011F08EFCFFF72CFFFFF7E9FF02F092FFF3
S315000208F01CB1BDE81040FFF77FBFBDE81040FDF711
S315000209001FBA00BF00ED00E010B5044608B1FFF7BC
S31500020910B1FF0C4A136943F00403136102F066FF48
S31500020920FFF70AFF11F06CFCFFF70AFF02F072FFF5
S315000209301CB1BDE81040FFF75FBFBDE81040FDF7F0
S31500020940FFB900BF00ED00E0FFF794BFFFF754BF09
S31500020950034A0179D36E23F030030B43D366704703
S3150002096000400050704700002DE9F0410446264B36
S31500020970D3F88420D006FBD4D3F88430C3F3811392
S315000209809C423ED0FDF7C2F9012C05460BD11F4B06
S31500020990984204D940F2FD611D48FDF730FC012161
S315000209A02846FFF7AFFBFFF7C7FE4FF00072194B61
S315000209B007465A662046FFF7D5FF4FF48063124E6C
S315000209C0621E9340DFF848803367736E9A0103D440
S315000209D0D6F884309B060AD53846FFF7B1FE022CBC
S315000209E00FD12846BDE8F0410021FFF78BBBD6F8B0
S315000209F084309906E9D540F20B714046FDF7FFFBBC
S31500020A00E3E7BDE8F08100BF00400050005A6202F1
S31500020A10227303000060005007B518B90191FDF773
S31500020A2075F90199064B1B7843B1064B984205D8D6
S31500020A30012003B05DF804EBFFF796BF0220F8E74A
S31500020A404C540020005A62020278034B0121002016
S31500020A501A70FFF7E1BF00BF4C5400207047000038
S31500020A604FF0004210B501244AF6CD31154B5A66B5
S31500020A70154A03F50B2354605A6C1964224088B94F
S31500020A80996811F0010F114903D08C60D86AC0072A
S31500020A90FCD501234B6012B10D4B0E4A1A64FFF7C7
S31500020AA0DDFF10BDD96A0907FCD42021074B596224
S31500020AB00121A3F58053996005494B6A9B06FCD533
S31500020AC0E9E700BF0090005000500950006009504D
S31500020AD0004009503254FFFF4FF0004238B5194B1F
S31500020AE0194C5A66012203F50C235A604AF6CD3395
S31500020AF0656C23644378154093401343134AD363CA
S31500020B00A368827823F0740343EA0213C278002AA8
S31500020B1014BF042200221343A3600279837943EAB5
S31500020B20022323614279C37943EA0223636100788F
S31500020B30FFF796FF0DB1064B2364FFF78FFF0120E7
S31500020B4038BD00BF009000500040095000400050E0
S31500020B503254FFFF064B9FED070AD3F88830C3F3E2
S31500020B600A0307EE903AFAEECF7A37EEC00A7047DA
S31500020B700040005033938843C36C0B42FCD170474C
S31500020B8008B543680246DB0714D50A2350210363DE
S31500020B90FFF7F2FF136C9907FCD1936A0121104605
S31500020BA09362FFF7E9FF136C1B0604D4012302F5D7
S31500020BB00052536008BD536BF5E7000010B50446BA
S31500020BC0FFF7DEFF002341F202020849E360A36059
S31500020BD0226104F50052E3616361A36123626362E9
S31500020BE0E362A3645164A36210BD00BF7F370C01A8
S31500020BF038B5154B044698420D4604D040F26311AF
S31500020C001248FDF7FCFA25B92046BDE83840FFF741
S31500020C10B7BF012204F580535A6040F2FF712046A5
S31500020C2005F00F02FFF7A8FF22637821FFF7A4FF62
S31500020C3005F001036A0748BF43F00203226C02F083
S31500020C4003029A42FAD138BD0000035A51730300D7
S31500020C50036C1B06FCD5406BC0B27047036C5B0687
S31500020C60FCD5C16370470000F8B506460C46174628
S31500020C7022B94FF402714148FDF7C1FA404B9E4238
S31500020C8078D040F20B213D48FDF7B9FA44B940F25B
S31500020C905A313A48FDF7B3FA2046FFF73DF80446C3
S31500020CA07368012B04D040F23D213448FDF7A7FAC0
S31500020CB0B16801F0E001402946D009D8B9B120292E
S31500020CC038D040F27F21BDE8F8402C48FDF797BAAC
S31500020CD0602945D08029F4D107EB4703A34204D902
S31500020CE040F279212548FDF78AFA012308E0B7EB9D
S31500020CF0141F04D940F265212048FDF780FA10231B
S31500020D007B436401B4FBF3F31E4D203BB5EBC30FEB
S31500020D104FEAC30404D240F28A211848FDF76FFA5B
S31500020D2030462C400121FFF727FFB462BDE8F840A8
S31500020D30FFF722BFB7EBD40F04D940F26A210F485E
S31500020D40FDF75DFA0823DBE70625B4FBF5F3BB42A4
S31500020D5004D240F26F210948FDF751FA2B46CFE73C
S31500020D60B7EB940F04D94FF41D710448FDF747FA07
S31500020D700423C5E7002C93D138248DE75173030071
S31500020D800000035AF8FF7F00436870B504460D461B
S31500020D9016461BB140F2FF71FFF7EEFE2046FFF743
S31500020DA00DFFE9896B7B22690B43298A22F44C5297
S31500020DB00B4322F0030213432361A2682B7B297E95
S31500020DC022F0804222F0E2020B4313436A69134384
S31500020DD0A360AB681BB9A36843F00043A360EB6949
S31500020DE0002B52D0A268197A42EA8152A260A26806
S31500020DF0997A42EA4142A2609A88A16802F4C04204
S31500020E000A43A260A268597842EA8102A260A268F5
S31500020E10597B42EAC102A260A268997B42EA0112A8
S31500020E20A260A268997842EA8122A260DA79997967
S31500020E30520242EA8122E2601A7802F0FD01012999
S31500020E4008BFE168A2F1020204BF41F00401E160B9
S31500020E50012A4FF0010294BF20492149C1F8C0205E
S31500020E605A7A04F580510A621AB1E26842F40062C3
S31500020E70E260DA7A4AB1E26842F40042E2601B7B3F
S31500020E80184A03F00F03C2F8803036B196F82030C4
S31500020E9004F58051ABB101238B6105212046FFF792
S31500020EA0A7FEAA681AB120466968FFF7DDFE20464A
S31500020EB02978FFF79DFE236CDB4313F4405FFAD1DA
S31500020EC070BD626996F8223096F8210022F0090276
S31500020ED00343134343F001034B61DEE700D403509F
S31500020EE000E403500090035038B52A4B0546984259
S31500020EF00C4640D08A212848FDF781F934B98C2165
S31500020F002548FDF77CF9234B9D4236D09E21224887
S31500020F10FDF775F9637B032B03D9A7211E48FDF75D
S31500020F206EF9237B802B03D0A9211B48FDF767F9B5
S31500020F306369B3F1804F03D0AB211748FDF75FF920
S31500020F40238A23F400539BB2B3F5805F03D0AD210D
S31500020F501148FDF754F9A368013BB3F5165F03D3B5
S31500020F60AF210D48FDF74BF921462846BDE838402A
S31500020F700022FFF709BF0029C1D03820FEF7A6FFDD
S31500020F8008380828C2D840F20B1323FA00F0C30728
S31500020F90BCD5BFE70000035A5173030038B5114BA5
S31500020FA0054698420C4603D070210F48FDF727F9F3
S31500020FB01CB972210C48FDF722F9237B802B03D141
S31500020FC076210948FDF71BF9637B032B03D97921A7
S31500020FD00548FDF714F921462846BDE838400022A7
S31500020FE0FFF7D2BE0000035A517303001F2970B5E2
S31500020FF004460D46164603D991210748FDF7FFF828
S3150002100036B104F58054012101FA05F5256070BD5B
S3150002101004F50054F7E700BF8373030038B50D46A5
S315000210200446D8B101281CD002281CD0032803D1BB
S315000210300F23EB40DB0704D440F22D410B48FDF7AA
S31500021040DEF83020012141F21003444304F1A044AA
S3150002105001FA05F504F57034E55038BD40F2FF1388
S31500021060E7E71F23E5E7FF23E3E700BFCC700300B2
S3150002107038B50D460446D8B101281CD002281CD02A
S31500021080032803D10F23EB40DB0704D440F2FE31E1
S315000210900B48FDF7B4F83020012142F21003444315
S315000210A004F1A04401FA05F504F57034E55038BDA3
S315000210B040F2FF13E7E71F23E5E7FF23E3E700BF5D
S315000210C0CC70030070B5054614460E46FFF734FB96
S315000210D0296881EA040202EA06044C402C60BDE853
S315000210E07040FFF72DBB00002DE9F3470D4614466D
S315000210F01E4681469DF828809DF82C70002843D014
S31500021100012844D0022844D0032803D10F23EB4000
S31500021110DB0703D4BF212848FDF771F885EA0403EB
S3150002112033F0030303D0C1212348FDF768F8072CE7
S315000211304FF0030105F003052DD84FEA840A01FAA0
S315000211400AF11E4809FA0AF20191FFF7BBFF01995B
S315000211501B4805FA0AF2FFF7B5FF3246214619483F
S31500021160FFF744FF424621461748FFF73FFF012398
S31500021170164AA340C2F8203421463A46144802B021
S31500021180BDE8F047FFF732BF40F2FF13BFE71F2368
S31500021190BDE7FF23BBE7A4F1080A4FEA8A0A01FA70
S315000211A00AF10C4809FA0AF20191FFF78BFF01993D
S315000211B0094805FA0AF2CEE70674030000C4035092
S315000211C008C4035010C4035014C4035000E0035073
S315000211D024C4035004C403500CC40350F8B50D468E
S315000211E016461F46044660B301282DD002282DD08C
S315000211F0032803D10F22EA40D30704D44FF4B07177
S315000212001B48FCF7FCFF26B12946204607B3FFF729
S3150002121005FF04EB4403072D4FF00F014FEA0313BA
S3150002122019D8A80006FA00F2814012481844FFF7BE
S3150002123049FFE6B929462046AFB1BDE8F840FFF7B7
S31500021240EDBE40F2FF12D6E71F22D4E7FF22D2E715
S31500021250FFF70EFFDDE7A5F10800800006FA00F2AF
S3150002126081400548E2E7BDE8F840FFF701BFF8BD57
S315000212700674030004C003500CC00350F8B50646BA
S315000212800C4615469ABB40F20F11BDE8F8402F48AE
S31500021290FCF7B5BF2E4B9E4201D12F203DE040F216
S315000212A029112A48FCF7ABFF3AE0032F42D0294B1B
S315000212B03CE06FEAC50505442C44B4FBF0F4013C5E
S315000212C00AD540F275112148FCF799FF4FF4BB711C
S315000212D01E48FCF794FF02E0B4F5007FF6D2B3682D
S315000212E09B0702D5002C08BF0124B461F8BD03F0A8
S315000212F00307836823F440738360FFF71DFAB2681D
S3150002130082EA072303F440735340B360FFF718FAE7
S3150002131034B9114B9E42BDD12E20FEF7FDFC044688
S31500021320B3689A07C1D5032F04D00C4B53F8273064
S315000213309C4204D84FF4AF710448FCF760FF084B97
S31500021340D85D6843B5D140F26F119EE7367403004B
S3150002135000800650747403000000015A687403008A
S315000213608074030038B50B4B044698420D4607D0ED
S31500021370094B984204D040F28F110848FCF73FFF10
S31500021380043425B104F580540123236038BD04F5E5
S315000213900054F9E70000015A008006503674030033
S315000213A038B5154B044698420D4607D0134B984262
S315000213B004D04FF4D2711248FCF721FF0023114AE0
S315000213C0236404F50053DA636A7804F108037AB9F0
S315000213D003F5805302221A602046D5E901122B7BBF
S315000213E0FFF74CFF20462978BDE83840FFF7BABF21
S315000213F003F50053EEE700BF0000015A00800650D5
S3150002140036740300FFFF1F00E023C36000238360DE
S315000214108361C3610362036443604369DB0506D4E7
S31500021420202300F50050C363024BC3637047436A2F
S31500021430F3E700BFFFFF1F002DE9F843894B9842EF
S315000214400BD0894B984226D0884840F2FB11FCF714
S31500021450D6FE6FF00300BDE8F883854B40250526CE
S315000214604FF000084FF0030C996800F50054C26B68
S3150002147012F4C06F15D097050FD5FD225A700922B6
S315000214801A700022026493F90110012900D15A70E0
S3150002149093F90100DFE7774BE0E75605EFD5FE2229
S315000214A0ECE71F78082F00F2D880DFE817F0090072
S315000214B01F0041004C006900740096009E00CD009A
S315000214C04C880A88E5060AD5120A02F0060242F09C
S315000214D0F002012119704263C1600120BBE702F0EC
S315000214E0FE02A10748BF42F00102F2E7170607D53E
S315000214F0802100F50052D1634FF608721A8062E02D
S315000215005206EAD54A88E563D70604D502221A703E
S315000215100B784363E1E7920765D507221A701B79B8
S3150002152001EBC3010B89012BD7D10823C360D4E792
S315000215301706DDD45206D0D54A88E563970752D5F9
S3150002154083F800C093E74C880A88E50643BF120A6F
S3150002155002F0060242F0F00202F0FE02640709D52A
S315000215601C7942F0010201EBC4010989012904BF79
S315000215700821C160042119700123C3604263ACE7EC
S315000215801706B5D45706A8D54A88E56352072AD561
S3150002159007221A70A1E71A795F8801EBC20EBEF81C
S315000215A00890B94511D80132D2B21A714F88A3F800
S315000215B0028017F0040FC3D1FF0702D4012A7FF677
S315000215C056AF08221A700223B0E7DEF80420791C0F
S315000215D05980D25D42630622DBE7170688D4570696
S315000215E07FF57BAFE5631E7041E794067FF575AF25
S315000215F0456A214C46691A793440B4F5003F04BF66
S31500021600466A4FF4005601EBC20100F500540A89FE
S3150002161008BFE6632026E6635C88A24281BF49686A
S31500021620661C5E800D5559888A42CAD90424012A4D
S31500021630C46004D9013A914201D10822C2601A78E3
S31500021640092A3FF41EAF48E7D2057FF546AF4FF4AD
S31500021650807100F50052D16311E74FF609321A8004
S315000216600FE700BF0000015A0080065036740300DF
S31500021670505400205C5400202000020038B5284B4C
S31500021680044698420D4644D0264B98423ED040F23C
S315000216905E312548FCF7B3FD002D3DD140F25F31A6
S315000216A02148FCF7ACFD1E4B9C4228D11F4B2269F8
S315000216B0D00744BF2022E2606A88910701D52989B2
S315000216C051B3520701D52A8A32B34FF480721A6097
S315000216D000229D601A71C023E3606369DB0513D49F
S315000216E0202204F50053DA63114A2046DA63236C9A
S315000216F043F4FC632364BDE83840FFF79DBE094B03
S315000217009C4209D10B4BD2E7636AE6E70029F9D17D
S31500021710C4E70029CAD1C1E76FF0030038BD00BF94
S315000217200000015A0080065036740300505400200F
S31500021730FFFF1F005C5400204369DB01FCD4012338
S3150002174000F5005043607047022A10B54FF00004BE
S3150002175005D9033A022A0CD90360047110BD11F4AB
S31500021760000218BF4FF07F4221F07F4313430C0E55
S31500021770F2E721F0FF03CCB2EEE7000038B5134BD7
S31500021780044698420D4604D04FF41F711048FCF7E8
S3150002179036FD012104F5805362685960AB782988C9
S315000217A01B0403F480330B43E978002914BF4FF47A
S315000217B0003100210B43C4F89830D30704D42046E5
S315000217C0BDE83840FFF7B8BF38BD00BF0040005A39
S315000217D084740300254B70B5984204460E4615469E
S315000217E004D04FF411712248FCF709FD2046FFF799
S315000217F0A3FF3378204603F007027378002BB378F1
S3150002180018BF08214FEA031303F0300343EA020329
S31500021810F27808BF0021002A14BF4FF4807200221A
S315000218200B4313432367E26A337922F48B321B029A
S3150002183022F4807203F4E063134372792946120399
S3150002184002F480521343B279002A14BF4FF4803255
S3150002185000221343E362FFF791FF012204F580534E
S315000218605A60F37903B1E26070BD00BF0040005ACE
S3150002187084740300F8B52E4B0446984204D040F215
S31500021880F9212C48FCF7BBFC012204F580535A606F
S31500021890294B2A4AE36063691340FCD1A361C4F869
S315000218A09830636913F4401FFBD16369DA052DD4BE
S315000218B0A36F5BBB63699B052AD4D4F888203ABB25
S315000218C02046E36FD4F88C30FFF736FF30231849F1
S315000218D0A2608C420CBF02210021226142F2600505
S315000218E0E262174622622367C4F880301346144E1A
S315000218F08B4210D100210E4B9C4201D1102A11D1EC
S31500021900104B04F500546362A362F8BD636FCCE723
S31500021910D4F88430CEE704EB031085640133066500
S315000219204765E5E702F1280044F820100132E3E7B3
S315000219300040005A847403001200020052000100A3
S3150002194000C002808F330F800F4B10B598420C46B1
S3150002195004D040F24F310D48FCF751FC34B92A202D
S31500021960FEF7DAF9012838BF01200446084804F5D3
S31500021970742404F23F24B4FBF0F4601E7F2828BFCF
S315000219807F20C0B210BD00BF0040005A847403001D
S3150002199040420F0038B5134B0C469842154604D008
S315000219A040F282311048FCF72AFC24B940F2833116
S315000219B00D48FCF724FC0D498C4228BF0C461DB984
S315000219C02A20FEF7A9F90546621E1544B5FBF4F076
S315000219D0A54228BF00F1FF30032828BF0320C0B26A
S315000219E038BD00BF0040005A84740300005A6202E8
S315000219F0F8B51F46174B0E469842144604D04FF4CC
S31500021A006F711548FCF7FBFB26B940F2BD3112484F
S31500021A10FCF7F5FB114A124D002F08BF1546B542D9
S31500021A2028BF35461CB92A20FEF776F904469DF8EA
S31500021A30182040F2FF300132B4FBF2F46A1E14445D
S31500021A40B4FBF5F3AC4228BF03F1FF33984228BF3B
S31500021A501846F8BD0040005A847403008096980028
S31500021A60404B4C002DE9F04F2DED048BC14B044643
S31500021A7098420E46154687B003D0D321BE48FCF7DE
S31500021A80BEFBBE4900222046FFF784FF73799842C7
S31500021A9038BF18465FFA80F82046FFF74DFE3179C7
S31500021AA019B92046FFF750FF0146F3784FEA08724C
S31500021AB01B0102F0E04203F03003134308043278BC
S31500021AC000F4FE0003430AB143F0020372780AB13E
S31500021AD043F00403B2780AB143F008030027A36077
S31500021AE0F388328923617389DFF8889243EA0243D5
S31500021AF023624C4501D1022F08D1012304F58054FB
S31500021B00636007B0BDEC048BBDE8F08F002295F848
S31500021B1000B09B489B49AE68934518BF01465B4699
S31500021B209448CDF80080FFF763FF04EB071CDCF84E
S31500021B3048200BF0030E22F0435222F41D1222F427
S31500021B40405222F01F024EEA020295F801E01FFA05
S31500021B5086FA4FEA8E0E0EF01C0E42EA0E0EAA7896
S31500021B60824556464FEA023238BF0646E87802F404
S31500021B70E0424EEA02024FEA004E0EF4E02E42EA3C
S31500021B800E0295F810E0804B4FEA4E5E0EF4600EA0
S31500021B9042EA0E0295F804E039014FEA0E7E0EF093
S31500021BA0405E42EA0E02CCF84820DCF84820C2F336
S31500021BB00232013A042A00F28880DFE802F08686C1
S31500021BC086030300D3F8842107F1050ABBF1000F4F
S31500021BD040F0CA8009EB01039A6CC2F30232531E2B
S31500021BE0012B694B74D8DFED697AD3F8802192B262
S31500021BF04944896C22F4C043C1F3820E01210EF1DD
S31500021C00010C01FA0CF107EE101A4FEA834B13048A
S31500021C10B8EEC79AF6EE008A5B4B48BF4BF0004B14
S31500021C20BEF1000F72D1D3F88C110BB208EE103A46
S31500021C30B8EEC88A37EE888A00287CD105A80392B6
S31500021C4000F08EFADFED527A68EE277A039ADFED1C
S31500021C50516A86EE897ADFED506A27EE267AF1EE30
S31500021C60006ABBF1004F07EEA67A0BD0DFED4B6A96
S31500021C7007EE902A37EE266AFAEEE87AB0EE667A30
S31500021C8017EE867AB5EEC07AF1EE10FACABFB1EE59
S31500021C90477A38EEC77A37EE687AFDEEC77A17EEDC
S31500021CA0902AB2F5003F55DB6FEA5B436FEA434386
S31500021CB04FEA0A1249F80230C6F3090609EB0A1A74
S31500021CC0CAF804600137143513E7D3F880217BE79D
S31500021CD0032A0AD1D3F88021D3F88C31120C1B14B3
S31500021CE007EE903AF8EEE77A82E7042AD3F88421DF
S31500021CF00BBFD3F88C31D3F88C311B141B1407BFDE
S31500021D0092B25B00120C03EB4303E9E7D3F890119E
S31500021D1009B207EE101AB8EEC77A77EE677A29EE9D
S31500021D20287AD3F8881187EE878A0BB207EE903AA3
S31500021D30F8EEE77A7EE7D5ED037ADFED196AF8EE7B
S31500021D40677A87EEA67AF7EE046AC6EE877A67EEB8
S31500021D50887A7CE712F5003FAABFC2F311024BF460
S31500021D60003342EA0B03A3E740F2D1110248FCF723
S31500021D7046FAA1E70040005A84740300005A620240
S31500021D80404B4C00809698000080E00F0000000057
S31500021D903D3B843F00008043000020440000004990
S31500021DA000007A4408B50A6F496F02F00702FFF78E
S31500021DB0CBFC08BD4FF400120B4B10B5C3F88020C4
S31500021DC0BFF34F8FBFF36F8F0024FF22074B2146CD
S31500021DD05C6520209A625C60FDF774FF2146BDE8CF
S31500021DE010402120FDF76EBF00E100E00000045024
S31500021DF0072838B504460D4603DD77210948FCF766
S31500021E00FEF91F2C03D991210748FCF7F8F9074B75
S31500021E10074A0120002D18BF134600FA04F41C607D
S31500021E2038BD00BFB474030083730300401004502E
S31500021E304020045010B5044618B991211F48FCF7FA
S31500021E40DEF923781B0613F0604F03D092211B485C
S31500021E50FCF7D5F9E3780F2B03D9A3211748FCF732
S31500021E60CEF901212020FDF72DFF01212120FDF7CA
S31500021E7029FF0122124B5A60227812069A60617873
S31500021E80A27842EA01429A61FF229A6200229A638A
S31500021E901A644FF000425A654FF0FF324FF40011B8
S31500021EA003F500531A65074AC2F88011E3781B014D
S31500021EB0DBB282F81533116010BD00BFB4740300A3
S31500021EC00000045000E100E02DE9F0410126C3B212
S31500021ED0072805460C46904606FA03F603DDEC2172
S31500021EE03548FCF78CF91CB9ED213348FCF787F924
S31500021EF0236823F47C1323F00F031BB1F0212E4831
S31500021F00FCF77DF9A37A1B0413F47C0F04D040F28C
S31500021F1009112948FCF773F9E37A1B0513F07E6F62
S31500021F2004D040F20B112448FCF769F9237B5B05C8
S31500021F3013F0FE5F04D040F20D111F48FCF75FF963
S31500021F4030201E4A637B166521681D4F02F500523A
S31500021F5042F8251000FB05752B66E37AA27A1B056B
S31500021F6043EA0243227B43EA425328F00302EB652B
S31500021F702A67FEF7E8FB7B6D33437B65237A13B151
S31500021F803B6C33433B64637A13B1BB6B3343BB6332
S31500021F902279A37943EA0243084A93616179E37994
S31500021FA043EA014307498B61054B56639E64BDE8CC
S31500021FB0F041FEF7CEBB00BFB4740300002004500C
S31500021FC0000004500010045010B50124C3B20728C3
S31500021FD004FA03F404DD40F297110748FCF70FF9FF
S31500021FE0FEF7B1FB054B5A6D22EA04025A659C6262
S31500021FF0BDE81040FEF7ADBBB47403000000045008
S31500022000F8B50125C3B20728044605FA03F504DD2F
S315000220104FF4EE710C48FCF7F2F8FEF794FB30220F
S315000220200A4B1E6D5F6B02FB04335C6EFEF791FB7F
S315000220303D4206D1C4F30A1008B9354200D1013037
S31500022040F8BD0020FCE700BFB47403000000045092
S315000220504FF40032054B9A6641F6713203F51C3392
S31500022060DA63012203F50053DA60704700900050EC
S3150002207041F671320121064BDA6303F50052D16053
S315000220800022DA634FF40032A3F518339A667047DA
S31500022090000003504FF050234FF400321A67704786
S315000220A0014BD3F894007047004000504FF0B04304
S315000220B05A6812B19A6A002AFAD17047022838B5CC
S315000220C005460C4603D94C210C48FCF798F8E378F0
S315000220D0627821785B0143EA820322790B4343EA61
S315000220E002130C226A4302F1B0421363012902BFB2
S315000220F0A278034B43F8252038BD00BF13750300B1
S31500022100E88003504FF0B0435B6870B50BB1FFF740
S31500022110CDFF0121104B4578596083780679002B53
S31500022120C37814BF02240024002B14BF0422002209
S315000221304379DB0043EA06132B43234313434FF051
S31500022140B0429360054B59600378002B14BF0B46CF
S315000221500223D36070BD00BF002000580010005853
S315000221604FF48032064B5A6603F5E6235B69C3F3E6
S315000221708512827003F03F021B0B42700370704798
S31500022180009000500B4B984211D003F580439842C1
S315000221900DD003F58043984209D003F58043984257
S315000221A005D003F58043C31A5842584170470120AF
S315000221B0704700BF00800450F8B51F461A4B0E4602
S315000221C0984215461ED003F5804398421CD003F56B
S315000221D0804398421AD003F58043984218D003F5FB
S315000221E08043984216D011488221FCF708F84FF036
S315000221F0FF3006210E4C7FB101FB006004EB80002C
S31500022200C560F8BD0020F4E70120F2E70220F0E7FE
S315000222100320EEE70420ECE701FB00602D0204EB4D
S315000222208004E560EDE700BF0080045043750300BB
S3150002223000810350036BDA0702D503695B06F9D402
S315000222407047000038B505460C46FFF79BFF18B9E4
S31500022250A5212748FBF7D3FF2846FFF7EBFF01220C
S3150002226005F500531A63237961881B0243EA814309
S31500022270617A0B436178002914BF402100210B4388
S31500022280A17A002914BF802100210B43E17A00299B
S3150002229014BF202100210B43217B002914BF1021EA
S315000222A000210B43617B002914BF082100210B4347
S315000222B0A179002914BF4FF4803100210B436B60D2
S315000222C005F580531A6322780AB90223EB600023CC
S315000222D06B62E179237A43EA81036179002914BFAB
S315000222E0102100210B43AB600AB10123EB6038BD1C
S315000222F043750300F8B506460F461446FFF742FF3C
S3150002230018B9F5212748FBF77AFF022F03D9F621E0
S315000223102448FBF774FF3046FFF78CFF012206F5CF
S3150002232000531A63E279E57A002A627A14BF4FF4FF
S3150002233080110021002A14BF10220022A37943EA49
S31500022340C5430B43134306EB47152B66237A2BB380
S31500022350237B2A6E394642EA43422A66013B18BF6C
S315000223600123A278FFF728FF012306F5805633637F
S31500022370637822781B0643EA8263E27843EA0233F1
S31500022380227943EA8223627943EA0223A27A002A65
S3150002239014BF0422002213436B66F8BD2B6E2B6614
S315000223A0E2E700BF4375030070B50446FFF7EAFE95
S315000223B020B940F29B112048FBF721FF012604F5C4
S315000223C080531E6302230021E3601C4B04F5005573
S315000223D0A160A1616B614FF6FF732162E3614CF666
S315000223E0806361626166A1662167C4F88410C4F8DD
S315000223F08810C4F89010C4F8A410C4F8A810C4F841
S31500022400B010C4F8FC301F23C4F8EC102046C4F800
S31500022410F010C4F8F830FFF70DFF2E6361602166F5
S31500022420C4F88010C4F8A010C4F8E010C4F8E8108C
S31500022430C4F8E41070BD00BF437503007700770748
S3150002244070B506460C46154622B940F28E210C4856
S31500022450FBF7D5FE24B94FF42070FDF75DFC044668
S315000224606D00013CB4FBF5F4064B250213EA042386
S3150002247004D040F2B3210248FBF7C1FEF56170BDFC
S3150002248074750300070080FF194B10B59842044685
S3150002249008D003F58043984204D040F242411548E1
S315000224A0FBF7ADFE012204F580535A6040F6AA639B
S315000224B041F20502636100230F49A360E365E2600E
S315000224C004F500522361E361E36491640849A3655C
S315000224D08C4202D00948844207D18C42236502D03D
S315000224E0064B9C4201D1002363650123536010BD54
S315000224F000C0055074750300FFFF0100000006507E
S3150002250038B5334B044698420D4608D003F580434E
S31500022510984204D040F269312E48FBF770FE2046FD
S31500022520FFF7B2FF0122A97B04F580535A602A8A7B
S31500022530A368002914BF4FF48061002142F0010212
S3150002254013432A7D0B43002A14BF4FF00052002288
S31500022550A360A3681343A360AB7C5BB11C4AEB7C0C
S3150002256094422DD1A2F51032C2F88C31E36D43F0BC
S315000225708003E3652B7B2046D5E9011243F48053A1
S31500022580E360FFF75DFF6B7B0BB1102363616B7D2D
S315000225901BB1A36843F48033A360AB7D1BB1A36870
S315000225A043F40043A360EB7D2A7E1B07120503F06A
S315000225B0E04302F4E0021343A3652B78636138BD5E
S315000225C0054A944204BFA2F52032C2F89C31CDE7F7
S315000225D000C00550747503000000065007B56B462F
S315000225E0054A1068516803C36846FEF775FA00206B
S315000225F003B05DF804FB00BFA575030013B5002404
S31500022600064A6846536F23F00103536700948DF818
S315000226100440FEF79DF9204602B010BD004000506E
S3150002262008B50248FDF7EAFF002008BD80D543023F
S3150002263030B50A4D87B001AC0FCD0FC42B6801A887
S3150002264023603F238DF80530FDF7F4FC4FF4FA7052
S31500022650FDF752FD002007B030BD00BFB075030084
S315000226606FF00402502110B50A480B4C12F0800F8D
S31500022670D3B21BBF03F00F03043BA3181B1802F1CE
S3150002268001020CBF83F800131976402AEED100200E
S3150002269010BD00BF00ED00E000E100E000F078B8F8
S315000226A038B501F027FA0446E0B901F023FB4FF4EE
S315000226B0167343430C4803F5742303F23F23B3FB1B
S315000226C0F0F30A4A0A4913600A220D680948013AD8
S315000226D012F0FF0240F8043BF9D103EBC3022B448C
S315000226E013440B60204638BD40420F00A45400201C
S315000226F07054002074540020012208B5034B1A704E
S3150002270001F0ECFA024B186008BD00BF6C540020C1
S31500022710A0540020F8B5144C237823B301F0DEFA56
S31500022720124B134D1B68134EC01A012838BF0120E5
S31500022730114B124F18602B7856F8232046F82300C7
S31500022740111A3A680E48521A0A213A600932B2FB45
S31500022750F1F20133DBB20260B3FBF1F201FB123399
S315000227602B7000232370F8BD6C540020A054002067
S315000227709C54002074540020685400207054002099
S31500022780A4540020014B1868704700BFA4540020CF
S3150002279020234FF400220A4981F82C33094B5A664A
S315000227A0094A03F5405303F50050426702674FF4A6
S315000227B08050C1F88401486003445A67704700BFDD
S315000227C000E100E000900050010000A0044B9A6D69
S315000227D0D20702D40028FAD170470120704700BF01
S315000227E000C000500C4B10B51C6FE20707D5012242
S315000227F003F500531A67FFF78DFF00F01DFF14F073
S3150002280000521CBF054B1A67002CBEBF4FF0004298
S31500022810024B1A6710BD00BF00C0005000E0005016
S31500022820FFF7E0BF10B50446FDF786FF024B1C60BA
S31500022830FDF786FF002010BDA854002010B5FDF755
S315000228407BFF034B1C68FDF77BFF204610BD00BFD4
S31500022850A854002007B530B9CDE90012FFF7EEFF04
S31500022860DDE9001230B1436823B1006803B05DF8B8
S3150002287004EB1847232003B05DF804FB30B51C4671
S3150002288085B058B9CDE90012FFF7D8FFDDE900128D
S3150002289004B903AC20B9232005B030BD03B903AC9B
S315000228A08568002DF7D023460068A847F4E7012281
S315000228B0036B19B103F580539A64704703F500530D
S315000228C09A645A6470470422036B03F580539A6430
S315000228D07047704738B50446026B136C5906FCD52F
S315000228E00023E16B1A4694F83800FEF777FC0023C2
S315000228F0616C1A4694F84000FEF770FC94F8583062
S31500022900DA0706D50023E16C1A4694F84800FEF76A
S3150002291065FC94F858309B0706D50023616D1A466C
S3150002292094F85000FEF75AFC0021206B094DFEF781
S315000229305FF90021606BFDF7C5F9284604F15C01D9
S31500022940FBF772FC2B6813B9034800F037FD002031
S3150002295038BD00BFAC540020B054002008B5006B4F
S31500022960FEF77CF9002008BD2DE9F0418AB01C462D
S3150002297006AB064688461846174600211022109DC9
S315000229800CF0CBFA227903460AB18DF81820FB61C6
S3150002299063793046002B14BF01230223CDE90333AA
S315000229A0654B42460293654B29460193644B00935D
S315000229B0644B00F073FA0646002840F09580A3683F
S315000229C001216B63A3693A206B64237D85F840304D
S315000229D02369EB63237B85F83830236AEB64237F14
S315000229E085F84830A36A6B6594F8243085F8503030
S315000229F023682B63FDF766F9012304222169207BF4
S31500022A00FEF7ECFB01230222A169207DFEF7E6FB1D
S31500022A103E7085F858600121A068FDF753F9637985
S31500022A20012113BB4FF4C060FDF74CF91021A068D9
S31500022A30FDF708FC39462068FEF756FA0222424B99
S31500022A402169C3F8C020227B42EA0142C3F8D020A2
S31500022A50A169227D42EA0142C3F8CC202379032BE5
S31500022A6067D8DFE803F02A15455E4FF48060FDF76C
S31500022A7029F90F21A068FDF7E5FB39462068FEF724
S31500022A808DFA95F8583043F0040385F85830D5E7A7
S31500022A90002795F8583043F0010385F85830002393
S31500022AA00222216A207FFEF799FB226A237F43EAEC
S31500022AB00243264AC2F8C43007BB04232068052114
S31500022AC000F50052536400F580529364FEF790F8C5
S31500022AD01F4B1B681BB91F491F4800F05DFC1C48B1
S31500022AE005F15C01FBF790FB30460AB0BDE8F081C8
S31500022AF095F8583043F0020385F858300023042233
S31500022B00A16A94F82400FEF769FB01230F4AA16A21
S31500022B10C2F8C03094F8243043EA0143C2F8C83000
S31500022B20CBE795F85830012743F0030385F8583070
S31500022B30B5E72326D8E700BFD5280200C72802003A
S31500022B40AF2802005D29020000C4035000D40350DE
S31500022B50AC54002058110020B054002010B5044691
S31500022B6008F06AFE226B936C526C134059070FD51C
S31500022B70204600F00BFAD8B1206BFEF769F8014641
S31500022B80204600F013FA0422236B03F500535A641D
S31500022B90236B5A6CD20711D5012103F500525164F9
S31500022BA01B6C9B060AD52046BDE8104000F04CBAC5
S31500022BB00422236B03F500539A64E9E710BD002053
S31500022BC07047FEE74FF4005300204B607047012028
S31500022BD07047012070474FF0FF3070470020704762
S31500022BE007B5002001AB0190FFF748FE01980028C7
S31500022BF008BF4FF0FF3003B05DF804FB10B50020AC
S31500022C001446FFF727FE18B1BF210248FBF7F7FA71
S31500022C10204610BDC4750300034B02221868002328
S31500022C20806819460CF0B0BA9411002090F82A3048
S31500022C3001223BB190F82E30022B03D180F82E20D0
S31500022C40184670471346FBE780F82410704790F841
S31500022C502400704790F82B0070470000002808DB1C
S31500022C600123420900F01F0003FA00F0014B43F86A
S31500022C702200704700E100E0002809DB0122430937
S31500022C8000F01F0002FA00F0024A603342F8230005
S31500022C90704700BF00E100E0F8B504460D4690F823
S31500022CA02B3081B173B990F82C60FDF745FD0546CE
S31500022CB00121304600F0D0FA2846FDF741FD0123F6
S31500022CC084F82B30F8BD002BFCD090F82C70FDF761
S31500022CD033FD06462946384600F0BEFA3046FDF771
S31500022CE02FFD84F82B50EDE770B504460568FFF713
S31500022CF0A5FD844202D10020FFF794FD95F9280034
S31500022D00FFF7BAFF95F92830002B0DDB01215A098E
S31500022D1003F01F0301FA03F31449203241F822306B
S31500022D20BFF34F8FBFF36F8F95F92900FFF7A4FF0B
S31500022D3095F92930002B0DDB01215A0903F01F03F7
S31500022D4001FA03F30949203241F82230BFF34F8FCB
S31500022D50BFF36F8F00232846C4E90033C4E9043366
S31500022D60A360EB68BDE87040184700BF00E100E0D1
S31500022D702DE9F047044616460D4690F82480FDF7E5
S31500022D80E2FC94F82A2003469AB1FDF7E2FC94F895
S31500022D902D90FDF7D1FC07460121484600F05CFA6A
S31500022DA03846FDF7CDFCFDF7CEFC0022034684F83B
S31500022DB02A201846FDF7CDFC2E44B8F1000F23D188
S31500022DC0AE4205D1204663680121BDE8F0471847A7
S31500022DD094F82630002BF3D02046236815F8011B01
S31500022DE098470028ECD0BDE8F08794F826305BB10E
S31500022DF02B780A2B03D10D212046236898472046BB
S31500022E00236815F8011B9847AE42EED1DAE72DE9A1
S31500022E10F7434FF00009044690461E46C3F8009059
S31500022E204F1E3368434505D2FDF78DFCA269C2B930
S31500022E30FDF78FFC94F827305BB911230122204657
S31500022E400DF107018DF80730FFF792FF012384F891
S31500022E5027303368002B0CBF1B20002003B0BDE8CF
S31500022E60F083E16922698A5C07F8012F2569226AE3
S31500022E700135954208BF4D46A2692561013AA26114
S31500022E80FDF767FCA3682046984733680133336031
S31500022E90C7E708B5FFF76CFF002008BDF8B51F4667
S31500022EA0536806460C461546002B5BD09368002BEA
S31500022EB05AD03022002120460CF02FF86B682B4A9C
S31500022EC0E361AB68204623622B7B84F82430AB7B1C
S31500022ED0276084F8253040F20113E384069B00271D
S31500022EE06360079BA360089BE3602B7884F8283015
S31500022EF06B7884F829301E4B346073601D4BB360C7
S31500022F001D4B33611D4B73611D4BF3601D4B3362C9
S31500022F10012384F82E30B2611B4AF2619DF8282003
S31500022F2084F82D209DF8242084F82A3084F82C2059
S31500022F30697B84F82B70FFF7AFFE95F90100FFF766
S31500022F409BFE95F90100FFF789FE95F90000FFF750
S31500022F5093FE95F90000FFF781FE3046FFF762FC0B
S31500022F603846F8BD2220FCE72120FAE7992C020018
S31500022F70932E02000F2E0200492C02004F2C020053
S31500022F80E92C02002D2C0200552C020010B5044635
S31500022F90FDF7D9FBA269236A9A4203D2FDF7D9FB50
S31500022FA0012010BDFDF7D5FB0020FAE773B50446F4
S31500022FB00D4600E000BFFDF7C6FB94F82530064635
S31500022FC06BB1132D07D1002384F8263002B0BDE879
S31500022FD07040FDF7BEBB112D01D10123F4E7A269B2
S31500022FE0236A9A4204D340F269111648FBF707F99D
S31500022FF06369E2693046D554A26963690132A26106
S31500023000226A01339342636104BF00236361FDF7C1
S31500023010A0FB042384F82E3094F825307BB1A269F4
S31500023020236A9A420BD11323012220460DF107018E
S315000230308DF80730FFF79CFE002384F8273002B094
S3150002304070BD00BF1276030090F82A3070B50446B0
S31500023050E3B9436823B94FF4C7710D48FBF7CFF8BC
S315000230600021204663689847012384F82A3094F8A1
S315000230702D60FDF761FB05460021304600F0ECF8B5
S315000230802846FDF75DFB022384F82E3070BD00BF93
S3150002309012760300034B1B78002B14BF012002207B
S315000230A0704700BFE85400200329F8B505460E46CE
S315000230B007D8174B5C5C032D19D8DFE805F0090F1A
S315000230C0121540F206311348FBF799F80024F2E78D
S315000230D044F00204104B1F687FB9F8BD44F008049F
S315000230E0F8E744F02004F5E744F08004F2E740F202
S315000230F01B310848FBF783F8ECE77B681A68144231
S3150002310003D0314628465B6898473F68E4E700BF2C
S315000231109F76030056760300E454002038B5104D1E
S315000231202B78ABB10F4C23781BB100F09FFB002329
S315000231302370002000F0BCFB0B4C50B100F0C2FB28
S315000231400023012120782B70FFF7AEFF01232370A5
S3150002315038BD0122054B1A702278054B1A70F7E723
S31500023160E2540020DD540020D4540020E154002013
S31500023170F454002010B5FDF7DFFA064B04461B781F
S315000231801BB1BDE81040FDF7DBBAFFF7C7FF2046CB
S31500023190F7E700BFDC54002038B5134D04462B7800
S315000231A0FF2B05D160B140F27B311048FBF727F8BF
S315000231B02B782BB924B940F27D310C48FBF71FF866
S315000231C0002C14BF0122FF222B7813442B700AD045
S315000231D0074B1B78012B06D9064B1B781BB9BDE89A
S315000231E03840FFF79BBF38BDE854002056760300EF
S315000231F0D4540020E154002070B5FDF79DFA114E1B
S31500023200054633788BB900F075FC044620B1284692
S31500023210FDF796FA204670BD0B48FAF7F1FF0B4B05
S315000232201C6000F067FD0A4B186000F059FA00F0C6
S3150002323083FB084B00241860012328463370FDF7F0
S315000232407FFAE7E7DE540020E4540020F854002019
S31500023250F0540020D85400202DE9F341441EE3B275
S31500023260012B0D4604D940F289113148FAF7C7FFFE
S31500023270304E335DFF2B05D165B14FF4C6712C4834
S31500023280FAF7BDFF335D2BB925B94FF4C77128484C
S31500023290FAF7B5FF002D14BF0122FF22335D134456
S315000232A033553AD0244E3278012A36D9FFF7F2FE48
S315000232B00128044634D8214FFDF73EFA3B781BB36A
S315000232C01F4D2B781BB901222A701E4A1370DFF894
S315000232D0788098F8003033B1019000F0C7FA0023E5
S315000232E0019888F80030FDF72BFA012000F0E0FA89
S315000232F0FDF722FA2B782BB1019000F0E3FA0023B6
S3150002330001982B7000233B70FDF71AFA3078A04221
S3150002331003D02146FFF7C8FE347002B0BDE8F08143
S31500023320032AF3D10228F1D100F01AFBEEE700BF1F
S3150002333056760300E8540020D4540020E2540020BC
S31500023340DC540020E1540020DD54002068B5FDF76E
S31500023350F3F9094B06461B78012B04D8FDF7F0F961
S315000233600025284668BD054B1D6800F0E9FA0544AC
S315000233703046FDF7E5F9F4E7D4540020F85400206E
S3150002338007B5FDF7D9F90190FFF7C8FE019803B01A
S315000233905DF804EBFDF7D4B938B541600446FDF794
S315000233A0CBF9054621460448FAF72EFF2846BDE822
S315000233B03840FDF7C5B900BFE454002013B50190AB
S315000233C0FDF7BAF9044601990448FAF72DFF20469B
S315000233D002B0BDE81040FDF7B3B900BFE4540020C7
S315000233E0054B1B685843054B00F5742000F23F203D
S315000233F0B0FBF3F0704700BFF054002040420F00CC
S315000234002DE9FF47FDF798F9044600E000BFFAF7F9
S31500023410D0FB002800F0A980714E724F337823B199
S315000234200020FFF7B9FE00233370FFF733FE0128B1
S3150002343012D00AD90238C0B2012840F29E804FF457
S3150002344059716948FAF7DBFE06E0337823B10020AA
S31500023450FFF7A2FE00233370FFF71CFE0128804609
S3150002346004D9624B1B780BB900F0BEF9604DDFF848
S31500023470A0912878DFF89CA140450AD0002389F85C
S3150002348000309AF8003013B94146FFF70DFE85F871
S31500023490008099F800303BB12B78022B04D100232F
S315000234A089F8003000E000BFB8F1010F0FD9DFF84C
S315000234B03C8198F8003053B94E4B1B7823B900F083
S315000234C0CFF901224C4B1A70012388F80030287874
S315000234D000F016FA9AF8003013B1484B1B782B709D
S315000234E000E000BF2046FDF72BF9FDF725F9444B16
S315000234F004461A7852B100221A70404B28781B787B
S31500023500984203D101212970FFF7CEFD384600F01B
S315000235102BFBFAF752FB804600287FF47FAF334F2E
S3150002352089F800003B789BB1DFF8CC908AF800005E
S3150002353099F800301BB100F099F989F80080002053
S3150002354000F0B6F9002841D000F0BCF900233B7028
S31500023550337823B10020FFF71FFE002333700021CA
S315000235602878FFF7A1FD00232B7000E000BF20465C
S3150002357004B0BDE8F047FDF7E3B8002003A900F068
S3150002358075FB00287FF468AF1E4B039A1B689A42AC
S3150002359004D80120FFF700FE01235CE71A4B1D68E1
S315000235A000F0CEF92D1804D540F251310E48FAF743
S315000235B026FE03998D42ECD2002302223846CDE93B
S315000235C00032491B114A00F0F7FA45E7012000F0E4
S315000235D097F92046FDF7B4F8FDF7AEF80446AEE7D4
S315000235E0EC540020B854002056760300E254002022
S315000235F0D4540020EB540020DD540020F454002063
S31500023600E0540020D8540020F854002075310200FE
S31500023610EA540020E154002010B5FDF78DF800228F
S31500023620044B1C781A70FDF78BF800F043FC20431C
S31500023630C0B210BDDF54002010B5094B1B786BB128
S31500023640084C237853B100F03DF90023064A237053
S3150002365013700123054A1370054A137010BD00BF8B
S31500023660D4540020E1540020E2540020DF5400200C
S31500023670E054002038B50546FDF75EF804462846B4
S3150002368000F006F82046BDE83840FDF759B80000BC
S3150002369073B5114E04463378834212D000238DF857
S315000236A0043080B102238DF8053001A8FDF7FAF83F
S315000236B00A4D402054B1FFF793FE2B68181A286072
S315000236C0347002B070BD8DF80500EEE7FFF788FE94
S315000236D02B681844F3E700BF601100200455002050
S315000236E0002373B54FF4002401A88DF80430FDF7CA
S315000236F0ABF90120FFF7CCFF3449354B0A6F02F0D4
S3150002370007021A60D1F82031D1F8240101F580515F
S315000237104C664FF400344C6601F598318969032AE8
S3150002372000F0070001F002013BD003F003039C1EE8
S3150002373063426341022808BF43F001032548264D30
S315000237400370002939D0214A3BB9D2F8003103F07F
S315000237500303591E4B424B410370D2F8003103F06A
S315000237600303022B1FD0032B20D0012B21D1FAF702
S31500023770FDFA10B3194B411EDC68002302460846C7
S315000237801946C4F30B04164E013404EB8404E4FB1D
S3150002379006010BF0E9F8FFF723FE2B6818442860B0
S315000237A00BE00123C6E7FAF7F3FAE2E7FAF7E4FADF
S315000237B0DFE7D1210B48FAF722FD6420FFF710FE5E
S315000237C02B681844286002B070BD00BF008000500C
S315000237D0FC540020025500200455002000C0015070
S315000237E040420F00A3760300FDF7AEB8074B1A78E6
S315000237F052B100221A70064A136F23F0070343F0F0
S3150002380001031367FAF79CBA704700BF0055002000
S31500023810008000500E4B10B51B7883B1022000F0D9
S31500023820E5FB60B100F054FA48B10A4B9A6DD20337
S3150002383006D5DB6D9B0703D50122074B9A6210BDA5
S315000238400124064B1C70FEF757FF034B9C62F6E7FA
S315000238500255002000C0005000D000500155002043
S315000238600122014B1A7070470055002038B50C4BE7
S315000238701B786BB10B4C23787BB90B4B0B4D9A6DB6
S3150002388012F4803F05D0DB6D9B0702D50123AB62A4
S3150002389038BDFEF731FF0123AB6200232370F7E741
S315000238A0025500200155002000C0005000D00050F3
S315000238B0034B1B780BB1FEF789BF0120704700BF8F
S315000238C00255002008B5FDF741F8094A0949136F68
S315000238D0096823F007030B431367074B1B7813B1E1
S315000238E00122064B9A62BDE80840FAF729BA00BFE0
S315000238F000800050FC5400200255002000E00050D9
S3150002390002280AD003280BD001280CD1084A1369D1
S3150002391023F00403136130BF70470020FCF7D0BFC9
S315000239200020FCF7F1BF40F2CB110248FAF767BC60
S3150002393000ED00E0A37603004FF4C870FFF750BD18
S3150002394008B5054B187818B1FEF71CFF00EBD0003E
S31500023950024B1B68184408BD02550020045500207E
S315000239607047000010B500F0EBFA0A4C0A4B1968D2
S315000239702368C31A01B10BB9206010BD4A699A4285
S315000239803ABF9B1A0022D21A4A6128BF00238968CD
S31500023990F0E700BF0C55002020550020C38870B503
S315000239A004460D463BB9FFF7D1FC8542064602D2D4
S315000239B0FFF7E6FC35460F4965610B68ABB90C604B
S315000239C0A36011E0AD1A9A68184665612AB11346DA
S315000239D05A69AA42F6D950B11A4613468460A360C0
S315000239E013B15969491B596170BD0020F0E70C609B
S315000239F0F5E700BF2055002038B5134D2B685B69EB
S31500023A0093B1124A022014681C4400F0A3FA20461D
S31500023A1000F0ACFA00230E492A680B70D0888007A2
S31500023A2009D501230B7038BD022000F093FA02205B
S31500023A3000F0D0FAEEE79268002AF4D05069034407
S31500023A40012BEBD9EFE700BF205500200C550020D3
S31500023A501455002070B516469DF81420C0E90336A9
S31500023A600271049ABDF8183002600022C380826097
S31500023A7004460D4600F064FA3044A0613DB9E3689D
S31500023A80656113B120462168984796B13546FCF721
S31500023A9053FE0646FFF766FF29462046FFF77EFFDE
S31500023AA0054B1B68A34201D1FFF7A6FF3046FCF780
S31500023AB047FE002070BD00BF2055002000220C49A1
S31500023AC00B687BB183420AD183687AB193608368BB
S31500023AD01BB15A6941690A445A61002070471A4665
S31500023AE09B68EEE70028EFD0022070470B60EEE7F6
S31500023AF02055002070B5FCF726FE144E0546347894
S31500023B00FCB9134B1C60134B1C60134B1C8000F05A
S31500023B10E7F9012000F01EFA00F078FA0F4B024690
S31500023B20186020B92846FCF714FE232070BD2346F0
S31500023B3040F2E7310A480AF017FF0A4B18600123E0
S31500023B4033702846FCF705FE0020EFE708550020F3
S31500023B50205500200C550020165500201C5500202B
S31500023B6018FCFFFF105500202DE9F0410546F8B17B
S31500023B70FCF7E2FD0F4F0646FFF7F4FE2846D7F89C
S31500023B800080FFF79BFF044628B13046FCF7D8FDBC
S31500023B902046BDE8F081A8453B6803D123B1FFF773
S31500023BA02BFFF2E7002BF0D1022000F007FAECE738
S31500023BB02224EDE72055002070B586B015461E4634
S31500023BC00446059180B1FFF7CFFFBDF82C300022E5
S31500023BD002939DF828302046CDE9006305992B46CD
S31500023BE0FFF738FF06B070BD2220FBE738B50C465A
S31500023BF0054698B191B100230B70FCF7A4FD012193
S31500023C00074B1B680BB122781AB1FCF7A2FD002004
S31500023C1038BDAB4214BF9B682170F3E72220F7E759
S31500023C2020550020F0B51F46002387B00D461646E4
S31500023C3004468DF81730A0B10DF11701FFF7D6FF34
S31500023C409DF817207AB9BDF83430294602939DF8BB
S31500023C5030302046CDE900733346FFF7FBFE07B04E
S31500023C60F0BD2220FBE70320F9E700002DE9F04131
S31500023C7007468846FCF767FD00260546124B1C6878
S31500023C8024B92846FCF765FD1B2016E063691E442D
S31500023C90E388BB4215D100F053F90C4C2368C01AD5
S31500023CA0B0420CD200F04CF922683244121A28466D
S31500023CB0C8F80020FCF74DFD0020BDE8F081002287
S31500023CC0F5E7A468DCE700BF205500200C5500206C
S31500023CD0014B1878704700BF1455002038B5FCF721
S31500023CE032FD054600F02CF904462846FCF731FD64
S31500023CF0204638BD014B1868704700BF1C5500208E
S31500023D000C4B70B51B680D46834211D340F2E73166
S31500023D1000248C462146084B4FF47A721E68002313
S31500023D20E0FB06C160460AF01FFE2860204670BD11
S31500023D302120FCE7105500201C5500200F4B10B522
S31500023D401A689AB14FF47A71531E1342A0FB01010D
S31500023D500ED1B2FA82F2C2F11F04531CD243E040E2
S31500023D6001FA03F3184321FA02F20243104610BD88
S31500023D7000230AF0F9FD0246F8E700BF1C550020B1
S31500023D80C2072DE9F84F04460BD5464A138801337C
S31500023D909BB21380FFF7E6FD434B1B680BB1FFF79F
S31500023DA02BFEA3077CD5FCF7CEFC4FF0000A054696
S31500023DB05646FFF7D7FDD0463B4FDFF8F4903C68F6
S31500023DC00CB163698BB10022384B012E1A7003D1F4
S31500023DD0BAF1020F08BF1E70002C51D0FFF70CFE7D
S31500023DE02846BDE8F84FFCF7B4BC23461A79217978
S31500023DF0914288BF1C469B6813B15A69002AF5D0C6
S31500023E002846FCF7A6FCD4F810A0BAF1000F3BD066
S31500023E1000F096F8A269851AEB17AA4578EB030318
S31500023E2033DA236913440122A3612369D3B1CAB9E0
S31500023E30EB17BAEB050563EB4303002B04DA40F2FA
S31500023E4009414846FAF7DBF9FCF77DFC824629462A
S31500023E502046FFF7A3FDA369226950461344A361D6
S31500023E60FCF777FCE368B4F806A0013613B12046E6
S31500023E7021689847FCF767FC0546FFF773FD9EE746
S31500023E80022000F09BF8ABE75546FCF75CFC834644
S31500023E902046FFF713FE5846FCF75BFC0022C4E7F8
S31500023EA0BDE8F88F16550020205500201855002031
S31500023EB0F376030010B5FCF746FC034B1C78FCF7BF
S31500023EC048FC204610BD00BF18550020034B5A6817
S31500023ED012B19A6A002AFAD1704700BF0040065012
S31500023EE030B5144B85B001AC93E8070084E80700AF
S31500023EF001213D20FBF7E6FE0125002320468DF831
S31500023F0004300295FBF708FC03220B4C04F5005320
S31500023F109A615A61FBF766FCFFF7D8FFE560FFF787
S31500023F20D5FF4FF48022054BC3F880211A6005B0F5
S31500023F3030BD00BF387703000040065000E100E0C4
S31500023F40014B186A704700BF004006500020FBF77D
S31500023F503BBC000000F001038207034A48BF43F05E
S31500023F6002039361704700BF00500650F8B504463D
S31500023F70FCF7E2FB104F06463D6AFFF7E7FF7A6958
S31500023F80920704D4421B052A01D8A8420ED1631B0C
S31500023F90042B98BF6C1D0020B4F1FF3F2CBF2146B5
S31500023FA0611EFBF7FBFB0220FFF7D4FF3046BDE89C
S31500023FB0F840FCF7C5BB00BF0040065000F0010305
S31500023FC08207034A48BF43F002039361704700BF6A
S31500023FD00060065000F001038207034A48BF43F01F
S31500023FE002035361704700BF00500650064B01287A
S31500023FF05B6904D0022805D1C3F34000704703F081
S315000240000100704700207047004006503D20FBF734
S3150002401083BE000010B5FCF796FB0446094B5B69AC
S315000240209A07094A03F0010003F0030348BF40F070
S3150002403002005361FFF7A4FE2046BDE81040FCF7DC
S3150002404088BB00BF004006500060065008B506F067
S3150002405043FE06F077FE06F07EFE06F085FEBDE81C
S31500024060084006F082BE08B506F080FE06F07FFE26
S3150002407006F07EFEBDE8084006F07BBE10B504469B
S31500024080F9F75EFE4FF47A729042B0FBF2F105D276
S315000240903621BDE810400C48FAF7B1B80B4BB3FB1A
S315000240A0F1F30B49884201D93C21F2E702FB04F005
S315000240B0B0FBF3F0022806D9BDE810400323B0FB9B
S315000240C0F3F000F00DB810BD4477030040420F0034
S315000240D0E7CD9A3B0000000000000000000000004F
S315000240E0013800D0FCE770472F289ABF014B185CB5
S315000240F000207047A0780300704721B9BF288CBF03
S31500024100002001207047012901D11D28F7E7002070
S315000241107047000020B10128024818BF00207047EE
S3150002412001487047DCB20300DC8E03002DE9F04F34
S31500024130ADF5457D00F0C8F9FAF7FAFD0446002808
S315000241403ED1BF23DFF8A8800093C022034604A90C
S31500024150D8F8000009F0D8FE0646002844D0A34647
S315000241604FF0FF37DFF88C9004AD02AB55F8041B15
S31500024170D8F8000003AA09F081FE039BC3B94FF0E9
S31500024180300A55F8041C02980AFB0192D36883424E
S315000241900ED15268D8F8000009F022FE10B355F885
S315000241A0043C0AFB03935868D3E902120AF08EFE16
S315000241B04FF0010B0134A642D7D1BBF1000F01D05B
S315000241C04FF0FF371E25094C6068D4E902120AF047
S315000241D07DFE013D04F13004F6D138460DF5457DEC
S315000241E0BDE8F08F0746E5E70746EBE7DCB20300DA
S315000241F030110020DC8E030008B503460846FFF79F
S3150002420089FF18B1302202FB0300007C08BD2DE9AC
S31500024210F8430D469DF82410044616469946DDF8E5
S315000242202080FFF76AFF40B30846FFF773FF20B30B
S31500024230302303FB0404A37CFBB1237CAB4201D0F5
S315000242400C2D1AD100234A4631462046A769B847A3
S3150002425088B9237CAB4201D00C2D11D101234A46E9
S3150002426031462046A569A847B8F1000F03D094F855
S315000242702C3088F80030BDE8F8834FF0FF30FAE7BB
S315000242804FF0FF30F0E710B50446FFF736FF80B176
S315000242900846FFF73FFF60B1302303FB0404606862
S315000242A0D4E902120AF012FE0123E06884F82C30E7
S315000242B010BD6FF02600FBE7F8B50E4607461C4612
S315000242C00021304615460AF028FE21463846FFF7F9
S315000242D014FFC8B12046FFF71DFF0446B8B13020CF
S315000242E000FB0744E37C93B1E36913B198470028C6
S315000242F00CDBE0686168854228BF054630462A46DF
S315000243000AF0E4FD284601E06FF02600F8BD4FF002
S31500024310FF30FBE708B50346FFF7EFFE38B1084664
S31500024320FFF7F8FE18B1302202FB0300C06808BD91
S3150002433038B50446FFF7E1FE68B12046FFF75CFF99
S315000243400B2808D10846FFF7E5FE20B1302303FB10
S315000243500400006A38BD4FF0FF30FBE738B504466B
S31500024360FFF7CBFE68B12046FFF746FF0B2808D1C0
S315000243700846FFF7CFFE20B1302303FB0400406A54
S3150002438038BD4FF0FF30FBE710B50346FFF7B5FE29
S3150002439058B10846FFF7BEFE38B1302101FB0300D3
S315000243A0036A0020C2E9003010BD4FF0FF30FBE780
S315000243B010B50346FFF7A1FE58B10846FFF7AAFE5D
S315000243C038B1302101FB0300436A0020C2E9003004
S315000243D010BD4FF0FF30FBE770B50025084C094EC3
S315000243E0607C28B12946E3686268306809F0AEFC51
S315000243F0BF2D03D0013530340028F1D070BD00BF87
S31500024400DC8E03003011002038B50C4619461546DD
S31500024410FFF7F2FE01380A281FD8DFE800F014146D
S3150002442011061E171B1E1E1E0B0022680C49204673
S315000244300AF0A2FF1DB120460BF018FD286038BD18
S3150002444022880849F3E722780749F0E794F9002021
S315000244500649ECE7B4F90020FAE700232370E9E7FE
S31500024460E6BF0300D07803002A3B030019BD030010
S3150002447038B504460846FFF74DFE78B191B10129D9
S315000244800CD11E2100F128020023302000FB03F587
S315000244905559A54204D001339942F7D14FF0FF3363
S315000244A0184638BDC021EDE708B502460846FFF7B3
S315000244B031FE034630B11046FFF71FFE10B1302120
S315000244C001FB0233184608BD08B54FF4B56205492B
S315000244D005480AF0FBFC8022044905480AF0F6FC6E
S315000244E008BD00BF34890300A4550020B488030028
S315000244F02455002070B50F4DC0262C46237D23B9C6
S31500024500D4E9021260680AF0E1FC013E04F13004CB
S31500024510F4D11E26084C2B7D23B9D4E90212606819
S315000245200AF0D4FC013E05F1300504F13004F2D163
S3150002453070BD00BFDC8E0300DCB203002DE9F84338
S31500024540D0F80C90054691450E4614461ED903B383
S31500024550476838460BF08AFC224680463146384682
S315000245600AF0A4FC10B90CB144450DD001234A4609
S31500024570002185F82C3038460AF0CFFC2246314617
S3150002458068680AF0A3FC0020BDE8F8834FF0FF300C
S31500024590FAE71846F8E710B50A68D0E908419442E6
S315000245A001D88A4201D98C420AD13BB143681968C3
S315000245B0914203D0012180F82C101A60002001E0FC
S315000245C04FF0FF3010BD0A8810B5D0E90841944279
S315000245D001D88A4201D98C420AD13BB14368198873
S315000245E0914203D0012180F82C101A80002001E0AC
S315000245F04FF0FF3010BD10B50A78D0E90841944259
S3150002460001D88A4201D98C420AD13BB14368197852
S31500024610914203D0012180F82C101A70002001E08B
S315000246204FF0FF3010BDFFF7E6BFB1F9002010B51D
S31500024630D0E90841944201DC8A4201DD8C420BD169
S3150002464043B14368B3F90010914203D0012180F8C7
S315000246502C101A80002001E04FF0FF3010BD10B57B
S3150002466091F90020D0E90841944201DC8A4201DD39
S315000246708C420BD143B1436893F90010914203D0A7
S31500024680012180F82C101A70002001E04FF0FF3053
S3150002469010BD002313B5CDE9003301230446C21829
S315000246A002216E20FFF7B3FDF8B9CDE90000012320
S315000246B002217020A21CFFF7AAFDB0B9CDE90000C5
S315000246C0012302217220E21CFFF7A1FD68B9012332
S315000246D0CDE90000224619466F20FFF798FD20B962
S315000246E002B0BDE81040FFF777BE02B010BD10B5AC
S315000246F001460446002301226F20FFF7DDFD10B9B3
S315000247000023237010BD2378002BFBD00122002347
S315000247106E20A118FFF7D0FD0028F1D00023012258
S315000247207020A11CFFF7C8FD0028E9D00023012252
S315000247307220E11CFFF7C0FD0028E3D1E0E7002369
S3150002474013B5CDE9003301230446C218022188209D
S31500024750FFF75DFD68B90123CDE90000224619463F
S315000247608920FFF754FD20B902B0BDE81040FFF7DB
S3150002477033BE02B010BD10B5014604460023012225
S315000247808920FFF799FD10B90023237010BD237805
S31500024790002BFBD0012200238820A118FFF78CFDF5
S315000247A00028F3D1F0E7002313B5CDE90033012346
S315000247B00446C21802218020FFF729FDF8B9CDE987
S315000247C00000012302218220A21CFFF720FDB0B9BE
S315000247D00423CDE9000019468420E218FFF717FDED
S315000247E068B90123CDE90000224619468120FFF768
S315000247F00EFD20B902B0BDE81040FFF7EDBD02B0D4
S3150002480010BD10B501460446002301228120FFF7A0
S3150002481053FD10B90023237010BD2378002BFBD063
S31500024820012200238020A118FFF746FD0028F1D0BF
S31500024830002301228220A11CFFF73EFD0028E9D0B9
S31500024840042200238420A118FFF736FD0028E3D1B5
S31500024850E0E7002313B5CDE9003301230446C2186D
S3150002486002218A20FFF7D3FCF8B90123CDE9000023
S3150002487019468C20A21CFFF7CAFCB0B90123CDE968
S31500024880000019468E20E21CFFF7C1FC68B901231D
S31500024890CDE90000224619468B20FFF7B8FC20B965
S315000248A002B0BDE81040FFF797BD02B010BD10B5CB
S315000248B001460446002301228B20FFF7FDFC10B9B6
S315000248C00023237010BD2378002BFBD00122002386
S315000248D08A20A118FFF7F0FC0028F1D0002301225C
S315000248E08C20A11CFFF7E8FC0028E9D00023012256
S315000248F08E20E11CFFF7E0FC0028E3D1E0E700236D
S3150002490013B5CDE9003301230446C21802218620DD
S31500024910FFF77DFC68B90123CDE90000224619465E
S315000249208720FFF774FC20B902B0BDE81040FFF7FC
S3150002493053BD02B010BD10B5014604460023012244
S315000249408720FFF7B9FC10B90023237010BD237826
S31500024950002BFBD0012200238620A118FFF7ACFC16
S315000249600028F3D1F0E730B50546007885B00F2868
S3150002497027D80023CDE90033042351381946EA1813
S31500024980C0B2FFF744FC0446D8B903460222BF2050
S315000249900DF10E01FFF790FC98B101232A7803214D
S315000249A09340BDF80E20BF201343ADF80E30CDE97B
S315000249B0004402230DF10E02FFF729FC08B9FFF7A6
S315000249C00BFD05B030BD73B50024064605462346E9
S315000249D00222BF2006F8044B0DF10601FFF76CFC1C
S315000249E008B902B070BDBDF806302341DB0706D513
S315000249F000230422314604F1AF00FFF75DFC0134C7
S31500024A00102C06F10406EBD10028EAD0BDF80630D8
S31500024A106B80002BE5D001232B70E2E77FB50025E2
S31500024A200524134E8DF80950ADF80A50039501235B
S31500024A30CDE90055194616F8010B0DF10902013CA4
S31500024A40FFF7E5FB14F0FF04F1D10DF10A02022390
S31500024A500321CDE90044BF20FFF7D9FB0423CDE9AA
S31500024A600044194603AA9220FFF7D1FB04B070BD99
S31500024A707CB8030013B50F4B012118689A889B79FD
S31500024A80009000208DF80630ADF80420FFF70CFDEB
S31500024A900021C268044640680AF03FFA68460BF0F5
S31500024AA0E5F96946024660680AF010FA002002B08B
S31500024AB010BD00BF81B8030010B5E2F751FA01211B
S31500024AC004460820FFF7F0FC436800201C7010BD66
S31500024AD037B500230DF1070101220F20FFF7ECFB8A
S31500024AE09DF80700C21E50425041E2F777FA0121B3
S31500024AF005460A20FFF7D8FC072D04460DD09DF87F
S31500024B000700C31E58425841E2F772FA02F0B4FC9B
S31500024B1063681870002003B030BD0320F8E7000078
S31500024B2007B50020E1F74AFD012101900C20FFF7AD
S31500024B30BBFC019A034940680AF01EFC002003B040
S31500024B405DF804FB88B8030013B5012200230DF1BA
S31500024B5007010F20FFF7B0FB01210E20FFF7A4FC8F
S31500024B6004469DF80700C31E58425841E2F774FAFC
S31500024B7063681870002002B010BD37B500230DF12E
S31500024B80070101220F20FFF797FB9DF80700C21EBF
S31500024B9050425041E2F722FA012105461420FFF75E
S31500024BA083FC072D04460DD09DF80700C31E58420C
S31500024BB05841E2F737FA02F069FC63681870002080
S31500024BC003B030BD0D20F8E713B5002301220DF125
S31500024BD007010F20FFF770FB01281CBF00238DF889
S31500024BE007309DF80700C31E58425841E2F7F6F90E
S31500024BF0012104461520FFF757FC436800201C706C
S31500024C0002B010BD37B50A78E3B14368197891420C
S31500024C1016D001216D46062480F82C101A70114B0D
S31500024C2018689B880090ADF80430002115F8010B36
S31500024C30FFF729FB601E10F0FF04F6D1FFF7EEFE28
S31500024C4000200CE0013AD2B20A2A4FF0010006D83F
S31500024C5040F28353904018420CBF0120002003B05B
S31500024C6030BD00BF8EB8030008B553B143680A7859
S31500024C701978914203D0012180F82C101A70002075
S31500024C8008BDFFF7CBFEFAE708B50A784BB14368D1
S31500024C901978914203D0012180F82C101A70002055
S31500024CA005E01046E2F74EFA80F00100C0B208BDF8
S31500024CB013B50C784BB143681A78A24203D001228D
S31500024CC080F82C201C7000200DE001220DF1070156
S31500024CD09720FFF7F1FA9DF80700E2F75FFA8442A0
S31500024CE094BF0020012002B010BD10B591F900401A
S31500024CF053B1436893F90020A2421EBF012280F8F5
S31500024D002C201C70002010BDE2F764FA40B28442E7
S31500024D1001DC002CF6DA0120F5E713B50C7853B165
S31500024D2043681A78A2421EBF012280F82C201C700A
S31500024D30002002B010BD01220DF107019520FFF7F8
S31500024D40BBFAE2F71DFA9DF80720B0FBF2F010FB62
S31500024D5002F0C0B2844203D8A24203D9002CE7D0A3
S31500024D600120E6E7B4FBF2F302FB1343DBB2002BAE
S31500024D70F4D1DDE708B509784BB143681A788A425F
S31500024D8003D0012280F82C201970002005E0184675
S31500024D90E2F78CF8003818BF012008BD10B50C7870
S31500024DA04BB143681A78A24203D0012280F82C2024
S31500024DB01C70002005E0E2F703FAA0422CBF002097
S31500024DC0012010BD10B591F9004053B1436893F923
S31500024DD00020A2421EBF012280F82C201C70002057
S31500024DE010BDE2F7F7F940B2A04201DB0134F6DA70
S31500024DF00120F5E7014B1870704700BF61110020D2
S31500024E00014B1878704700BF611100200A784BB138
S31500024E1043681978914203D0012180F82C101A7048
S31500024E2000207047531EDBB2DE2B09D802F138038D
S31500024E30DBB2012B04D9A2F1CB0358425841704789
S31500024E400120704708B509684BB143681A688A425F
S31500024E5003D0012280F82C201960002005E01846B4
S31500024E60E2F71AF8003818BF012008BD08B509781C
S31500024E704BB143681A788A4203D0012280F82C206B
S31500024E801970002005E01846E1F72AFC003818BF21
S31500024E90012008BDFFF7D6BF1FB501230022194620
S31500024EA0CDE900238DF80F2002200DF10F02FFF746
S31500024EB0AEF905B05DF804FB1FB50E4A01AB1068EA
S31500024EC0516803C30121906818600846FFF7ECFA9F
S31500024ED00021C268044640680AF01FF801A80AF0D9
S31500024EE0C5FF01A90246606809F0F0FF002004B080
S31500024EF010BD00BF95B803001FB50E4A01AB10687E
S31500024F00516803C39068012118600D20FFF7CCFA9F
S31500024F100021C2680446406809F0FFFF01A80AF0B2
S31500024F20A5FF01A90246606809F0D0FF002004B07F
S31500024F3010BD00BF95B80300084B1A78022A0BD1A0
S31500024F40074A12782AB101221A70064B187801F024
S31500024F503FB91A7001F0E4B90E2070474C5B00208D
S31500024F604E5B00204D5B002038B50C4603282DD839
S31500024F70DFE800F0020E1B28154A1378022B25D013
S31500024F8000231370134A1370BDE8384001F0C8B904
S31500024F900F4D2B78022B19D0084601F019F918B9D2
S31500024FA001232B700C4B1C7038BD094A1378591E0D
S31500024FB04B424B4107490B7002231370BDE8384040
S31500024FC001F0D6B9BDE83840FFF7B6BF0E20EBE7D1
S31500024FD04C5B00204E5B00204D5B0020014B187895
S31500024FE0704700BF4C5B002013B50B4B04461B7881
S31500024FF0022B0FD101A801F0A5F94FF49652019B9D
S31500025000534340F6FF72B3FBF2F32380FFF794FF9C
S3150002501002B010BD0E20FBE74C5B0020034B1B7851
S31500025020012B01D101F08EB94B2070474C5B002059
S315000250302DE9F04385B00646FBF785FB00230746BC
S3150002504001229F200DF10301CDE901330393FFF7FE
S3150002505033F99DF80330ABBB002430460AF006FF55
S31500025060254D044428881FFA84F810FA84F4A4B261
S31500025070B4F5077F3DD800F033FB044601A80AF0D9
S31500025080F5FE0246288801A9204409F01FFF01A85F
S315000250900AF0ECFE814630460AF0E8FE298802460E
S315000250A001EB090020440024314609F00FFF2B884A
S315000250B09844A5F800803846FBF74BFB204605B01E
S315000250C0BDE8F08306F0CAFB0028C5D09DF8034070
S315000250D0FF21224601A809F020FF04F110030DEB7F
S315000250E00304022301A804F80C3C0AF0BFFE84B2B2
S315000250F0B3E70124DFE700BF505B00202DE9F04152
S315000251000446FBF720FB064620460AF0AFFE03469E
S31500025110104D87B2288810FA83F39BB2B3F5077F46
S3150002512015D800F0DDFA804620460AF09FFE214699
S31500025130002402462888404409F0C8FE2B881F44F2
S315000251402F803046FBF705FB2046BDE8F08101249F
S31500025150F7E700BF505B002070B506F003FBFBF7D4
S31500025160F2FA0D4E0546338883B100F0B9FA0446C9
S315000251700A4B014632881868FDF76CFB40F21D2285
S315000251800021204609F0C9FE002333802846BDE8E7
S315000251907040FBF7DEBA00BF505B002064110020AE
S315000251A038B50546FBF7CFFA04462846FFF740FF17
S315000251B0FFF7D2FF2046BDE83840FBF7CABA38B53A
S315000251C00546FBF7C0FA04462846FFF797FFFFF7A6
S315000251D0C3FF2046BDE83840FBF7BBBAF8B5234CFF
S315000251E0074623780E46302B15462DD16378782B49
S315000251F02AD1A01C06F03CF958B1A01C0AF036FED2
S3150002520008282DD800210B460234884203D19F423A
S3150002521027D2012029E014F8012B1B01A2F1610C0F
S31500025220BCF1050F0DD9A2F1410CBCF1050F94BFDB
S315000252304FF0370C4FF0300CA2EB0C021344013145
S31500025240E3E74FF0570CF7E7084806F003F90028A2
S31500025250DFD00A22002105480AF05CFF0346D6E7A2
S315000252600023002033602860A880F8BD525B00202E
S3150002527037B515461A4603680C46069953B90B46C6
S3150002528020460C490AF078F820460AF0EFFD28601D
S3150002529003B030BD8388581E622805D8009106499E
S315000252A020460AF069F8EFE7632BEDD9009103492E
S315000252B0F6E700BFA1B80300A8B80300B7B8030019
S315000252C007B5044B0093044BFFF7D2FF03B05DF81A
S315000252D004FB00BF25C20300934303002DE9F04FF0
S315000252E085B01D46DDE90F769DF838308246884640
S315000252F0914600214FF400729848019309F00DFE81
S31500025300DEB1B6F800C0B8F800301AF80320202A39
S315000253100FD04A4514D00D2A05D842F2014323FA8A
S3150002532002F2D3070FD4002242F2014E14468B48F2
S315000253301BE00133A8F80030E5E74FF0800CE2E706
S315000253400133A8F8003000202F232860AB804FE0FD
S31500025350222B34D1002A36D1012203550134A4B2BC
S31500025360B8F800300133A8F80030B8F800101AF87F
S3150002537001300AB9994506D00D2B18D9B4F5007F2C
S31500025380E6D3994502D10131A8F800100022734BE9
S315000253901A5501222A602122AA80019A062A00F2BF
S315000253A0BB80DFE802F0152B3D4E79A3B8002EFA3A
S315000253B003FB1BF0010FE4D1B4F5007FE1D2002A12
S315000253C0CAD1202BCCD0035501340022A4B2C7E7A0
S315000253D01B782D2B01D101200AE02A46FF2003A9C2
S315000253E0FFF7FCFE0028F6D1039B3B701EB9002096
S315000253F005B0BDE8F08F01233380F8E71B782D2B2B
S31500025400E9D02A464FF6FF7003A9FFF7E7FE002808
S31500025410E1D1039B3B80002EE9D002233380E7E7EC
S315000254201B782D2BD7D02A464FF0FF3003A9FFF762
S31500025430D5FE0028CFD1039B3B60002ED7D0042394
S31500025440ECE714B9002038707EE7012C02D1302334
S31500025450AB80C0E7022C06D11A78222AF7D15B78F4
S31500025460222BF4D1EEE7A4F10208E04512DC00217A
S31500025470621E384609F051FD42463846384909F05F
S3150002548025FD1EB138460AF0F1FC30800020286066
S31500025490A880ADE70523DBE714F001089BD1BCEB3E
S315000254A0540F4FEA540A96D3C346DFF8B0901FFA58
S315000254B088F39C4209F1020904D8002EE6D0A6F828
S315000254C000A0E3E719F8023C10228DF80C3019F817
S315000254D0013C002103A88DF80EB08DF80D300AF0BC
S315000254E019FE08F1020807F8010BE0E71B4805F070
S315000254F0CDFF00283FF46FAF0A22002117480AF0B9
S315000255008BFD00F18003FF2B3FF665AF00232B6076
S31500025510AB8038706AE70EB9632399E73388A342F2
S3150002552001D8642394E74FF00008621C0021384634
S3150002553092B209F0F2FCC5F80080A5F8048014B90D
S315000255402F23AB8053E722460449384609F0BEFCB6
S3150002555038460AF08BFC308049E700BF525B0020D8
S31500025560535B00202DE9F043002686463746B046B7
S3150002557035463046DDF81CC01E708CF80060B4B2A9
S31500025580A14268D908B1BDE8F0831EF80440072D90
S3150002559021D8DFE805F00416224B30424249202C7E
S315000255A033D9222C46D03D2C4AD03F2C1DD09442D2
S315000255B058D19CF800400027013401258CF80040A0
S315000255C023E0202C42D9222C34D09442F1D004F08C
S315000255D0FD043D2C49D105201DE0202C28D9222C82
S315000255E028D09442F7D03F2C3FD11C7800270134B3
S315000255F003251C7009E0202C28D9222CEBD03D2C47
S315000256001ED03F2CF1D09442D3D09CF80040A8463D
S31500025610072C28BF30200136B1E7222C4FF00007B5
S315000256200CBF07250525F0E79442C2D0202CD2D81C
S315000256300027EAE71C780027013406251C70E4E7F8
S315000256401C780027013402251C70DEE70025DCE702
S315000256504FF00408BFE7002895D1B8F1050F08BF3F
S31500025660052090E7002FF3D101271C780425013489
S315000256701C70CAE720288CBF002001207047F8B5AD
S3150002568014461D4606460F4606F0D6F8FBF754F8B2
S315000256900022631EC4F10104E1188D4203DCBDE859
S315000256A0F840FBF74DB813F801CF511C06F802C0BB
S315000256B0B942D4BF0A460022EEE700000246531E54
S315000256C0622B084602D8044909F056BE632A01DD58
S315000256D00249F9E7704700BFC6B80300D3B8030012
S315000256E000487047535F002000487047535D002012
S315000256F000487047535E002038B50D460446D8B1BF
S3150002570001281CD002281CD0032803D10F23EB400A
S31500025710DB0704D440F22D410B48F8F770FD302028
S31500025720012141F21003444304F1A04401FA05F5B4
S3150002573004F57034E55038BD40F2FF13E7E71F2346
S31500025740E5E7FF23E3E700BFCC70030038B50D465B
S315000257500446D8B101281CD002281CD0032803D144
S315000257600F23EB40DB0704D440F2FE310B48F8F777
S3150002577046FD3020012142F21003444304F1A044C5
S3150002578001FA05F504F57034E55038BD40F2FF1311
S31500025790E7E71F23E5E7FF23E3E700BFCC7003003B
S315000257A037B5CCB201F00301032905461CD001210D
S315000257B03A20FAF787FA0D4B042213F8150003EB89
S315000257C0450359780123CDE90001FBF707FDDDE921
S315000257D0000114F0020504D0FFF78EFF002003B08B
S315000257E030BDFFF7B3FFF9E72120F8E74078030061
S315000257F0024610B50C46074B13F8100003EB4203A2
S3150002580059781CB9FFF7A2FF002010BDFFF774FFFD
S31500025810FAE700BF40780300002142F210700B46FF
S3150002582010B50E4A0E4C11720131032913705460E1
S31500025830D37253729372D060137402F11402F2D1CE
S31500025840084A09491370C2E9011364211374D1602D
S31500025850064A13701371C2E9023310BD9461002027
S31500025860008004508061002000C004507061002056
S3150002587002F00C030C2B2DE9F74306460D4617469C
S315000258805FFA82F800F0928000F060FA037913F072
S31500025890080912D06D4C2278B24200F09080227D27
S315000258A0B24200F08B8094F82820B24200F0918038
S315000258B04924204603B0BDE8F08313F0100106D058
S315000258C0634C2378B34200F086804C24F1E75807F4
S315000258D040F19380DFF8809199F80030B34200F0EE
S315000258E083804E24E5E723460222ABE0C5F3072573
S315000258F005F0100504F002032B4306D03946304664
S3150002590003B0BDE8F043FFF74BBF220723D54F494B
S315000259100B7833B10B7DE3B191F82830002B47D1D8
S31500025920022314224B48534300EB46046478CA18F8
S3150002593010F8160094721C1D0C44CE540C3350728F
S3150002594019442046F8F7B4FD2046F8F751FE002424
S31500025950AFE70123E5E7E30619D53D4D2C784CBBAD
S3150002596029463C4B41F80C4F13F8162003EB46032D
S315000259705B786A72AB722E70281D00F0C3FE214658
S31500025980281D00F047FF281D00F0D6FD91E714F010
S3150002599004048ED0304D2B7873B931460120FFF7BF
S315000259A0E3FA0446002884D12E7082E7212480E798
S315000259B04A247EE74D247CE74F247AE71434201DDF
S315000259C00190F8F743FE0198F8F76EFE0023237064
S315000259D013E02834F3E7201D00F0DCFD201D00F063
S315000259E007FE84F8009008E00846FFF7BDFA044671
S315000259F000287FF45EAF89F80040E907ECB27FF534
S31500025A0075AF08F00303032BD0D027F0404424F0EF
S31500025A103F04002CCAD101213A20FAF753F90D4B63
S31500025A2018F0010F13F8160003EB460359787FF4BA
S31500025A305AAF08F00208B8F1000F0BBF002301238A
S31500025A4001220222FBF7CAFB33E700BF9461002062
S31500025A5080610020407803007061002070B5054621
S31500025A600C4600F073F903799A0705D521462846B4
S31500025A70BDE87040FFF7BCBE13F0080012D0174B0A
S31500025A801A78AA4219D01A7DAA4215D093F828206C
S31500025A90AA4216D0492070BD181DE1B2F8F74AFE97
S31500025AA00020F8E7DB0605D50D4E3378AB420AD067
S31500025AB04C20F0E74B20EEE71433642CECD902209D
S31500025AC0E9E72833F9E7F3689C42E4D02146301D22
S31500025AD000F0A0FE0028DED1F460DCE7946100202D
S31500025AE08061002013B50446019100F02FF9437935
S31500025AF0DB0606D52046019902B0BDE81040FFF745
S31500025B0077BE4B2002B010BD70B50C46064600F0BB
S31500025B101DF90379D9072BD51B4B13F8165003EB46
S31500025B2046035E78EDB1012D1ED0022D1ED0032D47
S31500025B3003D10F22F240D20704D440F2CF311348E8
S31500025B40F8F75DFB30231422002013FB052303F133
S31500025B50A04303F570331B68F34003F0010323608F
S31500025B6070BD40F2FF12E5E71F22E3E7FF22E1E7FD
S31500025B705B0705D534B12046BDE87040FFF74EBA43
S31500025B804B20EDE72E20EBE740780300CC700300B4
S31500025B9001380023042805D8DFE800F003061113B4
S31500025BA01D000123184670470807CBB201D5102302
S31500025BB0F8E713F0040F0CBF02230823F2E70423CD
S31500025BC0F0E7CAB2C90701D52023EBE712F0020FAC
S31500025BD018BF4023E6E7C807CAB201D58023E1E72A
S31500025BE0910702D54FF48073DCE7500702D54FF4D4
S31500025BF00073D7E7110702D54FF48063D2E712F09C
S31500025C00100F18BF4FF40063CCE700002F2809D805
S31500025C10054B53F820302BB131EA030314BF2E2073
S31500025C20002070472E20704780770300034B03EB5A
S31500025C3000104079C0F30010704700BFD061002009
S31500025C402DE9F04106460D4690461F4605F08EF9AF
S31500025C500446D0B92946304600F0D4F90446A0B924
S31500025C603A4629463046FFF703FE044668B90C4A0F
S31500025C70310102EB0613565415F478665D6083F81B
S31500025C800880DF6004D005F04FFA2046BDE8F081B7
S31500025C9015F06004F9D000F051FA3446F5E700BF7A
S31500025CA0D061002070B505461E4669B1FFF7AEFF0A
S31500025CB0044650B92846FFF7B9FF30B9334628469D
S31500025CC0BDE87040FFF7BCBF2124204670BD00002E
S31500025CD013B54FF440720021114809F01EF905F080
S31500025CE03BF9FFF799FD00F085F9FEF705FA002367
S31500025CF00C4C012202200DF107012370FEF7DCFA9B
S31500025D009DF90700002809DBFEF7EEF9207028B19D
S31500025D10012302224FF48051FFF7C4FF02B010BDE7
S31500025D20D0610020D064002037B50C4605461146E6
S31500025D3020460192FFF72CFF224601462846019B88
S31500025D4003B0BDE83040FFF7ADBF00002F289ABF71
S31500025D50024B03EB00100020704700BFD061002009
S31500025D60044B0146187818B101B10121FFF7BABEFA
S31500025D70704700BFD064002010B50C46FAF7E3FC6A
S31500025D80064A14F0010FD2E9003218BF1346044A3C
S31500025D901360FAF7DEFC012010BD00BF94700020EC
S31500025DA08C7000202DE9F0410025214C214B86B054
S31500025DB003F2DC522360636104F10C03C4E9035568
S31500025DC06260A361F8F70CFE294604F10800F8F7B1
S31500025DD08FFD054640BB184E01463046FAF708FFCE
S31500025DE0F36843F48013F3604FF08043134F7B60F4
S31500025DF04FF02008124B87F83E8340F2DC52CDE981
S31500025E0003530123CDE901320E4B4FF48011009367
S31500025E10A0680595D4E90023F8F74AFE0521304625
S31500025E2087F81583FAF7E4FE284606B0BDE8F08146
S31500025E3094700020D16400200000035A00E100E0C3
S31500025E40795D02003400035A13B50A4C01A9A06811
S31500025E50F8F7A8FE60B9084B61681A6840F2DC538D
S31500025E60914208BF1846019A9B1A184402B010BD07
S31500025E700020FBE7947000208C70002010B5FFF71D
S31500025E80E3FF0F4B0F4C1B68834214D91B1A3F2B9F
S31500025E90227808D82AB10C4B9868F8F723FE00231B
S31500025EA02370207810BD002AFBD1074B9868F8F7BB
S31500025EB039FE0123F4E72378002BF2D1F5E700BF80
S31500025EC0B0700020907000209470002008B5FFF793
S31500025ED0BBFF054B1B68834285BFC3F53B63083393
S31500025EE0C01AC01808BD00BFB070002070B5FFF719
S31500025EF0EDFF40F6C902A0F2EF21914203460CD90A
S31500025F000020114A114D116805F6B83629440C468F
S31500025F10B0F5FA7F15D2984201D9002011E014F8A3
S31500025F20011B421C0D2904D0B4422946EFD8104663
S31500025F30EEE7934206D2B2F5FA7F2CBF4FF4FA701F
S31500025F40002070BD1046FCE7B0700020D16400202E
S31500025F502DE9F0470D460646FAF7F5FB8046FFF7B0
S31500025F60B5FF044618B3A84228BF2C46DFF858905E
S31500025F70DFF858A0D9F80070C7F53B650835A54289
S31500025F800AEB070116D32246304608F09FFF40F679
S31500025F90B832D9F800302344B3FBF2F102FB1133D5
S31500025FA0C9F80030FFF76AFF4046FAF7D2FB2046EF
S31500025FB0BDE8F0872A46304608F088FFA7F6B832D1
S31500025FC0514622447019E0E7B0700020D1640020E7
S31500025FD010B5064C237833B105480021FBF7C2F908
S31500025FE00348FBF711FA0023237010BDB47000209A
S31500025FF00000015A0022024B1A705A709A707047BA
S31500026000B470002070B504460D46FFF79FFE037973
S3150002601013F040060CD0FFF7DBFF00220D4B9A70FF
S31500026020AA06EBB20BD50B4B587880B95C7070BDE3
S315000260309906F5D5FFF7CCFF064B5E70F0E713F035
S315000260404000F4D0034B987808B99C70EFE74720DC
S31500026050EDE700BFB47000207FB50C4B1B789BB1F7
S3150002606003780291ADF804300223094801A9ADF87C
S315000260700630ADF80C20F8F7BBF9002814BF0E2045
S31500026080002007B05DF804FB0E20FAE7B47000208A
S315000260900000015A10B50F4C86B02478C4B110F82E
S315000260A0014B0139ADF8044004240290ADF80C10FE
S315000260B009480DEB0401ADF806400492ADF8143020
S315000260C0F8F796F9002814BF0E20002006B010BD7E
S315000260D00E20FBE7B47000200000015A7FB50F4B7B
S315000260E01B78CBB110F8013B0139ADF8043001231E
S315000260F0ADF8063000230290ADF80C10084801A94D
S315000261000493ADF81430F8F773F9002814BF0E2083
S31500026110002007B05DF804FB0E20FAE7B4700020F9
S315000261200000015A08B5044B987820B1FFF70EFE1D
S31500026130007BC0F3810008BDB470002070B51D4D10
S315000261406B782C7883B3AB7873B33CBBFFF7EAFF6B
S31500026150012824D0022824D11749184C184BAA78B2
S315000261602360184B207413F8126003EB4202527834
S31500026170267162716A783A2013F8126003EB4203C1
S315000261805B78A671E3710023C4E902310121F9F7B4
S3150002619099FD2046F8F76CF801232B7070BD0A4969
S315000261A0DBE720460949D8E7002CF7D0BDE8704066
S315000261B0FFF70EBFB47000201F100F00B87000204A
S315000261C00000015A40780300DDFB0500A0860100AD
S315000261D0F0B54B4D95B00AAC07460FCD0FC40FCDA7
S315000261E00FC495E8030084E8030001240026032572
S315000261F021462A20CDE90566CDE9076609968DF87E
S3150002620016508DF810408DF811608DF812608DF8D9
S315000262101360F9F757FD21463A20F9F753FD39483D
S31500026220FBF728FB02214FF4B060FAF70BF832466F
S3150002623035493448FBF7AEFB40F6E44302228DF8BB
S315000262402100ADF80E300DF10E01334604208DF813
S315000262501F608DF82B50FEF72FF8BDF80E30324630
S315000262600D939DF8213029490093264833468DF82F
S315000262702960FBF7BDFB264B0C9003EB470213F894
S3150002628017305278AB4237D8DFE803F0021D2833C5
S3150002629012F0010F0CBF01214FF4803182F080030E
S315000262A01C4A8DF811300123116016480AAA07A963
S315000262B08DF81030FBF7D6FB124804AA05A9FBF7A6
S315000262C089FA002019E012F0010FA2F170030CBF47
S315000262D001214FF48031104ADBB2E2E7A2F16003FA
S315000262E012F0010F0CBF01214FF480310B4ADBB2D1
S315000262F0D7E7A2F15003F3E7212015B0F0BD00BFA6
S31500026300E0B803000040005A002D31018096980043
S315000263104078030020C3035024C3035028C303500C
S3150002632008B50648FBF7A6FA0020054BC3F820037A
S31500026330C3F82403C3F8280308BD00BF0040005A6F
S3150002634000C00350012313B50446084AD3605369BB
S3150002635003F4A073B3F5807FF9D168460349FBF7CE
S3150002636021FD0020009B236002B010BD0040005AB0
S3150002637070B52B4E92B008AD0FCE0FC50FCE0FC51E
S3150002638096E8030001260024032385E80300254D31
S3150002639031462A20CDE90344CDE905448DF80E3075
S315000263A007948DF808608DF809408DF80A408DF83B
S315000263B00B40F9F787FC31463A20F9F783FC284669
S315000263C0FBF758FA02214FF4B060F9F73BFF0223BC
S315000263D02246284614498DF81730FBF7DBFA234686
S315000263E022468DF819000090104928468DF8234060
S315000263F0FBF7FEFA10230A9008AA284605A98DF88B
S3150002640009308DF811408DF80860FBF72BFB284602
S3150002641002AA03A9FBF7DEF9204612B070BD00BF3F
S31500026420E0B803000040005A002D31018096980022
S3150002643038B5174B044698420D461CD003F58043E7
S31500026440984222D003F5804398421ED003F580433A
S3150002645098421AD003F58043984216D040F2A721FB
S315000264600C48F7F7CCFE00239D4204D940F289413D
S315000264700848F7F7C4FE236BDB0704D440F28B41CE
S315000264800448F7F7BCFEE56138BD4FF6FF73EBE74C
S31500026490008004508471030038B5104B04469842BC
S315000264A00D4614D003F58043984210D003F580437D
S315000264B098420CD003F58043984208D003F58043F6
S315000264C0984204D040F257310548F7F798FE15B1C5
S315000264D00123E36038BD0223FBE700BF00800450BE
S315000264E08471030008B5114B984217D00DD8A3F555
S315000264F00043984214D003F58043984212D00C48C8
S315000265006E21F7F77CFE802008BD0A4B98420BD01D
S3150002651003F580439842F2D15220F5E72620F3E7AD
S315000265202420F1E72520EFE72720EDE700000550BC
S3150002653008B9030000400550012301790268134897
S3150002654003FA01F182421AD000F5804082420DD050
S315000265500F4B9A4215D003F580439A4213D003F5A6
S3150002656080439A420CBF04234FF0FF3341F27C5220
S315000265705B0103F1A04303F5703399507047002382
S31500026580F4E70223F2E70323F0E700BF008004509A
S3150002659000000550012301790268134803FA01F14C
S315000265A082421AD000F5804082420DD00F4B9A42A9
S315000265B015D003F580439A4213D003F580439A42DD
S315000265C00CBF04234FF0FF3342F27C525B0103F10E
S315000265D0A04303F57033995070470023F4E7022372
S315000265E0F2E70323F0E700BF0080045000000550E5
S315000265F038B50446FFF7CEFF2068194B984227D0DC
S3150002660003F58043984225D003F58043984223D070
S3150002661003F58043984221D0124A1349A3F5BD33AC
S31500026620A03B904218BF19460025237941F8235012
S31500026630FBF7BAFE2B462A46A1796079FAF7CEFD18
S315000266402068FFF74FFF2946F9F73CFB284638BD7D
S315000266500649E9E70649E7E70649E5E70649E3E7C2
S31500026660008004500080055000C6035080C50350C8
S31500026670A0C50350C0C50350E0C5035010B50C4673
S31500026680F9F74AFB4FF4A043B0FBF3F0A04220D245
S31500026690B4EB400F20D9B4EB800F20D9B4EBC00F76
S315000266A01FD9B4EB001F1ED9B4EB401F1DD9B4EBA2
S315000266B0801F1CD9B4EBC01F1BD9B4EB002F1AD90B
S315000266C0B4EB402F19D90E4884428CBF0220002019
S315000266D010BD40F2FF30FBE740F2FF10F8E7FF2063
S315000266E0F6E77F20F4E73F20F2E71F20F0E70F20CE
S315000266F0EEE70720ECE70320EAE70120E8E700BF20
S3150002670040420F00F0B5044689B000680D46FFF717
S31500026710E9FE012706460121F9F7D4FA01213A20BA
S31500026720F9F7D0FA2B790422A1796079FAF756FDA6
S315000267300E22002104A808F0F0FB0D220021684673
S315000267408DF8107008F0E9FB30462968FFF796FFCE
S31500026750022846D000238DF810300223ADF812002D
S3150002676004A920688DF806308DF80470FBF76AFDDF
S315000267702068214B984236D003F58043984234D0A4
S3150002678003F58043984232D003F58043984230D0D5
S315000267901A491B4AA3F5BD33884218BF1346A77987
S315000267A06279217942EA074243F821206A460021AA
S315000267B0FBF7A0FD2868A0B13046F9F7ADFABDF89F
S315000267C012100131B0FBF1F029684900B0FBF1F17A
S315000267D020680139FFF72CFE20680121FFF75CFED5
S315000267E0002009B0F0BD074BD9E7074BD7E7074BA7
S315000267F0D5E7074BD3E700BF008004500080055061
S3150002680060C5035080C50350A0C50350C0C50350E0
S31500026810E0C503502DE9F041054688B000680C46F4
S31500026820FFF760FE4FF0010806460E22002104A87B
S3150002683008F073FB0D22002168468DF8108008F0DF
S315000268406CFB21463046FFF719FF022835D002239A
S315000268500027ADF8120004A928688DF806308DF8D5
S3150002686010708DF80480FBF7EDFC28686A463946FD
S31500026870FBF740FD28680369DB0707D544B92146C3
S31500026880FFF70AFE204608B0BDE8F081002CF9D0D9
S31500026890BDF81200471C3046F9F73EFAB0FBF7F096
S315000268A06100B0FBF1F128680139FFF7C1FD012152
S315000268B02868FFF7F1FD0024E4E70446E2E720B189
S315000268C00138032894BF0E20632070470122014B32
S315000268D01A7070476211002070B590F8F2300446C3
S315000268E094B073B102A9F43000F03CFE02A8FEF7A0
S315000268F057FC204694F8F21004F088FE1448FEF77E
S315000269005EFC02A9012304221020FDF7D5FC029B9E
S315000269100125013300260293042302AA1946CDE972
S3150002692000651020FDF773FC2B4604F1F5020621E3
S31500026930CDE900651220FDF76AFC2B460621CDE95A
S31500026940006504F1F6021320FDF761FC14B070BD78
S3150002695025C2030010B50446ADF5007D4FF4FF7263
S315000269600021684608F0D9FA2146684600F05EFF23
S315000269706846FEF715FC0DF5007D10BD10B5002129
S31500026980044688B0152202A8019108F0C6FA2146EB
S3150002699001A800F089FF01A8FEF702FC08B010BDAD
S315000269A007B5002301220DF107011520FDF784FC2E
S315000269B09DF807100020F4F7DAFC04210020F4F712
S315000269C033FC02210020F4F72FFC03B05DF804FB30
S315000269D007B5002301220F200DF10601FDF76CFC1D
S315000269E0012813D000238DF80630002301220E2041
S315000269F00DF10701FDF760FC01281CBF01238DF88C
S31500026A0007309DF8070003B05DF804FB9DF80630D9
S31500026A10032BEAD10020F6E730B5ADB005F0CAF98E
S31500026A2005F0CCF9102200230DEB02010820FDF738
S31500026A3043FC0023102208A90920FDF73DFC002390
S31500026A4020220CA90720FDF737FC0023202214A9D7
S31500026A50A020FDF731FC102249480DEB020104F09B
S31500026A60CDFC1022474808A904F0C8FC202246485B
S31500026A700CA904F0C3FC2022444814A904F0BEFC6D
S31500026A800023012242491720FDF716FCFFF7A0FF5B
S31500026A900346002848D108226A200DEB0201FDF7C1
S31500026AA00BFC082804D03B4A02AB1068516803C3AA
S31500026AB00822394C0DEB0201204604F09FFC2368A4
S31500026AC020221BBA23606B2000231CA9FDF7F4FBCE
S31500026AD020280BD0314B1CAC03F120052246186846
S31500026AE05968083303C2AB421446F7D10023202269
S31500026AF06C2024A9FDF7E0FB20280BD0274B24AC01
S31500026B0003F12005224618685968083303C2AB42CE
S31500026B101446F7D1202222481CA904F06FFC202239
S31500026B20204824A904F06AFC1F48F4F781F81F4C98
S31500026B30002301220DF107010E20FDF7BDFB002304
S31500026B4001220DF106010F20FDF7B6FB00230122FB
S31500026B5021466D20FDF7B0FB00202178F4F7DEFA1E
S31500026B609DF80630012B06D19DF807301BB9237814
S31500026B700BB9FFF715FF05F01FF92DB030BD00BFA9
S31500026B80F47000200C710020CE700020FC700020F2
S31500026B90247100202CB90300F070002035B90300DF
S31500026BA014710020DE700020716C0200CD7000208E
S31500026BB01FB5124B1A7892B10022114C1A70F4F7D3
S31500026BC089F8E36803A963B1FDF79AF8034630B979
S31500026BD0CDE900000B4A20460399FCF7EDFF04B00D
S31500026BE010BDFDF78DF803460028F8D1CDE9000067
S31500026BF0044A20460399FDF715F8F0E762110020D2
S31500026C0028710020CD6802001FB5012003A9FDF7F7
S31500026C1077F8034630B9CDE90000044A03990448DF
S31500026C20FCF7CAFF05B05DF804FB00BFCD680200A1
S31500026C3028710020002307B501220E200DF107015D
S31500026C408DF80730FDF738FB084B187850B99DF8D8
S31500026C500730012B06D1F4F70AF9FFF730FE08B91F
S31500026C60FFF7D2FF03B05DF804FB00BFCD70002032
S31500026C70F0B5B44DB44EB54FC3B00DF10A010DA82F
S31500026C80F4F736F99DF835102D2962D8DFE811F0B0
S31500026C902E0061006700D9000F0121016100F20197
S31500026CA0290144016C017601610061006100610005
S31500026CB061009101CA01D101D301DF01E601610040
S31500026CC061006100610061006100610061006100B4
S31500026CD0610061006100990199019E01B201B6014C
S31500026CE0BB01BF01FC01FE01000202023146002087
S31500026CF0F4F714F839460020F3F7F6FF944900201A
S31500026D00F4F740F893490020F4F722F8924B1878EA
S31500026D1000F0A8FB01460020F4F74EF800230122FA
S31500026D200F202CA9FDF7C8FA01281CBF00238DF8F5
S31500026D30B030FFF74DFE28B98849894B894A096860
S31500026D40F4F7CAFB9DF8B030032B02D0002003F003
S31500026D5091FE9DF80A30002B8FD143B0F0BD00237F
S31500026D6001220F200DF10B01FDF7A6FA012863D0CF
S31500026D7000238DF80B300024CDE90444CDE9064406
S31500026D80FFF726FE16AA01460EA800F037FC16A843
S31500026D90FEF706FA234601220C200DF10D01FDF73E
S31500026DA08BFA9DF80D40ECB9234601220DF10E0136
S31500026DB0A120FDF781FA234601220DF10F01A2203F
S31500026DC0FDF77AFA10229DF80E100DEB020008F07C
S31500026DD0A4F80321204604AAF4F705F80DF10F00E2
S31500026DE0E0F7C4F8E0F7ACFF08A8E1F709F80221DA
S31500026DF008AA2CA800F08EFC2CA8FEF7D1F90023D5
S31500026E0001220F2003A9FDF757FA9DF80C30012B3A
S31500026E1001D1FFF7C5FD9DF80C10022902D1002011
S31500026E20F4F74DFA022003F025FEFFF7EDFE9DF87A
S31500026E30350000F02FFE8CE79DF80B30032B88D02F
S31500026E4099E79DF8443093B10123042208A9112041
S31500026E50FDF732FA089B11200133089301230193AF
S31500026E6004AB0093042308AA1946FDF7D0F92CA90E
S31500026E700EA800F0A3FB2CA8FEF792F99DF8443069
S31500026E80012B04D100F0A2FD08B100F091FD9DF89E
S31500026E904430022B01D100F0A3FD16A800F046FBF8
S31500026EA000283FF456AF1698FFF716FD51E700F09B
S31500026EB019FB00F5847300F1F40200F1F2010446B5
S31500026EC0F4F7E2F800F012FB00287FF442AF204606
S31500026ED0EAE70EA82CA900F0BDFB2CA8FEF760F984
S31500026EE0A5E700209DF838108DF8200001298DF8BD
S31500026EF0580006D108A916AAF4F7CAF9B0FA80F121
S31500026F0049099DF858309DF820202CA800F0F4FC81
S31500026F102CA8FEF745F91CE79DF83840012C0CD148
S31500026F2000202CAA16A92C70F4F799F900287FF4F0
S31500026F3010AF2146F4F7C3F90BE704210020F4F75A
S31500026F4073F906E7CC700020F47000200C71002063
S31500026F50CE700020FC70002024710020F07000200A
S31500026F60DE700020147100209DF83830002B3FF4AB
S31500026F70F0AE01212CA800F0AFFBC9E700209DF876
S31500026F8038400890012C16900FD116AA08A9F4F7DA
S31500026F9066F920B92B7813B12146F4F790F91699C0
S31500026FA008982CAA00F066FBB2E70221F4F73CF936
S31500026FB0F5E79DF8380000287FF4CBAEFFF7DEFC3C
S31500026FC0C7E60EAA2CA800F0A5FBA1E7252000F033
S31500026FD076FAFEF703F802287FF4BBAE16A8FEF790
S31500026FE003F800287FF4B5AEBDF858102CA800F0BF
S31500026FF073FC8DE7262000F062FAAAE60EA92CA8F9
S3150002700000F0F8FB84E70EA8FFF7A4FCA1E6002136
S3150002701010222DA82C9107F080FF0EA92CA800F0B3
S3150002702023FC75E700232CA8CDE92C3300F036FCAF
S315000270306EE70E98C2E700210E9C0E222DA82C9117
S3150002704007F06BFF21462CA800F034FC60E7002312
S315000270502CA8CDE92C3300F033FC59E700210E9C15
S3150002706012222DA82C9107F058FF21462CA800F0D9
S315000270702DFC4DE700210F222DA82C9107F04DFF84
S315000270802CA800F0F9FB43E72A20B4E72B20B2E74D
S315000270902C20CEE6082216A901231D20FDF70CF9A5
S315000270A008220FA916A807F001FF00287FF451AEA7
S315000270B00EA92CA800F016FC2AE700BF024B18788E
S315000270C080F00100704700BF62110020F0B504464F
S315000270D0264601258FB090F9073090F906204179AE
S315000270E004A800F00BFB04A8FEF75AF8217956F81B
S315000270F0060B04F08BFA0DF10F070A48FEF75FF84C
S315000271002B4632460621019500971220FDF77FF89D
S315000271102B460621CDE90075E21D1320FDF777F80F
S315000271200FB0F0BD25C2030070B5044688B00178E1
S3150002713004A800F0D1FA04A8FEF732F8237893B136
S3150002714001250DF10F062B46062162191220019523
S315000271500096FDF75CF82B4606211320CDE9006563
S31500027160A21CFDF754F808B070BD0000F0B593B04C
S31500027170E0F706F80446002301220DF10D019E20D8
S31500027180FDF79AF8002301220DF10E019520FDF775
S3150002719093F89DF80E009DF80D20B4FBF0F313FB57
S315000271A000F3DBB2002A08BF1A468DF844308DF888
S315000271B019200023012203A99420FDF77DF800235C
S315000271C001220DF10F0195209DF80C50FDF774F880
S315000271D00023012204A99720FDF76EF8002301225D
S315000271E00DF111019B20FDF767F80DF1160400233E
S315000271F001220DF112019C20FDF75EF80023022206
S3150002720021469620FDF758F8002301220DF11301BD
S315000272109A20FDF751F80023012205A99820FDF7CF
S315000272204BF801220DF1150100239920FDF744F8D0
S315000272309DF80F3006A88DF818309DF810308DF89D
S315000272401A508DF81B309DF81130594E8DF81C30AE
S315000272509DF812308DF81D30564B0893BDF8163046
S31500027260ADF824309DF813308DF826309DF8143091
S315000272708DF828309DF815308DF829304E4B0B933A
S31500027280DFF7AEFF06A8DFF7BBFF06A8DFF7CCFFE6
S3150002729006A8DFF7D3FF002301220DF112019A207F
S315000272A0FDF70AF800230221CDE900439A200123C3
S315000272B00DF11202FCF7ABFF054698BB034601220D
S315000272C00DF113019720FCF7F7FFCDE900450123E5
S315000272D0022197200DF11302FCF799FF054608BB20
S315000272E00346012205A99C20FCF7E6FFCDE90045ED
S315000272F0012306219C2005AAFCF789FF054688B9C9
S31500027300034601220DF115019B20FCF7D5FF01234F
S3150002731002219B20CDE900450DF11502FCF777FF0E
S31500027320074618B10023337013B0F0BD01250CA92E
S3150002733006A83570DFF78AFF00B13770042310AA5A
S315000273401946CDE900451620FCF761FF04230CAA75
S315000273501946CDE900451720FCF759FF04230EAA6A
S315000273601946CDE900451820FCF751FF0FAA012363
S315000273700221CDE900451920FCF749FF04230DAA95
S315000273801946CDE900451A20FCF741FF0DF13E02F0
S3150002739002230321CDE900451B20FCF738FF012318
S315000273A00221CDE9004511AA1C20FCF730FFBBE7FC
S315000273B044710020CD700200297102000B4B13B5F7
S315000273C01B788BB10023012294200DF10701FCF7F3
S315000273D073FF9DF8074024B9DFF758FF002002B07B
S315000273E010BDDFF763FFF9E70E20F8E744710020CE
S315000273F00B4B13B51B788BB10023012294200DF1A0
S315000274000701FCF759FF9DF8074024B9DFF748FF4B
S31500027410002002B010BDDFF753FFF9E70E20F8E7B0
S315000274204471002008B5094B1B7843B10278017AF2
S315000274304068DFF74BFF022803D0032803D10E2052
S3150002744008BD5220FCE70020FAE700BF4471002085
S315000274500138C0B20A289ABF014B185C0020704757
S3150002746056B903000138C0B20A289ABF014B185C0C
S315000274700020704756B903000738C0B204289ABFE5
S31500027480014B185C0420704761B90300431F082BA7
S3150002749028BF0E2070477FB501230DF117028DF824
S315000274A00F000092022101930DF10F020920FCF751
S315000274B0AEFE07B05DF804FB0020FFF7ECBF2628FE
S315000274C00CD003D828B1252805D070472A380128C0
S315000274D006D8002000E00120FFF7DDBF0220FBE70F
S315000274E070470000004870474871002007B5002326
S315000274F001220F200DF10701FCF7DEFE01280FD154
S315000275009DF807303BB1074B93F80101013801287A
S315000275108CBF00200120044B187003B05DF804FBF9
S315000275200120F8E74871002054720020044A1378BB
S315000275301BB100211170034A02601846704700BF52
S3150002754054720020487100200138C0B202289ABF46
S31500027550024B53F820000248704700BF44BC0300A8
S3150002756066B90300034610B55C7B0846621ED2B2BA
S315000275700E2A98BF0E49A4F1020494BF51F82220A4
S315000275800C4A052C93F9024086B0D97B98BF197C28
S31500027590049493F9014003941C7B02949C68CDE900
S315000275A000140549DB7807F0E7FE06B010BD00BF00
S315000275B050BC03006BB903006FB90300034613B551
S315000275C00846197B01290ED0084A094C022908BF30
S315000275D02246197A0191596800911B78054907F0EC
S315000275E0CBFE02B010BD044AF3E700BFA8B9030000
S315000275F0B2B90300B6B90300ADB9030010B504462B
S31500027600637B1046013BDBB20E2B96BF0D4A0E4B37
S3150002761052F8233086B029B90C4906B0BDE81040AD
S3150002762007F0E3BE227B0A490492A2680392E27B38
S31500027630CDE90132237F227D0093A36907F09CFEE8
S3150002764006B010BD50BC03006BB90300D7B90300E6
S31500027650E4B9030007B50246137A08460093536855
S315000276600349127807F088FE03B05DF804FB00BFF9
S315000276702FBA03001FB514460022124B039203448D
S31500027680029333B92046104904B0BDE8104007F012
S31500027690ACBE0E49204607F0A8FE02A807F008FB7A
S315000276A00190204608F0E2FB019BC0F12401084A42
S315000276B0204408F0D9FB204608F0D8FB05492044AF
S315000276C0E2E700BF6E3DD5125ABA030069BA03005B
S315000276D076BA030025C2030010B4054A054C0029F8
S315000276E008BF224604495DF8044B07F045BE00BFB9
S315000276F0AD3B0300A8B9030088BA030007B500939F
S3150002770013460A46024907F037FE03B05DF804FB4A
S3150002771096BA03002DE9F04123290546144686B0A0
S315000277204BD12D4907F061FE284608F09FFB2E1823
S31500027730A078FFF709FF02462078FFF705FF01460A
S315000277402079FFF701FF0746A079FFF7FDFE63796F
S315000277500490CDE9027394F901303046CDE9001365
S31500027760E3781E4907F008FE284608F07FFB00274B
S31500027770DFF87C802E18237CF8B2834222D830466A
S3150002778008F074FB0023304400F8013C284608F058
S315000277906DFB2E18607CFFF7D7FE11490246A37CCB
S315000277A0304607F0E9FD284608F060FB0D492844FB
S315000277B006B0BDE8F04107F018BE24290CBF0A49FD
S315000277C00A49AFE7231800EB40004146DA79304414
S315000277D007F0D2FD0137CEE7B9BA0300D1BA0300EA
S315000277E0F8BA030025C20300C1BA0300C9BA0300EE
S315000277F0F2BA03007FB58B680493CB7903938B7936
S315000278004A79DB0002F0070203F0380313430293BE
S315000278100B7901934B8800930B784A78024907F05B
S31500027820ABFD07B05DF804FB02BB030038B50446A6
S315000278304B880D460A780A4907F09EFD204608F055
S3150002784015FB2A7A2118686803F03EFE204608F0E6
S315000278500DFB04492044BDE8384007F0C6BD00BF11
S315000278603BBB030025C203004B780A78014907F0A7
S3150002787083BD00BF52BB030010B50446054907F09D
S31500027880B4FD204608F0F2FA03492044BDE8104050
S3150002789007F0ABBD65BB030025C20300014907F033
S315000278A0A4BD00BF76BB03000A46014907F064BDCA
S315000278B07EBB03000A46014907F05EBD8EBB03008C
S315000278C0014907F092BD00BF9EBB03000A4601496B
S315000278D007F052BDA6BB03000A46014907F04CBD9C
S315000278E0B7BB0300B1F90030B1F90220014907F034
S315000278F043BD00BFC5BB0300012902D1024907F0FF
S315000279003BBD024907F071BDD7BB0300EEBB0300C6
S3150002791013B50B4B93F8F6409878D97893F8F7207D
S315000279203CB913460A46012102B0BDE81040F3F7FE
S315000279300BBC00940433F3F7C0FA02B010BD00BFCB
S315000279405572002010B5074C002301222146112052
S31500027950FCF7B2FC0028BCBF0123237023786370B6
S3150002796010BD00BF55720020F8B59DF818500E469E
S315000279700746144619462DB1F22D13D82A460A484F
S3150002798007F0A4FA094B9F70DE7083F8F74083F87C
S31500027990F6502CB91A785A70BDE8F840FFF7B8BF0E
S315000279A00022F8E70220F8BD597200205572002025
S315000279B0054A53781178994203D901335370FFF778
S315000279C0A7BF0720704700BF55720020034B5878A7
S315000279D01B78C01A18BF0120704700BF55720020DD
S315000279E0014B1A785A7070475572002030B5002341
S315000279F0012487B00DF116058DF80F008DF81730AA
S31500027A000DF10F0223460221019400950320FCF793
S31500027A10FEFB9DF80F300DF11702022B4FF001030A
S31500027A20CDE9005419464FF00B0008BF8DF81740F8
S31500027A30FCF7EDFB9DF81700FEF792F907B030BD93
S31500027A4007B5002301220DF106010F20FCF734FCD5
S31500027A50012818BF00234FF0010218BF8DF8063027
S31500027A600E2000230DF10701FCF726FC01281CBF9E
S31500027A7001238DF807309DF80630022B08D89DF8B1
S31500027A8007302BB90220FFF7B1FF03B05DF804FB04
S31500027A900020F8E7052807D003D830B1022804D021
S31500027AA070472C2803D070470120FFF79FBF0320A1
S31500027AB0FBE700002DE9F04F00246B4BADF2744D4D
S31500027AC018681B7940F21922214606900DA88DF8F6
S31500027AD01C300C9407F021FA0D23644E644FADF866
S31500027AE00830B6F820320DF1200897E80300224646
S31500027AF088E803000133304602A9039403F006FD29
S31500027B00DFF88491083799F800A0BAF1000F01D185
S31500027B1000281ADAB6F82032B3F5077F10D955498C
S31500027B20524807F062FC404603AA0CA9FDF7C8FBBF
S31500027B304FF44071B6F820324C480CAAFDF79FFD6F
S31500027B4020460DF2744DBDE8F08F0BD106A808F061
S31500027B508DF9494B024606A91868FAF77BFE4FF0E3
S31500027B60FF30D0E70DF1280B97E8030040F2192207
S31500027B708BE80300514695A8CDF814A0CDF850A283
S31500027B8007F0CBF904AA0221304603F0EBFC04A865
S31500027B9003F0FAFC202550465246B6F82042334BF3
S31500027BA091B28C4202D919780D2912D10222334997
S31500027BB004A808F085F9B8B905464FF0020B304B18
S31500027BC05C4532D9BAF1000F1ED09DB30223621B67
S31500027BD044E02F2902D159782F2900D008B101207B
S31500027BE01D7001320133DBE705AA94A95846FDF759
S31500027BF067FB94A808F03AF91F4B024694A9186845
S31500027C00FAF728FE0124AAE713F8010B0193FDF700
S31500027C1031FD019B30B10135ADB20BF1010B1FFAFB
S31500027C208BFBCDE74FF0010AF7E7002DCED1AB1C57
S31500027C30A34216DA611E4D1B0023A9B27354114BDF
S31500027C403046A3F54072A6F8201202F003FE04465F
S31500027C5085E7F118495DF15401339BB29342F8DB93
S31500027C60E5E7651BE8E700BF8CBC03004E73002006
S31500027C70A8BC0300922E030064110020A6C70300CD
S31500027C8050730020727800207778002013B51F4BBE
S31500027C901F4C18681B7900908DF804300023206869
S31500027CA019460222806807F06FFA002320681946F7
S31500027CB00222406807F068FA164B40F21D220021A4
S31500027CC0184607F02AF90024134BA0F82042A0F820
S31500027CD01E424FF440722146184607F01EF9A0F8DC
S31500027CE00043A0F8024302F0A5FF40B1684608F03F
S31500027CF0BDF80A4B024669461868FAF7ABFD00233F
S31500027D00074A1370074A137002B010BD8CBC0300F9
S31500027D10941100204E730020727500206411002019
S31500027D207678002077780020F0B53F4B89B01B7833
S31500027D30002B3BD13D4E3E4C3578012D1AD0022DFB
S31500027D4064D085BB40F21D222946394807F0E5F882
S31500027D50384B4FF4407218462946A4F82052A4F82C
S31500027D601E5207F0DAF80123A0F80053A0F80253D6
S31500027D70337018E0F8F7E7FC074603F089FD05467D
S31500027D80B0B1B4F820022C49204407F02EFBB4F817
S31500027D9020320833A4F820320223337003F0E2FCC7
S31500027DA03846F8F7D6FC3378012BC5D109B0F0BDB9
S31500027DB0FEF78CF838B3FEF799F801460028EFD0A3
S31500027DC0B4F82032B1F5FA7F04EB03000BD3FEF7C9
S31500027DD0BFF844221949684607F0CEFA6846FDF70D
S31500027DE0EEF93570DCE7FEF7B3F80028D8D029465D
S31500027DF0204603F0FBFB204608F038F80223A4F8DD
S31500027E0020023370CCE703F073FDC9E7FFF752FE99
S31500027E10012806D807490A4BB1F800231868FAF771
S31500027E2019FD0023A4E700BF7778002076780020AA
S31500027E304E7300207275002091BC03009ABC0300A9
S31500027E406411002030B504460D460021ADF50D7DC6
S31500027E5040F2192205A8049107F05FF820460E4A5F
S31500027E600E4902F098FC044688B90290ADF80C005F
S31500027E7001AA04A902A8FDF723FA019B6A684FF436
S31500027E804071138028689BB204AAFDF7F8FB2046CE
S31500027E900DF50D7D30BD00BFBCBC0300B8BC0300B0
S31500027EA070B50446144B86B001AE0D4693E8030046
S31500027EB0124A86E803002046114902F06CFC044689
S31500027EC0B0B9FCF717FBFCF787FA10B9012002F0EC
S31500027ED091FE6A46304603A9FDF7F2F9009B6A68ED
S31500027EE04FF44071138028689BB203AAFDF7C7FBC3
S31500027EF0204606B070BD00BFD8BC0300E0BC03003C
S31500027F00D0BC0300002330B5144A87B00D4614498D
S31500027F10CDE90333ADF814300193ADF8083002F021
S31500027F203AFC0446B0B9FCF757FA20B10123019393
S31500027F303223ADF808306A4603A901A8FDF7C0F955
S31500027F40009B6A684FF44071138028689BB203AAAB
S31500027F50FDF795FB204607B030BD00BFFCBC030011
S31500027F60F4BC03002DE9F04F00244FF0FF33064620
S31500027F70DBB060228A4610A821460A930F9406F0C7
S31500027F80CCFF6022214629A8289406F0C6FF304677
S31500027F90AB4AAC490B940D94ADF8384002F0FBFBAA
S31500027FA08146002840F0C1800425D6F8008018F8E2
S31500027FB00500FDF75FFBB388079308B1AB4222D8F1
S31500027FC04FF0000B02260AAC3D224046CDF808B01F
S31500027FD0019400960DAB0DF12601ADF82650FDF782
S31500027FE07DF998B13F224046CDE9014B00960DAB93
S31500027FF00DF12601ADF82650FDF770F930B10123D7
S315000280000D9305230FE00135ADB2D0E70D9961B9A5
S3150002801020680591FCF72CFA034601330599206086
S3150002802005D101230D93ADF8383003234FE0FCF759
S31500028030E3F80B28F5D10D9D002DF6D1BDF82630BB
S315000280402E46013B9BB208EB030206922C46AB4638
S3150002805028462A46ADF82630059507998B4268D3FD
S31500028060BBF1010F40F0C080002E40F08E80002C44
S31500028070C5D1DDF828806022214642A8419406F047
S315000280804CFFB8F1070F7DD0A8F16A03022B79D90C
S31500028090B8F1A00F76D021464046FCF73BF90646DA
S315000280A02346024628A94046FCF706F9324628A985
S315000280B041A806F00BFF013E28AA0CA941A80C967E
S315000280C003F04CF90C9F00230D95ADF838400D9A3C
S315000280D0002A40F0DF80012B00F2D9805A490FA80E
S315000280E007F083F93A4628A90DF13D0006F0EEFEA7
S315000280F00FAB781C5549184407F077F90FABB91C3A
S315000281000BAA19440DA8FDF7DBF80FA807F0AEFE7F
S315000281100B900B9BDAF804204FF440711380DAF8C7
S3150002812000009BB20FAAFDF7AAFA48465BB0BDE86B
S31500028130F08F069903F1010C11F801EB1FFA8CFC82
S31500028140BEF13D0F06911AD0BEF13F0F0ED0BEF121
S31500028150220F12D10134012EA4B20ED1012C059A9E
S3150002816014BF1A4660460592324606E0012E08BF43
S3150002817001220BF1010B1FFA8BFB63466DE70136F9
S31500028180B6B2FAE759245D469DE7012E7FF437AF72
S315000281906CBB002A3FF433AF0A9F21463846FCF7F0
S315000281A0C7F8214680463846FCF7D8F81FFA88F207
S315000281B083B22749044628A807F0DEF84FF6FF7B6C
S315000281C028A807F053FE1FFA88F8D845074609D0B3
S315000281D0A4B25C450CBF0125002601230D95ADF81E
S315000281E0386074E73546F8E7012E7FF408AF022CB3
S315000281F07FF405AF002A3FF402AF01238DF8253044
S31500028200059B0A9C191A0C9140440CA903F01CF810
S31500028210002106462046FCF78BF8002183462046BD
S31500028220FCF79CF80C9A0DF125059345804611D969
S3150002823001203223ADF838300D90022347E700BF04
S315000282401CBD030010BD03009343030025C20300B7
S3150002825015BD03009042EBD3062C0DD10023324606
S31500028260CDE900530B210C9B2046FBF7D0FF0128DA
S315000282700CBF32230023DDE7314641A806F026FE75
S3150002828041A803F087F8B0EB580FD1D1E6E7022BED
S315000282907FF43FAF0BAA0FA90DA8FDF711F838E737
S315000282A070B500250446ADF50C7D40F219220E4646
S315000282B005A82946049506F030FE2046194A1A49B1
S315000282C0009502F068FA044620BB184B02AD93E80B
S315000282D0030085E80300204601A9F2F70DFF019B82
S315000282E01B0708D52046F2F791FFFEF7E8FAA880A9
S315000282F0A0B101232B606A46284604A9FCF7E0FFD9
S31500028300009B72684FF44071138030689BB204AAD6
S31500028310FDF7B5F920460DF50C7D70BD2C60FEF714
S3150002832073FCE8E744BD030038BD030030BD03001B
S3150002833070B500250446ADF50C7D40F219220E46B5
S3150002834005A82946049506F0E8FD2046194A1A4969
S31500028350009502F020FA044620BB184B02AD93E8C2
S31500028360030085E80300204601A9F2F7C5FE019B3A
S315000283701B0708D52046F2F732FFFEF7A0FAA880BF
S31500028380A0B101232B606A46284604A9FCF798FF90
S31500028390009B72684FF44071138030689BB204AA46
S315000283A0FDF76DF920460DF50C7D70BD2C60FEF7CC
S315000283B02BFCE8E770BD030064BD03005CBD03004F
S315000283C070B500240646ADF5127D40F219220D461F
S315000283D00BA821460A9406F0A0FD30461A4A1B490C
S315000283E0079402F0D8F9044630BB0890ADF8240091
S315000283F0306806AB0DF1170602932C2208ABCDE9C5
S3150002840000460DF11A010630ADF81A40FCF766FF78
S31500028410BDF82430A3B10123089307AA0AA908A824
S31500028420FCF74EFF079B6A684FF440711380286879
S315000284309BB20AAAFDF723F920460DF5127D70BDFF
S315000284403078FCF7D7FCE8E790BD030087BD030050
S315000284502DE9F0410024ADF5187D064640F21922B9
S315000284600D4611A82146109406F057FD10233046FA
S315000284703F4A40490694ADF8143002F08CF905AF34
S315000284800446002852D136680DF113080636CDE9A6
S3150002849000080990ADF82800ADF81600029009AB65
S315000284A02C2230460DF11601FCF718FFBDF82830D4
S315000284B0DBB99DF81330002B3DD003230DF12C08B8
S315000284C000932C2209AB30460297CDF804800DF1B9
S315000284D01601FCF703FFBDF8283033B9BDF81420A6
S315000284E0102A2FD03123ADF82830012309930EE04C
S315000284F02346224606212048F3F7B6FBFEF784FB05
S315000285002346ADF82830BDF82830002BEDD106AA57
S3150002851010A909A8FCF7D4FE069B6A684FF44071BD
S31500028520138028689BB210AAFDF7A9F820460DF51C
S31500028530187DBDE8F081F3F75BFA00280CBF002333
S315000285400E23DEE7414607A802F058FF01230193F6
S315000285500DF112030B21009307AA08231D20FBF736
S3150002856056FEF3F775F90028C2D00E23C9E700BFFD
S31500028570B0BD0300A7BD0300A00ECB3500B58FB07A
S31500028580002310220AA90820FBF796FE10220AA948
S3150002859008A802F033FF00230821CDE90133CDE913
S315000285A0031306230C4A009308A80123F3F73CFAA7
S315000285B078B9FEF729FB41F2883007A9FBF7A0FB41
S315000285C0034630B9CDE90000044A07990448FBF78F
S315000285D0F3FA0FB05DF804FBA00ECB357D850200E1
S315000285E07878002070B500240646ADF5127D40F27B
S315000285F019220D460BA821460A9406F08EFC304637
S31500028600334A3449069402F0C6F8044628BB089059
S31500028610ADF8240030680DF1150608AB2C22CDE921
S31500028620004602940DF116010630ADF81640FCF72D
S3150002863055FEBDF82430A3B10123089306AA0AA960
S3150002864008A8FCF73DFE069B6A684FF4407113804A
S3150002865028689BB20AAAFDF712F820460DF5127D8C
S3150002866070BD33784BB3F3F7F3F820BB1A4E0120F3
S31500028670F36807A993B1FBF743FB38B923463046A3
S31500028680CDE90044154A0799FBF796FA0023ADF89F
S315000286902430BDF82430002BD0D0CDE7FBF730FBD9
S315000286A00028F3D123463046CDE900440B4A079908
S315000286B0FBF7B8FAEAE70E23E9E70748FBF754FAAD
S315000286C0F3F796F900280CBF00230E23DFE700BF5D
S315000286D0CCBD0300C4BD0300787800207D8502006E
S315000286E070B500250446ADF50C7D40F219220E4602
S315000286F005A82946049506F010FC2046144A154999
S31500028700019502F048F80446F0B90290ADF80C0063
S31500028710F2F70CFEFEF7D3F8054608B9FEF774FA2F
S31500028720ADF80C500DB10123029301AA04A902A8C7
S31500028730FCF7C6FD019B72684FF4407113803068E6
S315000287409BB204AAFCF79BFF20460DF50C7D70BD7B
S31500028750E8BD0300E0BD0300F0B500240646ADF512
S31500028760137D40F219220D460BA821460A9406F003
S31500028770D4FB3046244A2549079402F00CF80446F5
S3150002878050BB0127ADF82400306806AB0DF1170681
S3150002879002932C2208ABCDE900460DF11A010730EF
S315000287A00897ADF81A40FCF799FDBDF824300897F2
S315000287B0B3B107990AAB194407AA08A8FCF780FDCA
S315000287C00AA807F053FB6A68034610804FF440710B
S315000287D028680AAAFCF753FF20460DF5137DF0BD63
S315000287E0522320460DF11601ADF82430F2F7DBFCD8
S315000287F00028DED132789DF816309A429CBF089442
S31500028800ADF82440D5E700BF08BE030000BE030052
S3150002881070B500240646ADF5107D40F219220D46CC
S3150002882009A82146089406F078FB30461E4A1F49DD
S31500028830059401F0B0FF044670BBADF81200306833
S315000288400DF1110606AB2C22CDE9004602940DF17C
S31500028850120108300694ADF81C40FCF73FFD069B5A
S315000288605BB9BDF81C3043B99DF81100022817D92F
S31500028870012306930223ADF81C3005AA08A906A80F
S31500028880FCF71EFD059B6A684FF440711380286849
S315000288909BB208AAFCF7F3FE20460DF5107D70BDCB
S315000288A0E0F7F2F8E9E700BF28BE03001FBE0300A7
S315000288B070B500240646ADF5127D40F219220D462A
S315000288C00BA821460A9406F028FB3046174A184997
S315000288D0069401F060FF044618BB0223ADF81600A9
S315000288E0306807AE2C220DF116010093029408ABF4
S315000288F0019609300894ADF82440FCF7EFFC07987E
S31500028900E0F778F806AA0AA908A8FCF7D9FC069B9C
S315000289106A684FF44071138028689BB20AAAFCF772
S31500028920AEFE20460DF5127D70BD00BF4CBE0300A3
S315000289303FBE030070B500240646ADF5127D40F237
S3150002894019220D460BA821460A9406F0E6FA30468D
S31500028950174A1849069401F01EFF044618BB022363
S31500028960ADF81600306807AE2C220DF11601009301
S31500028970029408AB019609300894ADF82440FCF73E
S31500028980ADFC0798E0F710F806AA0AA908A8FCF7B2
S3150002899097FC069B6A684FF44071138028689BB265
S315000289A00AAAFCF76CFE20460DF5127D70BD00BFCB
S315000289B070BE030063BE03002DE9F04100240646A3
S315000289C0ADF5127D40F219220D460BA821460A94F6
S315000289D006F0A3FA3046284A2849069401F0DBFE3F
S315000289E0044630BB36680DF115070836CDE9000797
S315000289F0ADF816000890ADF82400029008AB2C22C0
S31500028A0030460DF11601FCF769FC089B13B9BDF857
S31500028A1024309BB106AA0AA908A8FCF751FC069BBA
S31500028A206A684FF44071138028689BB20AAAFCF761
S31500028A3026FE20460DF5127DBDE8F0813B780DF14C
S31500028A401C08032B11D102232C220093304608ABBB
S31500028A50CDE901840DF11601FCF740FC089B002BC1
S31500028A60D8D1BDF82430002BD4D1D8F800103878EC
S31500028A70DFF7E4FFCEE700BF90BE030087BE030028
S31500028A802DE9F04300240646ADF5137D40F2192286
S31500028A900D460BA821460A9406F03FFA3046234AB1
S31500028AA02349059401F077FE0446002839D14FF098
S31500028AB0020936680DF118080836ADF8120008905A
S31500028AC0ADF82400029008AB2C223046CDF8048083
S31500028AD0CDF800900DF11201FCF700FC089B8BB952
S31500028AE0BDF8243073B907AF0DF112012C223046BE
S31500028AF0CDE90097029408ABFCF7F0FBDDE906101E
S31500028B00DFF724FF05AA0AA908A8FCF7D9FB059BEB
S31500028B106A684FF44071138028689BB20AAAFCF770
S31500028B20AEFD20460DF5137DBDE8F083B0BE030011
S31500028B30A7BE030070B500240646ADF5107D40F2CF
S31500028B4019220D4609A82146089406F0E6F9304690
S31500028B501A4A1B49059401F01EFE044648BBADF8AD
S31500028B60120030680DF1110606AB2C22CDE9004643
S31500028B7002940DF1120107300694ADF81C40FCF781
S31500028B80ADFB069B33B9BDF81C301BB99DF811002D
S31500028B90E0F78EF805AA08A906A8FCF791FB059B43
S31500028BA06A684FF44071138028689BB208AAFCF7E2
S31500028BB066FD20460DF5107D70BD00BFD0BE0300D8
S31500028BC0C7BE03002DE9F04700240546ADF5127D28
S31500028BD040F219220E460BA821460A9406F09DF988
S31500028BE028463B4A3B49079401F0D5FD0446002836
S31500028BF068D12D6805AF0735CDE90007ADF81A0033
S31500028C000890ADF82400029008AB2C2228460DF1FC
S31500028C101A01FCF763FB089B002B44D1BDF82430F4
S31500028C20002B40D14FF0010A0DF1160808AB2C2299
S31500028C3028460294CDF80480CDF800A00DF11A0161
S31500028C40FCF74CFB089B73BBBDF824305BBB0DF1F4
S31500028C50180908AB2C222846CDE900A902940DF189
S31500028C601A01FCF73BFB089BEBB9BDF82430D3B9DC
S31500028C700DF1150A08AB2C222846CDE9004A0294CA
S31500028C800DF11A01FCF72AFB089B63B9BDF82430E3
S31500028C904BB99DF81530BDF81820BDF816109DF891
S31500028CA01400E0F725F807AA0AA908A8FCF708FBAA
S31500028CB0079B72684FF44071138030689BB20AAA10
S31500028CC0FCF7DDFC20460DF5127DBDE8F08700BFFE
S31500028CD0F0BE0300E7BE03002DE9F0470024ADF520
S31500028CE0527D074640F219220E464BA821464A9467
S31500028CF00DF1280806F011F97C2221460BA80794EB
S31500028D00C8F8004006F009F9802338463A4A3B493A
S31500028D10ADF818308DF8174001F03DFD0DF1180938
S31500028D2005460DF1170A002856D104233C68ADF812
S31500028D301A00063400932C2208AB2046CDE901899D
S31500028D400DF11A01FCF7CAFA089BA3BBBDF8243041
S31500028D508BBB012308932F232C22ADF82430204607
S31500028D6008ABCDE901A500950DF11A01FCF7B6FA9B
S31500028D70089B03BBBDF82430EBB99DF817707B1E28
S31500028D801B0635D49DF8181001292AD13A464046C9
S31500028D902AA9FDF761F9044648B91948FCF70FFA02
S31500028DA02AA8394602F032FC1648FCF708FAA4B2A1
S31500028DB0ADF824400CB10123089307AA4AA908A8D2
S31500028DC0FCF77EFA079B72684FF440711380306895
S31500028DD09BB24AAAFCF753FC28460DF5527DBDE824
S31500028DE0F08707D93B4640462AAAFDF753F9D2E750
S31500028DF02124DCE70524DAE710BF030007BF0300DE
S31500028E009343030025C203002DE9F0430024ADF588
S31500028E10317D074640F219220E4629A8214628949A
S31500028E2006F07BF87C22214609A80594089406F0F0
S31500028E3074F880233846214A2149ADF8103001F0F2
S31500028E40AAFC0DF1200805460DF11009002830D1C3
S31500028E501C4BADF8120093E8030004233F6806ACEE
S31500028E6084E803002C220093CDE9018923460DF103
S31500028E701201B81DFCF732FA23684BB9A3883BB935
S31500028E8040469DF81010FDF729F980B2A08008B17E
S31500028E9001232360204605AA28A9FCF711FA059B9F
S31500028EA072684FF44071138030689BB228AAFCF7AF
S31500028EB0E6FB28460DF5317DBDE8F08334BF03009D
S31500028EC02CBF030024BF030070B500250446ADF590
S31500028ED00C7D40F219220E4605A82946049506F095
S31500028EE01CF82046144A1549019501F054FC044623
S31500028EF0F0B90290ADF80C00F1F7B9FFFDF7DFFC0F
S31500028F00054608B9FDF780FEADF80C500DB10123F8
S31500028F10029301AA04A902A8FCF7D2F9019B72687E
S31500028F204FF44071138030689BB204AAFCF7A7FB8A
S31500028F3020460DF50C7D70BD50BF030048BF0300EF
S31500028F4070B504460E460021ADF50C7D40F219229D
S31500028F5005A80091049105F0E0FF20461C4A1D4930
S31500028F6001F019FC044670BB1B4B02AD93E80300EB
S31500028F7085E80300204601A9F2F7BEF8019B1B070C
S31500028F8006D501212046F2F74FF9FDF798FCA88095
S31500028F90AB8813B92B60FDF737FE04A806F066FF0F
S31500028FA004AB19186A4600902846FCF789F904A80A
S31500028FB006F05CFF7268034610804FF44071306819
S31500028FC004AAFCF75CFB20460DF50C7D70BD00BFC4
S31500028FD07CBF030070BF030068BF03002DE9F04F9A
S31500028FE0002480464FF0FF0BADF55B7D40F219225F
S31500028FF08A4653A82146529412AD05F08EFFFB22F3
S31500029000214613A806942C6005AF05F086FF40465C
S31500029010574A5849A7F800B001F0BDFB064600289A
S3150002902033D1D8F8003008AC03F10708524B0DF1E2
S315000290301309ADF816002C2293E80300234684E8B0
S3150002904003004046CDE9006902960DF11601FCF7D0
S3150002905045F9236843B99DF81330032B4FF00203F9
S3150002906018D90122A380226006AA52A908A8FCF7F1
S3150002907027F9069BDAF804204FF440711380DAF8D8
S3150002908000009BB252AAFCF7FAFA30460DF55B7D58
S31500029090BDE8F08F07AACDE90032404623462C22CE
S315000290A002960DF11601FCF719F92368002BDBD1A4
S315000290B006232C22009340462346CDE901570DF1A3
S315000290C01601FCF70BF9236833B9284602F0D0F9EA
S315000290D010B13B88202B05D0012308933123ADF82C
S315000290E02430C1E7284602F055F91028F4D195E854
S315000290F00F000DF1280989E80F005A463146284625
S3150002910005F00BFF0623A7F800B02C220093404679
S315000291102346CDE901570DF11601FCF7DFF8236866
S31500029120002BD9D1284602F0A3F90028D4D0BDF8E5
S315000291301430202BD0D112AD284602F02BF910287C
S31500029140CAD195E80F000EAC84E80F004B46079A89
S315000291509DF8131000200094F2F71FF9FDF7AFFBFC
S31500029160ADF8240010B1012308937DE708907BE750
S31500029170A4BF03009CBF030094BF0300F0B5002404
S315000291800546ADF5117D40F219220E4609A8214683
S31500029190089405F0C2FE28462B4A2C49059401F094
S315000291A0FAFA044678BBD5F800C0294B06AD04AFDF
S315000291B0ADF812002C2293E803002B4685E8030043
S315000291C0CDE9004702940DF112010CF10700FCF7FC
S315000291D085F82B6843B99DF81070AC80032F1BD914
S315000291E001232B600223AB80284605AA08A9FCF7B7
S315000291F067F8059B72684FF44071138030689BB222
S3150002920008AAFCF73CFA20460DF5117DF0BD394659
S315000292102046F2F71BF90EE0234601220F200DF13C
S315000292201101FBF749F89DF81130012BEFD13946B0
S315000292302046F2F73FF9FDF742FB0028D4D001237E
S31500029240A8802B60D0E700BFCCBF0300C4BF0300D9
S31500029250BCBF0300F0B500250446ADF5137D40F210
S3150002926019220E460BA829460A9505F056FE2046F7
S315000292702B4A2C49069501F08EFA0546002834D170
S31500029280D4F800C0284B08AC0DF11507ADF816004E
S315000292902C2293E80300234684E80300CDE9005715
S315000292A002950DF116010CF10700FCF717F8236879
S315000292B033B9397803291CD9012323600223A380F9
S315000292C00AA806F0D3FD0AAB191806AA2046FBF730
S315000292D0F7FF0AA806F0CAFD7268034610804FF42B
S315000292E0407130680AAAFCF7CAF928460DF5137DC3
S315000292F0F0BD07AA2846F2F772F8FDF7E0FAA08059
S3150002930010B101232360DBE7079B3A7807490AA8D5
S3150002931006F032F806490AA806F04EF82560CFE7AD
S31500029320FCBF0300F4BF0300ECBF0300E2BF03006F
S3150002933025C203002DE9F04100240546ADF5147D52
S3150002934040F219220E460DA821460C9408AF05F0EC
S31500029350E4FD2846274A2849CDE9094405943C609C
S315000293600B9401F018FA044678BBD5F800C0234BDB
S3150002937006AD0DF11108ADF812002C2293E8030098
S315000293802B4685E80300CDE9004802940DF112014F
S315000293900CF10700FBF7A2FF2B683BB99DF81110F1
S315000293A0032917D901232B600223AB80284605AA7D
S315000293B00CA9FBF785FF059B72684FF44071138079
S315000293C030689BB20CAAFCF75AF920460DF5147DBB
S315000293D0BDE8F0813B46224620460097F1F7DDFFC5
S315000293E0FDF76DFAA88010B101232B60DEE72C6031
S315000293F0DCE700BF24C003001CC0030014C0030046
S315000294002DE9F04700240546ADF5127D40F21922FA
S315000294100E460BA821460A9405F07FFD28465F4AB0
S315000294205F49069401F0B7F90446002840F0AF8080
S31500029430012308932F232D680DF112070735CDE975
S315000294400007ADF81600ADF82430029008AB2C22C6
S3150002945028460DF11601FBF741FF089B002B40F051
S315000294609B8007AB019302232C220093284608AB6C
S3150002947002940DF11601FBF731FF089B002B40F019
S315000294808B800DF11303CDE900432C2208AB28464D
S3150002949002940DF11601FBF721FF089B002B67D101
S315000294A005ABCDE900432C2208AB284602940DF108
S315000294B01601FBF713FFBDF82430002B6CD10425EF
S315000294C0089B002B54D101220F200DF11501ADF896
S315000294D024303F78DDF81C809DF813909DF814A087
S315000294E0FAF7EAFE9DF81530012B0CD1042D04D0B3
S315000294F008932F23ADF824301EE0BAF1070F02D9E4
S3150002950008930223F6E70898B0B9032F08D9012376
S31500029510F6E74B46424639462846F1F777FF20E002
S315000295204946DDF7CDFC0028F1D0089820B941461E
S31500029530DDF7B2FC0028EAD0089DCDB92B46012200
S315000295400F200DF11501FAF7B7FE9DF81530012B24
S31500029550DFD14B46424639462846CDF800A0F1F700
S3150002956087FFFDF7ACF918B10123ADF82400089383
S3150002957006AA0AA908A8FBF7A3FE069B72684FF47F
S315000295804071138030689BB20AAAFCF778F820462D
S315000295900DF5127DBDE8F087032591E744C003006F
S315000295A03AC0030070B500260446ADF50C7D40F2C4
S315000295B019220D4605A83146049605F0AEFC204652
S315000295C0114A1249019601F0E6F80446C0B9029022
S315000295D0ADF80C00FDF70CFF18B10123ADF80C0035
S315000295E0029301AA04A902A8FBF76AFE019B6A6814
S315000295F04FF44071138028689BB204AAFCF73FF827
S3150002960020460DF50C7D70BD64C003005AC00300F0
S3150002961070B500260446ADF50C7D40F219220D46C2
S3150002962005A83146049605F078FC2046114A1249EF
S31500029630019601F0B0F80446C0B90290ADF80C00EC
S31500029640FDF7BCFE18B10123ADF80C00029301AA86
S3150002965004A902A8FBF734FE019B6A684FF4407125
S31500029660138028689BB204AAFCF709F820460DF578
S315000296700C7D70BD84C0030079C003002DE9F0475C
S315000296800024ADF58A6D814640F219220F468DA857
S3150002969021468C940CAE05F040FC40F2FB122146AA
S315000296A00DA80694346005F038FC40F2FF134846D4
S315000296B04D4A4E49ADF8143001F06DF80DF114081B
S315000296C00546002870D1D9F8003007AC03F1070A25
S315000296D0474B0DF11109ADF816002C2293E8030051
S315000296E0234684E803005046CDE9005902950DF160
S315000296F01601FBF7F3FD23689BB100202368002BBC
S3150002970043D1A388002B40D199F800200A96402A1B
S315000297108DF82420ADF82C0054D9012323600223AE
S315000297205FE0A388002BE8D103232C220093504646
S315000297302346CDE901680DF11601FBF7CFFD23683B
S31500029740002BDAD1A388002BD7D1304601F022FEB6
S31500029750B8F8003080B2B0EB530F1FBF012323606D
S315000297603123A380CAE723685BB901229B200DF14E
S315000297701301FAF7A1FDBDF82C209DF813309A4289
S31500029780CBD823680BB9A3889BB1204606AA8CA91D
S31500029790FBF796FD069B7A684FF440711380386892
S315000297A09BB28CAAFBF76BFF28460DF58A6DBDE8C6
S315000297B0F08709A8FDF736FE0028E6D00123A0802F
S315000297C02360E2E7012294200DF11201FAF774FDFB
S315000297D09DF824209DF812309A42C4D101232360B9
S315000297E00923A380CDE700BFACC00300A4C00300D9
S315000297F09CC003002DE9F0430024ADF24C4D054612
S3150002980040F219220E468BA821468A940AAF05F029
S3150002981084FB214640F2FB120BA806943C6005F03D
S315000298207CFB40F2FF132846444A4549ADF8143002
S3150002983000F0B1FF0DF11409044600286ED1414B28
S31500029840ADF8160093E803000323D5F800C008AD6F
S3150002985085E803002C220093CDE901792B460DF110
S3150002986016010CF10700FBF739FD2B6823BBAB8809
S3150002987013BB384601F08EFDBDF8143082B2B2EB4E
S31500029880530F80464FEA530952D1234601220DF166
S3150002989012016420FAF710FD234601220DF111018F
S315000298A01020FAF709FD204607A9F1F725FC079BC8
S315000298B01B0704D45123AB80012308931FE0FEF754
S315000298C085F880BB0DF11301F1F76DFC9DF813309D
S315000298D09DF811204B4534BF23463B469DF8121096
S315000298E034BF0094CDF800802046FEF73DF8FCF721
S315000298F0E6FF0546C8B9FDF787F9ADF8245006AA72
S315000299008AA908A8FBF7DCFC069B72684FF4407133
S31500029910138030689BB28AAAFBF7B1FE20460DF28D
S315000299204C4DBDE8F0830E23C5E7ADF82400C3E72E
S315000299303123AB8001232B60E1E700BFD4C00300D3
S31500029940CCC00300C4C003002DE9F04F0024ADF5DE
S31500029950137D054640F219220E460BA821460A94AB
S3150002996005F0DBFAFF232846444A45498DF815409F
S3150002997007948DF8143000F00EFF05AF04460DF182
S31500029980150B0DF11C0800286DD14FF0010A4FF09E
S315000299902F092D68ADF816000735CDE90170009044
S315000299A008AB2C2228460DF11601CDF820A0ADF801
S315000299B02490FBF793FC089B002B43D1BDF824307F
S315000299C0002B3FD19DF81400FAF78EFB07460028BC
S315000299D04ED008AB2C222846CDE901B400940DF1F5
S315000299E01601CDF820A0ADF82490FBF777FC089B72
S315000299F043BBBDF824302BBB9DF81530013B042B2D
S31500029A0036D802232C220093284608ABCDE90184DE
S31500029A100DF11601CDF820A0ADF82490FBF75EFCFF
S31500029A20089B7BB9BDF8243063B9079BFF2B1FD86F
S31500029A301A4638469DF81510FCF776F980B2ADF84D
S31500029A40240008B10123089306AA0AA908A8FBF76D
S31500029A5037FC069B72684FF44071138030689BB2E4
S31500029A600AAAFBF70CFE20460DF5137DBDE8F08F22
S31500029A70012308932123ADF82430E5E7F4C003005F
S31500029A80EBC00300F0B50F460021ADF5157D044687
S31500029A9040F219220DA80C9105F03FFAFF23204649
S31500029AA0294A2A498DF8113000F075FE0DF111068A
S31500029AB0054600283FD1D4F800C0254B06ACADF8C8
S31500029AC012002C2293E80300234684E80300CDE922
S31500029AD0016500950DF112010CF10700FBF7FEFB83
S31500029AE02368BBB9A388ABB99DF81100FAF7FCFA53
S31500029AF028B305A92560FCF707F8064638B9059A82
S31500029B00144908A805F038FC08A8FBF758FBB6B2BA
S31500029B10A6800EB101232360204608AA0CA9FBF7F2
S31500029B20CFFB089B7A684FF44071138038689BB26A
S31500029B300CAAFBF7A4FD28460DF5157DF0BD012301
S31500029B4023602123A380E7E720C1030018C1030095
S31500029B5010C1030008C103002DE9F0430025ADF54D
S31500029B60137D044640F219220E460BA829460A9591
S31500029B7005F0D3F9FF2320462F4A304907958DF881
S31500029B80153000F008FE0DF1150705460DF11C090A
S31500029B90002849D1236808AC03F10708284BADF821
S31500029BA016002C2293E80300234684E8030040466D
S31500029BB0CDE9017500950DF11601FBF78FFB2368C0
S31500029BC00BBBA388FBB99DF81500FAF78DFA0123A2
S31500029BD00746236068B32F23A38002232C22009317
S31500029BE040462346CDE901950DF11601FBF776FBBA
S31500029BF0236843B9A38833B938460799FBF72EFF82
S31500029C0080B2A08008B101232360204606AA0AA9D1
S31500029C10FBF756FB069B72684FF44071138030685F
S31500029C209BB20AAAFBF72BFD28460DF5137DBDE86C
S31500029C30F0830223A380E8E744C103003CC103008A
S31500029C4034C1030070B500250446ADF50C7D40F223
S31500029C5019220E4605A82946049505F05EF9204606
S31500029C60134A1449019500F096FD0446E0B9124BD9
S31500029C7002AD93E8030085E8030001F0EFFD20B191
S31500029C8001F00EFE08B12C60AC80284601AA04A998
S31500029C90FBF716FB019B72684FF440711380306824
S31500029CA09BB204AAFBF7EBFC20460DF50C7D70BDBA
S31500029CB06CC1030060C1030058C103002DE9F047DF
S31500029CC00024ADF5527D804640F219220F464BA87C
S31500029CD021464A940DF1160905F01FF97C22214608
S31500029CE00BA8079489F800400A9405F016F9802318
S31500029CF04046464A46498DF81740ADF8183000F0FE
S31500029D004AFD06AE05460DF1280A002876D1D8F896
S31500029D100040ADF81A000634CDE90190009008AB78
S31500029D202C2220460DF11A01FBF7D8FA089B002BCC
S31500029D3053D1BDF82430002B4FD104232C2200939B
S31500029D40204608ABCDE901A60DF11A01FBF7C6FACA
S31500029D50089B002B41D1BDF824300DF117082F2B9B
S31500029D604FF0000308BF35802C22CDE9003802935C
S31500029D70204608AB0DF11A01FBF7B0FA089B63BB4C
S31500029D80BDF8241049BB99F800407C222BA8B6F8EE
S31500029D9000902A919DF8176005F0BFF8631E012B0B
S31500029DA031D8731E1B062ED4B6B2204600962AABB5
S31500029DB05FFA89F20AA901F035F9044648B915484D
S31500029DC0FBF7FDF92AA8314601F020FC1248FBF701
S31500029DD0F6F9A4B2ADF824400CB10123089307AA00
S31500029DE04AA908A8FBF76CFA079B7A684FF44071F8
S31500029DF0138038689BB24AAAFBF741FC28460DF548
S31500029E00527DBDE8F0872124E3E700BF88C1030045
S31500029E1080C103009343030025C203002DE9F043EA
S31500029E200024ADF5337D064640F219220D462BA8D5
S31500029E3021462A9405F071F821467C220BA8079444
S31500029E408DF817400A9405F068F8802330462D4AAB
S31500029E502D49ADF8183000F09EFC0DF117090446A5
S31500029E600AAF0DF11808002844D13668ADF81A0079
S31500029E700636CDE90190009008AB2C2230460DF152
S31500029E801A01FBF72BFA089B1BBBBDF8243003BB58
S31500029E9004232C220093304608ABCDE901780DF15C
S31500029EA01A01FBF71BFA089B9BB9BDF8243083B94C
S31500029EB09DF81700431E012B21D89DF81820F2B1F8
S31500029EC023463946009401F0ADF880B2ADF824007D
S31500029ED008B10123089307AA2AA908A8FBF7F0F9F3
S31500029EE0079B6A684FF44071138028689BB22AAABE
S31500029EF0FBF7C5FB20460DF5337DBDE8F083212037
S31500029F00E3E700BFA4C103009CC1030070B50026AD
S31500029F100446ADF50C7D40F219220D4605A83146E0
S31500029F20049604F0FAFF2046134A1449019600F0FB
S31500029F3032FC0446D8B901460290ADF80C00032063
S31500029F40FBF712F880B2ADF80C0008B101230293B8
S31500029F5001AA04A902A8FBF7B3F9019B6A684FF4A8
S31500029F604071138028689BB204AAFBF788FB20463F
S31500029F700DF50C7D70BD00BFC0C10300B8C1030062
S31500029F8070B500260446ADF50C7D40F219220D4649
S31500029F9005A83146049604F0C0FF20461E4A1F4912
S31500029FA0019600F0F8FB044608BB01460290ADF8A4
S31500029FB00C000220FAF7D8FF80B2ADF80C00D0B13F
S31500029FC00123029304A805F051FF04AB191801AA54
S31500029FD002A8FBF775F904A805F048FF6A6803466C
S31500029FE010804FF44071286804AAFBF748FB20460C
S31500029FF00DF50C7D70BD0DF10200FAF7F5FF80B28A
S3150002A000ADF80C000028DBD1BDF80220044904A8F3
S3150002A01005F0B2F9D6E700BFE8C10300E0C10300CC
S3150002A020D7C1030070B500260446ADF50C7D40F29B
S3150002A03019220D4605A83146049604F06EFF204605
S3150002A040134A1449019600F0A6FB0446D8B9014604
S3150002A0500290ADF80C000220FAF786FF80B2ADF846
S3150002A0600C0008B10123029301AA04A902A8FBF776
S3150002A07027F9019B6A684FF44071138028689BB2E6
S3150002A08004AAFBF7FCFA20460DF50C7D70BD00BF55
S3150002A09008C20300FFC1030070B500260446ADF5F1
S3150002A0A00C7D40F219220D4605A83146049604F0AD
S3150002A0B034FF2046144A1549019600F06CFB04460B
S3150002A0C0F0B90290ADF80C00F5F7B0FA1049024665
S3150002A0D004A805F051F904A805F0C8FE04AB191846
S3150002A0E001AA02A8FBF7ECF804A805F0BFFE6A680D
S3150002A0F0034610804FF44071286804AAFBF7BFFAA2
S3150002A10020460DF50C7D70BD30C2030027C2030048
S3150002A1101FC2030070B500260446ADF50C7D40F261
S3150002A12019220D4605A83146049604F0F6FE20468D
S3150002A130164A1749009600F02EFB044608BB01A9F1
S3150002A140F0F7DAFF019B1B075FBF0123029351233E
S3150002A150ADF80C30BDF80C0020B90221F1F764F815
S3150002A160FCF752FD6A4604A902A8FBF7A9F8009B70
S3150002A1706A684FF44071138028689BB204AAFBF701
S3150002A1807EFA20460DF50C7D70BD00BF4CC2030061
S3150002A19044C2030070B510220024064688B00DEBB7
S3150002A1A002000D462146039404F0B7FE3046124AD9
S3150002A1B012490194ADF8084000F0EDFA0446C0B920
S3150002A1C00F4903A805F011F903A805F04FFE03ABEA
S3150002A1D019186A46009001A8FBF772F8009B6A6894
S3150002A1E006339BB213804FF44071286803AAFBF72B
S3150002A1F046FA204608B070BD74C2030063C203006B
S3150002A2006BC203002DE9F04100240546A8B0602286
S3150002A2100F4610A821460F9404F07FFE1222214613
S3150002A2200AA8099404F079FE2846404A4049059452
S3150002A23000F0B1FA064600285BD10323D5F8008068
S3150002A2400790ADF820004046ADF8123005F00EFE3C
S3150002A25085B2BDF8123018F80300FBF70BFABDF809
S3150002A260124008B1AC4248D3AC424FF0000552D07E
S3150002A27006AB019302232C2200934046029507ABBC
S3150002A2800DF11201FBF72AF800283AD101210698AE
S3150002A290FAF7EEF80446079DB5B9631C41D00121D1
S3150002A2A02046FAF737F80123024609A92046FAF7AB
S3150002A2B003F801232A46204609A9FAF7A5F81D49FB
S3150002A2C009AA0FA805F058F80FA805F0CFFD0FABA5
S3150002A2D0191805AA07A8FAF7F3FF0FA805F0C6FD95
S3150002A2E07A68034610804FF4407138680FAAFBF76C
S3150002A2F0C6F9304628B0BDE8F0810134ADF8124007
S3150002A300A7E708EB040001F0C1F80123079320B187
S3150002A3103023ADF820302C46BDE70523ADF82030BA
S3150002A320B8E7054909A805F060F8C8E794C2030032
S3150002A33088C203008CC203009CCA03002DE9F04FB9
S3150002A340602200240646B1B00DEB02000D462146FE
S3150002A350179404F0E2FD2146102213A8129404F089
S3150002A360DCFD3046AF4AB049CDE909441094ADF858
S3150002A370444000F010FA0446002840F0A4814FF051
S3150002A380030AD6F8009019F80A00FBF773F910B120
S3150002A390B388534527D8306805F068FD00264FF08C
S3150002A3A0020B0BAF80463D22484602960197CDF836
S3150002A3B000B010AB08A9ADF820A0FAF78FFFB8B12C
S3150002A3C03F224846CDE90176CDF800B010AB08A988
S3150002A3D0ADF820A0FAF782FF50B1012310930523AE
S3150002A3E0ADF8443016E00AF1010A1FFA8AFACAE702
S3150002A3F01099002938D10B980591FAF739F8411CC2
S3150002A4000646059902D101231093E9E7F9F7F4FE0E
S3150002A4100B28F8D0109B002B40F0F5801A461946FF
S3150002A420BDF82070DFF80CA2013FBFB21FFA88FC0C
S3150002A430ADF8207009EB070E674517D3012A33D111
S3150002A440002B00F00581012B30D179B30021304673
S3150002A4500CAAF9F799FF014678B32D230126ADF828
S3150002A46044301096012305E10026D3E71EF8010BBE
S3150002A4703D2813D03F2804D1012B08BF0121013208
S3150002A48092B210F80AB01BF0440F01D12D2808D160
S3150002A490012B40F0D780012A25D1D7E701339BB2A1
S3150002A4A0EFE70137BFB2C7E7012B19D0012310939B
S3150002A4B00523ADF844300323DCE030460EAAF9F753
S3150002A4C077FF06460028C8D10E9B0C9A574912A858
S3150002A4D004F052FF12A805F0C9FC33460990BEE704
S3150002A4E00029E3D000270123002130468DF81F30D2
S3150002A4F0F9F782FE82461FFA88F2D21B09EB0701A0
S3150002A50012A804F0E3FC0AF1FF30062877D8DFE848
S3150002A51000F004364657762566009DF8483001213C
S3150002A520A3F13102534253418DF81E3000230193A9
S3150002A5300DF11F03009304230DF11E023046F9F7B5
S3150002A54066FE00285DD002280CBF0E2302230120DE
S3150002A5509BB2ADF84430109002238BE00A22002110
S3150002A56012A805F059FD002301930DF11F03009374
S3150002A570062104238DF81D000DF11D02DEE70A22D5
S3150002A580002112A805F048FD002301930DF11F03D7
S3150002A5900093022104238DF81C0007AACEE70A22A3
S3150002A5A0002112A805F038FD002301930DF11F03C7
S3150002A5B0009303210423ADF822000DF12202BDE728
S3150002A5C00A22002112A805F027FD002301930DF1AE
S3150002A5D01F03009304230E9019460EAAAEE70A2221
S3150002A5E0002112A805F018FD002301930DF11F03A7
S3150002A5F0009307210423ADF830000CAA9EE702233C
S3150002A600A5E70346A5E70123109352E7022B50D193
S3150002A6100749304604F0D0FE304605F027FC0A9082
S3150002A62047E000BFB8C20300A8C20300ACC20300E1
S3150002A6308CBC03009EC4030031460AAA10A8FAF78E
S3150002A6403FFE36E0012A7FF431AF002B7FF42EAFB6
S3150002A65000213046F9F75EFE00230246099012A950
S3150002A6603046F9F729FE0023304609AA12A9F9F75E
S3150002A670CBFE0023109A17AE002ADDD1012BC5D8D6
S3150002A6801349304604F0B1FE099F12A93A460DF16C
S3150002A6905D0004F01BFC0D230A217A1CB354BA1C7C
S3150002A6A0B1540C49FA1C0988B1527A1D0637B354C3
S3150002A6B00A970A9B6A684FF44071138028683246EB
S3150002A6C09BB2FAF7DCFF204631B0BDE8F08F00BF3F
S3150002A6D093430300AD3B030010B5054A054900F05C
S3150002A6E05AF8044610B9022000F084FA204610BD3A
S3150002A6F0D0C20300CCC2030003788B420DD8407847
S3150002A70081420CD820B182422CBF302000207047F3
S3150002A710002A0CBF0020052070472F2070473020EA
S3150002A7207047022310B50144884201D0022B01D0A2
S3150002A730184610BD10F8014B944208BF0023F3E7F8
S3150002A740436813B5044623B9E3689BB9002002B0F7
S3150002A75010BD01220DF1060100230F20F9F7ACFD11
S3150002A7609DF80620217A6068FFF7DBFF0028EBD010
S3150002A7705820ECE701220DF1070100230E20F9F71C
S3150002A7809BFD9DF80720217CE068FFF7CAFF0028A1
S3150002A790DCD00E20DBE72DE9FF4100238DF80E30D9
S3150002A7A08DF80F3013880746046888461646084611
S3150002A7B0002B40D105F05AFB41460246054620468B
S3150002A7C005F05CFB0446002841D1BB88ADB2AB4222
S3150002A7D000D93CB3B378E3B904BB404605F046FB67
S3150002A7E03D680446284605F041FB0DF10F03011BA7
S3150002A7F0009328192C220DF10E03FAF7B3FE044634
S3150002A80060B930469DF80F209DF80E10FFF774FFD1
S3150002A81004461CB93046FFF793FF0446204604B0AF
S3150002A820BDE8F0813B68585DFAF724FF002808BFAF
S3150002A83005240135C9E705F019FB414602462046C3
S3150002A84005F01CFB002814BF0F240024C2E70F24C6
S3150002A850C0E7000030B589B0CDE9022382785F4BAC
S3150002A8600090D35CADF8041003F00303012B08BF7C
S3150002A8702032D3B22B2B25DC12F0E00F04D1002BB1
S3150002A88000F09C800F205EE0203B0B2BFAD801A241
S3150002A89052F823F0BDA9020085A8020085A802008D
S3150002A8A085A8020085A802009FA9020081A90200CC
S3150002A8B085A8020085A8020085A8020085A80200D4
S3150002A8C065A90200732B22D011DC642B2DD0692BD3
S3150002A8D0D8D1434C434DAC422346D3D068461B687D
S3150002A8E002A998470F2804F10404F4D02AE07A2B2F
S3150002A8F0C8D13D4C3D4DAC422346C3D068461B6889
S3150002A90002A998470F2804F10404F4D01AE0384C3F
S3150002A910384DAC422346B5D068461B6802A9984713
S3150002A9200F2804F10404F4D00CE0334C334DAC424E
S3150002A9302346A7D068461B6802A998470F2804F148
S3150002A9400404F4D060B104A9FAF7B8FE04A805F02D
S3150002A9508DFA2B4B024604A91868F7F77BFF0120F4
S3150002A96009B030BD274C284DAC4223468AD06846F2
S3150002A9701B6802A998470F2804F10404F4D0E1E702
S3150002A980224C234DAC4223463FF47CAF68461B68FB
S3150002A99002A998470F2804F10404F3D0D2E71D4C0C
S3150002A9A01D4DAC4223463FF46DAF68461B6802A9B3
S3150002A9B098470F2804F10404F3D0C3E7174C184D47
S3150002A9C0AC4223463FF45EAF68461B6802A998472D
S3150002A9D00F2804F10404F3D0B4E700BF9EC40300B9
S3150002A9E0C4CA0300C8CA0300CCCA0300D0CA030003
S3150002A9F0C8CA0300CCCA0300CCCA0300CCCA0300EF
S3150002AA0064110020DCCA030078CB0300D4CA030019
S3150002AA10DCCA0300D0CA0300D4CA0300C0CA0300BA
S3150002AA20C4CA030013B50024012223460F200DF1E8
S3150002AA3006018DF80740F9F73FFC9DF80630032B17
S3150002AA4006D023460122A4200DF10701F9F734FCB2
S3150002AA509DF8071000208B1E59425941F0F794FDCC
S3150002AA609DF8071000204A1E51425141F0F77EFD23
S3150002AA7002B010BDF0B5044693B0002301220DF1D9
S3150002AA800501A420F9F718FC002301220F200DF17D
S3150002AA900601F9F711FC1CB1022C5ED013B0F0BD11
S3150002AAA09DF80630032B03D12046F0F75AFDF5E751
S3150002AAB09DF80550012DF1D102A920460AAE02AF3A
S3150002AAC0F0F75CFD0FCF0FC63B682A4633600DF1E7
S3150002AAD016012346AA20F9F7EFFB23462A460DF173
S3150002AAE01501AD20F9F7E8FB23462A463946AB2085
S3150002AAF0F9F7E2FB2346042203A9A620F9F7DCFBB9
S3150002AB0023462A4604A9A720F9F7D6FB23460422A0
S3150002AB1002A9A820F9F7D0FB23462A460DF1070120
S3150002AB20A920F9F7C9FB9DF807300DF11701012B92
S3150002AB3094BF002301232A468DF81430AC20234605
S3150002AB40F9F7BAFB204602A9F0F7F3FC0028A5D0D4
S3150002AB5020460AA9F0F7EDFCA0E79DF80530022B86
S3150002AB609CD102A900200AAC02ADF0F729FD0FCD57
S3150002AB700FC495E80F0084E80F000023012202A902
S3150002AB80A520F9F799FB0023042207A9A620F9F7C5
S3150002AB9093FB0023012208A9A720F9F78DFB0023C6
S3150002ABA004222946A820F9F787FB09A900230122D6
S3150002ABB0A920F9F781FB002002A9F0F7EDFC002895
S3150002ABC03FF46CAF0AA90020F0F7E6FC66E7000046
S3150002ABD0BFF34F8F0549064BCA6802F4E06213437E
S3150002ABE0CB60BFF34F8F00BFFDE700BF00ED00E073
S3150002ABF00400FA0508B5024B1880FFF7E9FF00BF0B
S3150002AC00187B0020112208B5014B1A80FFF7E0FFDE
S3150002AC10187B0020122208B5014B1A80FFF7D8FFD5
S3150002AC20187B0020132208B5014B1A80FFF7D0FFCC
S3150002AC30187B00207FB5F7F733FA00250646012474
S3150002AC40ADF80C50ADF80E40F7F724FAF3073FD4EF
S3150002AC50B50718D50423ADF80E300025012603AA40
S3150002AC6002230321CDE900560620F9F7D0FA022382
S3150002AC700321CDE900560DF10E020720F9F7C7FAB6
S3150002AC80204604B070BD300701D50623E3E7B106BE
S3150002AC9001D50523DFE7320606D50323ADF80E30CC
S3150002ACA02123ADF80C30D8E7F30504D50323ADF81C
S3150002ACB00E302223F5E716F0400005D00223ADF848
S3150002ACC00E30044B1B88ECE70446ADF80E00C4E7D1
S3150002ACD02C46C2E7187B002008B5164B1B68C3F347
S3150002ACE00743012B0ED1144B04205A6E4FF48023D6
S3150002ACF01249520358BF124A4B6601F510410862C7
S3150002AD0058BF5366F7F7ACFCF7F768FCF7F788FC11
S3150002AD10F7F7C4FCF7F78CFCF2F7F9FEF7F76EFCCF
S3150002AD20F3F7C6F9F4F704F8F8F766FABDE808404F
S3150002AD30F4F74EBC0080E00F0080005000900050F7
S3150002AD4000A0005008B5F2F709FFF3F7A3FFBDE82C
S3150002AD50084000F05DB808B5F8F7CCFEF7F7A0FC9E
S3150002AD60BDE80840F7F758BF70477047704770470D
S3150002AD707047704700F03CB870B5194C9AB0002382
S3150002AD80042202A9052007ADF9F796FA0FCC0FC5E2
S3150002AD9094E80F0085E80F00029B04F110060FAD40
S3150002ADA009930FCE0FC50FCE0FC596E807003C34A8
S3150002ADB085E8070094E80F0003AD85E80F00094B0C
S3150002ADC02946009308480FAB07AAF7F7CDFD0446BC
S3150002ADD018B172210548F3F712FA20461AB070BD6F
S3150002ADE020C303009478002014790020E4C20300F3
S3150002ADF0FFF7C2BF014B1868F7F7B0BE14790020FF
S3150002AE00FFF7F8BF014B1A6A186810471479002039
S3150002AE10024B03491868F4F79BB900BF8C11002056
S3150002AE206C11002010B5044C237813B10348F4F7D3
S3150002AE30BDFA0023237010BD387A0020B8790020AD
S3150002AE4038B50D460446D8B101281CD002281CD0BC
S3150002AE50032803D10F23EB40DB0704D440F22D4134
S3150002AE600B48F3F7CCF93020012141F21003444399
S3150002AE7004F1A04401FA05F504F57034E55038BD35
S3150002AE8040F2FF13E7E71F23E5E7FF23E3E700BFEF
S3150002AE90CC700300012838B503D002282AD002203C
S3150002AEA027E01C4B1A79002AF9D01B4B13F81240E3
S3150002AEB003EB42035D7839BBFCB1012C20D0022C96
S3150002AEC020D0032C03D10F23EB40DB0704D440F23E
S3150002AED0FE311248F3F793F90123302003FA05F500
S3150002AEE042F21003604300F1A04000F57030C550F5
S3150002AEF0002038BD074B5A79D5E740F2FF13E3E746
S3150002AF001F23E1E7FF23DFE729462046FFF798FFE5
S3150002AF10EEE700BF387A002040780300CC700300C9
S3150002AF2013B5044601213A20F4F7CCFE094B13F877
S3150002AF30140003EB44035978CDE90001FFF780FFC3
S3150002AF40DDE900010123042202B0BDE81040F6F754
S3150002AF5045B900BF407803000022034B1A705A70AD
S3150002AF60DA701A715A717047387A002070B5044641
S3150002AF700D46FAF7EBFE90F90430002B0CDAFFF7D8
S3150002AF8051FF0022264B5A702E0628D5244B58789C
S3150002AF90002843D15C7070BD437913F0010605D0D9
S3150002AFA0FFF740FF00221E4B9A70EDE713F00201F5
S3150002AFB004D0FFF737FF1A4BDE70E5E713F0040201
S3150002AFC007D0174B19715B79002BDDD1FFF72AFFEA
S3150002AFD0DAE71B07D8D5124B5A711B79F4E7E80555
S3150002AFE0C5F3072304D50E4B9878B8B99C70D2E7FF
S3150002AFF0990704D50A4BD87880B9DC70CBE75A0793
S3150002B00004D5074B187948B91C71C4E713F0080038
S3150002B010C1D0034B587908B95C71BCE74820BAE73E
S3150002B020387A00202DE9F84F2DED028B1E462E4B65
S3150002B03008EE100A1B7889461546BDF83070002BBB
S3150002B0404FD00021FFF726FF04460A20F9F716F82B
S3150002B05064BBD5B37FB3EB191FFA83F8B8F1FF0FC0
S3150002B0603DD8FAF741FB21464246824603F055FF98
S3150002B070FAF73EFB83462146424603F04EFF2A4636
S3150002B0804946584603F022FF524659464346174858
S3150002B090F4F706FA3A4604460AEB0501304603F08F
S3150002B0A015FF012118EE100AFFF7F4FEBDEC028B24
S3150002B0B02046BDE8F88FB9F1000FF2D02A4649467C
S3150002B0C00A48F4F713FA0446EBE7002FE9D0002EFC
S3150002B0D0E7D03A4631460548F4F7C6F9F3E70224C3
S3150002B0E0DFE70E24E2E700BF387A0020B8790020B5
S3150002B0F0012808B503D0022810D0042008BD094B48
S3150002B10018790028F9D0FAF721FE0028F5D043680D
S3150002B11013F4786FF1D0007B4009EFE7014B5879C1
S3150002B120EFE700BF387A002070B52F4C88B06378FD
S3150002B1302578002B50D0A378002B4DD0E378002B36
S3150002B1404AD022796379134346D0002D42D1012099
S3150002B150FFF7CEFF294606461C2201A803F0DDFEB4
S3150002B160224BA1780093224B8DF81A6013F8112016
S3150002B17003EB41018DF804206278497813F8120036
S3150002B18003EB42028DF80500E078527813F810506E
S3150002B19003EB40035B788DF809208DF80A3008230B
S3150002B1A0144A2079CDE9032301238DF806508DF840
S3150002B1B008108DF819308DF81B3008B1FFF7B0FE74
S3150002B1C0607908B1FFF7ACFE69460B48F3F7C0FF9A
S3150002B1D00123237008B070BD002DFBD008B0BDE876
S3150002B1E07040FFF71FBE00BF387A002000C005502E
S3150002B1F04078030040420F00B8790020002307B5CB
S3150002B200012218460DF107018DF80730F9F754F8B7
S3150002B2109DF80700003818BF012003B05DF804FB53
S3150002B22008B5FFF7EBFF18B1BDE80840FBF702BD12
S3150002B23008BD30B50131C418914201D3D01A30BDD0
S3150002B240655C45540131F7E72DE9F7430D4604469F
S3150002B25000287CD1204603B0BDE8F083A35DA71980
S3150002B2605C2B06F101083BD114F80830722B2BD067
S3150002B27014F808306E2B0BD10A233B70314601239A
S3150002B28020462A68FFF7D5FF28603B785C2B27D13A
S3150002B29014F80830742B0BD109233B703146012375
S3150002B2A020462A68FFF7C5FF28603B785C2B17D13A
S3150002B2B014F808305C2B21D10123314620462A6836
S3150002B2C0FFF7B7FF28600BE00D233B7031460123E1
S3150002B2D020462A68FFF7ADFF28603B785C2BC7D073
S3150002B2E03B78222B0AD114F80830222B2DD10123C8
S3150002B2F0314620462A68FFF79CFF28603B785C2B84
S3150002B30023D114F8082012F8093013F0440F1CD088
S3150002B310BB7813F8091011F0440F16D000218DF8EE
S3150002B320042001A810228DF8053004F075FE38704D
S3150002B3300223314620462A68FFF77BFF28602B68E6
S3150002B340B3428BD80022E25484E74646F7E700264A
S3150002B350DFF80490F3E700BF9EC4030070B500B1A6
S3150002B360A2B970BD055DA5F13006092E04D925F0F6
S3150002B3702006413E192E01D8D554013301340D68F9
S3150002B380A542EFD80B600021D154EAE700231C4600
S3150002B390F5E700002DE9F341044650B304F066FDDB
S3150002B3A026460546DFF85080371BBD42F8B220D943
S3150002B3B0327812F8083013F0440F18D0737813F865
S3150002B3C0081011F0440F12D000218DF8042001A8B4
S3150002B3D010228DF8053004F01FFE2A4606F8010BEE
S3150002B3E0012339462046FFF724FF0546DCE7002302
S3150002B3F0337002B0BDE8F0819EC40300F0B50024AC
S3150002B40001F1010C944200D3F0BD0B5DA3F161057D
S3150002B410052D1BD9A3F14105052D94BF37253025EE
S3150002B4205B1B1B016608DBB283551CF80450A5F1B1
S3150002B4306107052F0CD9A5F14107052F94BF3727C0
S3150002B44030272B44DB1B83550234DBE75725E7E71E
S3150002B4505727F6E70549421E12F8013F0BB90120AC
S3150002B46003E05B5C13F00400F6D170479EC4030050
S3150002B4700549421E12F8013F0BB9012003E05B5C4D
S3150002B48013F04400F6D170479EC4030010B5074C72
S3150002B490421E12F8011F09B9012005E00B5D13F0E7
S3150002B4A00400F6D12D29F4D010BD00BF9EC40300BE
S3150002B4B0044B0A0901F00F019A5C5B5C027043704F
S3150002B4C0704700BF7FC30300F0B40B461646C0B9EF
S3150002B4D0F0BC0146184603F020BD055D2C093C5D13
S3150002B4E005F00F059C544C007A5D013CE4B21A55F6
S3150002B4F0CCB24A00B442D2B201F10101EDD3F0BCA2
S3150002B50070470021004FF3E77FC303002DE9F041A6
S3150002B51080460F4615461E4603F05DFF48B1384683
S3150002B52004F0A4FC04464FF0FF30361B2118AE424D
S3150002B53013DCBDE8F0810133A3420CDA18F802E00D
S3150002B54017F803C0E64506D1994202F10102F2D18B
S3150002B550944205D0101B0135E9E72A460023EBE7A2
S3150002B5602046F8E770B50C461546064658B104F073
S3150002B5707DFCA042B8BF002431462246284604F08C
S3150002B580B3FC00232B5570BD70B504460546094E23
S3150002B590204604F06BFC2B1B984200D870BD2B781A
S3150002B5A09A5D02F00302012A08BF203305F8013B27
S3150002B5B0EEE700BF9EC4030038B504460D4604F00C
S3150002B5C055FC2346291BCA18904200DA38BD5A5D3B
S3150002B5D003F8012BF7E738B50C46054604F046FC9E
S3150002B5E0A042B4BF4FF0FF30285D38BD38B50546DE
S3150002B5F00C46FFF7F0FF202805D921462846BDE86C
S3150002B6003840FFF7D9BF0134285DF4E7F7B50446A1
S3150002B6100027094E4518AC4201D103B0F0BD33886C
S3150002B62014F8011B01A8ADF804308DF80670FFF777
S3150002B6303FFFF9F7C4FDEEE77CC30300032807B515
S3150002B640024609D100230146CDE900330120F5F770
S3150002B6504BFD0122024B1A7003B05DF804FB00BFDA
S3150002B6603F7A00200422014B1A64704700D003502F
S3150002B6701E4B37B51B88632B35D91D4C23780BBB64
S3150002B6804FF4FA60F8F7FAFC1A4B1A6C900402D4DB
S3150002B6901A6C9106F9D5184B00211B689A6918682D
S3150002B6A090470A22134B1A63DA6C12F0500FFBD141
S3150002B6B01A6C9207FCD10125104B11485D60F8F710
S3150002B6C053FA257003200F49F3F7FCFA01200322EF
S3150002B6D000231146CDE90000F5F706FD03B0BDE8EB
S3150002B6E03040FFF7BFBF03B030BD00BF5C7A002019
S3150002B6F05E7A00200000035A681100200020035AD7
S3150002B700607A00203DB602001FB50446084603A92A
S3150002B710F8F7F6FA034630B9CDE90000034A2046A7
S3150002B7200399F8F749FA04B010BD00BF71B60200DA
S3150002B73008B50222002304210120F5F74FFD00235C
S3150002B740042202210120F5F749FD002302220320EB
S3150002B7500349F8F7B1FDBDE80840FFF783BF00BF14
S3150002B7605C7A0020F0B52D4D87B02B88632B07D964
S3150002B7700023032201201146CDE90033F5F7B4FC7C
S3150002B780274E337843B30121264A274B51600522BF
S3150002B7901A63DA6C12F0280FFBD11A6C9207FCD0EE
S3150002B7A0FAF794FB04464FF4FA60F8F767FC27466B
S3150002B7B0FAF78CFBB8420446F5D82FB10A2103A842
S3150002B7C0FAF7C6FB0028F9D1184B01211B689A69C2
S3150002B7D01868904700233370FFF744FF2B88632BCA
S3150002B7E00CD913480DF10B01F8F700FA9DF80B304E
S3150002B7F028882BB101460E48FFF786FF07B0F0BD39
S3150002B80003A9F8F77DFA03460028F7D1CDE900002F
S3150002B810084A03990648F8F705FAEFE75C7A00202A
S3150002B8205E7A00200010035A0000035A68110020B5
S3150002B830607A002071B60200054B1B7833B9054BBE
S3150002B8401988632902D90448FFF75EBF704700BF13
S3150002B8503E7A00205C7A0020607A0020034B18882A
S3150002B860632894BF00200120704700BF5C7A002045
S3150002B870054B1B88632B04D9044B1B780BB1FBF7D2
S3150002B8801DBC0020704700BF5C7A00205E7A002053
S3150002B890024B187808B100221A7070473F7A0020CE
S3150002B8A013B5FFF7DBFF18B90024204602B010BD1E
S3150002B8B0FBF704FC04460028F6D00122094B1A7055
S3150002B8C0094B1B88632BF0D908480DF10701F8F7DD
S3150002B8D08DF99DF80730002BE7D00448F8F744F9B4
S3150002B8E0E3E700BF3E7A00205C7A0020607A0020FF
S3150002B8F01FB5114B1A786AB1002210480DF10B01DF
S3150002B9001A70F8F773F99DF80B3033B101210B4821
S3150002B910FFF7FAFE05B05DF804FB012003A9F8F76C
S3150002B920EFF903460028F5D1CDE90000044A039950
S3150002B9300248F8F777F9EDE73E7A0020407A0020D0
S3150002B94071B60200014B93F9000070477C7A002021
S3150002B95001230B70704701230B70704738B50D46F3
S3150002B9601446FFF7EFFF2B78184442B2113000F06D
S3150002B970FF00202813D80C4902F1110303EB8303BD
S3150002B980A271CA18CB5C6371D378A3709378637083
S3150002B990537823701379E3700023237138BD002393
S3150002B9A0A2711B78FFDE00BF90C30300012008705E
S3150002B9B0022111704FF4A0721A607047704700237B
S3150002B9C00B70704738230B707047704710B50C4CDC
S3150002B9D0217829B1072000F027F90128FAD010BDF5
S3150002B9E0092000F00FF9072000F01EF90128FAD00D
S3150002B9F00121092000F006F901232370EFE700BFB9
S3150002BA0090110020F8B50D4616461C46FFF7DEFFDC
S3150002BA100021092000F0F6F82F462E44B7420FD136
S3150002BA20BDF818602644B44210D10121092000F065
S3150002BA30E9F82B78842B0FD0FFF7C8FF0020F8BD5A
S3150002BA4017F8011B012000F019FAE7E714F8011BA9
S3150002BA50012000F013FAE6E70022014B1A70EDE727
S3150002BA609011002070B50D4616461C46FFF7AEFF34
S3150002BA700021092000F0C6F82E44B5420AD1BDF8CD
S3150002BA8010502544AC420BD10121092000F0BAF82E
S3150002BA90002070BD15F8011B012000F0EFF9ECE75C
S3150002BAA00021012000F0EAF904F8010BEAE70000A0
S3150002BAB008B50021062000F0A5F841F2883000F012
S3150002BAC055F90121062000F09DF841F2883000F078
S3150002BAD04DF90122014B00201A7008BD9011002079
S3150002BAE008B5FFF773FF002008BD704738B50D464D
S3150002BAF00446D8B101281CD002281CD0032803D141
S3150002BB000F23EB40DB0704D440F22D410B48F2F73A
S3150002BB1076FB3020012141F21003444304F1A04494
S3150002BB2001FA05F504F57034E55038BD40F2FF130D
S3150002BB30E7E71F23E5E7FF23E3E700BFCC70030037
S3150002BB4038B50D460446D8B101281CD002281CD0AF
S3150002BB50032803D10F23EB40DB0704D440F2FE3166
S3150002BB600B48F2F74CFB3020012142F2100344430A
S3150002BB7004F1A04401FA05F504F57034E55038BD28
S3150002BB8040F2FF13E7E71F23E5E7FF23E3E700BFE2
S3150002BB90CC700300082803DC00230B70106070478A
S3150002BBA00D2803DC012309380B70F7E7152803DC9F
S3150002BBB002230E380B70F1E71928F0DC032316383E
S3150002BBC00B70EBE738B183682BB10388024A03F0A6
S3150002BBD00F0342F823007047807A00204FF000726C
S3150002BBE0014B1A60704700BF00E100E04FF000729F
S3150002BBF0034BC3F88020BFF34F8FBFF36F8F70479D
S3150002BC0000E100E013B50C4601AA0DF10301FFF7AE
S3150002BC10C1FF9DF8030001991CB1FFF767FF02B04F
S3150002BC2010BDFFF78DFFFAE737B501AA0DF1030143
S3150002BC30FFF7B0FF9DF80340019DE4B1012C1DD032
S3150002BC40022C1DD0032C03D10F22EA40D30704D4C1
S3150002BC5040F2CF310B48F2F7D2FA1422302313FB0B
S3150002BC60042303F1A04303F570331868E84000F09B
S3150002BC70010003B030BD40F2FF12E6E71F22E4E7FF
S3150002BC80FF22E2E7CC70030070470000044B53F832
S3150002BC9020301BB19A680AB158681047704700BF36
S3150002BCA0807A0020024630B50F4B85B018681B79A2
S3150002BCB002908DF80C3048680C4B09685860196080
S3150002BCC0104601A9F8F71CF84FF0B044A36A1B0707
S3150002BCD0FCD4012002A9256AF6F7F0F9019B1D445E
S3150002BCE0256405B030BD00BF35C40300C07A00200C
S3150002BCF007B5084B694618681B7900908DF8043021
S3150002BD00002301208DF80030F6F7D8F903B05DF86C
S3150002BD1004FB00BF35C403004FF0B042936943F001
S3150002BD20400393614FF48052024BC3F880211A609C
S3150002BD30704700BF00E100E0FFF7EEBF4FF480520C
S3150002BD40034BC3F88020BFF34F8FBFF36F8F70474B
S3150002BD5000E100E04022034B5A61034BD3E90002A3
S3150002BD60104700BF00200058C07A002080B485B07A
S3150002BD7000AF78607B684FF47A7202FB03F30C4AD9
S3150002BD8082FB03129210DB17D31ABB600023FB60FF
S3150002BD9003E000BFFB680133FB60FA68BB689A42A6
S3150002BDA0F7D300BF00BF1437BD465DF8047B70476A
S3150002BDB0B975790772B6704762B6704708B500F072
S3150002BDC033F8BDE80840FFF7B7BF000072B6BFF30D
S3150002BDD04F8F0549054BCA6802F4E0621343CB60F4
S3150002BDE0BFF34F8F00BFFDE700ED00E00400FA0548
S3150002BDF0884238B504460D460AD803F077F9034659
S3150002BE00681C001BB3FBF0F101FB1033181938BD97
S3150002BE1003F06CF9641B01340346B0FBF4F000FB3B
S3150002BE2014335819F3E7000007B508213E20F4F74A
S3150002BE3009FA01213E20F3F745FF074B18689B8854
S3150002BE400090ADF80430002368468DF80430F6F70A
S3150002BE5059F903B05DF804FB3AC403004FF0B0434E
S3150002BE609A6A1207FCD4186AF7F768BF08B5FFF793
S3150002BE70F5FF4FF47A73B0FBF3F008BD07B5084837
S3150002BE808DF8061001230DF107020DF10601006877
S3150002BE90F3F706FB9DF8070003B05DF804FB00BF4D
S3150002BEA08C1100200FB407B504A951F8040B0191B7
S3150002BEB004F0D0FA03B05DF804EB04B070477047A3
S3150002BEC007B5002301220E200DF10701F8F7F4F958
S3150002BED0002804DB9DF807300BB9F8F77DFAFFF767
S3150002BEE075FF03B05DF804FBFFF7E9BFFFF7BEBFBE
S3150002BEF0FFF7B4BF07B5CDE900216946FFF7D2FEC9
S3150002BF0003B05DF804FBFFF7F3BE08B5FFF76EFE5C
S3150002BF10BDE80840FFF712BF08B5FFF75FFEBDE8B0
S3150002BF200840FFF7F9BE000030B514460D461A4622
S3150002BF3091B00C2800F25081DFE810F00D001F00CE
S3150002BF402100910099004E011E012A01300136019D
S3150002BF503C014201480184B100230122211D242013
S3150002BF60F8F7AAF90023042221463B20F8F7A4F9A0
S3150002BF700C212046E1F756FBE06011B030BD0025EA
S3150002BF80CDE90855CDE904550A958DF80650002CE1
S3150002BF90F3D002222B46A1183A20F8F78DF92B4648
S3150002BFA00C223C2008A9F8F787F9A84204DB0C22E8
S3150002BFB008A9201DFFF722FA0023012204F10A0133
S3150002BFC06D20F8F779F90023012217200DF10601F9
S3150002BFD0F8F772F9002804DB9DF80600FBF738FA39
S3150002BFE0E0720023012204F10C011D20F8F764F926
S3150002BFF00023012204F10D01A320F8F75DF90023C5
S3150002C000012202A90E20F8F757F9002301220F2078
S3150002C0100DF10701F8F750F99DF80730032B17BF0A
S3150002C0209DF808300123B3FA83F35B098DF80830D3
S3150002C030A37373B10023082204A96A20F8F73CF916
S3150002C040082204A904F11000FFF7D8F923691BBAE4
S3150002C050236178212046E1F7E5FAA0678DE72146BC
S3150002C0606348284411B0BDE83040FFF73EBD0023C7
S3150002C0708DF80730002C80D0102208200DEB02012B
S3150002C080F8F71AF91028024603D1204604A9FFF749
S3150002C090B5F9102200230DEB02010920F8F70CF97D
S3150002C0A01028024604D104A904F10800FFF7A6F9F4
S3150002C0B0082200230DEB02014720F8F7FDF80828B5
S3150002C0C0024604D104A904F11000FFF797F92022D1
S3150002C0D0002307200DEB0201F8F7EEF820280546AB
S3150002C0E010D1012100200DF10702F0F76BFE48B9CD
S3150002C0F011239DF807002A4603FB004008A91530C4
S3150002C100FFF77CF9202200236B200DEB0201F8F7E2
S3150002C110D3F82028054610D1062100200DF107028A
S3150002C120F0F750FE48B911239DF807002A4603FB93
S3150002C130004008A91530FFF761F9202200236C2080
S3150002C1400DEB0201F8F7B8F8202805467FF415AF83
S3150002C150072100200DF10702F0F734FE00287FF4D4
S3150002C1600CAF11229DF8070008A902FB00402A46DF
S3150002C1701530FFF743F900E700230422922004F169
S3150002C1802401F8F799F800287FF4F7AE6062F4E626
S3150002C190204611B0BDE83040F8F7A9BA204611B0E2
S3150002C1A0BDE83040F8F7E7BA204611B0BDE83040A6
S3150002C1B0F8F727BB204611B0BDE83040F8F777BB49
S3150002C1C0204611B0BDE83040F8F7B5BB204611B0A5
S3150002C1D0BDE83040F8F7F7BB06490748FFF762FEAD
S3150002C1E00648FFF75FFE11B0BDE83040FFF7EEBD2F
S3150002C1F0EFBEADDE77C4030040C403004EC40300A5
S3150002C2002DE9F0431446A9B00C2800F20281DFE8BA
S3150002C21010F00D0022002500220046000001A800B1
S3150002C220B200C700D100E000F000FA009AB1002681
S3150002C23018AD012302210432242001960095F7F756
S3150002C240E6FF0423224619463B20CDE90056F7F7BE
S3150002C250DEFFF8F7C1F829B0BDE8F083002AFAD06C
S3150002C2600223002610AD1A4403213A2001960095B6
S3150002C270F7F7CDFF0C2218A9201DFFF725F90C238D
S3150002C2800B2118AA3C20CDE90056F7F7C0FF01237F
S3150002C2906D201946CDE9005604F10A02D7E70025BA
S3150002C2A01C22294609A8089502F037FE3C22294697
S3150002C2B019A8189502F031FE1C22294611A81095DC
S3150002C2C002F02BFECDE90455CDE90655002CC0D06F
S3150002C2D0042204A904F110000DF10F06FFF7F4F889
S3150002C2E008230B2147200195009604AAF7F78FFF32
S3150002C2F049270DF1210904F1260818F8013C4046A8
S3150002C300102210A909F8013BFFF7DEF83846202370
S3150002C3100B21CDE9006510AA0137F7F778FF622FE6
S3150002C32008F11108E9D1202218A90DEB0200FFF746
S3150002C330CBF820230B2118AA5F20CDE90065F7F779
S3150002C34066FF20230B2120AA6020CDE90065F7F7BE
S3150002C3505EFF042361201946CDE9006504F5E87203
S3150002C36075E70023CDE900330423243219469220CF
S3150002C370F7F74DFF6FE792F84E337BB1137B8DF8DB
S3150002C3806230A37B18A88DF86130E37B8DF86330A9
S3150002C39001238DF86030F8F77CF95CE7537BEEE712
S3150002C3A0136A18A88DF8613001238DF86030F8F70A
S3150002C3B0C6F950E7137E18A88DF86130937C8DF884
S3150002C3C062305369199301238DF86030F8F7EBF95F
S3150002C3D041E7E37E927E8DF862300123217F18A821
S3150002C3E08DF863108DF861208DF86030F8F731FA18
S3150002C3F031E7537E18A88DF8613001238DF860303D
S3150002C400F8F77DFA27E7104629B0BDE8F043F8F7BA
S3150002C410AABA06490648FFF745FD0648FFF742FD58
S3150002C42029B0BDE8F043FFF7D1BC00BF5AC40300F0
S3150002C43040C403004EC4030010B5F229074C28BFBE
S3150002C440F2212346217013F8012B0146184602F009
S3150002C4503DFD012384F8F33010BD00BF1A7B002096
S3150002C460014B93F8F30070471A7B00200CB470B5A9
S3150002C4700D460021C6B04AAC0390FB2207A854F829
S3150002C480046B069102F049FD039B0095FF210C4ABD
S3150002C49006A802F03DFF06AB22463146C5B253FA64
S3150002C4A080F0059404F004F82844C1B206A8FFF708
S3150002C4B0C3FFFFF705FD46B0BDE8704002B0704706
S3150002C4C052C40300FFF794BC13B505240A4BC3E913
S3150002C4D0011018461C80FFF775FB20460749F2F744
S3150002C4E0F1FB0020012322462146CDE90003F4F7A1
S3150002C4F0FBFD02B010BD00BFC87A00208DBC020051
S3150002C5000520FFF7C1BB70477047052070470146FB
S3150002C5100A20FFF777BBF8F773BC01207047FAF7DA
S3150002C52073BB4369406CDA1C1438B2FBF0F203EBBE
S3150002C530C203CA1D0333B2FBF0F2B3FBF0F30132BE
S3150002C540023301EBC20100FB0310704738B54469A0
S3150002C55005462146FFF7E5FF6B6CE11D143BB1FB77
S3150002C560F3F1013104EBC104204438BDF7B50746A7
S3150002C5700E460025A8197C6C80EA060364421C401C
S3150002C58003D02C46204603B0F0BDFB6B012201A965
S3150002C5905B699847019B0133F4D10435EAE713B589
S3150002C5A004460191F2F750FC0198E36BDB6802B096
S3150002C5B0BDE81040184770B5002586B004460562EE
S3150002C5C0E369AB4202D8206A06B070BD666C0522EA
S3150002C5D0206801A9E36B06FB05005B69984701A881
S3150002C5E001F021FF01F044FF10B1236A01332362F7
S3150002C5F00135E5E738B50446456C006804F14003A9
S3150002C60005FB0101E06B01F040FF05462046FFF7FE
S3150002C610D2FF284638BDF0B5054687B00026EC693C
S3150002C620013CB44203D80C46204607B0F0BD01B126
S3150002C6304C1E6F6C0522286801A9EB6B07FB0400F0
S3150002C6405B69984701A801F0EEFE01F011FF002890
S3150002C650EAD101362146E2E7F0B5044687B0466CD8
S3150002C6600D4600680522E36B01A906FB05005B691E
S3150002C670984701A801F0D7FE01F0FAFE20B101A801
S3150002C68001F0A8FE07B0F0BD29462046FFF7C3FF1A
S3150002C690676C0646E36B206805225B6901A907FB06
S3150002C6A00600984701A801F095FE431CEAD0B54260
S3150002C6B038BF0130E6E72DE9F043D0F824804FF683
S3150002C6C0FF7987B004460E46C84514BF4546002585
S3150002C6D00027E369BB4202D807B0BDE8F083E26BEC
S3150002C6E001A92368606CD2F814C0052200FB05304C
S3150002C6F0E04701A801F097FE022806D0C8450CD1F2
S3150002C700721C29462046FFF775FF0135E36901379A
S3150002C710B5FBF3F203FB1255DBE729462046FFF78A
S3150002C7209BFFB0F1FF3F14BF024632460132E8E7F3
S3150002C730F0B5046887B006460025091B446CB1FBB8
S3150002C740F4F4F36937685A1E706C954208D3706C1C
S3150002C750336800FB043007B0BDE8F04001F093BE39
S3150002C76001340522B4FBF3F103FB1144F36B01A977
S3150002C7705B6900FB0470984701A801F054FE01F0C2
S3150002C78077FE0028E3D10135DBE710B423F003047A
S3150002C7909B07436C2244C3F100030A4418BF0432C8
S3150002C7A081EA0204234203D05DF8044BFFF7C0BFBF
S3150002C7B010465DF8044B70472DE9F041D0E90A3680
S3150002C7C086B004469E4208D1C3691422456802FB1C
S3150002C7D01355284606B0BDE8F0810025206801A958
S3150002C7E0676C331AE26BB3FBF7F3D2F8148007FBDC
S3150002C7F003000522C04701A801F015FE012804D056
S3150002C800636C1D44013B3340ED1A31462046FFF767
S3150002C8108FFFA36A06468342E0D1DAE7F0B5002528
S3150002C82087B004462E46E369B34202D8284607B0CB
S3150002C830F0BD636C0522276801A903FB0677E36B4B
S3150002C84038465B69984701A801F0EDFD01F010FE3C
S3150002C85058B1384601F017FE01462046FFF786FE1C
S3150002C860636C143B834208BF01350136DBE708B52A
S3150002C87008301346D1E9001201F098FB012008BDE9
S3150002C8802DE9F04F144689B09B46C36B07460E4608
S3150002C8905B69012204A960689847FB6B012205A91E
S3150002C8A05B693046984704A801F06EFC054648B11C
S3150002C8B000254FF0FF33A5756575A360284609B0BC
S3150002C8C0BDE8F08F05A801F06CFC0123A375237E59
S3150002C8D004EBC303DE611D846368B3420ED120609C
S3150002C8E005A801F080FC4FF0FF332075A360237D7D
S3150002C8F0043B022B25D80023A375DFE72368834276
S3150002C90005A818BFA57501F06EFC237D834205A814
S3150002C9101CBF0023A37501F048FC804604A801F061
S3150002C92044FC804505A81CBF0023A37501F045FC05
S3150002C930804604A801F041FC80451CBF0023A37574
S3150002C940D5E705A801F031FC78B1FB6B022206A9F6
S3150002C95030465B69984706A801F036FC237D032B17
S3150002C9605ED8DFE803F05D5D040905A8F4E7227EE0
S3150002C970CC2104EBC2021184184601F05DFC129B25
S3150002C980187005A894F8188001F003FC04EBC80897
S3150002C99088F8220005A8237E04EBC303B3F820908F
S3150002C9A093F8228001F001FC039005A801F005FC32
S3150002C9B0039B8246002B38D0FB6B022206A9304627
S3150002C9C05B69984706A801F0C4FB6075637D002B7E
S3150002C9D02FD10023A375A27D12B123694B44236193
S3150002C9E03449237E097899425ED901332376BBF115
S3150002C9F0000F5BD0002A59D0E37D002B56D0002DC4
S3150002CA0054D1B8F1030F51D0A1684B1C4ED0129BE2
S3150002CA102246384600930123FFF732FFA07545E010
S3150002CA20227E04EBC2021084A6E705A801F07CFB75
S3150002CA30CBE7A27D002ACED0B9F1000F0CD1B8F116
S3150002CA40000F1DD00123617EE37519BB984529D1DC
S3150002CA500D4684F8198015E07B6C06EB0A005942F4
S3150002CA6086EA000C1CEA010F1CBF0021A175591EA3
S3150002CA7001405B1A9945ACD8A37D002BDFD1AAE70A
S3150002CA80E37DABB94B46524631463846FFF77DFE4B
S3150002CA90A060A0E7B8F1010F0AD0B8F1030FF1D1F7
S3150002CAA0A376EFE71546EDE70023A375A57D05E717
S3150002CAB0154690E72C72030013B50C46002100932D
S3150002CAC01346217622466168FFF7DAFE18B1E37D46
S3150002CAD003B1A07EA075A07D02B010BD2DE9F04F76
S3150002CAE00E46002504464FF0FF311046984617467B
S3150002CAF02DED028B8BB08DF8135001F079FBC6F346
S3150002CB0013039E42019340F08F80314605AA04F139
S3150002CB10080001F030FA451C014600F087803846CD
S3150002CB2001F066FB0DF11303012239462046FFF799
S3150002CB30C3FF00287AD09DF8133088F80030002011
S3150002CB4078E0E56A681C37D1616A2046FFF763FD23
S3150002CB500546B31CDFF8F09018BF012308EE103A21
S3150002CB60636A05A9626C4FF0000B0293236802FB0D
S3150002CB70053AE36B05225B695046984705A801F022
S3150002CB8052FC01F075FC504601F07DFC82460146DE
S3150002CB904A1C05D0636C81EA0A025B42134211D039
S3150002CBA029462046FFF737FD029BAB422DD0BBF14B
S3150002CBB0000F2DD10546D3E720682D1A606CB5FB10
S3150002CBC0F0F5C6E7484601F013FB0DF1130318EE24
S3150002CBD0102A49462046FFF76FFF034690B1B11C63
S3150002CBE003D0D9F80020B2420CD19DF81320494651
S3150002CBF003933846124B88F800201A6802F066F949
S3150002CC00039B9B46D9F80810C2E7BBF1000F10D070
S3150002CC10019B9E4293D198F8003031467A6804F11E
S3150002CC20080001F0C3F98AE7B31C8AD0237C002BE3
S3150002CC3087D104480BB0BDEC028BBDE8F08F00BF74
S3150002CC40307203000BE000F0CC5300202DE9F341D3
S3150002CC500E46044617469846816A184DE36A8B4289
S3150002CC6001D04B1C02D102B0BDE8F081284601F08A
S3150002CC70BFFA0DF10703012229462046FFF71CFFE2
S3150002CC8038B143469DF8072029462046B847002872
S3150002CC90E9D0A9684A1C04D169682046FFF748FD15
S3150002CCA00146012EDAD16B6881EA0302636C5B42AC
S3150002CCB01A4218BF4FF0FF31D0E700BFF8530020E9
S3150002CCC02DE9F041036B9046826B90B007680E46E1
S3150002CCD09A42426C01A9044688BF8363436A02FBF7
S3150002CCE00377C36B05225B693846984701A801F0B2
S3150002CCF09AFB01280146307056D0656C06A9E26B94
S3150002CD002368606AD2F814C0052205FB00300025AC
S3150002CD10E04706A801F087FB012823D001218DF800
S3150002CD2034800E958DF83C10D4E90A32CDE90B45D4
S3150002CD3093422AD119462046FFF7FAFC236B626C0E
S3150002CD401433E0629B1A23630C9B53B99DF83C3063
S3150002CD503BB1626A616C2368E06B01FB023101F050
S3150002CD601AFB0C9DE36B052201A938465B699847BD
S3150002CD7001A801F058FB3070236B2846A26B9A4239
S3150002CD8088BFA36310B0BDE8F081237C33B90BAA38
S3150002CD901C4904F1080001F059F9D5E70BAB1A4A10
S3150002CDA02046FFF753FFCFE7237C23BB22461749D2
S3150002CDB004F1080001F04AF9616A2046FFF74CFCCB
S3150002CDC0616A421C2046FFF715FC054620B9236B13
S3150002CDD0626C1344143B2363A16A2046FFF7A8FC46
S3150002CDE02368A062C31A606CB3FBF0F32046636249
S3150002CDF0FFF7E2FCB6E70023054A2046FFF726FFC7
S3150002CE00DAE700BF71D80200EDD70200DDCE0200DC
S3150002CE1015CE020073B500F1080516460C460DF153
S3150002CE2007020968284601F0A6F8032E06D16368B0
S3150002CE30834203D12168284601F085F8012002B019
S3150002CE4070BDD01E009B42424241187E824211D1E1
S3150002CE501A688A420ED85A688A420BD35A69013234
S3150002CE605A61D3E9030282423FBF986840F8221012
S3150002CE7001321A610120704773B51C46D31E0D4656
S3150002CE805A425A41237E9A4222D10968236899421C
S3150002CE901ED3636899421BD80F4E0DF10703324623
S3150002CEA0FFF71CFEA0B99DF80730032B10D072685D
S3150002CEB06B689A420CD1636901336361D4E9032337
S3150002CEC0934205D22968A26842F8231001332361EE
S3150002CED0012002B070BD00BFA0530020032A10B586
S3150002CEE0029C07D1A26A5340626C5242134201D19C
S3150002CEF001F029F8012010BD2DE9F04F89B09B46BB
S3150002CF001646534A9DF8483080460D4600931369EB
S3150002CF105B45C0F09680D2F804A0D946B9F1000F5D
S3150002CF2000F08B80D8F83C30012205A950465B6997
S3150002CF30984705A801F035F9454B1B68984240F021
S3150002CF40838005A801F039F90428074614D105A8FB
S3150002CF5001F03AF9009B04460AEB0700002B3DD18B
S3150002CF60A64212D9361B1C4651464046FFF7E0FB45
S3150002CF70A9EB04098246D1E7D8F83C30022206A979
S3150002CF8050465B69984706A8E2E7A41B87195C45E9
S3150002CF9028BF5C46032CABEB040B1DD9D8F83C30FA
S3150002CFA029463846A2085B6904F00306984724F02E
S3150002CFB003031F441D44002ED6D0D8F83C3001226C
S3150002CFC006A938465B6998473246284606A935447B
S3150002CFD001F07CFF0026C7E72646ECE704F00303D0
S3150002CFE0274601932B19029303190393029BDD1B18
S3150002CFF0039BD81B019B9F420FD1002FB4D0D8F8B8
S3150002D0003C30012206A95B6998473A4606A928469A
S3150002D01001F04CFF78B93D44A6E7D8F83C3001222E
S3150002D02006A95B699847042206A9284601F03EFF35
S3150002D03008B9043FDAE7DFF81C90484609B0BDE8B4
S3150002D040F08FDFF81490F8E7DFF81090F5E700BFED
S3150002D0507453002012E000F011E000F022E000F02C
S3150002D06008B5C36800209847BDE80840F1F7F4BE4A
S3150002D0702DE9F0410F4688B016469846044660B33D
S3150002D08090F83450FDB10121FFF789FA0E9B002179
S3150002D090CDF804800496CDE902379DF83C308DF830
S3150002D0A01C30237CCDE905118BB901AA0C4904F188
S3150002D0B0080000F0CBFFE06BDDE90535002E18BF56
S3150002D0C01D46FFF7CDFF284608B0BDE8F08101AB4B
S3150002D0D0044A2046FFF7BAFDEDE70546F3E700BF2F
S3150002D0E043CE020079CE0200012870B50CBF0220A1
S3150002D0F00420002442431C70CC7D101D02F0020263
S3150002D1004CB91AB1012220F003001A7000F108038B
S3150002D1104868184470BD1AB1012220F003001A7043
S3150002D1200D7E002301F12006DAB2AA4201D30020C5
S3150002D130F0E736F833401A460133844205D901EB4B
S3150002D140C20100F10803C869E3E7001BECE737B543
S3150002D15004461D4690F842000DF10303FFF7C4FF93
S3150002D16094F84220E36B012A5B690CD101A9984726
S3150002D1709DF8033013B1BDF806300193BDF80430B3
S3150002D1802B6003B030BD012229469847F9E770B5F6
S3150002D190054686B048680024EB6B0E46012202A9BA
S3150002D1A05B6908300294984795F84230012B00F0EB
S3150002D1B08C80312C4BD9029806B070BD05AB224645
S3150002D1C031462846FFF7C3FF9DF81430002B40F086
S3150002D1D0828095F84230012B43D1612C2ED803ABC5
S3150002D1E0224631462846FFF7B2FF04AB621C31469F
S3150002D1F02846FFF7ACFF05ABA21C31462846FFF7CF
S3150002D200A6FF102208230DF107000DEB02018DF88F
S3150002D210073001F019F8102205A90DF1070001F0F7
S3150002D22013F8039BDAB24AB99DF80720B2EB132F23
S3150002D23004D1DDE9043203EB0243029395F842304E
S3150002D240012B0CBF022301231C440134ACE742D05C
S3150002D25005AB224631462846FFF779FFBDF8143062
S3150002D260B4E7302CEAD803AB224631462846FFF70C
S3150002D2706EFF04AB621C31462846FFF768FF102397
S3150002D28020220DF107000DEB03018DF8073000F0A7
S3150002D290DBFF039B9AB2002AD0D19DF80720B2EB9E
S3150002D2A0134FCBD1049BC8E70133CED0102205A978
S3150002D2B00DEB020000F0C8FF059B9DF81010C3F3AA
S3150002D2C007429142C1D19BB224E0632C3FF673AF71
S3150002D2D0612C7FF673AF00232246314628468DF82D
S3150002D2E0103005ABFFF733FF95F84230012B059B53
S3150002D2F0DAD14FF6FF729342A7D0082205A904A8F5
S3150002D30000F0A2FF059B9DF81010C3F3072291427D
S3150002D3109BD1DBB2029A1344029396E72DE9F04FB2
S3150002D3202DED028B97B00F4604460C920A69416CAA
S3150002D3300A93D31D1439B3FBF1F3013302EBC30392
S3150002D340026B9A42C0F0E6810023099307F120039B
S3150002D3500F93E36A9B481946049300F049FFD7E905
S3150002D360033606930A9B022B0AD1CC2E40F06C811F
S3150002D3700C9B002B4BD039462046FFF708FF129034
S3150002D380782E0C9B656C94BFF87D0120002B42D150
S3150002D39000F00100002814BF08230423782E0D9301
S3150002D3A00AD86B1E049A1340ED1A331D9D423CD2D5
S3150002D3B0002E3FD0082D41D9012300254FF0080A3F
S3150002D3C005933B68DFF8FC8105990A98C8F8003096
S3150002D3D0C8F8106000F022FF4FEA9A03DDF81090B9
S3150002D3E088F8140008EE103A002307930B93039370
S3150002D3F00893616C4B1E09EA03028B1A16B3554455
S3150002D400AB4221D8236B5B1A1344236388E0069B45
S3150002D4101B681293B4E7E36B012214A978685B696F
S3150002D420984714A800F0C1FEB4E700254FF0040A9D
S3150002D4300595C6E704250596AA46C2E700230425F4
S3150002D4400593F9E75345DDD3A3EB0A03B04609EB8F
S3150002D4500A0B9E4228BF98469E4275D9594B012215
S3150002D4601969DA758E4275D1C3F804900392554B49
S3150002D470DA7D002A70D0197E0398CA1C013103EBAB
S3150002D480C2021976C2F80490A2F808809072B8F126
S3150002D490000F14D00A9B022B61D1079B7BB90B9B11
S3150002D4A04344032B0BD9E36B012212A958469B690D
S3150002D4B098470546002840F03D8101230793039BC8
S3150002D4C014A8404A0193059B396800934346127D8E
S3150002D4D000F0DEFDE36B18EE102A14A99B6948469C
S3150002D4E09847051E099B18BF4B4609934346524669
S3150002D4F049462046FFF749F9324B08F10302986084
S3150002D500236B22F00302A3EB0A039B1A2363002D6B
S3150002D51040F010810B9BA6EB0806D94643440B93B9
S3150002D52049462046FFF704F900258146002E7FF47E
S3150002D53060AF244A04F10800396893685268E362CE
S3150002D5400A9B00F033FDDCE0039B002B18BF03238C
S3150002D55003938CE70223FBE7C3F8049097E70C9B3F
S3150002D560002B31D1B8F1030F28D9E36B4FEA9802A9
S3150002D570069958469B6998470546B8B918F00305B7
S3150002D58014D028F00303069AD1185B444FF0FF32F9
S3150002D59013A80E9313922A4601F098FCE26B0E9B97
S3150002D5A013A9956901221846A8470546069B4344D6
S3150002D5B00693002D83D0CDF824B097E75B460699F3
S3150002D5C04546E3E7CC5300205B46FA7D7868A2B174
S3150002D5D097F818E00021089ACDB2AE4511D90F9DF1
S3150002D5E00E9135F831C00131944526D90E9907EBD3
S3150002D5F0C1050D99E8690A4402E00D9A08990A44A0
S3150002D6001044E26B13A90E9355690122A847089BA1
S3150002D610139A11A9043311920893E26B0E9B956932
S3150002D62001221846A8470BEB08020E9B0546D21AA2
S3150002D630042A05D930B90433C7E7A2EB0C02CBE7BB
S3150002D6409B46B6E79B46B6E73B4EDFF8F4A004F1ED
S3150002D650080B2368049A606CA2EB0309B9FBF0F984
S3150002D66000FB093000F00FFFE16A80462046FFF713
S3150002D6705FF8A36A83424FD0626CDAF80830511E13
S3150002D6802568E0621940236B9B1A0B442363099BAE
S3150002D6905D1BB5FBF2F5A94539D1049BB3EB08092D
S3150002D6A013D0E36B4FEA990241469B699847E36AB6
S3150002D6B0049A4B4403905846E362236B9B1A4344F5
S3150002D6C0236300F02AFC039A91462368616CE06B9F
S3150002D6D001FB053100F04CFE2046FEF76CFF2046AA
S3150002D6E0FFF76AF82063B9F1000F15D03A69616C49
S3150002D6F0D31D1439B3FBF1F3013302EBC303984292
S3150002D700A7D2304617B0BDEC028BBDE8F08F4FF0C2
S3150002D7100009DAE7094EF4E73A69616CD31D143958
S3150002D720B3FBF1F3013302EBC303226B9A42BFF45C
S3150002D73010AEE6E72E4688E723E000F006E000F0AA
S3150002D740CC5300202DE9F7431E464369044688461A
S3150002D750B34217469DF828903CD300258DF8075012
S3150002D7602046FEF7F3FE236B83420AD2236AB5EB09
S3150002D770430F06D200220DF107012046FFF7A0FA59
S3150002D78030B39DF80730012B05D100220DF10701B8
S3150002D7902046FFF795FAB9F1030F06D03146204627
S3150002D7A0FEF7BFFE236B834218D30D4D4FF0FF31B8
S3150002D7B0284600F01DFD4B46002229462046C5F8A4
S3150002D7C00080C5E9037603B0BDE8F043FFF7A6BDC6
S3150002D7D00135C5E7034803B0BDE8F0830248FAE71E
S3150002D7E0A05300200FE000F006E000F0032A2DE926
S3150002D7F0F34106460D4617461C4606D1237A012BEF
S3150002D80023D0012002B0BDE8F081DFF860800DF17F
S3150002D810070309684246FFF761F960600028EDD107
S3150002D8209DF80730032BE9D0D8F804206B689A429A
S3150002D830E4D1237A2969012BD4F80CC007D10CEB69
S3150002D84001037269934202D92074207CDAE7083117
S3150002D8503B46012230466144E1602946FFF75EFD00
S3150002D86060600028CAD00020CCE700BFA053002089
S3150002D870032A2DE9F7430A9C904606D1237A012B07
S3150002D88023D0012003B0BDE8F08326680DF107031B
S3150002D890DFF8889030464A46FFF720F96060002894
S3150002D8A0ECD12568D9F80470A96A6A6C4F405342D4
S3150002D8B01F40E3D1237A012B09D1E068D9F8103051
S3150002D8C003447069834202D92774207CDAE7286808
S3150002D8D0EB6A1B1A081AB3FBF2F3B0FBF2F08342AF
S3150002D8E00BD1706CF36A421E1340326B121A284631
S3150002D8F013443363FEF71CFFE862D9F81020E3688D
S3150002D90008320649206813440122E3604346FFF7C2
S3150002D91005FD60600028B1D00020B3E7A0530020C7
S3150002D9202DE9F04F4FF0FF334FF6FF72002500F15D
S3150002D9300806044687B0C362884605620563C0E9E5
S3150002D9400923304600F0E9FA2046FEF734FE68BBAA
S3150002D95020464146FEF7AFFE2046FEF72CFE68BB88
S3150002D9608A4D2046FEF75AFFD0E0236801A9E26BF2
S3150002D970606C5769052200FB0530B84701A800F024
S3150002D98052FD012807460CD129462046FEF764FEC1
S3150002D990012F024600D1013229462046FEF72AFE11
S3150002D9A003E000F06AFD0028EED10135E3699D42ED
S3150002D9B0DBD32046FEF7FFFD0028C9D000254FF035
S3150002D9C0FF394FF6FF73CA46A846C4E90853E3690E
S3150002D9D098450AD3A5EB0905012D2DD8636A4FF6A2
S3150002D9E0FF7293423DD16A4DBBE7236801A9E26B00
S3150002D9F0606C5769052200FB0830B84701A800F0A1
S3150002DA0012FD834601A800F0E5FC0746584600F0E1
S3150002DA102FFD70B15745236ABA4638BFC4F8248031
S3150002DA20B94503F1010328BFB946BD42236238BF97
S3150002DA303D4608F10108CAE74FF6FF730025636207
S3150002DA40E3699D42CAD2676C0522206801A9E36B8D
S3150002DA5007FB050001355B69984701A800F0BAFC8F
S3150002DA60EEE7E26B01A9676C20685569052207FBA0
S3150002DA700300A84701A800F0ADFC626A2368606C47
S3150002DA80444D00FB023000F0FEFC4FF0FF33A06273
S3150002DA902A46E3626FF001010DF103032046FFF708
S3150002DAA01DF8002836D1AD6829462046E562FEF704
S3150002DAB05DFD206320B9E16A2046FEF739FEE06289
S3150002DAC029462046FEF734FE0546A36A9D4223D127
S3150002DAD063692046656CA5F11402DD1CB5FBF2F5FF
S3150002DAE003EBC5050335B5FBF2F50235FEF796FEE7
S3150002DAF08046A8423ED2616A2046FEF78CFD002788
S3150002DB00064604F1400AAF4218D3234D284607B011
S3150002DB10BDE8F08FA56AC7E729462046FEF726FD2F
S3150002DB20236B07462946034420462363FEF700FE7D
S3150002DB300546002FC9D1C4E90B07C6E7474512D3EC
S3150002DB40626C01A9236802FB0639E36B05225B6955
S3150002DB504846984701A800F03DFC5346024649460E
S3150002DB60E06B00F092FC31462046FEF754FD013789
S3150002DB700646C8E73046002500F0CFF90023074ADB
S3150002DB8020461946FFF762F8EBE600BF03E000F015
S3150002DB9016E000F0A053002013E000F06FC8020068
S3150002DBA02DE9F041604B00250E460446D3F800806D
S3150002DBB01D6018B95D4D2846BDE8F08190F83470B5
S3150002DBC007B30A6803689A4240F0A3804A6843682A
S3150002DBD09A4240F09E808A6883689A4240F0998011
S3150002DBE0CA68C3689A4240F094800A6943699A42B5
S3150002DBF040F08F808A69C36B9A4240F08A804B69F3
S3150002DC008361D8E750223946856B01F086F933687D
S3150002DC1004F10800A5632360736863603369636176
S3150002DC207369D6E90212A36100F089F9B36904F1B6
S3150002DC304000E3639B68984720B9676C17B1636835
S3150002DC40B3FBF7F794F84330E761002BB2D0656C6B
S3150002DC50002D66D0002F64D02368B3FBF5F205FBD6
S3150002DC601233002B57D16668B6FBF5F305FB136337
S3150002DC70002B50D12046FEF769FCA3690433034406
S3150002DC809E424AD3636940F63472CC3B934246D8ED
S3150002DC90B5F5007F45D303212046FEF780FCE36BF2
S3150002DCA0D4E900011B689847E36B05460220DB684E
S3150002DCB09847DDB941462046FFF732FE1C4B054622
S3150002DCC0984204D141462046FFF72AFE05466DB921
S3150002DCD0636C2046266A143B5E43FEF737FCA36953
S3150002DCE0144A043303449E4238BF1546002D0CBF26
S3150002DCF00123002384F8343007D10F4A1368013315
S3150002DD00D4E900011360F1F7ADF8E06BFFF7A8F96B
S3150002DD1051E70A4D4FE70A4D4DE7064D4BE7094DD0
S3150002DD2049E7094D47E700BFD47A002009E000F031
S3150002DD3013E000F002E000F0D87A002008E000F0DC
S3150002DD4001E000F005E000F004E000F02DE9FF41FB
S3150002DD500E4690461F460546A0B390F834309BB354
S3150002DD60C1F31303994231D1194C0221FEF717FC74
S3150002DD700DF10F03224631462846FEF7AFFE78B173
S3150002DD80012342463146284600933B46FFF7DAFC1A
S3150002DD900446E86BFFF764F9204604B0BDE8F0815B
S3150002DDA09DF80F30012BEBD12269BA42E8D1024627
S3150002DDB0009341463B462846FFF79EF80446002854
S3150002DDC0DED1E6E7034CE7E7034CE5E7034CE3E77E
S3150002DDD07453002009E000F007E000F00AE000F0CA
S3150002DDE02DE9FF410C4616461F46054690B390F8AC
S3150002DDF034308BB3C1F3130399422FD1DFF8788005
S3150002DE000121FEF7CCFB21460DF10F0342462846BF
S3150002DE10FEF764FE044670B99DF80F30012B11D14E
S3150002DE20D8F81030BB4213D102460090314628463C
S3150002DE30FFF762F80446E86BFFF712F9204604B0D2
S3150002DE40BDE8F081064C0748022B18BF0446F2E7EC
S3150002DE50054CF0E7054CF1E7054CEFE7054CEDE71D
S3150002DE600CE000F00BE000F011E000F009E000F039
S3150002DE7007E000F00AE000F0745300202DE9F341B8
S3150002DE801E4600230C4617460546336058B390F8E3
S3150002DE90343053B3C1F31303994228D1DFF86480B7
S3150002DEA00121FEF77CFB21460DF107034246284677
S3150002DEB0FEF714FE0446A0B99DF80730032B10D0D6
S3150002DEC0022B0DBF0123D8F8103038603B6008BF23
S3150002DED004233360E86BFFF7C3F8204602B0BDE8BF
S3150002DEE0F081044CF6E7044CF7E7044CF5E7044CE2
S3150002DEF0F3E700BF0BE000F009E000F007E000F0F6
S3150002DF000AE000F07453002013B500240194049C27
S3150002DF100094FFF7ADF802B010BD30B50023446897
S3150002DF204FF0FF329C4202D10023037230BD0168DA
S3150002DF3001EBC30541F8332001336A60F2E7C0E919
S3150002DF400012FFF7EABF30B5002345689D420FD0A5
S3150002DF50026802EBC30452F83320B2F1FF3F08D045
S3150002DF60C2F31302914204D14FF0FF33C4E90033E6
S3150002DF7030BD0133EAE7F0B5002345689D4202D180
S3150002DF804FF0FF300EE00468DE0054F83340671CA1
S3150002DF9009D0C4F31307B94205D1240D14700368DE
S3150002DFA033445868F0BD0133E8E700002DE9F0413B
S3150002DFB046687EB305684FF0000CA846AE4655F893
S3150002DFC03C400CF1010CC4F31307013401D0B942F1
S3150002DFD018D0B4450EF1080EF1D12F46002403E005
S3150002DFE0B44207F1080713D055F834C00134BCF126
S3150002DFF0FF3FF5D1C1F313017A6041EA03533B6057
S3150002E000BDE8F08141EA0353CEE90032BDE8F08172
S3150002E010032B03D101230372BDE8F081002403E040
S3150002E020B44208F10808F5D055F834700134C7F344
S3150002E0300757032FF4D1C1F31301C8F8042041EAAC
S3150002E0400353C8F80030BDE8F08100BF2DE9F04364
S3150002E050476883B0C7B106468846914600243368AE
S3150002E060304653F8345003EBC4030134C5F3075268
S3150002E070C5F31301013505D05B68CDF80090C047A2
S3150002E08010B17768BC42EAD303B0BDE8F08300BFA3
S3150002E09037B504460020012A9DF818508DF807006E
S3150002E0A0204800EAC11123F07C40606007D9901E27
S3150002E0B0012810D9073303F07F030B4309E09DF8CB
S3150002E0C01C0042EA0103C00600F0C050034343F0BD
S3150002E0D06043236001E00A432260A5B12022214663
S3150002E0E00DF1070000F0B0F81A220DF10700211D0C
S3150002E0F000F0AAF863689DF80720082043EA8263C5
S3150002E100636003B030BD1B220DF10700214600F00B
S3150002E1109BF823689DF80720042043EAC263236024
S3150002E120EFE700BF80FFFF0713B500230446014651
S3150002E1301B220DF107008DF8073000F085F82268E2
S3150002E1409DF80730B3EBD26F0CBF0120002002B05E
S3150002E15010BD13B500230446014620220DF1070027
S3150002E1608DF8073000F070F80DF107001A22211D14
S3150002E17000F06AF862689DF80730B3EB926F0CBF45
S3150002E1800120002002B010BD0068431C58425841CD
S3150002E1907047006810F07E0F0CBFC0F3C16000200C
S3150002E1A070470068C0F3D3107047006800F07F0024
S3150002E1B001288CBF002001207047036813F07E0FF0
S3150002E1C00CBF082004207047036813F07E0F03D1AA
S3150002E1D0406820F07C40704713F078001CBF03F0C3
S3150002E1E07F03D81F7047006800F07F007047000069
S3150002E1F038B5094B0D46002104461A6800F08DFE1B
S3150002E20000234FF0FF322361A260E3822383A376C9
S3150002E210C4E9002538BD00BF30720300032809D0C7
S3150002E220022803D1002918BF01207047002914BF14
S3150002E230002007207047000006289ABF014B185C91
S3150002E2400120704796C403001F2A0B689EBF4FF039
S3150002E250FF3191408B43590801F055315B1A03F0A7
S3150002E26033319B0803F033330B44017803EB13136A
S3150002E2700A444FF0013103F00F334B43A2EB136311
S3150002E280037070472DE9F0410E46596888B007467B
S3150002E2901546490A0024012922464FEA510104F192
S3150002E2A00104F8D8DC784FF0000899780DF10700E0
S3150002E2B024031B88C9028DF8078004F48054C3F333
S3150002E2C00A0301F400610C4302A9234454031B22EE
S3150002E2D004F460441C44254B039325F07843ED4334
S3150002E2E06FEA04440293FFF7AFFF9DF8072025F07B
S3150002E2F07845029B02A90DF10700029543EAC26323
S3150002E3001B228DF807806FEA14440493FFF79CFFE3
S3150002E3109DF8072007A9029B06F11000079443EA1D
S3150002E320C263012205934FF0FF330693BB699847F8
S3150002E3300446BB6905A9012206F108009847404533
S3150002E34018BF0446BB6904A90122301D98474045FF
S3150002E35018BF0446BB69012203A9304698474045C7
S3150002E36008BF204608B0BDE8F08100BF01009AB29E
S3150002E37037B501F10C040546436969460122204678
S3150002E3809847BDF80030012201A901932046AB69E6
S3150002E390984703B030BD37B501F10C044369012239
S3150002E3A06946054620469847009B4FF6FF7299B28A
S3150002E3B091420DD11B0C012201A920461B0443F4F4
S3150002E3C0254343F0A5030193AB69984703B030BDDB
S3150002E3D00020FBE737B5044600251B22011D0DF17F
S3150002E3E007008DF80750FFF72FFF60689DF807209A
S3150002E3F0B2EBD06F03D120F0784003B030BD0DF1FF
S3150002E40007001B2204F108018DF80750FFF71CFFD5
S3150002E410A0689DF80730B3EBD06F01D1C043EAE79D
S3150002E4204FF0FF30E9E703684BF29A22B2EB134F43
S3150002E43010B5044613D19BB2012B13D1FFF7CAFFC5
S3150002E44001300CD0E0684FF6FF72B2EB104F4FEA84
S3150002E450104309D180B2C01A18BF012010BD23682B
S3150002E460013303D00420F9E70220F7E70320F5E79A
S3150002E47001288CBF002001207047033801288CBF79
S3150002E4800020012070471430704730B585B004690A
S3150002E490054608460191CDE90232A0470199044694
S3150002E4A038B92846DDE90232FFF7ECFE0199044647
S3150002E4B010B12846FFF75CFF204605B030BD0000CC
S3150002E4C081F0004102E000BF83F0004330B54FEA1D
S3150002E4D041044FEA430594EA050F08BF90EA020F8A
S3150002E4E01FBF54EA000C55EA020C7FEA645C7FEA1D
S3150002E4F0655C00F0E2804FEA5454D4EB5555B8BF40
S3150002E5006D420CDD2C4480EA020281EA030382EAB0
S3150002E510000083EA010180EA020281EA0303362D42
S3150002E52088BF30BD11F0004F4FEA01314FF4801C15
S3150002E5304CEA113102D0404261EB410113F0004F27
S3150002E5404FEA03334CEA133302D0524263EB4303DE
S3150002E55094EA050F00F0A780A4F10104D5F1200E7C
S3150002E5600DDB02FA0EFC22FA05F2801841F10001D7
S3150002E57003FA0EF2801843FA05F359410EE0A5F1AB
S3150002E58020050EF1200E012A03FA0EFC28BF4CF0DC
S3150002E590020C43FA05F3C01851EBE37101F0004592
S3150002E5A007D54FF0000EDCF1000C7EEB00006EEB9F
S3150002E5B00101B1F5801F1BD3B1F5001F0CD3490829
S3150002E5C05FEA30004FEA3C0C04F101044FEA445280
S3150002E5D012F5800F80F09A80BCF1004F08BF5FEA07
S3150002E5E0500C50F1000041EB045141EA050130BDE7
S3150002E5F05FEA4C0C404141EB0101013C28BFB1F5F9
S3150002E600801FE9D291F0000F04BF01460020B1FA43
S3150002E61081F308BF2033A3F10B03B3F120020CDA16
S3150002E6200C3208DD02F1140CC2F10C0201FA0CF0F4
S3150002E63021FA02F10CE002F11402D8BFC2F1200C59
S3150002E64001FA02F120FA0CFCDCBF41EA0C0190400F
S3150002E650E41AA2BF01EB0451294330BD6FEA040458
S3150002E6601F3C1CDA0C340EDC04F11404C4F1200243
S3150002E67020FA04F001FA02F340EA030021FA04F355
S3150002E68045EA030130BDC4F10C04C4F1200220FAAC
S3150002E69002F001FA04F340EA0300294630BD21FAEA
S3150002E6A004F0294630BD94F0000F83F4801306BFB0
S3150002E6B081F480110134013D4EE77FEA645C18BFA4
S3150002E6C07FEA655C29D094EA050F08BF90EA020F3B
S3150002E6D005D054EA000C04BF1946104630BD91EA33
S3150002E6E0030F1EBF0021002030BD5FEA545C05D136
S3150002E6F04000494128BF41F0004130BD14F5800475
S3150002E7003CBF01F5801130BD01F0004545F0FE41E8
S3150002E71041F470014FF0000030BD7FEA645C1ABF1D
S3150002E720194610467FEA655C1CBF0B46024650EA54
S3150002E730013406BF52EA033591EA030F41F4002180
S3150002E74030BD00BF90F0000F04BF0021704730B506
S3150002E7504FF4806404F132044FF000054FF00001DB
S3150002E76050E700BF90F0000F04BF0021704730B59C
S3150002E7704FF4806404F1320410F0004548BF404271
S3150002E7804FF000013EE700BF42004FEAE2014FEAC6
S3150002E79031014FEA02701FBF12F07F4393F07F4FA1
S3150002E7A081F06051704732F07F4208BF704793F0A4
S3150002E7B07F4F04BF41F40021704730B54FF46074B7
S3150002E7C001F0004521F000411CE700BF50EA0102BA
S3150002E7D008BF704730B54FF000050AE050EA010263
S3150002E7E008BF704730B511F0004502D5404261EBD3
S3150002E7F041014FF4806404F132045FEA915C3FF414
S3150002E800D8AE4FF003025FEADC0C18BF03325FEAB0
S3150002E810DC0C18BF033202EBDC02C2F1200300FA61
S3150002E82003FC20FA02F001FA03FE40EA0E0021FA86
S3150002E83002F11444BDE600BF4FEA410212F500128E
S3150002E84015D211D56FF47873B3EB625212D94FEA2F
S3150002E850C12343F0004343EA505311F0004F23FA19
S3150002E86002F018BF404270474FF00000704750EA6E
S3150002E870013005D111F0004008BF6FF0004070472B
S3150002E8804FF00000704700BF4A0011D212F5001285
S3150002E89011D20DD56FF47873B3EB62520ED44FEAF0
S3150002E8A0C12343F0004343EA505323FA02F0704770
S3150002E8B04FF00000704750EA013002D14FF0FF30AE
S3150002E8C070474FF0000070477BB972B90029BEBF8E
S3150002E8D000204FF0004106E008BF00281CBF6FF081
S3150002E8E000414FF0FF3000F0CDB9ADF1080C6DE9F3
S3150002E8F004CE002909DB002B1ADB00F04DF8DDF807
S3150002E90004E0DDE9022304B07047404261EB4101B5
S3150002E910002B1BDB00F040F8DDF804E0DDE9022302
S3150002E92004B0404261EB4101524263EB430370473C
S3150002E930524263EB430300F02FF8DDF804E0DDE911
S3150002E940022304B0404261EB41017047524263EB3D
S3150002E950430300F021F8DDF804E0DDE9022304B008
S3150002E960524263EB4303704753B94AB9002908BFC1
S3150002E97000281CBF4FF0FF314FF0FF3000F082B984
S3150002E980ADF1080C6DE904CE00F006F8DDF804E0FE
S3150002E990DDE9022304B070472DE9F04F099D0446D4
S3150002E9A00F46002B48D18A42944661D9B2FA82F3C5
S3150002E9B043B1C3F120019F4002FA03FC9C4020FAB6
S3150002E9C001F10F434FEA1C411FFA8CFE220CB7FBE2
S3150002E9D0F1F601FB167706FB0EF042EA0742904279
S3150002E9E008D91CEB020206F1FF3702D2904200F26E
S3150002E9F037813E46121AA4B2B2FBF1F001FB102295
S3150002EA0000FB0EFE44EA0244A64508D91CEB0404A8
S3150002EA1000F1FF3202D2A64500F21C81104640EAFE
S3150002EA200640A4EB0E0400261DB1DC400023C5E916
S3150002EA3000433146BDE8F08F8B4209D9002D00F024
S3150002EA40FD800026C5E9000130463146BDE8F08F5B
S3150002EA50B3FA83F6002E4BD18B42C0F0F28082428B
S3150002EA6040F2EF803046002DE3D0C5E90047E0E7EB
S3150002EA7002B9FFDEB2FA82F3002B40F09D80891ABA
S3150002EA804FEA124E97B20126200CB1FBFEF20EFBA4
S3150002EA90121140EA014107FB02F088420FD91CEB32
S3150002EAA0010102F1FF382CBF4FF001094FF00009B6
S3150002EAB0884203D9B9F1000F00F0CF804246091A05
S3150002EAC0A4B2B1FBFEF00EFB101100FB07F744EAFD
S3150002EAD00144A74208D91CEB040400F1FF3102D21B
S3150002EAE0A74200F2B4800846E41B40EA02409BE7D4
S3150002EAF0C6F12007B34001FA06F422FA07FCF940F0
S3150002EB00B2404CEA030C20FA07F34FEA1C491C43B5
S3150002EB101FFA8CFE00FA06F3200CB1FBF9F809FB8A
S3150002EB20181140EA014108FB0EF088420FD91CEB8E
S3150002EB30010108F1FF3A2CBF4FF0010B4FF0000B19
S3150002EB40884203D9BBF1000F00F08D80D046091A26
S3150002EB50A4B2B1FBF9F009FB101100FB0EFE44EA68
S3150002EB6001418E4507D91CEB010100F1FF3401D2A8
S3150002EB708E457FD8204640EA0840A1EB0E01A0FB55
S3150002EB80029841454C46C64602D306D14B4504D2AD
S3150002EB900138B9EB020468EB0C0E002D70D01A1B7B
S3150002EBA061EB0E0122FA06F301FA07F7F14000269D
S3150002EBB01F43C5E900713CE702FA03FCC3F12000DA
S3150002EBC001FA03F221FA00F64FEA1C4E24FA00F18A
S3150002EBD01FFA8CF79C401143B6FBFEF00A0C0EFBA3
S3150002EBE0106642EA064200FB07F696420ED91CEB75
S3150002EBF0020200F1FF382CBF4FF001094FF0000965
S3150002EC00964202D9B9F1000F31D04046921B89B221
S3150002EC10B2FBFEF60EFB162241EA024106FB07F2A2
S3150002EC208A4207D91CEB010106F1FF3801D28A425A
S3150002EC3023D84646891A46EA004625E72E4628463E
S3150002EC40F7E6841A61EB030301201F460BE76444CF
S3150002EC50023849E764440238E1E6023A61442EE7A3
S3150002EC60023E6244C6E6A8F1020861446FE7023832
S3150002EC706244CBE7023861447DE7023E6144D9E74C
S3150002EC802E46D6E6704700BF08B5074B044613B1B9
S3150002EC90002100E000BF054B1868836A03B198475C
S3150002ECA02046F3F78EFF00BF0000000034C60300C3
S3150002ECB038B50B4B04461D68EB6B53B9242000F0A4
S3150002ECC0E5F80246E86320B9064B3921064801F009
S3150002ECD0FDFBE96B2046BDE8384000F007B800BFEF
S3150002ECE0941100209EC50300B5C503002DE9F0412D
S3150002ECF0D0E900670C464F4A0023304639464FF0AA
S3150002ED000508FFF7E1FD394605464A4A3046002323
S3150002ED10FFF7DAFD002A05F52F20474DB8BF02F5A9
S3150002ED20A83240F26D1CAEBF00F66C2300F66B23D0
S3150002ED3002F5C0724FF461606427B2FBF0F100FB8A
S3150002ED4011223C20A160B2FBF0F100FB11223B48EC
S3150002ED50616007212260DA1C92FBF1F1C1EBC1016D
S3150002ED60521A48BF0732002BA261BBBFA3F50E326F
S3150002ED70A2F52C7293FBF5F592FBF5F548F6AC621B
S3150002ED8000FB053040F2B453B0FBF2F2B0FBF3F1F4
S3150002ED900244521A2A49B0FBF1F1521AB2FBFCF1B3
S3150002EDA0B2FBF3F3B1FBF7F6F31A992203440CFB19
S3150002EDB0113303EB830E03F1010C0EF1020EBEFBBF
S3150002EDC0F2F042430232B2FBF8F2ACEB020C40F232
S3150002EDD0F952964594BF02226FF0090210444FF48D
S3150002EDE0C87202FB0515012898BF0135B3F5997F54
S3150002EDF00DD3A3F59973A5F26C75E3610023C4F8EC
S3150002EE000CC0C4E9040523622046BDE8F0818A07E6
S3150002EE1002D107FB16165EB94FF4C872B1FBF2F6C1
S3150002EE2002FB1612B2FA82F252093B331344E2E7AC
S3150002EE300122FAE780510100B13A02004FC5FDFFF7
S3150002EE40B03A020070B50D4D00260D4C641BA4109D
S3150002EE50A64209D10B4D00260B4C03F0B5F9641BF3
S3150002EE60A410A64205D170BD55F8043B0136984759
S3150002EE70EEE755F8043B01369847F2E78014002086
S3150002EE80801400208014002084140020024B0146C6
S3150002EE90186800F0B7B800BF94110020024B014673
S3150002EEA0186800F043B800BF9411002001390244EB
S3150002EEB010B5904201D1002005E0037811F8014F08
S3150002EEC0A34201D0181B10BD0130F2E70A44431ECB
S3150002EED0914200D1704710B511F8014B914203F8E7
S3150002EEE0014FF9D110BD884210B501EB020402D9D7
S3150002EEF08442234607D8431EA14208D011F8012BAB
S3150002EF0003F8012FF8E7024401468A4200D110BDF8
S3150002EF1013F8014D02F8014DF7E702440346934206
S3150002EF2000D1704703F8011BF9E7000037B5002945
S3150002EF3043D051F8043C0C1F0190002BB8BFE418D3
S3150002EF4001F066FD1E4A0198136833B963601460C6
S3150002EF5003B0BDE8304001F061BDA34208D925687F
S3150002EF6061198B4201BF19685B6849192160EDE797
S3150002EF701A465B680BB1A342FAD911685518A54225
S3150002EF800BD12468214454181160A342E0D11C68B5
S3150002EF905B68214453601160DAE702D90C230360EF
S3150002EFA0D6E7256861198B4202BF19685B68491961
S3150002EFB0636008BF21605460CAE703B030BD00BF7A
S3150002EFC0DC7A002070B50E4E0C460546316811B942
S3150002EFD000F0CAF830602146284600F0C5F8431C06
S3150002EFE00AD0C41C24F00304A04207D0211A2846E2
S3150002EFF000F0BAF8013001D14FF0FF34204670BD5F
S3150002F000E07A00202DE9F041CD1C074625F00305E4
S3150002F01008350C2D38BF0C25002D01DBA94205D978
S3150002F0200C2300263B603046BDE8F0812E4E01F0EF
S3150002F030EFFC33681C4634BB29463846FFF7C2FF4D
S3150002F040431C04464DD134682646002E40D123681F
S3150002F0503146384604EB030800F086F880453AD17B
S3150002F0602168033538466D1A25F0030508350C2D3F
S3150002F07038BF0C252946FFF7A5FF01302BD02368A0
S3150002F0802B4423600EE02268521B1ED40B2A16D98B
S3150002F0906119A342256018BF5960636808BF3160D1
S3150002F0A062514B6004F10B06384601F0B7FC231D92
S3150002F0B026F00706F21AB6D09B1BA350B3E7626886
S3150002F0C0A3420CBF32605A60ECE723466468B2E79B
S3150002F0D034467668B9E70C2338463B6001F09EFC5D
S3150002F0E0A1E72560DEE700BFDC7A0020164B10B5EB
S3150002F0F01C68A36BB3B91820FFF7C8FEA06328B932
S3150002F1000246124B4E21124801F0E0F9114A124B07
S3150002F110C0E90023114B012283600B238381002364
S3150002F120C0E90423A46B0E4A206963690D49424370
S3150002F13001FB0322A0FB0101431C42EB0100C4E9CF
S3150002F140043020F0004010BD941100209EC503003B
S3150002F15038C603000E33CDAB34126DE6ECDE050085
S3150002F1602DF451582D7F954C38B50023054D044694
S3150002F17008462B60EFF76CF8431C02D12B6803B1EB
S3150002F180236038BD107B00202DE9F7431D465C4BFA
S3150002F19004460E461F68904627B1BB6913B9384626
S3150002F1A001F0D0FA574B9C4267D17C68B8F1020F46
S3150002F1B006D0B8F1010F00F29E80002DC0F29B80AE
S3150002F1C0636EDB0705D4A389980502D4A06D01F00E
S3150002F1D0B7FB2146384601F021FA616B41B104F1D1
S3150002F1E04403994202D03846FFF7A0FE0023636328
S3150002F1F00023A3616360A389190603D521693846F2
S3150002F200FFF794FEA389B8F1020F23F44A6323F0B1
S3150002F2100303A3816BD001AB6A462146384601F04F
S3150002F22092FBA3891843A081002D30D1009D284668
S3150002F230FFF72CFE0646002854D1DDF80090A945BA
S3150002F24049D14FF0FF350022B4F90C30A26004F127
S3150002F250470243F00203226022610122A381626116
S3150002F260626ED20705D413F4007F02D1A06D01F0BD
S3150002F27069FB284603B0BDE8F083234B9C4201D1CB
S3150002F280BC6893E7214B9C4208BFFC688EE7002EC0
S3150002F290CDD0BB6913B9384601F054FAB8F1010F63
S3150002F2A0266002BFA38943F00103A381A28912F05B
S3150002F2B00803C4E904651CD0D30745BF00236D4289
S3150002F2C0A560A36048BFA561656E15F0010515D15D
S3150002F2D012F4007FC9E74846FFF7D8FD0646002824
S3150002F2E0AFD04D46A38943F08003A381D1E7002521
S3150002F2F0A9E7A360E8E74FF0FF35BAE70025B8E7CC
S3150002F30094110020C4C90300E4C90300A4C9030080
S3150002F3100CB4184B30B50C1E9DB01D6808DA8B2351
S3150002F3204FF0FF302B601DB0BDE8304002B0704791
S3150002F3304FF402730290069002A9ADF8143014BF7E
S3150002F34004F1FF332346209A2846049307934FF687
S3150002F350FF73ADF8163021AB019301F0C1FB431CDC
S3150002F360BCBF8B232B60002CDDD0029B00221A70BF
S3150002F370D9E700BF941100200EB400B59CB06FF01F
S3150002F38000411DAB02900690079104910848094975
S3150002F39053F8042B059102A90068019301F0A0FB22
S3150002F3A0029B00221A701CB05DF804EB03B0704792
S3150002F3B0941100200802FFFF024610B51478134686
S3150002F3C00132002CFAD1013B11F8012B03F8012F6F
S3150002F3D0002AF9D110BD10F8012B11F8013B012AC0
S3150002F3E028BF9A42F7D0D01A7047034611F8012B6C
S3150002F3F003F8012B002AF9D170470000426940F256
S3150002F4006C73002AA8BF6FF063031344920705D1F9
S3150002F410642193FBF1F201FB1232DAB94FF4C8729E
S3150002F42093FBF2F102FB1133B3FA83F35B09D0E9E2
S3150002F4300602400000EB0210184441F2A263984211
S3150002F4403AD021DC01281ADC0028B4BF00204FF094
S3150002F450FF3070470123EAE7172813D8DFE800F0E8
S3150002F4600C0C0C0C12120C0C121212121212121298
S3150002F47012120C0C12120C0C4FF0FF3070470A38A5
S3150002F4801728E9D90020704741F2B463984206DC96
S3150002F49041F2B1639842D4BF002001207047A0F523
S3150002F4A0B65002381528EDD8012383400348184088
S3150002F4B0003818BF01207047012070471F002A003C
S3150002F4C02DE9F04F1E4600238FB007460D461C4617
S3150002F4D002931378002B00F0B884252B1FD192F8E3
S3150002F4E001B0BBF1300F24D0BBF12B0F21D002F1BA
S3150002F4F001084FF0000B98F80020313A082A1BD871
S3150002F50040460A2206A900F005FEDDF8188081466B
S3150002F51098F80020452A12D108F1010811E0691E67
S3150002F520A14202D8002400F093BC3B5501320134BB
S3150002F530CFE702F10208DEE74FF00009E8E74F2ABB
S3150002F540EAD098F80000A0F12502552AEAD801A3CC
S3150002F55053F822F03FFE020025F5020025F50200CF
S3150002F56025F5020025F5020025F5020025F5020023
S3150002F57025F5020025F5020025F5020025F5020013
S3150002F58025F5020025F5020025F5020025F5020003
S3150002F59025F5020025F5020025F5020025F50200F3
S3150002F5A025F5020025F5020025F5020025F50200E3
S3150002F5B025F5020025F5020025F5020025F50200D3
S3150002F5C025F50200E9F6020041F70200AFF7020054
S3150002F5D04DF8020025F5020097F8020085F90200AF
S3150002F5E05DFA02006BFA020025F5020025F502001B
S3150002F5F025F502009BFA020025F5020025F5020018
S3150002F600AFFA020025F5020001FB020013FC02001C
S3150002F61023FC02004BFC02005BFC0200F7FC02002A
S3150002F620A7F7020023FD0200EDFD020025F5020008
S3150002F63025F5020025F5020025F5020025F5020052
S3150002F64025F50200ADF6020017F702006DF702007B
S3150002F65029F8020029F8020025F50200E9F802005D
S3150002F66017F7020025F502008DFA02005DFA020084
S3150002F6706BFA020095FA02009FFA020025F50200D3
S3150002F680AFFA020025F5020097F7020013FB02000B
S3150002F69017FC020031FC020025F50200E9FC02001B
S3150002F6A09FF7020007FD020075FD0200B369A94A31
S3150002F6B0183352F82390484609F1FF3900F0D6FB79
S3150002F6C06B1E2044A04207D198F80030002B00F0B0
S3150002F6D0BC8308F10102FCE6A3427FF623AF19F8C8
S3150002F6E0012F3A550134EDE7B2699A4B03EB8203D7
S3150002F6F0D3F87C90484609F1FF3900F0B7FB6B1E40
S3150002F7002044A042E0D0A3427FF60CAF19F8012FA5
S3150002F7103A550134F5E78F4B326953F82290484641
S3150002F72009F1FF3900F0A2FB6B1E2044A042CBD0A8
S3150002F730A3427FF6F7AE19F8012F3A550134F5E7E1
S3150002F7403369844A0C3352F82390484609F1FF394B
S3150002F75000F08CFB6B1E2044A042B5D0A3427FF67C
S3150002F760E1AE19F8012F3A550134F5E7794BD3F892
S3150002F770A090484600F07AFB99F80030002BA3D0FF
S3150002F78033464A46291B3819FFF79AFE00287FF7A7
S3150002F790C9AE044498E76F4BD3F8E490E9E76D4BA2
S3150002F7A0D3F89C90E5E76B4BD3F89890E1E76A496A
S3150002F7B0D6F814A08A45ACBF00210121BAF1000F88
S3150002F7C011DB64209AFBF0F01330BBF1000F14D06A
S3150002F7D0632827DD614B624ABBF12B0F18BF1A461D
S3150002F7E0DFF898C10CE00AF26C70039100F06AFE31
S3150002F7F06422039990FBF2F0E7E7584ADFF880C1EA
S3150002F800B9F1020F2CBFC1EB0901C1F10201554B3F
S3150002F8100190009150498A45A8BF13466246291BAA
S3150002F820381927E04D4ADBE74F49504AF368642806
S3150002F83008BF0A46291B3819FFF76AFD0028FFF69A
S3150002F84071AE0444A5423FF63FAF6BE6706907EB23
S3150002F85004093369291B0028D6F80CA003F1010319
S3150002F8600BDB642290FBF2FC02FB1C00404ACDE952
S3150002F87000A04846FFF74CFDE0E700F26C70CDE9C8
S3150002F880031300F01FFE642290FBF2FCDDE9031372
S3150002F8900CFB1200EAE725228DF81820BBF1000FB7
S3150002F8A011D0B9F1060F38BF4FF00609B9F10603B8
S3150002F8B08DF819B00CD10DF11A002E49FFF795FDFE
S3150002F8C0334606AA5EE74FF02B0B4FF00A09EDE727
S3150002F8D0294A1E210DF11A00FFF71AFD0028EADD5A
S3150002F8E00DF11A031844E8E73046FFF787FD814613
S3150002F8F07069002811DB642390FBF3F203FB12000C
S3150002F9006422814499FBF2F302FB13999144B9FBF9
S3150002F910F2F302FB1393144A8CE700F26C7000F0C8
S3150002F920D1FD6423B9F1000F90FBF3F202FB130041
S3150002F93007DA7269A3F2CF739A42B8BF4FF0010990
S3150002F940DEE7DDD07269044B9A42B8BF4FF0FF3949
S3150002F950D6E700BF30C8030094F8FFFF922E0300DB
S3150002F960C5C6030099CA0300D5C60300C7C603006D
S3150002F970CBC60300DAC60300E6BF0300BDC603001A
S3150002F980B6C6030071693046BA4A9142ACBF00233B
S3150002F9900123CDE90331FFF731FD0499824600299F
S3150002F9A02CDB642291FBF2F213327069002830DB01
S3150002F9B04FF0640C90FBFCFE0CFB1E00BAF1000F2C
S3150002F9C036DA7169AC4B99423CDB8244BAF1FF3FAD
S3150002F9D03DD1013A4FF0630A6420039B00FB02AA61
S3150002F9E0002B00F0AA812D228DF81820B9F1000F04
S3150002F9F001D009F1FF390DF11902A9E101F26C708A
S3150002FA00049100F05FFD4FF0640C049990FBFCF248
S3150002FA10CBE700F26C70CDE9041200F053FD4FF013
S3150002FA20640C90FBFCFEDDE904120EFB1C00C5E72C
S3150002FA30CBD0904B9942B6BF012300234FF0FF3A39
S3150002FA400393C2E74FF0010ACDF80CA0BDE7BAF165
S3150002FA50640F04BF01324FF0000ABDE78749884AA6
S3150002FA60B3686B2808BF0A46E4E6B36863B10C2B99
S3150002FA7004D00C2193FBF1F201FB123380497F4A39
S3150002FA80492808BF0A46D5E60C23F7E7F3697D4AFB
S3150002FA900133CFE6336901333DE773683BE76B1EFB
S3150002FAA09C42BFF43FAD0A233B5501340CE6B368D2
S3150002FAB00B2B754BD4BF0022012203EB8203D3F832
S3150002FAC0A490484600F0D2F909F1FF32204405F12C
S3150002FAD0FF3CA0423FF4F8ADA4457FF623AD98F86B
S3150002FAE0001012F8013F502907D16849C95C01F09C
S3150002FAF00301012908BF2033DBB23B550134E8E795
S3150002FB007368634A0093B368291B3819FFF700FC30
S3150002FB1094E6336A002B79DB00F006FB029B0BB9F5
S3150002FB2000F00EFB00F002FF336A002B4FF02803B1
S3150002FB30D4BF0022012202FB0333C358C3F10009DA
S3150002FB4000F0F8FA012302937269291B3819B2F1FF
S3150002FB5045034FEAE27C6CF1000CBCF1000F02DABD
S3150002FB6003334CF1000C02F1FF3A4FF0640E9B088E
S3150002FB709AFBFEFE43EA8C7302F22B1A4FEAAC0C96
S3150002FB80463AB3EB0E036CEBEE7C4FF4C87E9AFB5F
S3150002FB90FEFE13EB0E034CEBEE7E40F26D1C0CFBED
S3150002FBA002F24FF0180C9B184EEBE272D6F81CE0EC
S3150002FBB013EB0E0342EBEE72A3FB0C3E0CFB02E2CE
S3150002FBC0D6F808E04FF03C0C13EB0E0342EBEE7E48
S3150002FBD0A3FB0C320CFB0E22D6F804E013EB0E0349
S3150002FBE042EBEE72A3FB0C3E0CFB02E2D6F800E0FF
S3150002FBF013EB0E0342EBEE72B3EB090362EBE9720F
S3150002FC00CDE90032234AFFF783FB17E64FF00009DE
S3150002FC109AE733687FE66B1E9C42BFF483AC0923E6
S3150002FC2042E733681C4A019373680093B368F6E5AA
S3150002FC306B1E9C42BFF476ACB369621C1BB93723B8
S3150002FC403B55144640E53033FAE7F369B2690733A8
S3150002FC509B1A072293FBF2F35DE63046FFF7CEFBD3
S3150002FC60B269DAB1013A00283CDCF36918D10A33E9
S3150002FC70EEE700BF94F8FFFF95F8FFFFC7C6030043
S3150002FC80D5C60300E6C6030030C803009EC40300BF
S3150002FC90F5C60300EBC60300F0C603000622E2E740
S3150002FCA07169D21A40F26B730029A8BF6FF0640320
S3150002FCB00B44990705D1642093FBF0F100FB113147
S3150002FCC071B94FF4C87193FBF1F001FB1033B3FA2B
S3150002FCD083F35B09D31A052BB4BF352334231AE603
S3150002FCE00123F7E7012316E66B1E9C42BFF41AAC0A
S3150002FCF0B3693033D8E6B2691AB1013AF369073308
S3150002FD00A6E70622FAE77069002805DB642390FB62
S3150002FD10F3F202FB1303FEE500F26C7000F0D2FB75
S3150002FD20F4E772694C498A4205DA2D20A1EB020AF0
S3150002FD308DF818005AE602F26C7ABBF12B0F06D147
S3150002FD4042F20F72924502D98DF818B04EE606AA13
S3150002FD5025211170BBF1000F08D1501C3F49FFF756
S3150002FD6044FB4B4606AACDF800A0CDE63023901CF4
S3150002FD705370F3E7336A002BFFF6A6AC00F0D4F912
S3150002FD80029B0BB900F0DCF900F0D0FD336A07EBF9
S3150002FD90040AA5EB040B002B4FF02803D4BF002264
S3150002FDA0012202FB0333C358C3F1000900F0C2F972
S3150002FDB03C2399FBF3F000F0BDFD3C23594690FB32
S3150002FDC0F3F202FB13004FF46163254A009050469A
S3150002FDD099FBF3F3FFF79CFA0028FFF6A3AB044462
S3150002FDE0A5427FF69FAB012302936DE4336A002B93
S3150002FDF0FFF66AAC00F098F9029B0BB900F0A0F985
S3150002FE00336A184A002BD4BF0023012352F82390E9
S3150002FE10484609F1FF3900F029F86B1E2044A0423A
S3150002FE2002D100F087F9DEE7A34204D919F8012FBF
S3150002FE303A550134F3E700F07DF9FFF773BB6B1E09
S3150002FE409C42BFF46FAB25232EE60DB100233B5532
S3150002FE5020460FB0BDE8F08F94F8FFFFE2C603001C
S3150002FE60FFC60300F8110020FFF72ABB034613F86A
S3150002FE70012B002AFBD1181A0138704770B50A44C3
S3150002FE8004460E4E8A4201D1002013E014F8013BCB
S3150002FE90985D00F00300012811F8010B355C08BFDC
S3150002FEA0203305F00305012D08BF20301B1A02D1AD
S3150002FEB00028E7D170BD1846FCE700BF9EC40300C8
S3150002FEC010B57AB103460139841813F8010B11F8FB
S3150002FED0012F904201D1A34201D1801A10BD002800
S3150002FEE0F3D1FAE71046F9E70139034610B532B104
S3150002FEF011F8014F013A03F8014B002CF7D11A44CD
S3150002FF000021934200D110BD03F8011BF9E700005E
S3150002FF10012B2DE9F04701D0242B06D900F0F4FA83
S3150002FF20162303600020BDE8F0870D46DFF8E0C027
S3150002FF302E4615F8014B14F80C7017F00807F7D186
S3150002FF402D2C32D12C780127B51C002B5BD0102B1F
S3150002FF5009D1302C07D12C7804F0DF04582C4DD16E
S3150002FF606C781023023507F100484FF0000C08F1B7
S3150002FF70FF386646B8FBF3F903FB198AA4F1300E83
S3150002FF80BEF1090F16D87446A34224DDBCF1000F58
S3150002FF901EDBB1451CD301D1A24519DB06FB034684
S3150002FFA04FF0010C15F8014BE8E72B2C04BF2C7817
S3150002FFB0B51CCAE7A4F1410EBEF1190F01D8373CB0
S3150002FFC0E2E7A4F1610EBEF1190F04D8573CDBE754
S3150002FFD04FF0FF3CE6E7BCF1000F05DA2223464666
S3150002FFE0036042B930469EE707B17642002AF9D04D
S3150002FFF0BCF1000F00D0691E1160F3E73024002B1C
S31500030000B1D10823AFE7302CA5D00A23ABE700BF55
S315000300109EC40300FFF77CBF13460A460146024807
S315000300200068FFF775BF00BF941100202DE9F04368
S3150003003086460D46354F284615F8014BE65D16F004
S315000300400806F8D12D2C2FD12C780126851C002BE0
S3150003005057D0102B09D1302C07D1287800F0DF00B8
S31500030060582849D16C78102302354FF0FF38002702
S31500030070B8FBF3F803FB08F938466FEA0909A4F15C
S31500030080300CBCF1090F14D86446A34222DD002FBD
S315000300901DDB80451BD301D1A14518DB00FB0340C3
S315000300A0012715F8014BEAE72B2C04BF2C78851C96
S315000300B0CDE7A4F1410CBCF1190F01D8373CE4E7B5
S315000300C0A4F1610CBCF1190F04D8573CDDE74FF0DE
S315000300D0FF37E6E7002F07DA22234FF0FF30CEF88B
S315000300E0003032B9BDE8F08306B14042002AF9D0A8
S315000300F007B1691E1160F5E73024002BB5D108233B
S31500030100B3E7302CA9D00A23AFE700BF9EC4030090
S31500030110FFF78CBF13460A46014602480068FFF7FD
S3150003012085BF00BF94110020014800F008BC00BF42
S315000301300C7B0020014800F004BC00BF0C7B0020B0
S31500030140014B186800F002B8941100202DE9F04F16
S3150003015007468DB000F0EAFBB2490546384600F083
S31500030160DDFBB14E044670B9B04BB14A1860B14BD2
S315000301701860B14B3068C3E90022FEF78FFE346086
S315000301800DB0BDE8F08F3168002962D13068FEF703
S3150003019085FE2046FFF76AFE411C3846FEF732FF0E
S315000301A0306000285AD123780AAEA44A3A2BA449D0
S315000301B0334608BF0134204601F082F80028DFDD0C
S315000301C00A9BE718E35C2D2B4CD101374FF0FF3820
S315000301D00DF1200A0DF11E0B0024334607AA994997
S315000301E038460396CDF800B0ADF81E40ADF8204072
S315000301F0CDE9016A01F064F8A042C1DDBDF81E2015
S315000302003C21BDF82030DFF8489201FB0233BDF8EC
S315000302101C204FF4616101FB02334A46884908FBFF
S3150003022003F3DFF81482AB62844BC8F800300A9BF1
S315000302301F443346384601F043F8A04218DCD8F889
S315000302400030AA6AC8F80430784B1A60794B1C60F0
S3150003025096E7FFF7C0F8002898D191E72146FFF704
S31500030260C4F8A0E72B2B4FF0010808BF0137AFE70F
S315000302700A9BC8F80490FC18FB5C2D2B40F08C807D
S3150003028001344FF0FF37002307AA6E492046ADF825
S315000302901C30ADF81E30ADF820300A933346CDE955
S315000302A002A6CDE900B601F00BF800287ADCAB6AAA
S315000302B0A3F561632B652F460A9B4FF000091C4487
S315000302C023782C2B08BF013494F80080B8F14D0F26
S315000302D07AD10DF126030DF122025B4920460396DE
S315000302E0CDE9016309AB0093334600F0E9FF032828
S315000302F07FF446AFBDF822104B1E0B2B3FF640AFE3
S31500030300BDF82420531E042B3FF63AAFBDF8263022
S31500030310062B3FF635AF87F808807B61C7E90312E2
S315000303200A9B04EB03080223ADF81C300023ADF847
S315000303301E30ADF820300A9398F800302F2B09D1E0
S31500030340334607AA41494046CDE902A6CDE900B6A0
S3150003035000F0B6FFBDF81E203C21BDF8203028373B
S3150003036001FB0233BDF81C204FF4616101FB02332C
S3150003037047F8103C0A9C4444B9F1000F21D0686841
S3150003038001F010F8AA6A294B1A602B6D9B1A294AA9
S3150003039018BF01231360F3E62B2B4FF0010708BFA9
S315000303A0013470E7BDF81E203C21BDF8203001FB67
S315000303B00233BDF81C204FF4616101FB02337B431A
S315000303C078E74FF001097BE7B8F14A0F4FF00A02CD
S315000303D00BA906BF01344346442320460593FFF782
S315000303E099FEDDF82C80059BA045ADF8260014D1B7
S315000303F04D23B9F1000F07D103212B720223C5F850
S315000304001490C5E903138EE70B2285F830300123D8
S31500030410C5E90D230023EB6385E780B23B72786160
S3150003042081E700BFCDC20300FC7A0020047B0020D5
S315000304302CC90300007B0020F8110020EF7A00206E
S3150003044030C9030053C903003FC9030052C903005F
S31500030450E47A002013B50B46094902460C6844B1F9
S31500030460A16931B9CDE90003204600F06BF9DDE956
S315000304700023A168204602B0BDE8104000F05ABC34
S315000304809411002000B59BB0009104916FF00041D8
S315000304900591029105490391694600F021FB009BF2
S315000304A000221A701BB05DF804FB00BF0802FFFFB1
S315000304B013460A46014602480068FFF7E3BF00BF3A
S315000304C0941100200028B8BF404270471FB5144658
S315000304D01A46094B05461B68D8684CB1074B009171
S315000304E00749CDE901342B4600F0AAF901F0D6F805
S315000304F0044B1C46F3E700BF9411002065C90300B3
S3150003050072C90300922E0300014B1868704700BF9F
S31500030510941100208A892DE9F041054610070C46FF
S3150003052058D44B68002B05DC0B6C002B02DC002037
S31500030530BDE8F081E66A002EF9D0002312F480525A
S315000305402F682B6032D0606DA3895A0705D563687F
S31500030550C01A636B0BB1236CC01A00230246E66A0A
S315000305602846216AB047431CA38906D129681D2959
S315000305702CD8294ACA40D60728D50022D904626056
S315000305802269226004D5421C01D12B6803B9606538
S31500030590616B2F600029CAD004F14403994202D04B
S315000305A02846FEF7C3FC00206063C1E7216A0123E6
S315000305B02846B047411CC7D12B68002BC4D01D2B3E
S315000305C001D0162B01D12F60B1E7A38943F0400375
S315000305D0A381ADE70F69002FA9D093070E680F60BB
S315000305E00CBF4B690023A6EB07088B60B8F1000F1D
S315000305F09DDD43463A46216A2846A66AB047002847
S3150003060006DCA3894FF0FF3043F04003A3818FE755
S315000306100744A8EB0008E9E70100402038B50B6959
S3150003062005460C4613B90025284638BD18B183691B
S315000306300BB900F087F8144B9C421BD16C68B4F9D4
S315000306400C30002BEFD0626ED00704D4990502D488
S31500030650A06D00F075F928462146FFF75BFF636E30
S315000306600546DA07E0D4A3899B05DDD4A06D00F027
S3150003067069F9D9E7054B9C4201D1AC68DFE7044B26
S315000306809C4208BFEC68DAE7C4C90300E4C9030067
S31500030690A4C90300002310B504468360818119466B
S315000306A04366C28108228361C0E90033C0E904338B
S315000306B05C30FEF732FC054B24626362044BA36293
S315000306C0044BE362044B236310BD00BF19130300FD
S315000306D03F130300771303009B130300014900F044
S315000306E0C1B800BF1D06030070B568224D1E0E4635
S315000306F0554305F17401FEF785FC044640B100211C
S3150003070005F16802C0E900160C30A060FEF705FC8F
S31500030710204670BD014800F013B900BF0A7B0020D4
S31500030720014800F00FB900BF0A7B0020014800F022
S3150003073007B900BF0B7B0020014800F003B900BFD7
S315000307400B7B002010B50446FFF7F0FFA3691BB12E
S31500030750BDE81040FFF7F0BFC4E912332365204616
S31500030760124B134A1B68A262A34204BF0123A3616F
S3150003077000F020F86060204600F01CF8A0602046D8
S3150003078000F018F800220421E0606068FFF782FF9A
S3150003079001220921A068FFF77DFF02221221E068EA
S315000307A0FFF778FF0123A361D2E700BF34C6030036
S315000307B0DD060300F8B50746FFF7ACFF1E4B1E68C0
S315000307C0B36913B93046FFF7BDFF4836D6E901349E
S315000307D0013B03D533680BB33668F7E7B4F90C501E
S315000307E0D5B9164B04F158006566E36000F0A6F828
S315000307F0FFF796FF0822294604F15C002560A561F0
S31500030800C4E90155C4E90455FEF787FBC4E90D5550
S31500030810C4E912552046F8BD6834D9E704213846A1
S31500030820FFF762FF044630600028D5D1FFF778FF53
S315000308300C233B60EEE700BF34C603000100FFFF55
S315000308400EB403B503AB0146054853F8042B006801
S31500030850019300F06FFA02B05DF804EB03B0704742
S31500030860941100202DE9F8430646884600F1480412
S315000308700027D4E90195B9F1010905D52468002CAF
S31500030880F7D13846BDE8F883AB89012B07D9B5F90B
S315000308900E30013303D029463046C0470743683537
S315000308A0E9E700002DE9F84FDFF86CA00746894613
S315000308B0164600F00BFFDAF8004034B14B46984673
S315000308C013F8012B3AB13D2AF9D1384600F004FF5B
S315000308D00020BDE8F88FA8EB0908A34654F8040BDB
S315000308E00028F2D042464946FFF7EAFA0028F4D137
S315000308F054F8043C03EB080513F808303D2BECD100
S31500030900DAF800303846ABEB03039B10336000F094
S31500030910E3FE681CDDE700BF5812002007B501AAF5
S31500030920FFF7C0FF03B05DF804FB00000048704703
S31500030930001200200028B8BF404270477047704736
S3150003094070477047704770B50E46B1F90E1096B0F2
S31500030950144600291D4608DAB6F90C3000222A602F
S315000309601A0610D44FF480630EE06A4600F0BAFE0E
S315000309700028F1DB019A02F47042A2F500535A42B1
S315000309805A412A60EEE740230020236016B070BD6B
S315000309908B8973B59D0706460C4607D504F14703B5
S315000309A0236023610123636102B070BD01AB6A4614
S315000309B0FFF7C9FF009905463046FEF723FB48B902
S315000309C0B4F90C309A05EFD423F0030343F0020382
S315000309D0A381E3E70D4BB362A389206043F0800351
S315000309E02061A381009B6361019B5BB1B4F90E1087
S315000309F0304600F089FE28B1A38923F0030343F0B0
S31500030A000103A381A0890543A581CDE7DD06030084
S31500030A100148FFF795BF00BF097B00200148FFF798
S31500030A2091BF00BF097B00202DE9F0478E688246FF
S31500030A300C4690469E421F4638D88A8912F4906F18
S31500030A4032D0256801330969A5EB0109656905EB10
S31500030A5045054B4405EBD5756D109D4238BF1D46C4
S31500030A60530531D52946FEF7CDFA064650B90C2370
S31500030A704FF0FF30CAF80030A38943F04003A38147
S31500030A80BDE8F0874A462169FEF720FAA38923F4D5
S31500030A90906343F08003A38126614E446561A5EB11
S31500030AA0090526603E46A560BE4200D93E4632464B
S31500030AB041462068FEF717FAA36800209B1BA36034
S31500030AC0236833442360DBE72A4600F04DFE0646DF
S31500030AD00028E1D121695046FEF728FAC7E700004E
S31500030AE02DE9F04F98468B899DB007461B060D46A8
S31500030AF014460ED50B6963B94021FEF783FA2860C5
S31500030B00286120B90C233B604FF0FF30D1E040232E
S31500030B106B610023CDF80C804FF00109DFF8AC813F
S31500030B20099320238DF8293030238DF82A30234664
S31500030B309A4613F8012B0AB1252AF9D1BAEB040B0D
S31500030B400BD05B46224629463846FFF76DFF013038
S31500030B5000F0AA80099A5A4409929AF80030002BA9
S31500030B6000F0A28000234FF0FF320AF1010A04933A
S31500030B7007938DF853301A93CDE90523544605227E
S31500030B80524814F8011B00F0E1FD049AD8B9D006C7
S31500030B9044BF20238DF85330110744BF2B238DF810
S31500030BA053309AF800302A2B15D0079A5446002062
S31500030BB04FF00A0C214611F8013B303B092B4ED965
S31500030BC0B0B1079214E0A0EB0803A24609FA03F3B7
S31500030BD013430493D2E7039B191D1B68002B039150
S31500030BE0BBBF5B4242F0020207930793B8BF04926E
S31500030BF023782E2B0CD163782A2B35D1039B023411
S31500030C001A1D1B68002B0392B8BF4FF0FF330593E1
S31500030C10DFF8C8A003222178504600F097FD40B1C3
S31500030C204023A0EB0A00013403FA00F0049B0343BC
S31500030C30049314F8011B062225488DF8281000F0AA
S31500030C4085FD002838D0234B1BBB039B073323F0BA
S31500030C50070308330393099B3344099367E70CFBA4
S31500030C6002320C460120A5E7002301344FF00A0C9B
S31500030C7019460593204610F8012B303A092A03D961
S31500030C80002BC5D00591C3E70CFB012104460123C4
S31500030C90F0E703AB2A4604A9384600930E4B00E05F
S31500030CA000BF421C0646D6D1AB895B063FF52CAF87
S31500030CB009981DB0BDE8F08F03AB2A4604A9384650
S31500030CC00093054B00F0D6F9EBE700BF04CA030017
S31500030CD00ECA030000000000290A03000ACA030023
S31500030CE09368013B002B936010B408DA9469A3421E
S31500030CF001DB0A2903D15DF8044B00F0FDBB136841
S31500030D00581C1060084619705DF8044B7047F8B517
S31500030D1006460F461446D518AC4201D1002007E01B
S31500030D203A4614F8011B3046FFF7DAFF431CF3D1AA
S31500030D30F8BD00002DE9F04F0D469DB014469846C8
S31500030D40064618B183690BB9FFF7FCFC894B9D4234
S31500030D501BD175686B6ED90705D4AB899A0502D486
S31500030D60A86DFFF7EDFDAB891B0701D52B69EBB921
S31500030D702946304600F024FCC0B16B6EDC070ED565
S31500030D804FF0FF301DB0BDE8F08F7B4B9D4201D184
S31500030D90B568DFE7794B9D4208BFF568DAE7AB89AB
S31500030DA09805EDD4A86DFFF7CDFDE9E70023CDF84F
S31500030DB00C804FF00109DFF8C881099320238DF8D1
S31500030DC0293030238DF82A3023469A4613F8012B0F
S31500030DD00AB1252AF9D1BAEB040B0BD05B4622469E
S31500030DE029463046FFF793FF013000F0AA80099A9F
S31500030DF05A4409929AF80030002B00F0A28000238F
S31500030E004FF0FF320AF1010A049307938DF853302A
S31500030E101A93CDE9052354460522594814F8011BB4
S31500030E2000F094FC049AD8B9D10644BF20238DF868
S31500030E305330130744BF2B238DF853309AF80030F1
S31500030E402A2B15D0079A544600204FF00A0C214648
S31500030E5011F8013B303B092B4ED9B0B1079214E090
S31500030E60A0EB0803A24609FA03F313430493D2E75C
S31500030E70039B191D1B68002B0391BBBF5B4242F00A
S31500030E80020207930793B8BF049223782E2B0CD143
S31500030E9063782A2B35D1039B02341A1D1B68002B5A
S31500030EA00392B8BF4FF0FF330593DFF8E4A00322A4
S31500030EB02178504600F04AFC40B14023A0EB0A00DB
S31500030EC0013403FA00F0049B0343049314F8011B53
S31500030ED006222C488DF8281000F038FC00283FD055
S31500030EE0294B1BBB039B073323F0070308330393E9
S31500030EF0099B3B44099367E70CFB02320C4601202E
S31500030F00A5E7002301344FF00A0C19460593204642
S31500030F1010F8012B303A092A03D9002BC5D00591C5
S31500030F20C3E70CFB012104460123F0E703AB2A4682
S31500030F3004A930460093154B00E000BF0746781C12
S31500030F40D6D16B6ED90705D4AB899A0502D4A86DA1
S31500030F50FFF7F8FCAB895B063FF512AF099811E77B
S31500030F6003AB2A4604A930460093084B00F082F8E7
S31500030F70E4E700BFC4C90300E4C90300A4C903002E
S31500030F8004CA03000ECA0300000000000F0D03008D
S31500030F900ACA03002DE9F047164699468A680746AA
S31500030FA00B690C46DDF820809342B8BF13463360C5
S31500030FB091F843200AB1013333602368990642BF8F
S31500030FC0336802333360256815F0060506D104F14C
S31500030FD0190AE36832689B1AAB4229DC94F843206A
S31500030FE0131E226818BF012392062ED404F143026E
S31500030FF049463846C047013021D023681A3454F88D
S315000310000E5C03F0060332680026042B54F8123CE8
S3150003101008BFAD1A54F80A2C14BF002525EAE57556
S315000310209342C4BF9B1AED18B5421AD1002008E0BB
S315000310300123524649463846C047013003D14FF093
S31500031040FF30BDE8F0870135C3E7E1185A1C3020AD
S315000310500233224481F8430094F8451082F8431082
S31500031060C4E70123224649463846C0470130E6D045
S315000310700136D9E72DE9FF470F7E914680460C4698
S31500031080782F9A460C9D01F1430207D8622F0AD89E
S31500031090002F00F0D880582F00F0A38004F14205FA
S315000310A084F842703AE0A7F16303152BF6D801A141
S315000310B051F823F00D110300211103009D100300C5
S315000310C09D1003009D1003009D10030021110300D2
S315000310D09D1003009D1003009D1003009D10030047
S315000310E02D120300511103000F1203009D1003007C
S315000310F09D1003004F1203009D10030051110300BE
S315000311009D1003009D100300171203002B681A1D80
S315000311101B682A6004F1420584F842300123A3E0E8
S3150003112020682968060601F104030AD50E682B60B8
S31500031130002E03DA2D23764284F843305E480A23D1
S3150003114019E00E6810F0400F2B6018BF36B2EFE7B8
S315000311502B682068191D2960010601D51E6802E067
S315000311604606FBD51E886F2F53480CBF08230A2358
S31500031170002184F843106568002DA560A2BF21688D
S3150003118021F0040121600EB9002D4DD01546B6FBA2
S31500031190F3F103FB1167C75D05F8017D37460E467C
S315000311A0BB42F4D9082B0BD12368DE0708D5236984
S315000311B061689942DEBF302305F8013C05F1FF352E
S315000311C0521B22614B4603AA21464046CDF800A096
S315000311D0FFF7E0FE01304CD14FF0FF3004B0BDE81D
S315000311E0F087354881F845702968236851F8046B00
S315000311F029601D0614D5DF0744BF43F0200323608F
S315000312001EB9236823F0200323601023B0E7236865
S3150003121043F0200323607823284884F84530E3E726
S31500031220590648BFB6B2E6E71546BBE72B682668FC
S31500031230181D6169286035061B6801D5196002E02F
S315000312407006FBD51980002315462361BAE72B6880
S3150003125000211A1D2A601D686268284600F076FA86
S3150003126008B1401B606063682361002384F8433040
S31500031270A8E723692A4649464046D0470130ABD002
S3150003128023689B0713D4E068039B9842B8BF1846AC
S31500031290A4E70123324649464046D04701309BD056
S315000312A00135E36803995B1AAB42F2DCEBE70025F1
S315000312B004F11906F5E700BF15CA030026CA0300A1
S315000312C00EB410B59FB04FF4017121ACADF81C10EC
S315000312D0049054F8042B08900192FEF7C7FD0C4BBB
S315000312E004A905900D9300230990119316934FF6C5
S315000312F0FF730848ADF81E302346019A006803942D
S3150003130000F0BCFA1FB0BDE8104003B0704700BF41
S315000313103B1303009411002010B50C46B1F90E10CF
S3150003132000F07AFD0028ABBF636DA3891B1823F475
S315000313308053ACBF6365A38110BD002070472DE9C0
S31500031340F0411F468B8905460C46DB05164605D537
S3150003135002230022B1F90E1000F0E6F9A389324602
S31500031360B4F90E10284623F48053A3813B46BDE807
S31500031370F04100F013B910B50C46B1F90E1000F0A8
S31500031380D3F9431CA38915BF606523F4805343F443
S315000313908053A38118BFA38110BDB1F90E1000F0CD
S315000313A085B900002DE9F74F0546FFF7BFFA40F26E
S315000313B0B1739D4240F399806FF4F662A5F2B2735E
S315000313C06FF4C86100F1500BAC1840F26D124FF088
S315000313D0070A4560A41002FB03446FF06302A5F2FB
S315000313E06D7393FBF2F36A181C444FF4C8730146FA
S315000313F0B2FBF3F295FBF3FC1444642203FB1C5C7F
S3150003140005F0030395FBF2F7BCFA8CF602FB1757BC
S31500031410009376090D7A4B694A2D2DD1009A04EB78
S31500031420030E02B917B9BCF1000F23D13B2BD4BF6E
S31500031430002301237344013B8D692D4A4FEAE57E60
S31500031440C3FB025E8B6AED184EEBE373C1E90853E7
S3150003145028318B45DED1D0E91213D0E908428C42FC
S3150003146072EB0303B4BF012300230360012003B01F
S31500031470BDE8F08F0023DDE7442D01D12344DBE7EC
S31500031480009A62BB002F0CBF35460125CA684FF090
S315000314903009A6464FF000080192164A09FB0525B6
S315000314A0043D08F10108019A424555F8289018DCD5
S315000314B00EF1040595FBFAF8C8EBC808A5EB080876
S315000314C0B3EB08080B6903F1FF3348BF08F10708BC
S315000314D0C3EBC30343444B4505DA7344ACE73546D4
S315000314E0D4E7CE44DDE7073BF5E70020BFE700BFBF
S315000314F08051010038CA0300F8B50E461446054666
S3150003150018B183690BB9FFF71DF9214B9C422BD107
S315000315106C68A369A360A3891A072FD523696BB3E4
S315000315202369F6B220683746C01A6369834204DC2E
S3150003153021462846FFF772F830BBA3680130013B0A
S31500031540A36023685A1C22601E706369834204D019
S31500031550A389DB0706D50A2E04D121462846FFF7C1
S315000315605DF888B93846F8BD0A4B9C4201D1AC6890
S31500031570CFE7094B9C4208BFEC68CAE721462846D9
S3150003158000F01EF80028CBD04FF0FF37EAE700BF84
S31500031590C4C90300E4C90300A4C9030038B504465B
S315000315A0064D0846114600222A601A46F1F726FB25
S315000315B0431C02D12B6803B1236038BD107B002086
S315000315C0324B70B51D6806460C4625B1AB6913B997
S315000315D02846FFF7B7F82E4B9C420FD16C68A389B8
S315000315E0B4F90C2019072CD4DD0611D40923336072
S315000315F042F040034FF0FF30A3813EE0254B9C426F
S3150003160001D1AC68EBE7244B9C4208BFEC68E6E7E4
S31500031610580712D5616B41B104F14403994202D0D4
S315000316203046FDF783FC00236363A38923F0240379
S31500031630A3810023636023692360A38943F008031E
S31500031640A38123694BB9A38903F42073B3F5007F00
S3150003165003D021463046FFF79BF9A089B4F90C2045
S3150003166010F001030AD00023A36063695B42A36100
S31500031670236943B910F08000BAD170BD810758BF02
S315000316806369A360F4E70020F7E700BF9411002025
S31500031690C4C90300E4C90300A4C90300062008B5AE
S315000316A000F02CFC0120F1F78CFA000038B500237A
S315000316B0054D044608462B60F1F781FA431C02D117
S315000316C02B6803B1236038BD107B00200148FFF768
S315000316D037B900BF087B00200148FFF733B900BFC5
S315000316E0087B002038B50023064D044608461146FC
S315000316F02B60F1F767FA431C02D12B6803B1236011
S3150003170038BD00BF107B002038B50023054D0446C5
S3150003171008462B60F1F75DFA431C02D12B6803B12F
S31500031720236038BD107B002038B50446064D0846B5
S31500031730114600222A601A46F1F750FA431C02D1D9
S315000317402B6803B1236038BD107B0020C9B2024465
S3150003175010B59042034601D1002303E01C78013003
S315000317608C42F6D1184610BD2DE9F0418046144649
S315000317700E4621B91146BDE8F041FDF743BC2AB92F
S315000317802546FDF7D3FB2846BDE8F08100F009FCAA
S315000317908442074602D8B4EB500F12D8214640467E
S315000317A0FDF730FC05460028EDD0BC422246314603
S315000317B028BF3A46FDF78AFB31464046FDF7B6FB9E
S315000317C0E1E73546DFE738B54B1C144603D14FF046
S315000317D0FF35284638BD9389CDB223F02003938184
S315000317E0636B52688BB1A36B934208DD23685A1E61
S315000317F0226003F8015C636801336360E9E721460D
S3150003180000F098FB0028F1D0E1E72169236851B184
S31500031810994208D213F8011CA94204D1013B0132B3
S3150003182023606260D5E7C4E90F3204F144036363BE
S315000318300323A363234603F8465F23600123DCE700
S3150003184010B50C46496B69B104F14403994201D0C2
S31500031850FDF76CFB0020236C6063636013B1E36BDD
S31500031860236010BD23694FF0FF30236000236360BC
S31500031870A38943F02003A381F3E700002DE9F04792
S315000318800C46ADF5227D002106460DF10408A84F4E
S31500031890DFF8A892CDF818810093CDE94411A54944
S315000318A0A091A549A1911378002B00F05E81D95D23
S315000318B0551C11F0080119D06368002B0FDD23684E
S315000318C01A78BA5C120701D42A46ECE7459A013323
S315000318D00132236045926268013A6260ECE7A19B9C
S315000318E02146304698470028E9D0EDE7252B12D04C
S315000318F09A466368002B40F3948022681378534515
S3150003190040F0338163680132013B22606360459B8B
S3150003191001334593D8E74191439153782A2B04BF6A
S315000319201023951C4FF00A0208BF4193AA461AF8E2
S31500031930011BA1F13003092B1DD903227F48FFF7B1
S3150003194005FF40B10123A0EB0900554603FA00F059
S31500031950419B1843419015F8013B782B06D8572B2A
S3150003196010D8252BC4D057D8002B65D00323479313
S315000319700A23429372E0439B554602FB0311303917
S315000319804391D3E7A3F15802202AEFD801A151F8D6
S3150003199022F000BF471A03006D1903006D190300F7
S315000319A0A51A03006D1903006D1903006D190300D1
S315000319B06D1903006D1903006D1903006D190300FA
S315000319C0BB1A0300911A03001F1A03001F1A030010
S315000319D01F1A03006D190300951A03006D190300FE
S315000319E06D1903006D1903006D190300CB1A03006B
S315000319F09D1A03003F1A03006D1903006D190300B6
S31500031A00C71A03006D190300911A03006D19030029
S31500031A106D190300471A0300453B022BA6D805237D
S31500031A201BE0A19B21463046984700283FF465AF4B
S31500031A304498002840F08F804FF0FF3091E0419AA0
S31500031A4042F020024192419A42F4007241921022DE
S31500031A506F2B429234BF0323042347936368002BFF
S31500031A6043DD419B590604D423681A78BA5C1207EE
S31500031A7042D4479B022B51DC6B46224641A9304692
S31500031A8000F078F8012870D002287FF41DAFCFE765
S31500031A900A22DDE7002342930323DEE7082342936A
S31500031AA00423DAE72946404600F0C8F9419B054678
S31500031AB043F0400341930123CFE7419B43F04003A7
S31500031AC041930023C9E70223C7E74198C3063FF5BD
S31500031AD0FBAE009B10F0010F459A03F10401009140
S31500031AE01B6814BF1A801A60EEE6A19B2146304696
S31500031AF098470028B5D09BE7459A0132459262681C
S31500031B00013A002A626002DD01332360ACE7A19B40
S31500031B102146304698470028A6D089E7042B0FDCD8
S31500031B206B46224641A9304600F07EF8AAE700BF7D
S31500031B309EC40300C7170300411803000ACA030023
S31500031B400B4B002B3FF4C0AE6B46224641A93046F1
S31500031B5000E000BF96E7A38913F0400F18BF4FF0CC
S31500031B60FF300DF5227DBDE8F0874498F9E700BF05
S31500031B70000000002DE9F84315468A6880460C46A6
S31500031B8032B98A69002A0CBF01224FF0FF328A60FC
S31500031B9022680027DFF88C90D1065FBF1A68111DF3
S31500031BA019601668A06988B1012807D12A681178D7
S31500031BB06269525C52B9002F31D022E0022820D14B
S31500031BC02B681B7813F809301B071AD423680137CF
S31500031BD0DA065EBF2B681B7806F8013B2A686B683A
S31500031BE00132013B2A60A2686B60013AA26042B1EE
S31500031BF0002BD7DCD4F88031294640469847002885
S31500031C00D0D0236813F0100305D1E2680132E260F5
S31500031C10A26902B13370236900203B442361BDE806
S31500031C20F88300BF9EC403002DE9F04F984687B0A2
S31500031C30754B0C468246164627464FF0000B93E833
S31500031C40070003AB83E80700704BA169704A0329B9
S31500031C5018BF1A46A36801925A1EB2F5AE7F89BF12
S31500031C606FF4AE754FF0000903EB050940F25D13FF
S31500031C7088BFA36057F81C3B43F450633D4623607B
S31500031C80316803AB0222097853F82B00FFF75EFD98
S31500031C9028B3BBF1010F59D162682AB92268082318
S31500031CA042F4007263602260226822F4A06222601A
S31500031CB0A268511EA16092B13268511C316012783C
S31500031CC005F8012B7268013A002A726007DCD4F822
S31500031CD08021314650469047002840F085800BF11D
S31500031CE0010BBBF1030FCBD163680BB90A23636006
S31500031CF063684FF0000B47496069C91A00F09EF804
S31500031D00A3682268002B3DD03168606991F800C052
S31500031D1010F80C00002835D0BCF1300F24D1100583
S31500031D2022D50BF1010BB9F1000F03D0013309F1F1
S31500031D30FF39A3607368013B002B73601BDD3368B7
S31500031D4001333360A368013BA360D9E7BBF1020FFC
S31500031D50AED1226802F4C061B1F5007FBFD1102372
S31500031D6042F480726360A2E722F4106222600B7869
S31500031D7005F8013BDEE7D4F88031314650469847F3
S31500031D800028DFD02368DB050DD5BD4209D905F14F
S31500031D90FF3915F8011CD4F87C3132464D465046BE
S31500031DA09847BD422DD0226812F0100213D139464E
S31500031DB02A7050466368019EB0472168D8F8003000
S31500031DC011F0200F13D01A1DC8F800201B681860E5
S31500031DD0E3680133E360ED1B0020AB4425695D44F2
S31500031DE0256107B0BDE8F08F4FF0000BCAE71A1D57
S31500031DF011F0010FC8F800201B6814BF1880186083
S31500031E00E6E70120EDE700BFB4CA030011010300B2
S31500031E1015000300B1CA030038B50446064D08464B
S31500031E20114600222A601A46F0F7DAFE431C02D155
S31500031E302B6803B1236038BD107B002070B50B7887
S31500031E4004465E2B04F1FF0513BF481C881C4B7820
S31500031E50002208BF0122611E01F8012FA942FBD10E
S31500031E600BB9013870BD82F001020546E2542846DB
S31500031E7010F8011B2D2906D05D29F3D009B9284690
S31500031E80F0E70B46F1E76E785D2EFAD0B342F8DC45
S31500031E900235194601318E426254FBDCF11A581C95
S31500031EA00139B342A8BF00214318E0E71F2938B51B
S31500031EB004460D4604D9162303604FF0FF3038BDA0
S31500031EC0426C12B152F821304BB9204600F030F87B
S31500031ED02A4601462046BDE8384000F017B8012BD4
S31500031EE00AD0591C03D1162303600120E7E7002417
S31500031EF0284642F8254098470020E0E7024B014672
S31500031F001868FFF7D3BF00BF9411002038B500232C
S31500031F10064D0446084611462B60F0F75CFE431C4B
S31500031F2002D12B6803B1236038BD00BF107B0020AC
S31500031F30F0F74DBE2DE9F0410C46496B04F144031D
S31500031F4099421AD14FF48061FDF75CF818B94FF046
S31500031F50FF30BDE8F0814FF48063606300F2FD302B
S31500031F60A36394F84630837094F84530437094F82D
S31500031F704430037020600020EBE7A66B77003A46F7
S31500031F80FFF7F2FB05460028E1D000EB0608014601
S31500031F9032464046FCF79AFFC4F80080C4E90D5761
S31500031FA0E9E751F8043C181F002BBCBF0B58C018B7
S31500031FB0704700000000000051EC100BF8B5C1F3A8
S31500031FC00A530C4610EE106AA3F2FF35132D32DCCA
S31500031FD0002D1EDB364F2F4101EA070303432FD0A3
S31500031FE031A3D3E90023FCF771FA0022002300F0A2
S31500031FF0E1F848B1002C04DD4FF4801343FA05F5EC
S315000320002C4424EA070400262346324643EC102BCD
S31500032010F8BD25A3D3E90023FCF758FA00220023D1
S3150003202000F0C8F80028EFD0002C39DB264333D064
S315000320300026204CE8E7332D05DDB5F5806F23D068
S3150003204041EC100BF8BDA3F213434FF0FF37DF400B
S315000320500742F5D014A3D3E90023FCF737FA00228D
S31500032060002300F0A7F80028CED0002C09DD142D9C
S3150003207014D00123C5F1340503FA05F5AE1928BFBB
S31500032080E41826EA0706BFE710EE102A0B46FCF70C
S315000320901DFA41EC100BF8BD3446B5E70134F0E701
S315000320A000264FF00044AFE79C7500883CE4377E7A
S315000320B0FFFF0F000000F03F4FF0FF3C06E000BFBC
S315000320C04FF0010C02E000BF4FF0010C4DF804CDB8
S315000320D04FEA410C7FEA6C5C4FEA430C18BF7FEA78
S315000320E06C5C1BD001B050EA410C0CBF52EA430CA6
S315000320F091EA030F02BF90EA020F0020704710F126
S31500032100000F91EA030F58BF994208BF90422CBFB4
S31500032110D8176FEAE37040F0010070474FEA410CAD
S315000321207FEA6C5C02D150EA013C07D14FEA430CCB
S315000321307FEA6C5CD6D152EA033CD3D05DF8040B3C
S31500032140704700BF8446104662468C46194663466E
S3150003215000E000BF01B5FFF7B7FF002848BF10F145
S31500032160000F01BD4DF808EDFFF7F4FF0CBF01208A
S3150003217000205DF808FB00BF4DF808EDFFF7EAFF06
S3150003218034BF012000205DF808FB00BF4DF808EDC1
S31500032190FFF7E0FF94BF012000205DF808FB00BFB6
S315000321A04DF808EDFFF7CEFF94BF012000205DF840
S315000321B008FB00BF4DF808EDFFF7C4FF34BF01204D
S315000321C000205DF808FB00BFF8B500BFF8BC08BCEB
S315000321D09E467047F8B500BFF8BC08BC9E467047DC
S315000321E001B40248844601BC604700BFD1130020F6
S315000321F001B40248844601BC604700BF15130020A2
S3150003220001B40248844601BC604700BF5D1200204A
S31500032210737461636B5F6964203C204E554D424580
S31500032220525F4F465F535441434B53006C6F726189
S3150003223077616E5F6170695F636C6173735F625F21
S31500032240656E61626C65645F676574006C6F72616D
S3150003225077616E5F6170695F636C6173735F625F01
S31500032260656E61626C6564006C6F726177616E5F47
S315000322706170695F6765745F6465766963655F74DA
S31500032280696D655F7265715F737461747573006CF4
S315000322906F726177616E5F6170695F6765745F6CAA
S315000322A0696E6B5F636865636B5F616E73006C6F0A
S315000322B0726177616E5F6170695F6765745F746988
S315000322C06D657374616D705F6C6173745F6465765D
S315000322D06963655F74696D655F616E735F73006CD7
S315000322E06F726177616E5F6170695F69735F74694D
S315000322F06D655F76616C6964006C6F726177616EA0
S315000323005F6170695F6765745F6672657175656E37
S3150003231063795F666163746F72006C6F7261776174
S315000323206E5F6170695F636F6E766572745F7274F8
S31500032330635F746F5F6770735F65706F63685F7405
S31500032340696D65006C6F726177616E5F6170695F5D
S315000323506765745F726567696F6E616C5F706172E2
S31500032360616D65746572735F76657273696F6E000E
S315000323706C6F726177616E5F6170695F6765745FC9
S31500032380737065635F76657273696F6E006C6F72E7
S315000323906177616E5F6170695F737461636B5F6DB3
S315000323A061635F676574006C6F726177616E5F610D
S315000323B070695F6C6F72615F64725F746F5F73667F
S315000323C05F6277006C6F726177616E5F6170695FE0
S315000323D0617661696C61626C655F696E745F616485
S315000323E0725F676574006C6F726177616E5F6170AF
S315000323F0695F617661696C61626C655F6C696E6B5E
S315000324005F6164725F676574006C6F726177616E9A
S315000324105F6170695F6D6F64656D5F636572746933
S315000324206669636174696F6E5F69735F656E616226
S315000324306C6564006C6F726177616E5F6170695F72
S315000324406D6F64656D5F63657274696669636174F4
S31500032450696F6E5F736574006C6F726177616E5F2F
S315000324606170695F72657365745F6E6F5F72785FC3
S315000324707061636B65745F696E5F6D6F62696C65CE
S315000324805F6D6F64655F636E74006C6F7261776115
S315000324906E5F6170695F6765745F636C6173735FB9
S315000324A0625F737461747573006C6F726177616ECA
S315000324B05F6170695F6D756C7469636173745F6284
S315000324C05F73746F705F73657373696F6E006C6FA0
S315000324D0726177616E5F6170695F6D756C74696354
S315000324E06173745F625F73746172745F7365737330
S315000324F0696F6E006C6F726177616E5F6170695FA1
S315000325006D756C7469636173745F635F73746F7005
S315000325105F73657373696F6E006C6F726177616E5B
S315000325205F6170695F6D756C7469636173745F6312
S315000325305F73746172745F73657373696F6E006C36
S315000325406F726177616E5F6170695F6D756C7469D7
S31500032550636173745F6465726976655F67726F75CD
S31500032560705F6B657973006C6F726177616E5F6123
S3150003257070695F6D756C7469636173745F73657499
S315000325805F66636E745F646F776E5F72616E6765B5
S31500032590006C6F726177616E5F6170695F6D756CF8
S315000325A07469636173745F6765745F67726F75706F
S315000325B05F61646472657373006C6F726177616ED9
S315000325C05F6170695F6D756C7469636173745F7362
S315000325D065745F67726F75705F6164647265737348
S315000325E0006C6F726177616E5F6170695F636C61C6
S315000325F073735F635F656E61626C6564006C6F72B3
S315000326006177616E5F6170695F7365745F70696E30
S31500032610675F736C6F745F706572696F6469636912
S315000326207479006C6F726177616E5F6170695F6E5A
S315000326306578745F6E6574776F726B5F66726565D6
S315000326405F647574795F6379636C655F6D735F67E8
S315000326506574006C6F726177616E5F6170695F6E3E
S315000326606578745F6A6F696E5F74696D655F7365BC
S31500032670636F6E645F676574006C6F726177616E1A
S315000326805F6170695F6D61736B5F74785F64725FBE
S315000326906368616E6E656C5F75705F6477656C6C9D
S315000326A05F74696D655F636865636B006C6F726108
S315000326B077616E5F6170695F6765745F6D6F64757F
S315000326C06C6174696F6E5F747970655F66726F6D46
S315000326D05F6461746172617465006C6F72617761C6
S315000326E06E5F6170695F6765745F70696E675F735C
S315000326F06C6F745F696E666F5F7265715F73746129
S31500032700747573006C6F726177616E5F6170695F78
S315000327107365745F6E776B6B6579006C6F72617747
S31500032720616E5F6170695F7365745F6170706B651D
S3150003273079006C6F726177616E5F6170695F736553
S31500032740745F6A6F696E657569006C6F7261776134
S315000327506E5F6170695F7365745F646576657569DD
S31500032760006C6F726177616E5F6170695F64657635
S31500032770616464725F736574006C6F726177616E16
S315000327805F6170695F646576616464725F676574CF
S31500032790006C6F726177616E5F6170695F6265611C
S315000327A0636F6E5F6765745F73746174697374696D
S315000327B06373006C6F726177616E5F6170695F6EE0
S315000327C06578745F6D61785F7061796C6F61645F62
S315000327D06C656E6774685F676574006C6F726177AA
S315000327E0616E5F6170695F7365745F616374697657
S315000327F06174696F6E5F6D6F6465006C6F7261778C
S31500032800616E5F6170695F6765745F616374697642
S315000328106174696F6E5F6D6F6465006C6F7261776B
S31500032820616E5F6170695F70726F63657373006C6D
S315000328306F726177616E5F6170695F64725F637502
S3150003284073746F6D5F736574006C6F726177616E1D
S315000328505F6170695F64725F7374726174656779CF
S315000328605F736574006C6F726177616E5F61706927
S315000328705F6A6F696E5F7374617475735F636C65AA
S315000328806172006C6F726177616E5F6170695F6917
S31500032890736A6F696E6564006C6F726177616E5FF0
S315000328A06170695F6A6F696E006C6F726177616EE2
S315000328B05F6170695F73656E645F737461636B5F99
S315000328C06369645F726571006C6F726177616E5FD5
S315000328D06170695F7061796C6F61645F73656E6463
S315000328E0006C6F726177616E5F6170695F736574A7
S315000328F05F726567696F6E006C6F726177616E5F99
S315000329006170695F6765745F726567696F6E006C96
S315000329106F726177616E5F6170695F696E6974007A
S315000329206C6F726177616E5F6369645F72657175FF
S315000329306573745F6164645F7461736B006C6F725B
S315000329406177616E5F636C6173735F625F6D616E06
S315000329506167656D656E745F6F626A5B2820282008
S31500032960737461736B5F6D616E616765722A20298B
S3150003297020636F6E7465787420292D3E6D6F6465D0
S315000329806D5F7461736B5B28202820737461736BAE
S315000329905F6D616E616765722A202920636F6E74AD
S315000329A065787420292D3E6E6578745F7461736B48
S315000329B05F69645D2E737461636B5F69645D2E6921
S315000329C06E697469616C697A6564203D3D20747231
S315000329D07565006C6F726177616E5F636C617373AB
S315000329E05F625F6D616E6167656D656E745F6F6271
S315000329F06A5B737461636B5F69645D2E696E697488
S31500032A0069616C697A6564203D3D20747275650061
S31500032A106C6F726177616E5F636C6173735F625F24
S31500032A206D616E6167656D656E745F72656D6F76F8
S31500032A30655F7461736B006C6F726177616E5F6360
S31500032A406C6173735F625F6D616E6167656D656E01
S31500032A50745F6164645F7461736B006C6F7261773A
S31500032A60616E5F636C6173735F625F6D616E6167F5
S31500032A70656D656E745F656E61626C65006C6F7221
S31500032A806177616E5F636C6173735F625F6D616EC5
S31500032A906167656D656E745F736572766963655F9D
S31500032AA06F6E5F6C61756E6368006C6F72617761E0
S31500032AB06E5F636C6173735F625F6D616E616765A1
S31500032AC06D656E745F736572766963655F6F6E5F5E
S31500032AD0757064617465006C6F726177616E5F64B3
S31500032AE0776E5F61636B5F6164645F7461736B00D0
S31500032AF06D6F64656D5F73757065727669736F72FA
S31500032B005F6164645F7461736B2820267461736B01
S31500032B105F6A6F696E2029203D3D205441534B5F08
S31500032B2056414C4944006C6F726177616E5F6A6F00
S31500032B30696E5F6164645F7461736B006C6F72616D
S31500032B4077616E5F6A6F696E5F696E7465726E61D7
S31500032B506C5F6164645F7461736B006D6F64656D54
S31500032B605F73757065727669736F725F6164645FB4
S31500032B707461736B2820267461736B5F73656E646F
S31500032B802029203D3D205441534B5F56414C494437
S31500032B90006C6F726177616E5F73656E645F61640B
S31500032BA0645F7461736B00696478203C204E554DF5
S31500032BB04245525F4F465F414C4353594E435F4F25
S31500032BC0424A002A736572766963655F6964203CCD
S31500032BD0204E554D4245525F4F465F414C43535934
S31500032BE04E435F4F424A006374782D3E74785F709C
S31500032BF061796C6F61645F696E646578203C3D2022
S31500032C006D61785F7061796C6F61645F6F75745F16
S31500032C106C656E677468006C6F726177616E5F6175
S31500032C206C6373796E635F6765745F6770735F74F4
S31500032C30696D655F7365636F6E64006C6F72617750
S31500032C40616E5F616C6373796E635F7265717565DF
S31500032C5073745F73796E63006C6F726177616E5F15
S31500032C60616C6373796E635F7365745F656E6162CE
S31500032C706C6564006C6F726177616E5F616C637320
S31500032C80796E635F6D70615F696E6A6563746F7297
S31500032C90006C6F726177616E5F616C6373796E63EB
S31500032CA05F736572766963655F6F6E5F7570646186
S31500032CB07465006C6F726177616E5F616C637379C3
S31500032CC06E635F736572766963655F6F6E5F6C6172
S31500032CD0756E6368006C6F726177616E5F616C63BA
S31500032CE073796E635F73657276696365735F696E25
S31500032CF0697400010602025461736B206E6F7420BF
S31500032D0076616C69640A006E6F742076616C69641F
S31500032D1020736572766963655F6964202564006361
S31500032D2074782D3E666D705F74785F7061796C6F31
S31500032D3061645F616E735F73697A65203C3D206DE4
S31500032D4061785F7061796C6F61645F6F75745F6CD6
S31500032D50656E677468006C6F726177616E5F666D2E
S31500032D60705F6D70615F696E6A6563746F7200662A
S31500032D706D705F6164645F7461736B006C6F726125
S31500032D8077616E5F666D705F7061636B6167655FC8
S31500032D9073657276696365735F696E6974000101B1
S31500032DA0050401056374782D3E667261676D656E71
S31500032DB0746174696F6E5F74785F7061796C6F614B
S31500032DC0645F616E735F73697A65203C3D206D6154
S31500032DD0785F7061796C6F61645F6F75745F6C6542
S31500032DE06E677468006C6F726177616E5F6672619D
S31500032DF0676D656E746174696F6E5F7061636B6135
S31500032E0067655F736572766963655F6D70615F6938
S31500032E106E6A6563746F72006C6F726177616E5F61
S31500032E20667261676D656E746174696F6E5F616406
S31500032E30645F7461736B006C6F726177616E5F665A
S31500032E407261676D656E746174696F6E5F706163DD
S31500032E506B6167655F73657276696365735F696ED8
S31500032E6069740001020B03696478203C204E554DBA
S31500032E704245525F4F465F4345525449465F4F4270
S31500032E804A000303030303030303030303030303C5
S31500032E900303002A736572766963655F6964203C80
S31500032EA0204E554D4245525F4F465F434552544966
S31500032EB0465F4F424A006C6F726177616E5F63656E
S31500032EC07274696669636174696F6E5F736572763E
S31500032ED06963655F6F6E5F6C61756E6368006C6FC7
S31500032EE0726177616E5F6365727469666963617443
S31500032EF0696F6E5F736572766963655F6F6E5F7523
S31500032F007064617465006C6F726177616E5F63658F
S31500032F107274696669636174696F6E5F73657276ED
S31500032F20696365735F696E697400000005000A00D2
S31500032F3014001E00280032003C007800F000E00177
S31500032F40616E735F696E646578203C3D206D6178C0
S31500032F505F7061796C6F61645F6F75745F6C656ECA
S31500032F60677468006D70615F7061636B6167655F4D
S31500032F707061727365725F696E7465726E616C00FF
S31500032F806D70615F6164645F7461736B006C6F7213
S31500032F906177616E5F6D70615F7061636B616765B9
S31500032FA05F73657276696365735F696E6974000141
S31500032FB001030000199B00007984000011AA000098
S31500032FC0898C000049880000299B00003982000093
S31500032FD01DAA0000BD900000598800006374782D77
S31500032FE03E72656D6F74655F6D756C74696361734D
S31500032FF0745F74785F7061796C6F61645F616E731F
S315000330005F73697A65203C3D206D61785F706179F5
S315000330106C6F61645F6F75745F6C656E677468006F
S315000330206C6F726177616E5F72656D6F74655F6DEC
S31500033030756C7469636173745F73657475705F6DC2
S3150003304070615F696E6A6563746F72006C6F72613B
S3150003305077616E5F72656D6F74655F6D756C7469AC
S31500033060636173745F73657475705F6164645F74C1
S3150003307061736B006C6F726177616E5F72656D6F02
S3150003308074655F6D756C7469636173745F7365747E
S3150003309075705F7061636B6167655F73657276698F
S315000330A06365735F696E69740001021E020B0B721E
S315000330B0616C665F73657475705F6766736B2820F2
S315000330C072702D3E726164696F2C202672702D3EDC
S315000330D0726164696F5F706172616D735B69645D70
S315000330E02E72782E6766736B2029203D3D20524150
S315000330F04C5F5354415455535F4F4B0072616C5FA1
S315000331007365745F64696F5F6972715F7061726121
S315000331106D73282026282072702D3E726164696FB4
S315000331202D3E72616C20292C2052414C5F4952512D
S315000331305F52585F444F4E45207C2052414C5F49B5
S3150003314052515F52585F54494D454F5554207C2088
S3150003315052414C5F4952515F52585F4352435F4558
S3150003316052524F522029203D3D2052414C5F535429
S31500033170415455535F4F4B0072616C5F7365745FC7
S315000331807278282026282072702D3E726164696F3A
S315000331902D3E72616C20292C2072702D3E72616463
S315000331A0696F5F706172616D735B69645D2E7278BE
S315000331B02E74696D656F75745F696E5F6D73202913
S315000331C0203D3D2052414C5F5354415455535F4F6C
S315000331D04B0072616C665F73657475705F6C6F72BA
S315000331E061282072702D3E726164696F2C202672ED
S315000331F0702D3E726164696F5F706172616D735B9E
S3150003320069645D2E72782E6C6F72612029203D3DB4
S315000332102052414C5F5354415455535F4F4B0072F8
S31500033220616C5F7365745F64696F5F6972715F7008
S315000332306172616D73282026282072702D3E72619B
S3150003324064696F2D3E72616C20292C2052414C5FBC
S315000332504952515F52585F444F4E45207C2052419C
S315000332604C5F4952515F52585F54494D454F55542F
S31500033270207C2052414C5F4952515F52585F48446B
S31500033280525F4552524F52207C2052414C5F495265
S31500033290515F52585F4352435F4552524F52202962
S315000332A0203D3D2052414C5F5354415455535F4F8B
S315000332B04B0072616C665F73657475705F676673E6
S315000332C06B282072702D3E726164696F2C20267202
S315000332D0702D3E726164696F5F706172616D735BBD
S315000332E069645D2E74782E6766736B2029203D3DD5
S315000332F02052414C5F5354415455535F4F4B007218
S31500033300616C5F7365745F64696F5F6972715F7027
S315000333106172616D73282026282072702D3E7261BA
S3150003332064696F2D3E72616C20292C2052414C5FDB
S315000333304952515F54585F444F4E452029203D3D25
S315000333402052414C5F5354415455535F4F4B0072C7
S31500033350616C5F7365745F706B745F7061796C6FBA
S315000333606164282026282072702D3E726164696F7D
S315000333702D3E72616C20292C2072702D3E7061796E
S315000333806C6F61645B69645D2C2072702D3E7061A5
S31500033390796C6F61645F6275666665725F73697A7D
S315000333A0655B69645D2029203D3D2052414C5F5396
S315000333B054415455535F4F4B0072616C5F73657490
S315000333C05F7478282026282072702D3E7261646906
S315000333D06F2D3E72616C20292029203D3D205241EC
S315000333E04C5F5354415455535F4F4B0072616C66A7
S315000333F05F73657475705F6C6F7261282072702DD0
S315000334003E726164696F2C202672702D3E72616470
S31500033410696F5F706172616D735B69645D2E747849
S315000334202E6C6F72612029203D3D2052414C5F5323
S3150003343054415455535F4F4B0072616C5F6C725F1E
S31500033440666873735F696E69742820262820727014
S315000334502D3E726164696F2D3E72616C20292C20AA
S315000334602672702D3E726164696F5F706172616D61
S31500033470735B69645D2E74782E6C725F6668737312
S315000334802E72616C5F6C725F666873735F706172D4
S31500033490616D732029203D3D2052414C5F535441B9
S315000334A05455535F4F4B0072616C5F7365745F7461
S315000334B0785F636667282026282072702D3E726126
S315000334C064696F2D3E72616C20292C2072702D3E2B
S315000334D0726164696F5F706172616D735B69645D6C
S315000334E02E74782E6C725F666873732E6F757470A4
S315000334F075745F7077725F696E5F64626D2C20729C
S31500033500702D3E726164696F5F706172616D735B8A
S3150003351069645D2E74782E6C725F666873732E729F
S31500033520616C5F6C725F666873735F706172616D05
S31500033530732E63656E7465725F6672657175656E0B
S3150003354063795F696E5F687A2029203D3D20524189
S315000335504C5F5354415455535F4F4B0072616C5F3C
S315000335607365745F64696F5F6972715F70617261BD
S315000335706D73282026282072702D3E726164696F50
S315000335802D3E72616C20292C2052414C5F495251C9
S315000335905F54585F444F4E45207C2052414C5F494F
S315000335A052515F4C525F464853535F484F50202950
S315000335B0203D3D2052414C5F5354415455535F4F78
S315000335C04B0072616C5F6C725F666873735F6275E2
S315000335D0696C645F6672616D6528202628207270A7
S315000335E02D3E726164696F2D3E72616C20292C2019
S315000335F02672702D3E726164696F5F706172616DD0
S31500033600735B69645D2E74782E6C725F6668737380
S315000336102E72616C5F6C725F666873735F70617242
S31500033620616D732C20282072616C5F6C725F666813
S3150003363073735F6D656D6F72795F73746174655FC4
S315000336407420292072702D3E726164696F5F706108
S3150003365072616D735B69645D2E6C725F666873730A
S315000336605F73746174652C2072702D3E7261646998
S315000336706F5F706172616D735B69645D2E74782E22
S315000336806C725F666873732E686F705F73657175AE
S31500033690656E63655F69642C2072702D3E70617977
S315000336A06C6F61645B69645D2C2072702D3E706182
S315000336B0796C6F61645F6275666665725F73697A5A
S315000336C0655B69645D2029203D3D2052414C5F5373
S315000336D054415455535F4F4B0043727970746F20B6
S315000336E06572726F7220647572696E672070617994
S315000336F06C6F616420656E6372797074696F6E0AAC
S315000337000043727970746F206572726F72206475EC
S3150003371072696E67206D696320636F6D707574617E
S3150003372074696F6E0A0072616C5F6C725F666873B0
S31500033730735F6765745F686F705F73657175656ED8
S3150003374063655F636F756E742820266C72315F6DD7
S3150003375061632D3E72702D3E726164696F2D3E72F8
S31500033760616C2C20266C725F666873735F7061727E
S31500033770616D2E72616C5F6C725F666873735F70E6
S315000337806172616D732C20266E625F6D61785F686E
S315000337906F705F73657175656E63652029203D3DA6
S315000337A02052414C5F5354415455535F4F4B005481
S315000337B058204D4F44554C4154494F4E204E4F547B
S315000337C020535550504F525445440A0052582077BF
S315000337D0696E646F777320756E6B6E6F770A00433D
S315000337E0727970746F206572726F72206475726974
S315000337F06E67206A6F696E206D696320636F6D70F3
S3150003380075746174696F6E0A005265616368206D31
S315000338106178207478206672616D652077697468B3
S315000338206F757420646C2C20756C20636E743A2556
S31500033830640A002044617461205261746520696ED4
S31500033840636F6D70617469626C6520776974682053
S315000338506368616E6E656C206D61736B0A005278E6
S315000338602057696E646F7720696E76616C69640AA6
S315000338700043727970746F206572726F722064757B
S3150003388072696E67207061796C6F61642064656329
S3150003389072797074696F6E0A006C72315F7374614A
S315000338A0636B5F746F615F676574006C72315F731E
S315000338B07461636B5F6D61635F6A6F696E5F726587
S315000338C071756573745F6275696C64006C72315FE0
S315000338D0737461636B5F6D61635F74785F6C725F52
S315000338E0666873735F6C61756E63685F63616C6C46
S315000338F06261636B5F666F725F7270006C72315FD9
S31500033900737461636B5F6D61635F74785F6766731E
S315000339106B5F6C61756E63685F63616C6C62616338
S315000339206B5F666F725F7270006C72315F73746186
S31500033930636B5F6D61635F74785F6C6F72615F6CFD
S3150003394061756E63685F63616C6C6261636B5F660E
S315000339506F725F7270006C72315F737461636B5F59
S315000339606D61635F74785F6672616D655F656E63D3
S3150003397072797074006C72315F737461636B5F6D1F
S3150003398061635F757064617465006C72315F737433
S3150003399061636B5F6D61635F72785F6672616D65AC
S315000339A05F6465636F6465006C72315F7374616332
S315000339B06B5F6D61635F72785F74696D65725F6378
S315000339C06F6E666967757265006C72315F737461D9
S315000339D0636B5F6D61635F72705F63616C6C626181
S315000339E0636B006C72315F737461636B5F6D6163EC
S315000339F05F72785F726164696F5F7374617274007A
S31500033A006C72315F737461636B5F6D61635F74784E
S31500033A105F726164696F5F7374617274006C723193
S31500033A205F737461636B5F6D61635F72785F676613
S31500033A30736B5F6C61756E63685F63616C6C626107
S31500033A40636B5F666F725F7270006C72315F737463
S31500033A5061636B5F6D61635F72785F6C6F72615FE9
S31500033A606C61756E63685F63616C6C6261636B5FE7
S31500033A70666F725F727000080A0C0D0E1012141531
S31500033A80181A1B1D1E21244641494C534146452005
S31500033A904556454E54204F4343555220286C7231A8
S31500033AA06D61635F73746174653A30782578290AAA
S31500033AB000496C6C6567616C207374617465206979
S31500033AC06E206C6F726177616E2070726F636573BF
S31500033AD0730A006C72316D61635F636F72655F7049
S31500033AE0726F63657373000007000A000F0014000A
S31500033AF01F0029003E007D00CB00FA009601F40169
S31500033B002C0359060000030201020302010102000D
S31500033B10000000000000000020696E76616C696495
S31500033B2020626561636F6E20736625750072705F30
S31500033B307461736B5F656E717565756528206C724C
S31500033B40315F626561636F6E5F6F626A2D3E72708D
S31500033B502C202672705F7461736B2C206C72315F3C
S31500033B60626561636F6E5F6F626A2D3E6265616354
S31500033B706F6E5F6275666665722C20424541434FE0
S31500033B804E5F53495A452C202672705F72616469F1
S31500033B906F5F706172616D732029203D3D20525025
S31500033BA05F484F4F4B5F5354415455535F4F4B0040
S31500033BB0626561636F6E5F6964203D3D206C72319F
S31500033BC05F626561636F6E5F6F626A2D3E626561F8
S31500033BD0636F6E5F736E6966665F69645F727000BA
S31500033BE013111315176765745F626561636F6E5F03
S31500033BF06C656E67746800736D74635F6265616399
S31500033C006F6E5F736E6966665F6C61756E63685F20
S31500033C1063616C6C6261636B5F666F725F72700087
S31500033C20626561636F6E5F72705F726571756573EE
S31500033C307400736D74635F626561636F6E5F736E49
S31500033C406966665F73746172740043727970746F28
S31500033C50206572726F72207768696C652067657478
S31500033C6074696E6720636C61737320422072616EA0
S31500033C7064206E756D62657220666F722070696E60
S31500033C806720736C6F74206F666673657420636F49
S31500033C906D7075746174696F6E0070696E675F73BA
S31500033CA06C6F745F6F626A2062616420696E697407
S31500033CB069616C697A6174696F6E200A00736D7449
S31500033CC0635F70696E675F736C6F745F636F6D704C
S31500033CD07574655F66697273745F736C6F74007372
S31500033CE06D74635F70696E675F736C6F745F636F28
S31500033CF06D707574655F646F776E6C696E6B5F74F8
S31500033D006F6100736D74635F70696E675F736C6F69
S31500033D10745F6D61635F72785F6672616D655F6420
S31500033D2065636F64650070696E675F736C6F745F5C
S31500033D306D61635F72785F6C6F72615F6C61756EE4
S31500033D4063685F63616C6C6261636B5F666F725F0E
S31500033D50727000736D74635F70696E675F736C6F07
S31500033D60745F737461727400636C6173735F635F12
S31500033D706F626A2062616420696E697469616C6945
S31500033D807A6174696F6E200A006E6F205278432041
S31500033D9073657373696F6E20656E61626C65640A21
S31500033DA0006C72316D61635F636C6173735F635F34
S31500033DB06D61635F72785F6672616D655F6465638B
S31500033DC06F6465006C72316D61635F636C617373FD
S31500033DD05F635F6C61756E636800736D74635F72B6
S31500033DE0656C61795F6765745F64656661756C743C
S31500033DF05F6368616E6E656C5F636F6E66696700AD
S31500033E00736D74635F6D6F64656D5F6372797074F0
S31500033E106F5F7365745F6B65792820534D54435FF9
S31500033E2052454C41595F574F525F535F454E435F6F
S31500033E304B45592C20776F725F735F656E635F6BBB
S31500033E4065792C2052454C41595F535441434B5F8E
S31500033E5049442029203D3D20534D54435F4D4F4453
S31500033E60454D5F43525950544F5F52435F53554339
S31500033E704345535300736D74635F7365637572656E
S31500033E805F656C656D656E745F6165735F656E63B3
S31500033E90727970742820615F626C6F636B2C2031BA
S31500033EA0362C20534D54435F52454C41595F574F6F
S31500033EB0525F535F454E435F4B45592C20735F62F8
S31500033EC06C6F636B2C2052454C41595F53544143ED
S31500033ED04B5F49442029203D3D20534D54435F53B6
S31500033EE0455F52435F5355434345535300736D74C4
S31500033EF0635F6D6F64656D5F63727970746F5F7313
S31500033F0065745F6B65792820534D54435F52454C66
S31500033F1041595F574F525F535F494E545F4B455963
S31500033F202C20776F725F735F696E745F6B65792C94
S31500033F302052454C41595F535441434B5F494420FA
S31500033F4029203D3D20534D54435F4D4F44454D5F1E
S31500033F5043525950544F5F52435F5355434345535E
S31500033F605300736D74635F7365637572655F656C28
S31500033F70656D656E745F636F6D707574655F61659E
S31500033F80735F636D616328206D69635F62785F6247
S31500033F9075666665722C206275666665722C20737B
S31500033FA0697A652C20534D54435F52454C41595F02
S31500033FB0574F525F535F494E545F4B45592C20264A
S31500033FC06D696333322C2052454C41595F5354413A
S31500033FD0434B5F49442029203D3D20534D54435FC5
S31500033FE053455F52435F5355434345535300556E01
S31500033FF06B6E6F7720574F52207479706500736D1F
S3150003400074635F7365637572655F656C656D656E15
S31500034010745F6465726976655F616E645F73746FFE
S3150003402072655F6B65792820626C6F636B2C205316
S315000340304D54435F53455F4E574B5F535F454E4366
S315000340405F4B45592C20534D54435F52454C4159C0
S315000340505F524F4F545F574F525F535F4B45592C37
S315000340602052454C41595F535441434B5F494420C9
S3150003407029203D3D20534D54435F53455F52435FD3
S315000340805355434345535300736D74635F736563BD
S315000340907572655F656C656D656E745F646572697F
S315000340A076655F616E645F73746F72655F6B657966
S315000340B02820626C6F636B2C20534D54435F52452B
S315000340C04C41595F524F4F545F574F525F535F4BAB
S315000340D045592C20534D54435F52454C41595F5724
S315000340E04F525F535F494E545F4B45592C205245FF
S315000340F04C41595F535441434B5F49442029203D6A
S315000341003D20534D54435F53455F52435F535543DD
S315000341104345535300736D74635F736563757265CB
S315000341205F656C656D656E745F6465726976655F00
S31500034130616E645F73746F72655F6B657928206265
S315000341406C6F636B2C20534D54435F52454C41595E
S315000341505F524F4F545F574F525F535F4B45592C36
S3150003416020534D54435F52454C41595F574F525F5D
S31500034170535F454E435F4B45592C2052454C41599D
S315000341805F535441434B5F49442029203D3D20530F
S315000341904D54435F53455F52435F53554343455322
S315000341A05300736D74635F6D6F64656D5F637279DE
S315000341B070746F5F7365745F6B65792820534D5414
S315000341C0435F52454C41595F524F4F545F574F52CD
S315000341D05F535F4B45592C20726F6F745F776F7215
S315000341E05F735F6B65792C2052454C41595F53547D
S315000341F041434B5F49442029203D3D20534D5443C1
S315000342005F4D4F44454D5F43525950544F5F5243A0
S315000342105F5355434345535300736D74635F73652F
S31500034220637572655F656C656D656E745F616573F5
S315000342305F656E63727970742820626C6F636B2C92
S315000342402031362C20534D54435F52454C41595F20
S31500034250524F4F545F574F525F535F4B45592C2074
S31500034260776F725F735F696E745F6B65792C20522B
S31500034270454C41595F535441434B5F4944202920E0
S315000342803D3D20534D54435F53455F52435F535562
S31500034290434345535300736D74635F73656375726C
S315000342A0655F656C656D656E745F6165735F656E8D
S315000342B063727970742820626C6F636B2C203136BD
S315000342C02C20534D54435F52454C41595F524F4F37
S315000342D0545F574F525F535F4B45592C20776F728C
S315000342E05F735F656E635F6B65792C2052454C4146
S315000342F0595F535441434B5F49442029203D3D2098
S31500034300534D54435F53455F52435F5355434345B0
S3150003431053530000E803F401FA006400320014006A
S31500034320776F725F6465726976655F6B6579730033
S31500034330776F725F6465726976655F726F6F745FBC
S31500034340736B65790063727970746F5F72656C6104
S31500034350795F636F6D707574655F6D696300637212
S315000343607970746F5F72656C61795F656E6372797C
S31500034370707400776F725F67656E65726174655FEF
S31500034380776F7200445225642053462564204257B2
S315000343902564200A00151616161718191C0015167B
S315000343A0161717181A1E0072616C5F7365745F64C3
S315000343B0696F5F6972715F706172616D7328202620
S315000343C0282072702D3E726164696F2D3E72616C96
S315000343D020292C2052414C5F4952515F4341445F8F
S315000343E0444F4E45207C2052414C5F4952515F4316
S315000343F041445F4F4B207C2052414C5F4952515FF1
S3150003440052585F444F4E45207C2052414C5F4952DF
S31500034410515F52585F54494D454F5554207C2052A5
S31500034420414C5F4952515F52585F4844525F45526F
S31500034430524F52207C2052414C5F4952515F525891
S315000344405F4352435F4552524F522029203D3D2040
S3150003445052414C5F5354415455535F4F4B00726165
S315000344606C5F7365745F6C6F72615F636164282050
S3150003447026282072702D3E726164696F2D3E72612B
S315000344806C20292029203D3D2052414C5F53544145
S315000344905455535F4F4B00776F725F72616C5F6366
S315000344A0616C6C6261636B5F73746172745F727863
S315000344B000776F725F72616C5F63616C6C626163DC
S315000344C06B5F73746172745F747800776F725F7277
S315000344D0616C5F63616C6C6261636B5F7374617261
S315000344E0745F63616400776F725F72616C5F696E9C
S315000344F069745F74785F61636B00776F725F726173
S315000345006C5F696E69745F72785F6D736700776F4E
S31500034510725F72616C5F696E69745F636164007771
S315000345206F725F72616C5F696E69745F72785F77D1
S315000345306F7200776F725F72616C5F696E69745F29
S3150003454074785F776F7200525020697320627573B7
S31500034550792C206661696C20696E20636F6E6669CB
S31500034560675F656E71756575655F6E6578745F63A4
S3150003457061640A005258206D657373616765206D27
S315000345806F64756C6174696F6E20756E7375707088
S315000345906F727465640A00525020697320627573E2
S315000345A0790A0072616C5F7365745F6C6F72615F29
S315000345B06361645F706172616D73282026282072BF
S315000345C0656C61795F696E666F2E726164696F2DC2
S315000345D03E72616C20292C20266361645F706172D0
S315000345E0616D2029203D3D2052414C5F5354415477
S315000345F055535F4F4B0072616C5F7365745F6C6FED
S3150003460072615F636164282026282072656C617974
S315000346105F696E666F2E726164696F2D3E72616C9F
S3150003462020292029203D3D2052414C5F53544154BB
S3150003463055535F4F4B00525020697320627573794F
S315000346402C6661696C20696E20636F6E6669675FAD
S31500034650656E71756575655F61636B00496D706F36
S31500034660737369626C652076616C75650A00170061
S315000346702D005B00B5006A01D402A805500B7265D4
S315000346806C61795F7278725F74785F6C61756E6363
S31500034690685F63616C6C6261636B0072656C617900
S315000346A05F6677645F646C00636F6E6669675F65F8
S315000346B06E71756575655F6E6578745F63616400B9
S315000346C06677645F72785F6D736700636F6E6669A2
S315000346D0675F656E71756575655F72785F6D736724
S315000346E000636F6E6669675F656E71756575655F95
S315000346F061636B00636F6E6669675F6361645F74B2
S315000347006F5F72785F776F72006D616E6167655F69
S3150003471066736D00434F4E4649475F52454C4159B8
S31500034720004A4F494E5245515F46494C5445520043
S315000347304144445F545255535445445F45440052E3
S31500034740454D4F56455F545255535445445F454472
S31500034750004657445F4C494D49540000010002008E
S3150003476004000C0040053F00252C010014470300FC
S3150003477042020700E52A010021470300431A00000D
S31500034780692A01003047030044010100052A01009C
S315000347903F470300450500009D29010051470300DB
S315000347A00000C800900120034006800C736D7463FB
S315000347B05F72656C61795F74785F696E6974206294
S315000347C0616420696E69740A005443584F20646516
S315000347D06C6179206E6F7420636F6D7061746962AA
S315000347E06C6520776974682072656C6179206D6FDA
S315000347F06465200A00736D74635F72656C61795F2B
S3150003480074785F696E69740030206B487A003420CF
S315000348106B487A0038206B487A003136206B487A29
S31500034820003332206B487A00434F4E4649475F4573
S3150003483044000000C800900120034006800C0000DD
S3150003484041060F003137010028480300736D746376
S315000348505F647574795F6379636C655F6765745FBD
S315000348606E6578745F667265655F74696D655F6DA5
S31500034870730072616C5F7365745F706B745F7479D8
S315000348807065282026282072702D3E726164696F38
S315000348902D3E72616C20292C2072702D3E7261644C
S315000348A0696F5F706172616D735B69645D2E706BB6
S315000348B0745F747970652029203D3D2052414C5F19
S315000348C05354415455535F4F4B0072616C5F73658C
S315000348D0745F72665F66726571282026282072707F
S315000348E02D3E726164696F2D3E72616C20292C2006
S315000348F072702D3E726164696F5F706172616D7370
S315000349005B69645D2E72782E6766736B2E72665FC3
S31500034910667265715F696E5F687A2029203D3D2066
S3150003492052414C5F5354415455535F4F4B00726190
S315000349306C5F7365745F6766736B5F6D6F645F70DF
S315000349406172616D73282026282072702D3E726174
S3150003495064696F2D3E72616C20292C202672702D9E
S315000349603E726164696F5F706172616D735B6964E6
S315000349705D2E72782E6766736B2E6D6F645F706142
S3150003498072616D732029203D3D2052414C5F535483
S31500034990415455535F4F4B0072616C5F7365745F8F
S315000349A064696F5F6972715F706172616D732820EC
S315000349B026282072702D3E726164696F2D3E7261E6
S315000349C06C20292C2052414C5F4952515F4E4F4E69
S315000349D0452029203D3D2052414C5F5354415455B7
S315000349E0535F4F4B0072616C5F7365745F72782817
S315000349F02026282072702D3E726164696F2D3E72E7
S31500034A00616C20292C2052414C5F52585F54494D0A
S31500034A10454F55545F434F4E54494E554F55535F7B
S31500034A204D4F44452029203D3D2052414C5F535470
S31500034A30415455535F4F4B0072616C5F6765745FFA
S31500034A40727373695F696E737428202628207270E7
S31500034A502D3E726164696F2D3E72616C20292C2094
S31500034A6026727373695F746D702029203D3D205251
S31500034A70414C5F5354415455535F4F4B006C627422
S31500034A802062616420696E69740A006C62745F6FE8
S31500034A90626A2062616420696E697469616C697A0D
S31500034AA06174696F6E200A00726164696F20706CAD
S31500034AB0616E6E65722069736E277420696E697400
S31500034AC069616C697A656420666F72206C62742012
S31500034AD06F626A200A00736D74635F6C62745F6C45
S31500034AE0697374656E5F6368616E6E656C00736D82
S31500034AF074635F6C62745F6C61756E63685F636138
S31500034B006C6C6261636B5F666F725F727000736D6C
S31500034B1074635F6C62745F696E69740072616C665C
S31500034B205F73657475705F6C6F72615F6361642830
S31500034B302072702D3E726164696F2C207061726100
S31500034B406D735F6C6F72615F6361642029203D3D05
S31500034B502052414C5F5354415455535F4F4B00729F
S31500034B60616C5F7365745F64696F5F6972715F70AF
S31500034B706172616D73282026282072702D3E726142
S31500034B8064696F2D3E72616C20292C2052414C5F63
S31500034B904952515F4341445F444F4E45207C205266
S31500034BA0414C5F4952515F4341445F4F4B2029209B
S31500034BB03D3D2052414C5F5354415455535F4F4B37
S31500034BC0006361642062742062616420696E6974A3
S31500034BD00A006361645F6F626A2062616420696EC2
S31500034BE0697469616C697A6174696F6E200A00720F
S31500034BF06164696F20706C616E6E65722069736E95
S31500034C00277420696E697469616C697A65642066C4
S31500034C106F7220636164206F626A200A00736D7489
S31500034C20635F6361645F62745F6C61756E63685F23
S31500034C30726164696F5F63616C6C6261636B5F660B
S31500034C406F725F727000736D74635F6C6F72615F16
S31500034C506361645F62745F6C697374656E5F6368D6
S31500034C60616E6E656C00736D74635F6C6F72615F0A
S31500034C706361645F62745F696E69740080818283B5
S31500034C808485868788898A8B64723A256400010243
S31500034C9003040406000000000000010000000000F9
S31500034CA000000000000002020303000000000000F1
S31500034CB000000000010303030000000000003B3B6B
S31500034CC03B7BFAFAFAFA3A7B3A7B0000206E93337F
S31500034CD0607B9633A0889933E0959C3320A39F335A
S31500034CE060B0A233A0BDA533E0CAA83320D8AB3346
S31500034CF060E5AE33A0F2B133E0FFB433200DB83331
S31500034D00601ABB33A027BE33E034C1332042C43319
S31500034D106084D3334018D833C194C12C0F7995726C
S31500034D206567696F6E5F726D313236785F65755F81
S31500034D303836385F6C725F666873735F64725F746C
S31500034D406F5F63725F627700726567696F6E5F722A
S31500034D506D313236785F65755F3836385F66736BEB
S31500034D605F64725F746F5F62697472617465007207
S31500034D706567696F6E5F726D313236785F65755F31
S31500034D803836385F6C6F72615F64725F746F5F731E
S31500034D90665F627700726567696F6E5F726D313247
S31500034DA036785F65755F3836385F6765745F6D6F34
S31500034DB064756C6174696F6E5F747970655F667232
S31500034DC06F6D5F6461746172617465000000010256
S31500034DD0030405060008000A0000000000000100A5
S31500034DE000000000020100000000030201000000B1
S31500034DF0040302010000050403020100060504037F
S31500034E000201070605040302010000000000020177
S31500034E100000000001000000000002010000000085
S31500034E20070000000700000007000000070000005D
S31500034E30070000000700000009000000FFFFFFFF56
S31500034E40FFFFFFFFFFFFFFFFFFFFFFFFFFFFFFFF69
S31500034E50FFFFFFFFFFFFFFFFFFFFFFFF0200000053
S31500034E60020000000400000004000000FFFFFFFF33
S31500034E70FFFFFFFFFFFFFFFFFFFFFFFFFFFFFFFF39
S31500034E80FFFFFFFFFFFFFFFFFFFFFFFF0300000022
S31500034E900100000003000000010000000C0B0A09DA
S31500034EA008070700A027BE33E034C1332042C433CA
S31500034EB0E80364006400E8030A006400C055703325
S31500034EC040DA8E3340DA8E3301A1BC3301A1BC3301
S31500034ED0C1C8C533604FC73381F0CE33C0FDD1336C
S31500034EE051CED533A091D6338125DB33010203049A
S31500034EF00406000001000000000000000202030394
S31500034F000000000000000103030300003B3B3B7B62
S31500034F10FAFAFAFA04559133A4DB923344629433D2
S31500034F20E4E89533846F973324F69833C47C9A3335
S31500034F3064039C33048A9D33A4109F334497A033A0
S31500034F40E41DA23384A4A333242BA533C4B1A6330F
S31500034F506438A833C194C1726567696F6E5F726DF9
S31500034F60313236785F696E5F3836355F66736B5FED
S31500034F7064725F746F5F62697472617465007265EF
S31500034F8067696F6E5F726D313236785F696E5F384F
S31500034F9036355F6C6F72615F64725F746F5F7366E1
S31500034FA05F627700726567696F6E5F726D31323665
S31500034FB0785F696E5F3836355F6765745F6D6F64FA
S31500034FC0756C6174696F6E5F747970655F66726F15
S31500034FD06D5F6461746172617465000000010203B0
S31500034FE004050500000000000001020100000000A6
S31500034FF00002030201000000000304030201000093
S31500035000000405040302010000050505040302016B
S315000350100005070000000000000000070505040363
S315000350200207070007000000070000000700000052
S315000350300700000007000000070000000900000049
S315000350400C0B0A090807000064CE8F3384FE9433E1
S31500035050E8E19D3300000405050600000000010099
S315000350600000000002030303000000000000010328
S31500035070030300003B3B7B7BFAFAFAFA0000133D7D
S3150003508085FAFAFA004BE2364058E5368065E8368B
S31500035090C072EB360080EE36408DF136809AF436D8
S315000350A0C0A7F73600B5FA3640C2FD3680CF0037C3
S315000350B0C0DC033700EA063740F7093780040D37AB
S315000350C0C0111037C194C1726567696F6E5F726DE7
S315000350D0313236785F6A705F61735F3932335F6688
S315000350E0736B5F64725F746F5F6269747261746518
S315000350F000726567696F6E5F726D313236785F6A0B
S31500035100705F61735F3932335F6C6F72615F6472B4
S315000351105F746F5F73665F627700726567696F6E50
S315000351205F726D313236785F6A705F61735F3932F1
S31500035130335F6765745F6D6F64756C6174696F6EF9
S315000351405F747970655F66726F6D5F6461746172B7
S3150003515061746500726567696F6E5F726D313236B1
S31500035160785F6A705F61735F3932335F696E697442
S3150003517000000001020304050602020202030405FD
S31500035180060000000000000102010000000000020A
S3150003519003020100000000030403020100000004EF
S315000351A005040302010000050605040302010006C7
S315000351B0070605040302010707070605040302079A
S315000351C007020202020202020202020202020202B1
S315000351D0030202020202020304030202020202049F
S315000351E0050403020202020506050403020202067F
S315000351F00706050403020207070706050403020759
S315000352000700000007000000070000000700000079
S315000352100700000007000000070000000900000067
S315000352200C0B0A090807070000EA063740F7093797
S315000352300000040505060000000001000000000050
S315000352400203030300000000000001030303000040
S315000352503B3B7B7BFAFAFAFA0000133D85FAFAFA2E
S315000352608030DC36C03DDF36004BE2364058E5364B
S315000352708065E836C072EB360080EE36408DF13637
S31500035280809AF436C0A7F73600B5FA3640C2FD3623
S3150003529080CF0037C0DC033700EA063740F709370B
S315000352A080040D37C0111037001F1337402C1637F3
S315000352B080391937C0461C3700541F37C194C17251
S315000352C06567696F6E5F726D313236785F74775FCB
S315000352D061735F3932335F66736B5F64725F746FDA
S315000352E05F6269747261746500726567696F6E5F88
S315000352F0726D313236785F74775F61735F3932333B
S315000353005F6C6F72615F64725F746F5F73665F6217
S315000353107700726567696F6E5F726D313236785FDB
S3150003532074775F61735F3932335F6765745F6D6F7F
S3150003533064756C6174696F6E5F747970655F6672AC
S315000353406F6D5F646174617261746500726567692C
S315000353506F6E5F726D313236785F74775F61735F3C
S315000353603932335F696E6974000000010203040574
S315000353700602020202030405060000000000000103
S315000353800201000000000002030201000000000306
S3150003539004030201000000040504030201000005E2
S315000353A006050403020100060706050403020107B6
S315000353B007070605040302070702020202020202A6
S315000353C002020202020202020302020202020203B2
S315000353D00403020202020204050403020202020596
S315000353E00605040302020206070605040302020772
S315000353F0070706050403020707000000070000006D
S315000354000700000007000000070000000700000077
S3150003541007000000090000000C0B0A090807070033
S3150003542000EA063740F709370102030404060000C1
S315000354300000000001000000000000000000000062
S315000354400202030300000000000000000000010345
S3150003545003030000000000003B3B3B7BFAFAFAFA29
S315000354603A7B3A7B206E9333607B9633A0889933DD
S31500035470E0959C3320A39F3360B0A233A0BDA53330
S31500035480E0CAA83320D8AB3360E5AE33A0F2B1331C
S31500035490E0FFB433200DB833601ABB33A027BE3305
S315000354A0E034C1332042C4336084D3334018D83345
S315000354B0C194C12C0F7995726567696F6E5F726DC2
S315000354C0313236785F756B5F3836385F6C725F667C
S315000354D06873735F64725F746F5F63725F62770092
S315000354E0726567696F6E5F726D313236785F756BA1
S315000354F05F3836385F66736B5F64725F746F5F62C3
S3150003550069747261746500726567696F6E5F726D47
S31500035510313236785F756B5F3836385F6C6F726120
S315000355205F64725F746F5F73665F6277007265674D
S31500035530696F6E5F726D313236785F756B5F3836C1
S31500035540385F6765745F6D6F64756C6174696F6EE0
S315000355505F747970655F66726F6D5F6461746172A3
S315000355606174650000000102030405060008000AD1
S31500035570000000000000010000000000020100001E
S3150003558000000302010000000403020100000504F9
S3150003559003020100060504030201070605040302CC
S315000355A001000000000002010000000001000000ED
S315000355B000000201000000000700000007000000D1
S315000355C007000000070000000700000007000000B6
S315000355D009000000FFFFFFFFFFFFFFFFFFFFFFFFC5
S315000355E0FFFFFFFFFFFFFFFFFFFFFFFFFFFFFFFFC2
S315000355F0FFFFFFFF0200000002000000040000009E
S3150003560004000000FFFFFFFFFFFFFFFFFFFFFFFF99
S31500035610FFFFFFFFFFFFFFFFFFFFFFFFFFFFFFFF91
S31500035620FFFFFFFF0300000001000000030000006E
S31500035630010000000C0B0A0908070700A027BE3368
S31500035640E034C1332042C433E80364006400E80352
S315000356500A006400C055703340DA8E3340DA8E3365
S3150003566001A1BC3301A1BC33C1C8C533604FC733E5
S3150003567081F0CE33C0FDD13351CED533A091D6338D
S315000356808125DB3320696E76616C6964204257207D
S3150003569000736D74635F7265616C5F6765745F73D6
S315000356A0796D626F6C5F6475726174696F6E5F7535
S315000356B07300736D74635F7265616C5F6765745FB6
S315000356C070696E675F736C6F745F6672657175651B
S315000356D06E637900736D74635F7265616C5F636C8F
S315000356E0616D705F6F75747075745F706F776572D7
S315000356F05F656972705F76735F667265715F616E0F
S31500035700645F647200736D74635F7265616C5F6C72
S31500035710725F666873735F6765745F677269640057
S31500035720736D74635F7265616C5F6C725F666873D9
S31500035730735F6765745F6865616465725F636F75E0
S315000357406E7400736D74635F7265616C5F6C725F18
S31500035750666873735F64725F746F5F63725F6277A9
S3150003576000736D74635F7265616C5F66736B5F6410
S31500035770725F746F5F6269747261746500736D74CE
S31500035780635F7265616C5F6C6F72615F64725F7495
S315000357906F5F73665F627700736D74635F726561D3
S315000357A06C5F6765745F6D6F64756C6174696F6E4A
S315000357B05F747970655F66726F6D5F646174617241
S315000357C061746500736D74635F7265616C5F6765B1
S315000357D0745F74785F6368616E6E656C5F6672652D
S315000357E07175656E637900736D74635F7265616C61
S315000357F05F7365745F6368616E6E656C5F656E612A
S31500035800626C656400736D74635F7265616C5F6778
S3150003581065745F626561636F6E5F667265717565F8
S315000358206E637900736D74635F7265616C5F736534
S31500035830745F6368616E6E656C5F647200736D742A
S31500035840635F7265616C5F7365745F7278315F66FF
S3150003585072657175656E63795F6368616E6E656C9B
S3150003586000736D74635F7265616C5F7365745F74F7
S31500035870785F6672657175656E63795F6368616E7D
S315000358806E656C00736D74635F7265616C5F6973DB
S315000358905F7061796C6F61645F73697A655F766166
S315000358A06C696400736D74635F7265616C5F6973C1
S315000358B05F6368616E6E656C5F696E6465785F765B
S315000358C0616C696400736D74635F7265616C5F69B3
S315000358D0735F6E776B5F72656365697665645F7424
S315000358E0785F6672657175656E63795F76616C69FB
S315000358F06400736D74635F7265616C5F69735F7473
S31500035900785F64725F61636365707461626C65007E
S31500035910736D74635F7265616C5F656E61626C65FE
S315000359205F616C6C5F6368616E6E656C735F7769EC
S3150003593074685F76616C69645F6672657100736D26
S3150003594074635F7265616C5F64656372656D656ED2
S31500035950745F64725F73696D756C6174696F6E00F1
S31500035960736D74635F7265616C5F6275696C645FA6
S315000359706368616E6E656C5F6D61736B00736D74E6
S31500035980635F7265616C5F69735F626561636F6EA6
S315000359905F686F7070696E6700736D74635F7265BD
S315000359A0616C5F696E69745F61667465725F6A6F65
S315000359B0696E5F736E617073686F745F6368616E3F
S315000359C06E656C5F6D61736B00736D74635F726597
S315000359D0616C5F696E69745F6A6F696E5F736E612E
S315000359E07073686F745F6368616E6E656C5F6D611B
S315000359F0736B00736D74635F7265616C5F7365745B
S31500035A005F6368616E6E656C5F6D61736B00736D6A
S31500035A1074635F7265616C5F6765745F7278315F2B
S31500035A2064617461726174655F636F6E6669670052
S31500035A30736D74635F7265616C5F6D61736B5F63D6
S31500035A4068616E6E656C5F757365645F666F725FC2
S31500035A50747800736D74635F7265616C5F676574F8
S31500035A605F6A6F696E5F6E6578745F6368616E6E99
S31500035A70656C00736D74635F7265616C5F676574F3
S31500035A805F6E6578745F6368616E6E656C00736DD7
S31500035A9074635F7265616C5F6765745F6E756D6273
S31500035AA065725F6F665F63686D61736B5F696E5F77
S31500035AB063666C69737400736D74635F7265616C9E
S31500035AC05F636F6E6669675F73657373696F6E0095
S31500035AD0736D74635F7265616C5F636F6E6669672E
S31500035AE000736D74635F7265616C5F6765745F6D88
S31500035AF061785F7061796C6F61645F73697A650061
S31500035B00736D74635F7265616C5F696E697400734C
S31500035B106D74635F7265616C5F6765745F6C6274F5
S31500035B205F62775F687A00736D74635F7265616C39
S31500035B305F6765745F6C62745F7468726573686FC0
S31500035B406C645F64626D00736D74635F7265616C30
S31500035B505F6765745F6C62745F6475726174696FA5
S31500035B606E5F6D7300736D74635F7265616C5F67FF
S31500035B7065745F6C725F666873735F73796E635F78
S31500035B80776F726400736D74635F7265616C5F67D0
S31500035B9065745F6766736B5F73796E635F776F7246
S31500035BA064002A736572766963655F6964203C20C5
S31500035BB04E554D4245525F4D41585F4F465F4C4FE0
S31500035BC0524157414E5F52454C41595F52585F4FC0
S31500035BD0424A0072656C61795F696E697428206C4C
S31500035BE072315F7074722C2070706D5F72656C61B8
S31500035BF0792C20574F525F41434B5F4341445F54D7
S31500035C004F5F52585F3853594D422029203D3D205E
S31500035C1074727565006D6F64656D5F73757065721B
S31500035C207669736F725F6164645F7461736B282056
S31500035C30267461736B5F72656C61792029203D3D23
S31500035C40205441534B5F56414C4944006C6F72617B
S31500035C5077616E5F72656C61795F72785F66776490
S31500035C605F75706C696E6B006C6F726177616E5FE6
S31500035C7072656C61795F72785F7365727669636565
S31500035C80735F696E6974002A736572766963655F0B
S31500035C906964203C204E554D4245525F4F465F5244
S31500035CA0454C41595F54585F5041434B4147455F0B
S31500035CB04F424A006C6F726177616E5F72656C6109
S31500035CC0795F74785F73657276696365735F696E0E
S31500035CD069740053757065727669736F72204641F5
S31500035CE0494C53414645204556454E54204F434360
S31500035CF05552207461736B3A30782578290A006D02
S31500035D006F64656D5F73757065727669736F725FC5
S31500035D10656E67696E65006D6F64656D5F7375703B
S31500035D2065727669736F725F696E69745F63616CBE
S31500035D306C6261636B000000F578010099780100DD
S31500035D40DD770100CD7801003D780100617A01001D
S31500035D50F9760100CD760100D17501006765745FA0
S31500035D606D6F64656D5F6576656E745F737461747C
S31500035D707573006765745F6D6F64656D5F657665E2
S31500035D806E745F636F756E7400010100000100019C
S31500035D9000000001000100000F0603005000B000E0
S31500035DA018017801B0021803C8053006300C980CA8
S31500035DB0002F5E71BC93E2CD57780926EBC4B59AE2
S31500035DC0AE81F0DF123D4C63F9D6A788456A1B34D2
S31500035DD0735C2D02CFE091BE240B7A5598B7C6E9C2
S31500035DE0DDF283AC614E3F108AA5D4FB36196847B2
S31500035DF0E6C9B8975A75042BB19EEFC00D22537CA2
S31500035E0048671639F4DBAA851F30416EA38CFDD291
S31500035E1095BACBE429067758C2ED9CB37E51200F81
S31500035E203B14654A87A8D9F66C43321DD0FF8EA171
S31500035E30E3CCBD925F70012EB49BEAC50827567961
S31500035E404D62133CF1DEAF801A35446BA689F8D751
S31500035E5090BFCEE12C03725DC7E899B67B54250A41
S31500035E603E11604F82ADDCF369463718D5FA8BA431
S31500035E70052A5B74B996E7C8527D0C23EEC1B09F21
S31500035E80AB84F5DA17384966FCD3A28D406F1E3111
S31500035E9076592807CAE594BB210E7F509DB2C3EC01
S31500035EA0D8F786A9644B3A158FA0D1FE331C6D42F1
S31500035EB000122436480416283A4C081A2C3E0C1EA7
S31500035EC030421022344601132537490517293B4D25
S31500035ED0091B2D3F0D1F3143112335470214263865
S31500035EE04A06182A3C4E0A1C2E400E20324403153D
S31500035EF027394B07192B3D4F0B1D2F410F213345D7
S31500035F00212D30333639414447488E9500005B7561
S31500035F10B6EAED9F37A06CD5814ADA3F35356E4038
S31500035F2083DFD8AA029559E0B47FEF0A6A6A311F64
S31500035F30DC8087F55DCA06BFEB20B0555F5F042A98
S31500035F40E9B5B2C068FF338ADE158560D4D48FA164
S31500035F50623E394BE374B801559E0EEBE1E1BA9408
S31500035F60570B0C7ED6418D3460AB3BDEBEBEE5CB14
S31500035F7008545321891ED26B3FF464818B8BD0FE68
S31500035F803D616614BC2BE75E0AC151B4F3DCA8A9D4
S31500035F9045361E43C47C9F09729629E3C6E99D9C38
S31500035FA070032B76F149AA3C47A31CD699B6C2C304
S31500035FB02F5C7429AE16F56318FC4389AC83F7F698
S31500035FC01A69411C9B23C0562DC976BC27087C7DC4
S31500035FD091E2CA9710A84BDDA642FD37123D494808
S31500035FE0A4D7FFA2259D7EE89377C8024D621617B4
S31500035FF0FB88A0FD7AC221B7CC28975D7857232268
S31500036000CEBD95C84FF71482F91DA268BDCCE6B97B
S315000360100B2650538A6CD1193C8667F388F9D38CC7
S315000360203E136566BF59E42C09B352C6D7A68CD373
S31500036030614C3A39E006BB7356EC0D99E293B9E627
S3150003604054790F0CD5338E4663D938AC6918326D43
S31500036050DFF284875EB805CDE852B3275C2D075877
S31500036060EAC7B1B26B8D30F8DD6786120372580743
S31500036070B598EEED34D26FA78238D94D36476D32D7
S3150003608080ADDBD801E75A92B70DEC784E10156553
S31500036090F8FAA38F79B022C5CF5A942F7B252050C7
S315000360A0CDCF96BA4C8517F0FA6FA11A247A7F0FD3
S315000360B09290C9E513DA48AFA530FE45114F4A3A27
S315000360C0A7A5FCD026EF7D9A9005CB709AC4C1B1E3
S315000360D02C2E775BAD64F6111B8E40FBAFF1F48477
S315000360E0191B426E9851C3242EBB75CEF0AEABDBA3
S315000360F046441D31C70E9C7B71E42A91C59B9EEED7
S3150003610073712804F23BA94E44D11FA40003010274
S31500036110020103000201030000030102030002015E
S315000361200102000301020003030002010007030446
S31500036130070004030601050201060205010602051E
S31500036140060105020700040300070304040307000E
S3150003615003040007020501060502060105020601FE
S3150003616002050106030400070403070007000403EE
S3150003617000070304010602050601050206010502DE
S3150003618001060205000703040700040303040007CE
S3150003619004030700050206010205010602050106BE
S315000361A005020601040307000304000700000000BC
S315000361B000000000000007000000AC08890836074D
S315000361C00100020001000200841E0000093D0000D8
S315000361D0127A000024F4000048E8010090D003007E
S315000361E020A1070000000000B12800006151000053
S315000361F0C3A200008C0000000000000000008B20FA
S3150003620000000B0000000072616C5F7365745F73BE
S3150003621074616E64627928205441524745545F5233
S31500036220414C2C2052414C5F5354414E4442595FDA
S315000362304346475F52432029203D3D2052414C5F50
S315000362405354415455535F4F4B0072616C5F636CFB
S315000362506561725F6972715F737461747573282007
S315000362605441524745545F52414C2C2052414C5F96
S315000362704952515F414C4C2029203D3D2052414C0F
S315000362805F5354415455535F4F4B0072616C5F73B8
S3150003629065745F736C656570282054415247455495
S315000362A05F52414C2C20747275652029203D3D2098
S315000362B052414C5F5354415455535F4F4B00207426
S315000362C061736B20696E76616C69640A0072616C36
S315000362D05F6765745F706B745F7061796C6F61641F
S315000362E0282026282072702D3E726164696F5F74C0
S315000362F061726765745F61747461636865645F7412
S315000363006F5F746869735F686F6F6B5B69645D2D3C
S315000363103E72616C20292C2072702D3E7061796C5F
S315000363206F61645F6275666665725F73697A655BE2
S3150003633069645D2C2072702D3E7061796C6F6164A7
S315000363405B69645D2C202672702D3E72785F7061E6
S31500036350796C6F61645F73697A655B69645D202933
S31500036360203D3D2052414C5F5354415455535F4F9A
S315000363704B0072616C5F6765745F6C6F72615F720D
S31500036380785F706B745F7374617475732820262845
S315000363902072702D3E726164696F5F746172676506
S315000363A0745F61747461636865645F746F5F746856
S315000363B069735F686F6F6B5B69645D2D3E72616CB9
S315000363C020292C202672702D3E726164696F5F70DE
S315000363D06172616D735B69645D2E72782E6C6F7288
S315000363E0615F706B745F7374617475732029203DEC
S315000363F03D2052414C5F5354415455535F4F4B001C
S3150003640072616C5F6765745F6766736B5F72785FF3
S31500036410706B745F737461747573282026282072F9
S31500036420702D3E726164696F5F7461726765745F34
S3150003643061747461636865645F746F5F74686973BC
S315000364405F686F6F6B5B69645D2D3E72616C2029BB
S315000364502C202672702D3E726164696F5F706172C3
S31500036460616D735B69645D2E72782E6766736B5F0D
S31500036470706B745F7374617475732029203D3D20BE
S3150003648052414C5F5354415455535F4F4B00525046
S315000364905F4641494C53414645202D202325640A36
S315000364A00072616C5F6C725F666873735F68616EBE
S315000364B0646C655F74785F646F6E6528205441521F
S315000364C04745545F52414C5F464F525F484F4F4BCF
S315000364D05F49442C202672702D3E726164696F5F9A
S315000364E0706172616D735B686F6F6B5F69645D2E5C
S315000364F074782E6C725F666873732E72616C5F6C50
S31500036500725F666873735F706172616D732C204E80
S31500036510554C4C2029203D3D2052414C5F5354415C
S315000365205455535F4F4B0072616C5F6C725F6668C4
S3150003653073735F6765745F6269745F64656C6179C1
S315000365405F696E5F757328205441524745545F5205
S31500036550414C5F464F525F484F4F4B5F49442C2097
S315000365602672702D3E726164696F5F706172616D30
S31500036570735B686F6F6B5F69645D2E74782E6C72E4
S315000365805F666873732E72616C5F6C725F666873A5
S31500036590735F706172616D732C2072702D3E706132
S315000365A0796C6F61645F6275666665725F73697A3B
S315000365B0655B686F6F6B5F69645D2C202662697427
S315000365C05F64656C61795F75732029203D3D2052B8
S315000365D0414C5F5354415455535F4F4B0072616CAA
S315000365E05F6C725F666873735F68616E646C655F28
S315000365F0686F7028205441524745545F52414C5F9F
S31500036600464F525F484F4F4B5F49442C20267270CA
S315000366102D3E726164696F5F706172616D735B6851
S315000366206F6F6B5F69645D2E74782E6C725F66683C
S3150003663073732E72616C5F6C725F666873735F70DF
S315000366406172616D732C20282072616C5F6C725FBE
S31500036650666873735F6D656D6F72795F737461746A
S31500036660655F7420292072702D3E726164696F5FC5
S31500036670706172616D735B686F6F6B5F69645D2ECA
S315000366806C725F666873735F737461746520292027
S315000366903D3D2052414C5F5354415455535F4F4B3C
S315000366A00072616C5F7365745F736C656570282037
S315000366B026282072702D3E726164696F5F74617261
S315000366C06765745F61747461636865645F746F5F43
S315000366D0746869735F686F6F6B5B695D2D3E72618A
S315000366E06C20292C20747275652029203D3D20528B
S315000366F0414C5F5354415455535F4F4B0072705F87
S315000367006765745F706B745F7061796C6F61640049
S3150003671072705F6972715F6765745F7374617475B4
S31500036720730072705F686F6F6B5F6765745F696430
S315000367300072705F72656C656173655F686F6F6B1E
S315000367400072705F686F6F6B5F696E697400727059
S315000367505F63616C6C6261636B0072705F67657423
S315000367605F7374617475730072705F7461736B5FCA
S3150003677061626F72740072705F686F6F6B5F6361E3
S315000367806C6C6261636B0072705F7461736B5F61E3
S315000367907262697465720072705F7461736B5F65B0
S315000367A06E71756575650072616C5F72657365748C
S315000367B028202628206D6F64656D5F726164696F9A
S315000367C02E72616C20292029203D3D2052414C5FC9
S315000367D05354415455535F4F4B0072616C5F696E5E
S315000367E0697428202628206D6F64656D5F72616465
S315000367F0696F2E72616C20292029203D3D2052416C
S315000368004C5F5354415455535F4F4B0072616C5F59
S315000368107365745F736C65657028202628206D6F19
S3150003682064656D5F726164696F2E72616C20292CD9
S3150003683020747275652029203D3D2052414C5F53DB
S3150003684054415455535F4F4B006173796E636872BD
S315000368506F6E6F75735F6D73676E756D62657220AC
S315000368606F7665726C617000736D74635F6D6F64D0
S31500036870656D5F6765745F6576656E7400736D74C9
S31500036880635F6D6F64656D5F696E69740072616CD9
S315000368905F696E6974282026282072702D3E726106
S315000368A064696F2D3E72616C20292029203D3D20AD
S315000368B052414C5F5354415455535F4F4B007261E1
S315000368C06C5F7365745F74785F637728202628206E
S315000368D072702D3E726164696F2D3E72616C202960
S315000368E02029203D3D2052414C5F5354415455537A
S315000368F05F4F4B00746573745F6D6F64655F637799
S315000369005F63616C6C6261636B5F666F725F72700B
S315000369100007090B080A0C0D01020304050607000C
S3150003692005060708090A0B0CC194C1C6F8EEF6FF63
S31500036930D6DE916002CE56E7B54DEC8F1F89FAEF8E
S31500036940B28EFB41B35F452353E49B75E13D4C6C2B
S315000369507EF5836851D1F9E2AB622A0895469D30EC
S31500036960370A2F0E241BDFCD4E7FEA121D5834360D
S31500036970DCB45BA476B77D52DD5E13A6B900C140D5
S31500036980E379B6D48D67729498B085BBC54FED860F
S315000369909A66118AE904FEA078254BA25D80053F1D
S315000369A02170F16377AF4220E5FDBF811826C3BE90
S315000369B035882E9355FC7AC8BA32E6C0199EA3448D
S315000369C0543B0B8CC76B28A7BC16ADDB64741492BF
S315000369D00C48B89FBD43C43931D3F2D58B6EDA0167
S315000369E0B19C49D8ACF3CFCAF447106FF04A5C3870
S315000369F0577397CBA1E83E96610D0FE07C71CC905F
S31500036A0006F71CC26AAE6917993A27D9EB2B22D22D
S31500036A10A907332D3C15C987AA50A50359091A6539
S31500036A20D784D082295A1E7BA86D2CA584998D0DF7
S31500036A30BDB1545003A97D1962E69A459D40871559
S31500036A40EBC90BEC67FDEABFF7965BC21CAE6A5A4D
S31500036A5041024F5CF434089373533F0C52655E282E
S31500036A60A10FB509369B3D2669CD9F1B9E742E2D1E
S31500036A70B2EEFBF64D61CE7B3E7197F568002C6056
S31500036A801FC8EDBE46D94BDED4E84A6B2AE516C5C8
S31500036A90D75594CF100681F044BAE3F3FEC08AAD0E
S31500036AA0BC4804DFC17563301A0E6D4C14352FE1F3
S31500036AB0A2CC3957F28247ACE72B95A098D17F66D3
S31500036AC07EAB83CA29D33C79E21D763B564E1EDB49
S31500036AD00A6CE45D6EEFA6A8A4378B324359B78CD4
S31500036AE064D2E0B4FA0725AF8EE918D5886F72240D
S31500036AF0F1C751237C9C21DDDC86859042C4AAD84C
S31500036B00050112A35FF9D0915827B93813B333BBE4
S31500036B107089A7B622922049FF787A8FF88017DA10
S31500036B2031C6B8C3B07711CBFCD63A637C777BF218
S31500036B306B6FC53001672BFED7AB76CA82C97DFA68
S31500036B405947F0ADD4A2AF9CA472C0B7FD932636C5
S31500036B503FF7CC34A5E5F171D8311504C723C31823
S31500036B6096059A071280E2EB27B27509832C1A1B46
S31500036B706E5AA0523BD6B329E32F8453D100ED209E
S31500036B80FCB15B6ACBBE394A4C58CFD0EFAAFB4364
S31500036B904D338545F9027F503C9FA851A3408F9200
S31500036BA09D38F5BCB6DA2110FFF3D2CD0C13EC5F9A
S31500036BB0974417C4A77E3D645D197360814FDC2239
S31500036BC02A908846EEB814DE5E0BDBE0323A0A49B9
S31500036BD006245CC2D3AC629195E479E7C8376D8D20
S31500036BE0D54EA96C56F4EA657AAE08BA78252E1CFA
S31500036BF0A6B4C6E8DD741F4BBD8B8A703EB56648E6
S31500036C0003F60E613557B986C11D9EE1F8981169E1
S31500036C10D98E949B1E87E9CE5528DF8CA1890DBF9B
S31500036C20E6426841992D0FB054BB160000000000E0
S31500036C30000000000000000000000000000000004B
S31500036C40000000000000000000000000000000003B
S31500036C50010000000000000000000000000000002A
S31500036C600002000000000000000000000000000019
S31500036C700000030000000000000000000000000008
S31500036C8000000004000000000000000000000000F7
S31500036C9000000000050000000000000000000000E6
S31500036CA000000000000600000000000000000000D5
S31500036CB000000000000007000000000000000000C4
S31500036CC000000000000000080000000000000000B3
S31500036CD000000000000000007F000000000000002C
S31500036CE0000000000000000000800000000000001B
S31500036CF0000000000000000000008100000000000A
S31500036D0000000000000000000000008200000000F8
S31500036D1000000000000000000000000083000000E7
S31500036D2000000000000000000000000000840000D6
S31500036D3000000000000000000000000000008500C5
S31500036D4000000000000000000000000000000086B4
S31500036D50000000000000000000000000000000002A
S31500036D608700000000000000000000000000000093
S31500036D700088000000000000000000000000000082
S31500036D800000890000000000000000000000000071
S31500036D900000008A00000000000000000000000060
S31500036DA0000000008B00000000000000000000004F
S31500036DB000000000008C000000000000000000003E
S31500036DC00000000000008D0000000000000000002D
S31500036DD0000000000000008E00000000000000001C
S31500036DE000000000000000008F000000000000000B
S31500036DF000000000000000000073783132363100D5
S31500036E007378313236320000C05D0000386300000B
S31500036E104C680000606D0000887700009C7C0000D1
S31500036E20B0810000748B000038950000989E000026
S31500036E3094A7000078B4000048BC000058CA0000BC
S31500036E4054D30000A8DE00008CEB00000CF8000011
S31500036E501C06010064130100D82101004032010021
S31500036E602C460100D45C0100F06801002471010086
S31500036E70A8740100DC7C01000487010078950100F9
S31500036E802CAA01008CCC0100501400001815000038
S31500036E90E015000044160000A81600007017000055
S31500036EA0D41700003818000064190000901A000077
S31500036EB0581B0000841C00004C1D0000DC1E000053
S31500036EC06C200000602200005424000048260000C5
S31500036ED068290000882C0000A82F000064320000F7
S31500036EE0E83500006C390000543D0000D84000002E
S31500036EF0EC45000044480000145000008C55000087
S31500036F00CC5B00009C630000F47E00002C6500004F
S31500036F10086B00001C70000030750000587F0000ED
S31500036F206C8400008089000044930000A49C000048
S31500036F3068A6000064AF000048BC000018C4000047
S31500036F4028D2000024DB000078E600005CF3000092
S31500036F50DCFF0000880D0100341B0100A829010095
S31500036F60103A0100984D010058600100C0700100FD
S31500036F70F4780100A47D0100AC840100D48E0100E5
S31500036F80489D010098B10100F8D30100482600008E
S31500036F903C28000004290000302A00005C2B000076
S31500036FA0242C0000502D00007C2E000070300000C1
S31500036FB064320000583400004C360000A438000048
S31500036FC0C43B0000803E00006842000050460000BB
S31500036FD0384A000078500000F0550000CC5B0000F2
S31500036FE044610000E8670000F06E0000F8750000D9
S31500036FF0007D0000FC850000F88E0000209900004B
S31500037000E4A200009CAE000048BC0000E8CB0000F0
S3150003701013B779FAC925DDB7ADF3CFE0F1B614B8E6
S315000370200102000000000000FFFFFFFF1000000048
S315000370300100000000000000000000000000000046
S315000370400000000000000000000000000000000037
S315000370500000000000000000000000000000000027
S315000370602E2E2F6765636B6F5F73646B5F342E31F0
S315000370702E332F706C6174666F726D2F636F6D6D37
S315000370806F6E2F7372632F736C5F736C6973742ED9
S3150003709063002E2E2F6765636B6F5F73646B5F34BC
S315000370A02E312E332F706C6174666F726D2F64727E
S315000370B0697665722F69326373706D2F7372632FEE
S315000370C0736C5F69326373706D2E6300433A5C4A77
S315000370D0656E6B696E735C776F726B7370616365F4
S315000370E05C696369747953747564696F5F726D3132
S315000370F03236785F6669726D776172655F6D616955
S315000371006E5C776F726B73706163655F726D31323C
S3150003711036315C726D313236785F6669726D7761CE
S3150003712072655C6765636B6F5F73646B5F342E3187
S315000371302E335C706C6174666F726D5C656D6C6921
S31500037140625C696E632F656D5F6770696F2E680099
S315000371502E2E2F6765636B6F5F73646B5F342E31FF
S315000371602E332F706C6174666F726D2F647269763D
S3150003717065722F70776D2F7372632F736C5F7077E1
S315000371806D2E6300433A5C4A656E6B696E735C777A
S315000371906F726B73706163655C6963697479537449
S315000371A07564696F5F726D313236785F6669726DC9
S315000371B0776172655F6D61696E5C776F726B737011
S315000371C06163655F726D313236315C726D313236B1
S315000371D0785F6669726D776172655C6765636B6F0D
S315000371E05F73646B5F342E312E335C706C6174662F
S315000371F06F726D5C656D6C69625C696E632F656D3C
S315000372005F74696D65722E68001E0000030000003E
S31500037210C1ED0100BDED010089ED010045ED010061
S31500037220F9ED0100CBED010049ED0100020000007C
S315000372302C0000002E2E2F6765636B6F5F73646BE4
S315000372405F342E312E332F706C6174666F726D2F1F
S31500037250656D6472762F7370696472762F737263C9
S315000372602F7370696472762E6300000005000000B8
S315000372700000000040420F0005010000000000006E
S3150003728000000000000000002E2E2F6765636B6F61
S315000372905F73646B5F342E312E332F706C617466AB
S315000372A06F726D2F656D6C69622F7372632F656DD7
S315000372B05F62757274632E63002E2E2F6765636B90
S315000372C06F5F73646B5F342E312E332F706C617472
S315000372D0666F726D2F656D6C69622F7372632F65AE
S315000372E06D5F636D752E63000201010303020601E0
S315000372F005042E2E2F6765636B6F5F73646B5F34B4
S315000373002E312E332F706C6174666F726D2F656D1F
S315000373106C69622F7372632F656D5F636F72652E7F
S3150003732063002E2E2F6765636B6F5F73646B5F3429
S315000373302E312E332F706C6174666F726D2F656DEF
S315000373406C69622F7372632F656D5F656D752E634E
S31500037350002E2E2F6765636B6F5F73646B5F342E2E
S31500037360312E332F706C6174666F726D2F656D6C81
S3150003737069622F7372632F656D5F657573617274CE
S315000373802E6300433A5C4A656E6B696E735C776F76
S31500037390726B73706163655C696369747953747541
S315000373A064696F5F726D313236785F6669726D77C5
S315000373B06172655F6D61696E5C776F726B73706125
S315000373C063655F726D313236315C726D3132367898
S315000373D05F6669726D776172655C6765636B6F5F24
S315000373E073646B5F342E312E335C706C6174666F1D
S315000373F0726D5C656D6C69625C696E632F656D5F4A
S315000374006275732E68002E2E2F6765636B6F5F732D
S31500037410646B5F342E312E332F706C6174666F721A
S315000374206D2F656D6C69622F7372632F656D5F6770
S3150003743070696F2E63002E2E2F6765636B6F5F7304
S31500037440646B5F342E312E332F706C6174666F72EA
S315000374506D2F656D6C69622F7372632F656D5F693E
S3150003746032632E630000000080841E00404B4C00F4
S31500037470809FD50080841E0040548900002D310171
S31500037480080911082E2E2F6765636B6F5F73646B94
S315000374905F342E312E332F706C6174666F726D2FCD
S315000374A0656D6C69622F7372632F656D5F696164C5
S315000374B0632E63002E2E2F6765636B6F5F73646B9A
S315000374C05F342E312E332F706C6174666F726D2F9D
S315000374D0656D6C69622F7372632F656D5F6C646D86
S315000374E0612E63002E2E2F6765636B6F5F73646B6C
S315000374F05F342E312E332F706C6174666F726D2F6D
S31500037500656D6C69622F7372632F656D5F6D73634F
S315000375102E63002E2E2F6765636B6F5F73646B5F3D
S31500037520342E312E332F706C6174666F726D2F6536
S315000375306D6C69622F7372632F656D5F727463631B
S315000375402E63002E2E2F6765636B6F5F73646B5F0D
S31500037550342E312E332F706C6174666F726D2F6506
S315000375606D6C69622F7372632F656D5F74696D65E8
S31500037570722E63002E2E2F6765636B6F5F73646BCA
S315000375805F342E312E332F706C6174666F726D2FDC
S31500037590656D6C69622F7372632F656D5F757361B9
S315000375A072742E6300010304010101090300000044
S315000375B00126000004000000000000000001000096
S315000375C0000000002E2E2F6765636B6F5F73646B7D
S315000375D05F342E312E332F706C6174666F726D2F8C
S315000375E0736572766963652F696F73747265616D0E
S315000375F02F7372632F736C5F696F73747265616D3A
S315000376005F72657461726765745F737464696F2E04
S3150003761063002E2E2F6765636B6F5F73646B5F3436
S315000376202E312E332F706C6174666F726D2F7365F6
S3150003763072766963652F696F73747265616D2F73F3
S3150003764072632F736C5F696F73747265616D5F75B7
S315000376506172742E63002E2E2F6765636B6F5F73E3
S31500037660646B5F342E312E332F706C6174666F72C8
S315000376706D2F736572766963652F706F7765725FB9
S315000376806D616E616765722F7372632F736C5F70C2
S315000376906F7765725F6D616E616765722E63000158
S315000376A00410402E2E2F6765636B6F5F73646B5FE9
S315000376B0342E312E332F706C6174666F726D2F7397
S315000376C06572766963652F706F7765725F6D616E3C
S315000376D0616765722F7372632F736C5F706F776563
S315000376E0725F6D616E616765725F68616C5F73324D
S315000376F02E63002E2E2F6765636B6F5F73646B5F5C
S31500037700342E312E332F706C6174666F726D2F7346
S315000377106572766963652F736C65657074696D65EB
S31500037720722F7372632F736C5F736C656570746904
S315000377306D65722E63000000010000000100000069
S31500037740000000002E2E2F6765636B6F5F73646BFB
S315000377505F342E312E332F706C6174666F726D2F0A
S31500037760736572766963652F7564656C61792F73CA
S3150003777072632F736C5F7564656C61792E630000A9
S3150003778000000000000000000000000000000000F0
S3150003779000000000FF1C00007F1D00000000000029
S315000377A000000000000000000000000000000000D0
S315000377B07F1C00007F1C00007F1C00007F1C000054
S315000377C07F1C00007F1E0000000000000000000078
S315000377D000000000000000000000000000000000A0
S315000377E00000000000000000000000000000000090
S315000377F00000000000000000000000000000000080
S31500037800000000000000000000000000000000006F
S31500037810000000000000000000000000000000005F
S31500037820000000000000000000000000000000004F
S31500037830000000000000000000000000000000003F
S31500037840FFFFFFFFFFFFFFFFFFFF03020303FFFF30
S31500037850FFFFFFFFFFFFFFFF020502040203020211
S3150003786002010200FFFFFFFFFFFFFFFFFFFFFFFF16
S31500037870FFFFFFFFFFFFFFFFFFFFFFFFFFFFFFFF0F
S31500037880FFFFFFFFFFFFFFFFFFFFFFFFFFFFFFFFFF
S31500037890FFFFFFFFFFFFFFFFFFFFFFFFFFFFFFFFEF
S315000378A011100F0E0D0C060500000000000000006D
S315000378B000000000000000000000000000000000BF
S315000378C000000000000000000000000000000000AF
S315000378D0256875006465766963655F696400666932
S315000378E0726D776172655F76657273696F6E5F61DC
S315000378F07070006C705F756172745F656E61626C47
S3150003790065640063757272656E745F6D61696E5F3F
S315000379107374617465006D696E5F626175645F722D
S31500037920617465006D61785F626175645F7261742D
S31500037930650072657365745F726561736F6E00636C
S31500037940617573655F6F665F6C6173745F72657390
S3150003795065740063757272656E745F74785F706FB9
S31500037960776572006C6F72615F726164696F5F61E4
S315000379706374697669747900636F6E6E656374699F
S315000379806F6E5F737461747573006669726D776188
S3150003799072655F76657273696F6E5F626F6F746C23
S315000379A06F61646572006D6F64756C6174696F6E87
S315000379B05F74797065006D6F64756C655F7479705B
S315000379C065007061636B6574735F727865640070DC
S315000379D061636B6574735F7478656400727373694E
S315000379E0007369676E616C5F746F5F6E6F69736551
S315000379F05F726174696F007032705F63616C637587
S31500037A006C617465645F626561636F6E5F746F61F9
S31500037A10007032705F626561636F6E5F7365747465
S31500037A206C655F74696D65007032705F736C6F743B
S31500037A305F746F61007032705F736C6F745F6D613A
S31500037A40785F7061636B65745F73697A6500703222
S31500037A50705F736C6F745F64656C6179007032700C
S31500037A605F6D696E696D756D5F77696E646F775F5C
S31500037A706C656E677468007032705F6D61785F73F2
S31500037A806C6F74735F7065725F77696E646F77008E
S31500037A906372785F6465765F657569007374617296
S31500037AA07475705F666C61677300756172745F638A
S31500037AB06D645F6D6F64655F70696E0070696E5F9C
S31500037AC0636F6E656374696F6E5F696E6469636124
S31500037AD074696F6E00756172745F69646C655F7457
S31500037AE0696D6500636F72655F766F6C7461676558
S31500037AF05F6D696C6C69766F6C7473007561727413
S31500037B005F626175645F726174650064657669635B
S31500037B10655F6E616D65006A6F696E5F65756900A5
S31500037B206C6374745F756E6C6F636B0072656775F7
S31500037B306C61746F72795F756E6C6F636B006164F1
S31500037B40725F656E61626C656400626561636F6E28
S31500037B505F6672657175656E637900636C617373D5
S31500037B6000636F6E6669726D65645F7061636B65F2
S31500037B70747300636F6E6669726D65645F726574B4
S31500037B8072795F636F756E74006A6F696E5F6A6997
S31500037B9074746572006C6F6E675F646174615F70A5
S31500037BA061796C6F61640070696E675F736C6F7483
S31500037BB05F706572696F6469636974790070756271
S31500037BC06C69635F6D6F64655F6F6C640072656794
S31500037BD0696F6E00726571756573745F636F756E39
S31500037BE074007278325F64656C6179007278315F14
S31500037BF06A6F696E5F64656C6179007278325F6A79
S31500037C006F696E5F64656C6179007375625F62614B
S31500037C106E6400726567756C61746F72795F636F0A
S31500037C2064696E675F7261746500726567756C611E
S31500037C30746F72795F6672657175656E63790072CA
S31500037C406567756C61746F72795F686F70730072C4
S31500037C506567756C61746F72795F686F705F667262
S31500037C60657175656E637900726567756C61746FAE
S31500037C7072795F737072656164696E675F6661636B
S31500037C80746F7200726567756C61746F72795F7475
S31500037C9072616E736D69745F706F776572006C6F76
S31500037CA072615F6D6F64656D5F646D5F706F727433
S31500037CB0006C6F72615F6D6F64656D5F75706C6F7D
S31500037CC061645F73637472006C6F72615F6D6F647E
S31500037CD0656D5F6170705F6B65795F6372635F7318
S31500037CE07461747573006C6F72615F6D6F64656D3B
S31500037CF05F6170705F6B65795F637263006C6F724F
S31500037D00615F6D6F64656D5F7266755F31006C6F81
S31500037D1072615F6D6F64656D5F7266755F32006C6D
S31500037D206F72615F6D6F64656D5F7266755F330059
S31500037D306C6F72615F6D61635F6164725F637573BC
S31500037D40746F6D006C6F72615F6D61635F726567FF
S31500037D50696F6E5F74797065006C6F72615F6D61D8
S31500037D60635F63657274696669636174696F6E5F85
S31500037D70656E61626C6564006C6F72615F6D6163F1
S31500037D805F7266755F31006C6F72615F6D61635F11
S31500037D907266755F32006C6F72615F6D61635F72ED
S31500037DA066755F33006C6F72615F6D61635F7266E8
S31500037DB0755F34006C6F72615F6D61635F726675C8
S31500037DC05F35006C6F72615F6D61635F7266755FCD
S31500037DD036006C6F72615F6D61635F7266755F37E4
S31500037DE0006C6F72615F6D61635F7266755F380009
S31500037DF06C6F72615F6D61635F7266755F39006C8C
S31500037E006F72615F6D61635F7266755F3130006CBF
S31500037E106F72615F6D61635F7266755F3131006CAE
S31500037E206F72615F6D61635F637263006C6F726132
S31500037E305F6465766E6F6E63655F6465766E6F6E9F
S31500037E406365006C6F72615F6465766E6F6E636502
S31500037E505F6E625F7265736574006C6F72615F64F7
S31500037E6065766E6F6E63655F6A6F696E5F6E6F6E62
S31500037E706365006C6F72615F6465766E6F6E6365D2
S31500037E805F7266755F31006C6F72615F6465766EF3
S31500037E906F6E63655F7266755F32006C6F72615FEA
S31500037EA06465766E6F6E63655F7266755F33006CCD
S31500037EB06F72615F6465766E6F6E63655F6372632F
S31500037EC0006C6F72615F6D6F64656D5F63726300F3
S31500037ED0726567756C61746F72795F7061796C6FC7
S31500037EE061645F6C656E67746800726567756C6163
S31500037EF0746F72795F62616E647769647468007225
S31500037F006567756C61746F72795F707265616D62B6
S31500037F106C655F73697A65006C6F72615F73655F29
S31500037F20646576657569006C6F72615F73655F6A18
S31500037F306F696E657569006C6F72615F73655F70FB
S31500037F40696E006C6F72615F73655F6B65795F3134
S31500037F50006C6F72615F73655F6B65795F32006C8E
S31500037F606F72615F73655F6B65795F33006C6F7208
S31500037F70615F73655F6B65795F34006C6F72615F18
S31500037F8073655F6B65795F35006C6F72615F7365EF
S31500037F905F6B65795F36006C6F72615F73655F6BEC
S31500037FA065795F37006C6F72615F73655F6B6579C7
S31500037FB05F38006C6F72615F73655F6B65795F39FC
S31500037FC0006C6F72615F73655F6B65795F3130005B
S31500037FD06C6F72615F73655F6B65795F3131006CDE
S31500037FE06F72615F73655F6B65795F3132006C6FCA
S31500037FF072615F73655F6B65795F3133006C6F72B6
S31500038000615F73655F6B65795F3134006C6F7261B5
S315000380105F73655F6B65795F3135006C6F72615FA6
S3150003802073655F6B65795F3136006C6F72615F7381
S31500038030655F6B65795F3137006C6F72615F73657E
S315000380405F6B65795F3138006C6F72615F73655F73
S315000380506B65795F3139006C6F72615F73655F6B56
S3150003806065795F3230006C6F72615F73655F6B6554
S31500038070795F3231006C6F72615F73655F6B65792F
S315000380805F3232006C6F72615F73655F6B65795F38
S315000380903233006C6F72615F73655F6B65795F6D19
S315000380A061705F31006C6F72615F73655F6B6579D9
S315000380B05F6D61705F32006C6F72615F73655F63E2
S315000380C0726300726567756C61746F72795F646160
S315000380D074615F7261746500726567756C61746F54
S315000380E072795F656E61626C655F647574795F63EF
S315000380F079636C65006170706C69636174696F6E36
S315000381005F706F727400726567756C61746F7279F4
S315000381105F6C62745F6C697374656E696E675F64C6
S3150003812075726174696F6E5F6D7300726567756CE6
S3150003813061746F72795F6C62745F74687265736879
S315000381406F6C645F64626D00726567756C61746FF2
S3150003815072795F6C62745F62616E64776964746876
S3150003816000636C6173735F635F7363616E5F7469EE
S315000381706D6500726567756C61746F72795F6C62A9
S31500038180745F746573745F69735F73746174696331
S31500038190006162705F6465765F6164647200616248
S315000381A0705F6E776B5F736B6579006162705F6199
S315000381B070705F736B6579006C6374745F74657359
S315000381C0745F6D6F64655F656E61626C65006162A5
S315000381D0705F74785F706F776572006162705F615C
S315000381E064725F6368616E676564006162705F7481
S315000381F0785F646174615F72617465006162705F68
S3150003820074785F646174615F726174655F636861EA
S315000382106E676564006162705F6E625F7472616E41
S3150003822073006162705F6E625F7472616E735F6327
S3150003823068616E676564006162705F6D61736B5F31
S31500038240636F6E74726F6C5F31006162705F6D6134
S31500038250736B5F636F6E74726F6C5F320061627013
S315000382605F6D61736B5F636F6E74726F6C5F330008
S315000382706162705F6D61736B5F636F6E74726F6C57
S315000382805F315F6368616E676564006162705F6D2D
S3150003829061736B5F636F6E74726F6C5F325F63687B
S315000382A0616E676564006162705F6D61736B5F63C6
S315000382B06F6E74726F6C5F335F6368616E6765645C
S315000382C0006162705F6368616E6E656C5F6D61739A
S315000382D06B5F31006162705F6368616E6E656C5FD0
S315000382E06D61736B5F32006162705F6368616E6EAE
S315000382F0656C5F6D61736B5F33006162705F6368AA
S31500038300616E6E656C5F6D61736B5F315F63686130
S315000383106E676564006162705F6368616E6E656C4B
S315000383205F6D61736B5F325F6368616E676564007F
S315000383306162705F6368616E6E656C5F6D61736BBE
S315000383405F335F6368616E676564006162705F7265
S3150003835078315F64725F6F6666736574006162701D
S315000383605F72785F706172616D735F6368616E6778
S315000383706564006162705F7278325F646174615F25
S3150003838072617465006162705F7278325F646174F2
S31500038390615F726174655F6368616E6765640061DE
S315000383A062705F7278325F6672657175656E637946
S315000383B0006162705F7278325F6672657175656EB1
S315000383C063795F6368616E676564006162705F729B
S315000383D078315F64656C6179006162705F727831D0
S315000383E05F64656C61795F6368616E67656400618C
S315000383F062705F74785F647574795F6379636C65C3
S31500038400006162705F74785F647574795F63796322
S315000384106C655F6368616E676564006162705F6D5A
S3150003842061785F6572705F64626D006162705F742C
S31500038430785F706172616D735F6368616E676564AF
S31500038440006162705F75706C696E6B5F6477656CF3
S315000384506C5F74696D65006162705F75706C696EDF
S315000384606B5F6477656C6C5F74696D655F63686188
S315000384706E676564006162705F646F776E6C696EC8
S315000384806B5F6477656C6C5F74696D6500616270C0
S315000384905F646F776E6C696E6B5F6477656C6C5F38
S315000384A074696D655F6368616E67656400616270B8
S315000384B05F6672616D655F636F756E745F646F7718
S315000384C06E006162705F6672616D655F636F756E84
S315000384D0745F646F776E5F6368616E67656400617E
S315000384E062705F6672616D655F636F756E745F75EB
S315000384F070006162705F6672616D655F636F756E52
S31500038500745F75705F6368616E676564007032706F
S315000385105F6465766963655F61646472657373003E
S315000385207032705F6E6574776F726B5F73697A65AD
S31500038530007032705F77696E646F775F6C656E6724
S315000385407468007032705F646174615F7261746530
S31500038550007032705F6C697374656E5F6475726107
S3150003856074696F6E007032705F6C697374656E5FE9
S315000385706672657175656E6379007032705F6265E8
S3150003858061636F6E5F646174615F726174650070CD
S3150003859032705F7061636B65745F73697A650070CF
S315000385A032705F74785F706F776572007075626C96
S315000385B069635F6D6F6465007032705F736C6F74AF
S315000385C0735F7065725F77696E646F77007072654B
S315000385D0616D626C655F6C656E6774680067656E76
S315000385E05F6170705F6B6579007374617469635F53
S315000385F06164725F6461746172617465007374614E
S315000386007469635F6164725F74785F706F776572B4
S315000386100074785F706F7765725F6C696D6974005B
S3150003862072656C61795F6D6F64650072656C617903
S315000386305F72785F6361645F706572696F646963B3
S315000386406974790072656C61795F6368616E6E65E2
S315000386506C5F315F61636B5F6672657175656E63CF
S31500038660790072656C61795F6368616E6E656C5FD4
S31500038670315F64617461726174650072656C6179FE
S315000386805F6368616E6E656C5F315F776F725F669D
S3150003869072657175656E63790072656C61795F6386
S315000386A068616E6E656C5F636F756E740072656C80
S315000386B061795F74785F61637469766174696F6EFB
S315000386C05F6D6F64650072656C61795F74785F6E68
S315000386D0756D6265725F6F665F6D6973735F776FE2
S315000386E0725F61636B0072656C61795F74785F7347
S315000386F06D6172745F6C6576656C0072656C617929
S315000387005F74785F6261636B6F6666006162705F58
S31500038710776F725F6B6579006162705F6368616E24
S315000387206E656C5F305F6672657175656E63790041
S315000387306162705F6368616E6E656C5F315F6672FE
S31500038740657175656E6379006162705F6368616EFA
S315000387506E656C5F325F6672657175656E6379000F
S315000387606162705F6368616E6E656C5F335F6672CC
S31500038770657175656E6379006162705F6368616ECA
S315000387806E656C5F345F6672657175656E637900DD
S315000387906162705F6368616E6E656C5F355F66729A
S315000387A0657175656E6379006162705F6368616E9A
S315000387B06E656C5F365F6672657175656E637900AB
S315000387C06162705F6368616E6E656C5F375F667268
S315000387D0657175656E6379006162705F6368616E6A
S315000387E06E656C5F385F6672657175656E63790079
S315000387F06162705F6368616E6E656C5F395F667236
S31500038800657175656E6379006162705F6368616E39
S315000388106E656C5F31305F6672657175656E63791F
S31500038820006162705F6368616E6E656C5F31315FB4
S315000388306672657175656E6379006162705F636800
S31500038840616E6E656C5F31325F6672657175656EFA
S315000388506379006162705F6368616E6E656C5F3138
S31500038860335F6672657175656E6379006162705F09
S315000388706368616E6E656C5F31345F6672657175D0
S31500038880656E6379006162705F6368616E6E656CC5
S315000388905F31355F6672657175656E637900616216
S315000388A0705F6368616E6E656C5F6269746D61703B
S315000388B000000000524D313236580058582E3030E1
S315000388C02E30312E30300000000000000000000082
S315000388D0000000008025000040420F000000000059
S315000388E00F00000030303030303030300058582E12
S315000388F030302E30312E30300000000000000000F2
S31500038900000000000000000000000000000000005E
S315000389100000050000000000000000000000000049
S31500038920000000000000000000000030000000000E
S315000389300000000000FFFF000000E40C00C201007D
S31500038940000000000000000000000000000000001E
S3150003895000000000003030303030303030303030FE
S3150003896030303030303030303030303030303030FE
S31500038970303030303000303030303030303030301E
S31500038980303030303030003030303030303030300E
S31500038990303030303030300000000000000000007E
S315000389A000000100000000000100010300000000B8
S315000389B00003010020060606060200000000000070
S315000389C00000000000000000010F0000000000008E
S315000389D0000000000000000000000000000000008E
S315000389E0000000000000000000000000000000007E
S315000389F0000000000000000000000000000000006E
S31500038A00303030303030303030303030000000001D
S31500038A10000000000000000000000000000000004D
S31500038A200000000010020000080000003030303063
S31500038A30303030303030303030303030003030305D
S31500038A40303030303030303030303030300030304D
S31500038A50303030303030003030303030303030303D
S31500038A6030303030303030303030303030303030FD
S31500038A70303030303000000030303030303030307D
S31500038A8030303030303030303030303030303030DD
S31500038A90303030303030000000303030303030305D
S31500038AA030303030303030303030303030303030BD
S31500038AB0303030303030300000003030303030303D
S31500038AC0303030303030303030303030303030309D
S31500038AD0303030303030303000000030303030301D
S31500038AE0303030303030303030303030303030307D
S31500038AF030303030303030303000000030303030FD
S31500038B00303030303030303030303030303030305C
S31500038B1030303030303030303030000000303030DC
S31500038B20303030303030303030303030303030303C
S31500038B3030303030303030303030300000003030BC
S31500038B40303030303030303030303030303030301C
S31500038B50303030303030303030303030000000309C
S31500038B6030303030303030303030303030303030FC
S31500038B70303030303030303030303030300000007C
S31500038B8030303030303030303030303030303030DC
S31500038B90303030303030303030303030303000002C
S31500038BA000303030303030303030303030303030EC
S31500038BB030303030303030303030303030303000DC
S31500038BC000003030303030303030303030303030FC
S31500038BD0303030303030303030303030303030308C
S31500038BE0000000303030303030303030303030300C
S31500038BF0303030303030303030303030303030306C
S31500038C0030000000303030303030303030303030EB
S31500038C10303030303030303030303030303030304B
S31500038C2030300000003030303030303030303030CB
S31500038C30303030303030303030303030303030302B
S31500038C4030303000000030303030303030303030AB
S31500038C50303030303030303030303030303030300B
S31500038C60303030300000003030303030303030308B
S31500038C7030303030303030303030303030303030EB
S31500038C80303030303000000030303030303030306B
S31500038C9030303030303030303030303030303030CB
S31500038CA0303030303030000000303030303030304B
S31500038CB030303030303030303030303030303030AB
S31500038CC0303030303030300000003030303030302B
S31500038CD0303030303030303030303030303030308B
S31500038CE0303030303030303000000030303030300B
S31500038CF0303030303030303030303030303030306B
S31500038D0030303030303030303000000030303030EA
S31500038D10303030303030303030303030303030304A
S31500038D2030303030303030303030000000303030CA
S31500038D30303030303030303030303030303030302A
S31500038D4030303030303030303030300000003030AA
S31500038D50303030303030303030303030303030300A
S31500038D60303030303030303030303030000000308A
S31500038D7030303030303030303030303030303030EA
S31500038D80303030303030303030303030300000006A
S31500038D90000000000001010005000000B0FF000014
S31500038DA00000000000000000013030303030303069
S31500038DB030003030303030303030303030303030DA
S31500038DC0303030303030303030303030303030309A
S31500038DD030300030303030303030303030303030BA
S31500038DE0303030303030303030303030303030307A
S31500038DF030303000000000000000000000000000DA
S31500038E000000000000000000000000000000000059
S31500038E100000000000000000000000000000000049
S31500038E200000000000000000000000000000020037
S31500038E30020002010202010001000030303030302E
S31500038E403030303030303030303030303030303019
S31500038E503030303030303030303030000200FF00F8
S31500038E6000000000000000000000000000000000F9
S31500038E7001010805043030303030303030303030C6
S31500038E8030303030303030303030303030303030D9
S31500038E9030303030300000000000000000000000D9
S31500038EA000000000000000000000000000000000B9
S31500038EB000000000000000000000000000000000A9
S31500038EC00000000000000000000000000000000099
S31500038ED00000000000000000000000009C7A030070
S31500038EE0A45500203489030001000000020101019A
S31500038EF000000000274602000000000000000000FA
S31500038F007F0000006400000000000000AA7A03004E
S31500038F10A555002035890300010000000601010163
S31500038F20000000005F46020000000000FFFFFFFF95
S31500038F301F000000FFFFFFFF00000000BC7A0300D4
S31500038F40A655002036890300010000000601010131
S31500038F50000000005F46020000000000FFFFFFFF65
S31500038F60070000007500000000000000D57A03002A
S31500038F70A8550020388903000200000003010101FF
S31500038F8000000000C74502000000000000000000CA
S31500038F9030750000D500000000000000E47A0300ED
S31500038FA0AA5500203A8903000200000003010101CB
S31500038FB000000000C745020000000000080700008B
S31500038FC0D80E0000D900000000000000FC7A030060
S31500038FD0AC5500203C890300040000000401010194
S31500038FE000000000974502000000000080250000F5
S31500038FF040420F002E010000000000000B7B03001F
S31500039000B055002040890300150000000B01010143
S31500039010000000003D4502000000000000000000C3
S31500039020140000000000000000000000E1850300BA
S31500039030C555002055890300210000000B010101DD
S31500039040000000003D450200000000002000000073
S3150003905020000000F401000000000000947A0300E1
S31500039060E655002076890300110000000B0101017B
S31500039070010000003D450200000000001000000052
S3150003908010000000F501000000000000177B03003C
S31500039090F755002087890300110000000B01010129
S315000390A0000000003D450200000000001000000023
S315000390B010000000F601000000000000207B030002
S315000390C00856002098890300050000000B010101E2
S315000390D0000000003D4502000000000004000000FF
S315000390E004000000F7010000000000002C7B0300D1
S315000390F00D5600209D890300050000000B010101A8
S31500039100000000003D4502000000000004000000CE
S3150003911004000000F8010000000000003E7B03008D
S3150003912012560020A289030001000000010101017B
S3150003913000000000F74502000000000000000000E8
S315000391400100000058020000000000004A7B0300F3
S3150003915014560020A4890300040000000401010141
S315000391600000000097450200000000000000000018
S31500039170000000005902000000000000B68603004C
S3150003918018560020A889030001000000020101010E
S3150003919000000000694C020000000000000000000F
S315000391A0010000005A020000000000005B7B030080
S315000391B019560020A98903000100000002010101DC
S315000391C00000000027460200000000000000000027
S315000391D0030000005B02000000000000617B030047
S315000391E01A560020AA8903000100000001010101AB
S315000391F000000000F7450200000000000000000028
S31500039200010000005C02000000000000737B030005
S315000392101B560020AB890300010000000201010177
S3150003922000000000274602000000000000000000C6
S315000392300A0000005D02000000000000F07B03004E
S315000392401C560020AC890300020000000301010143
S3150003925000000000C74502000000000000000000F7
S31500039260000000005E02000000000000897B03008E
S315000392701E560020AE89030002000000030101010F
S3150003928000000000C74502000000000000000000C7
S31500039290000000005F02000000000000957B030051
S315000392A020560020B08903000100000001010101DE
S315000392B000000000F7450200000000000000000067
S315000392C0010000006002000000000000A77B03000D
S315000392D021560020B18903000100000002010101AB
S315000392E00000000027460200000000000000000006
S315000392F0070000006102000000000000BD7B0300C0
S3150003930022560020B2890300010000000101010179
S3150003931000000000F7450200000000000000000006
S31500039320010000006202000000000000CD7B030084
S3150003933023560020B3890300010000000201010146
S3150003934000000000054C02000000000000000000C1
S315000393500E0000006302000000000000D47B03003F
S3150003936024560020B4890300010000000201010114
S315000393700000000027460200000000000000000075
S31500039380000000006402000000000000CF83030019
S3150003939025560020B58903000100000002010101E2
S315000393A00000000027460200000000000000000045
S315000393B0000000006502000000000000E27B0300DD
S315000393C026560020B68903000100000002010101B0
S315000393D00000000027460200000000000000000015
S315000393E0000000006602000000000000EC7B0300A2
S315000393F027560020B789030001000000020101017E
S3150003940000000000274602000000000000000000E4
S31500039410000000006702000000000000FB7B030061
S3150003942028560020B889030001000000020101014B
S3150003943000000000274602000000000000000000B4
S315000394400000000068020000000000000A7C030020
S3150003945029560020B9890300010000000201010119
S315000394600000000027460200000000000000000084
S31500039470080000006902000000000000137C0300DE
S315000394802A560020BA8903000100000002010101E7
S315000394900000000027460200000000000000000054
S315000394A0060000006A020000000000002A7C030098
S315000394B02C560020BC8903000400000004010101AE
S315000394C000000000974502000000000000000000B5
S315000394D0000000006B020000000000003F7C030058
S315000394E030560020C089030001000000020101017B
S315000394F000000000274602000000000000000000F4
S3150003950040000000FFFFFFFF000000004F7C030048
S3150003951034560020C489030004000000040101013D
S315000395200000000097450200000000000000000054
S3150003953000000000FFFFFFFF00000000687C03003F
S3150003954038560020C889030001000000020101010A
S315000395500000000027460200000000000000000093
S31500039560080000006E02000000000000847C030077
S3150003957039560020C98903000100000006010101D4
S31500039580000000005F46020000000000EFFFFFFF3F
S315000395900F0000006F020000000000009E7C030025
S315000395A03A560020CA8903000200000003010101A4
S315000395B000000000C7450200000000000000000094
S315000395C0FFFF0000FFFFFFFF00000000B17C030068
S315000395D03C560020CC890300020000000301010170
S315000395E000000000C7450200000000000000000064
S315000395F0FFFF0000FFFFFFFF00000000C87C030021
S315000396003E560020CE89030001000000020101013D
S3150003961000000000274602000000000000000000D2
S31500039620FF000000FFFFFFFF00000000E67C0300D1
S3150003963040560020D0890300040000000401010104
S315000396400000000097450200000000000000000033
S31500039650FFFFFFFFFFFFFFFF00000000FD7C03008D
S3150003966044560020D48903000400000004010101CC
S315000396700000000097450200000000000000000003
S31500039680FFFFFFFFFFFFFFFF000000000E7D03004B
S3150003969048560020D8890300040000000401010194
S315000396A000000000974502000000000000000000D3
S315000396B0FFFFFFFFFFFFFFFF000000001F7D03000A
S315000396C04C560020DC89030004000000040101015C
S315000396D000000000974502000000000000000000A3
S315000396E0FFFFFFFFFFFFFFFF00000000307D0300C9
S315000396F050560020E0890300040000000401010124
S315000397000000000097450200000000000000000072
S31500039710FFFFFFFFFFFFFFFF00000000447D030084
S3150003972054560020E48903000100000002010101F0
S3150003973000000000274602000000000000000000B1
S31500039740FF000000FFFFFFFF00000000597D03003C
S3150003975055560020E58903000100000002010101BE
S315000397600000000027460200000000000000000081
S31500039770FF000000FFFFFFFF00000000787D0300ED
S3150003978056560020E689030001000000020101018C
S315000397900000000027460200000000000000000051
S315000397A0FF000000FFFFFFFF00000000877D0300AE
S315000397B057560020E789030001000000020101015A
S315000397C00000000027460200000000000000000021
S315000397D0FF000000FFFFFFFF00000000967D03006F
S315000397E058560020E8890300010000000201010128
S315000397F000000000274602000000000000000000F1
S31500039800FF000000FFFFFFFF00000000A57D03002F
S3150003981059560020E98903000100000002010101F5
S3150003982000000000274602000000000000000000C0
S31500039830FF000000FFFFFFFF00000000B47D0300F0
S315000398405A560020EA8903000100000002010101C3
S315000398500000000027460200000000000000000090
S31500039860FF000000FFFFFFFF00000000C37D0300B1
S315000398705B560020EB890300010000000201010191
S315000398800000000027460200000000000000000060
S31500039890FF000000FFFFFFFF00000000D27D030072
S315000398A05C560020EC89030001000000020101015F
S315000398B00000000027460200000000000000000030
S315000398C0FF000000FFFFFFFF00000000E17D030033
S315000398D05D560020ED89030001000000020101012D
S315000398E00000000027460200000000000000000000
S315000398F0FF000000FFFFFFFF00000000F07D0300F4
S315000399005E560020EE8903000100000002010101FA
S3150003991000000000274602000000000000000000CF
S31500039920FF000000FFFFFFFF00000000FF7D0300B4
S315000399305F560020EF8903000100000002010101C8
S31500039940000000002746020000000000000000009F
S31500039950FF000000FFFFFFFF000000000F7E030073
S3150003996060560020F0890300010000000201010196
S31500039970000000002746020000000000000000006F
S31500039980FF000000FFFFFFFF000000001F7E030033
S3150003999064560020F4890300040000000401010159
S315000399A000000000974502000000000000000000D0
S315000399B0FFFFFFFFFFFFFFFF000000002C7E0300F9
S315000399C068560020F8890300020000000301010124
S315000399D000000000C7450200000000000000000070
S315000399E0FFFF0000FFFFFFFF00000000437E0300B0
S315000399F06C560020FC8903000400000004010101E9
S31500039A00000000009745020000000000000000006F
S31500039A10FFFFFFFFFFFFFFFF000000005A7E03006A
S31500039A2070560020008A03000D0000000B0101019F
S31500039A30000000003D450200000000000C0000008D
S31500039A400C000000FFFFFFFF00000000737E030011
S31500039A5080560020108A030004000000040101015F
S31500039A60000000009745020000000000000000000F
S31500039A70FFFFFFFFFFFFFFFF00000000877E0300DD
S31500039A8084560020148A0300040000000401010127
S31500039A9000000000974502000000000000000000DF
S31500039AA0FFFFFFFFFFFFFFFF000000009B7E030099
S31500039AB088560020188A03000400000004010101EF
S31500039AC000000000974502000000000000000000AF
S31500039AD0FFFFFFFFFFFFFFFF00000000AF7E030055
S31500039AE08C5600201C8A03000400000004010101B7
S31500039AF0000000009745020000000000000000007F
S31500039B00FFFFFFFFFFFFFFFF00000000C17E030012
S31500039B1090560020208A030004000000040101017E
S31500039B20000000009745020000000000000000004E
S31500039B30FFFFFFFFFFFFFFFF00000000D07E0300D3
S31500039B4094560020248A030001000000020101014B
S31500039B50000000002746020000000000000000008D
S31500039B60000000007002000000000000EA7E03000F
S31500039B7095560020258A0300010000000201010119
S31500039B80000000002746020000000000000000005D
S31500039B90060000007102000000000000FF7E0300C3
S31500039BA098560020288A03000400000004010101DE
S31500039BB000000000974502000000000000000000BE
S31500039BC0000000007202000000000000187F03007E
S31500039BD09C5600202C8A0300110000000B01010192
S31500039BE0000000003D4502000000000010000000D8
S31500039BF010000000FFFFFFFF00000000277F0300A7
S31500039C00AD5600203D8A0300110000000B0101013F
S31500039C10000000003D4502000000000010000000A7
S31500039C2010000000FFFFFFFF00000000377F030066
S31500039C30BE5600204E8A0300090000000B010101F5
S31500039C40000000003D45020000000000080000007F
S31500039C5008000000FFFFFFFF00000000437F030032
S31500039C60C7560020578A0300210000000B0101019B
S31500039C70000000003D450200000000002000000037
S31500039C8020000000FFFFFFFF00000000517F0300DC
S31500039C90E8560020788A0300210000000B01010129
S31500039CA0000000003D450200000000002000000007
S31500039CB020000000FFFFFFFF000000005F7F03009E
S31500039CC009570020998A0300210000000B010101B6
S31500039CD0000000003D4502000000000020000000D7
S31500039CE020000000FFFFFFFF000000006D7F030060
S31500039CF02A570020BA8A0300210000000B01010144
S31500039D00000000003D4502000000000020000000A6
S31500039D1020000000FFFFFFFF000000007B7F030021
S31500039D204B570020DB8A0300210000000B010101D1
S31500039D30000000003D450200000000002000000076
S31500039D4020000000FFFFFFFF00000000897F0300E3
S31500039D506C570020FC8A0300210000000B0101015F
S31500039D60000000003D450200000000002000000046
S31500039D7020000000FFFFFFFF00000000977F0300A5
S31500039D808D5700201D8B0300210000000B010101EC
S31500039D90000000003D450200000000002000000016
S31500039DA020000000FFFFFFFF00000000A57F030067
S31500039DB0AE5700203E8B0300210000000B0101017A
S31500039DC0000000003D4502000000000020000000E6
S31500039DD020000000FFFFFFFF00000000B37F030029
S31500039DE0CF5700205F8B0300210000000B01010108
S31500039DF0000000003D4502000000000020000000B6
S31500039E0020000000FFFFFFFF00000000C17F0300EA
S31500039E10F0570020808B0300210000000B01010195
S31500039E20000000003D450200000000002000000085
S31500039E3020000000FFFFFFFF00000000D07F0300AB
S31500039E4011580020A18B0300210000000B01010122
S31500039E50000000003D450200000000002000000055
S31500039E6020000000FFFFFFFF00000000DF7F03006C
S31500039E7032580020C28B0300210000000B010101B0
S31500039E80000000003D450200000000002000000025
S31500039E9020000000FFFFFFFF00000000EE7F03002D
S31500039EA053580020E38B0300210000000B0101013E
S31500039EB0000000003D4502000000000020000000F5
S31500039EC020000000FFFFFFFF00000000FD7F0300EE
S31500039ED074580020048C0300210000000B010101CB
S31500039EE0000000003D4502000000000020000000C5
S31500039EF020000000FFFFFFFF000000000C800300AE
S31500039F0095580020258C0300210000000B01010158
S31500039F10000000003D450200000000002000000094
S31500039F2020000000FFFFFFFF000000001B8003006E
S31500039F30B6580020468C0300210000000B010101E6
S31500039F40000000003D450200000000002000000064
S31500039F5020000000FFFFFFFF000000002A8003002F
S31500039F60D7580020678C0300210000000B01010174
S31500039F70000000003D450200000000002000000034
S31500039F8020000000FFFFFFFF0000000039800300F0
S31500039F90F8580020888C0300210000000B01010102
S31500039FA0000000003D450200000000002000000004
S31500039FB020000000FFFFFFFF0000000048800300B1
S31500039FC019590020A98C0300210000000B0101018F
S31500039FD0000000003D4502000000000020000000D4
S31500039FE020000000FFFFFFFF000000005780030072
S31500039FF03A590020CA8C0300210000000B0101011D
S3150003A000000000003D4502000000000020000000A3
S3150003A01020000000FFFFFFFF000000006680030032
S3150003A0205B590020EB8C0300210000000B010101AA
S3150003A030000000003D450200000000002000000073
S3150003A04020000000FFFFFFFF0000000075800300F3
S3150003A0507C5900200C8D0300210000000B01010137
S3150003A060000000003D450200000000002000000043
S3150003A07020000000FFFFFFFF0000000084800300B4
S3150003A0809D5900202D8D0300210000000B010101C5
S3150003A090000000003D450200000000002000000013
S3150003A0A020000000FFFFFFFF000000009380030075
S3150003A0B0BE5900204E8D0300210000000B01010153
S3150003A0C0000000003D4502000000000020000000E3
S3150003A0D020000000FFFFFFFF00000000A580030033
S3150003A0E0DF5900206F8D0300210000000B010101E1
S3150003A0F0000000003D4502000000000020000000B3
S3150003A10020000000FFFFFFFF00000000B7800300F0
S3150003A110005A0020908D0300040000000401010191
S3150003A1200000000097450200000000000000000048
S3150003A130FFFFFFFFFFFFFFFF00000000C3800300D8
S3150003A140045A0020948D030001000000020101015E
S3150003A1500000000027460200000000000000000087
S3150003A1600F0000007302000000000000D880030007
S3150003A170055A0020958D030001000000010101012D
S3150003A18000000000F7450200000000000000000088
S3150003A190010000007402000000000000F5800300C7
S3150003A1A0065A0020968D03000100000002010101FA
S3150003A1B0000000000D4E0200000000000100000038
S3150003A1C0DF000000750200000000000006810300A6
S3150003A1D0085A0020988D03000400000004010101C1
S3150003A1E00000000097450200000000000000000088
S3150003A1F00000000076020000000000002B8103002F
S3150003A2000C5A00209C8D0300020000000701010187
S3150003A210000000002B4602000000000000000000C2
S3150003A22000000000770200000000000048810300E0
S3150003A230105A0020A08D0300040000000401010150
S3150003A2400000000097450200000000000000000027
S3150003A25000000000FFFFFFFF000000006181030014
S3150003A260145A0020A48D0300040000000401010118
S3150003A27000000000974502000000000000000000F7
S3150003A2800000000079020000000000007381030053
S3150003A290185A0020A88D03000100000001010101E6
S3150003A2A000000000F7450200000000000000000067
S3150003A2B0010000007A020000000000009181030003
S3150003A2C0195A0020A98D0300090000000B010101A2
S3150003A2D0000000003D4502000000000008000000E9
S3150003A2E0080000007B020000000000009E810300BE
S3150003A2F0225A0020B28D0300210000000B01010148
S3150003A300000000003D4502000000000020000000A0
S3150003A310200000007C02000000000000AB81030067
S3150003A320435A0020D38D0300210000000B010101D5
S3150003A330000000003D450200000000002000000070
S3150003A340200000007D02000000000000B881030029
S3150003A350645A0020F48D030001000000010101018D
S3150003A36000000000F74502000000000000000000A6
S3150003A370010000007E02000000000000CE81030001
S3150003A380655A0020F58D030001000000020101015A
S3150003A3900000000027460200000000000000000045
S3150003A3A00F0000007F02000000000000DB810300B5
S3150003A3B0665A0020F68D0300010000000101010129
S3150003A3C000000000F7450200000000000000000046
S3150003A3D0010000008002000000000000EB81030082
S3150003A3E0675A0020F78D03000100000002010101F6
S3150003A3F000000000274602000000000000000000E5
S3150003A4000F0000008102000000000000FC81030031
S3150003A410685A0020F88D03000100000001010101C4
S3150003A42000000000F74502000000000000000000E5
S3150003A43001000000820200000000000015820300F4
S3150003A440695A0020F98D0300010000000201010191
S3150003A4500000000027460200000000000000000084
S3150003A4600F000000830200000000000022820300A8
S3150003A4706A5A0020FA8D0300010000000101010160
S3150003A48000000000F7450200000000000000000085
S3150003A4900100000084020000000000003782030070
S3150003A4A06B5A0020FB8D030001000000020101012D
S3150003A4B00000000027460200000000000000000024
S3150003A4C0FF00000085020000000000004A8203002E
S3150003A4D06C5A0020FC8D03000100000002010101FB
S3150003A4E000000000274602000000000000000000F4
S3150003A4F0FF00000086020000000000005D820300EA
S3150003A5006D5A0020FD8D03000100000002010101C8
S3150003A51000000000274602000000000000000000C3
S3150003A520FF000000870200000000000070820300A5
S3150003A5306E5A0020FE8D0300010000000101010197
S3150003A54000000000F74502000000000000000000C4
S3150003A5500100000088020000000000008B82030057
S3150003A5606F5A0020FF8D0300010000000101010165
S3150003A57000000000F7450200000000000000000094
S3150003A580010000008902000000000000A68203000B
S3150003A590705A0020008E0300010000000101010132
S3150003A5A000000000F7450200000000000000000064
S3150003A5B0010000008A02000000000000C1820300BF
S3150003A5C0725A0020028E03000200000003010101FB
S3150003A5D000000000C7450200000000000000000064
S3150003A5E0000000008B02000000000000D48203007C
S3150003A5F0745A0020048E03000200000003010101C7
S3150003A60000000000C7450200000000000000000033
S3150003A610000000008C02000000000000E782030037
S3150003A620765A0020068E0300020000000301010192
S3150003A63000000000C7450200000000000000000003
S3150003A640000000008D02000000000000FA820300F3
S3150003A650785A0020088E0300010000000101010161
S3150003A66000000000F74502000000000000000000A3
S3150003A670010000008E0200000000000015830300A5
S3150003A680795A0020098E030001000000010101012F
S3150003A69000000000F7450200000000000000000073
S3150003A6A0010000008F020000000000003083030059
S3150003A6B07A5A00200A8E03000100000001010101FD
S3150003A6C000000000F7450200000000000000000043
S3150003A6D00100000090020000000000004B8303000D
S3150003A6E07B5A00200B8E03000100000002010101CA
S3150003A6F000000000274602000000000000000000E2
S3150003A7000700000091020000000000005D830300C3
S3150003A7107C5A00200C8E0300010000000101010198
S3150003A72000000000F74502000000000000000000E2
S3150003A7300100000092020000000000007383030082
S3150003A7407D5A00200D8E0300010000000201010165
S3150003A7500000000027460200000000000000000081
S3150003A7600F00000093020000000000008583030031
S3150003A7707E5A00200E8E0300010000000101010134
S3150003A78000000000F7450200000000000000000082
S3150003A7900100000094020000000000009F830300F4
S3150003A7A0805A0020108E03000400000004010101FA
S3150003A7B000000000974502000000000000000000B2
S3150003A7C0000000009502000000000000B1830300B2
S3150003A7D0845A0020148E03000100000001010101C8
S3150003A7E000000000F7450200000000000000000022
S3150003A7F0010000009602000000000000CB83030066
S3150003A800855A0020158E0300010000000201010194
S3150003A81000000000274602000000000000000000C0
S3150003A8200F0000009702000000000000D983030018
S3150003A830865A0020168E0300010000000101010163
S3150003A84000000000F74502000000000000000000C1
S3150003A850010000009802000000000000EF830300DF
S3150003A860875A0020178E0300010000000201010130
S3150003A8700000000027460200000000000000000060
S3150003A8800F0000009902000000000000018403008D
S3150003A890885A0020188E03000100000001010101FF
S3150003A8A000000000F7450200000000000000000061
S3150003A8B0010000009A020000000000001B84030050
S3150003A8C0895A0020198E03000100000002010101CC
S3150003A8D000000000274602000000000008000000F8
S3150003A8E0240000009B020000000000002B840300EC
S3150003A8F08A5A00201A8E030001000000010101019B
S3150003A90000000000F7450200000000000000000000
S3150003A910010000009C0200000000000041840300C7
S3150003A9208B5A00201B8E0300010000000101010168
S3150003A93000000000F74502000000000000000000D0
S3150003A940010000009D020000000000005784030080
S3150003A9508C5A00201C8E0300010000000101010136
S3150003A96000000000F74502000000000000000000A0
S3150003A970010000009E020000000000007584030031
S3150003A9808D5A00201D8E0300010000000101010104
S3150003A99000000000F7450200000000000000000070
S3150003A9A0010000009F020000000000008D840300E8
S3150003A9B08E5A00201E8E03000100000001010101D2
S3150003A9C000000000F7450200000000000000000040
S3150003A9D001000000A002000000000000AD84030097
S3150003A9E0905A0020208E0300040000000401010198
S3150003A9F00000000097450200000000000000000070
S3150003AA0000000000A102000000000000C284030051
S3150003AA10945A0020248E0300010000000101010165
S3150003AA2000000000F74502000000000000000000DF
S3150003AA3001000000A202000000000000DF84030002
S3150003AA40985A0020288E0300040000000401010127
S3150003AA50000000009745020000000000000000000F
S3150003AA6000000000A302000000000000F2840300BF
S3150003AA709C5A00202C8E03000100000001010101F5
S3150003AA8000000000F745020000000000000000007F
S3150003AA9001000000A4020000000000000D85030071
S3150003AAA09D5A00202D8E03000100000002010101C2
S3150003AAB0000000002746020000000000000000001E
S3150003AAC03F000000BC0200000000000020850300D8
S3150003AAD09E5A00202E8E0300010000000201010190
S3150003AAE000000000274602000000000002000000EC
S3150003AAF040000000BD020000000000003185030095
S3150003AB00A05A0020308E0300020000000301010159
S3150003AB1000000000C745020000000000020000001C
S3150003AB2000010000BE020000000000004385030090
S3150003AB30A25A0020328E0300010000000201010127
S3150003AB4000000000894C0200000000000000000025
S3150003AB5007000000BF02000000000000518503004B
S3150003AB60A35A0020338E03000100000002010101F5
S3150003AB70000000002746020000000000000000005D
S3150003AB800A000000C0020000000000006585030003
S3150003AB90A45A0020348E03000100000002010101C3
S3150003ABA0000000002746020000000000000000002D
S3150003ABB064000000C1020000000000007A85030063
S3150003ABC0A55A0020358E0300010000000201010191
S3150003ABD000000000894C0200000000000000000095
S3150003ABE007000000C2020000000000008F8503007A
S3150003ABF0A65A0020368E030001000000020101015F
S3150003AC0000000000B14C020000000000010000003B
S3150003AC10F2000000C3020000000000009F8503004D
S3150003AC20A75A0020378E0300010000000601010128
S3150003AC3000000000EB4C02000000000000000000D2
S3150003AC4000000000C402000000000000AC85030001
S3150003AC50A85A0020388E03000100000001010101FB
S3150003AC6000000000F745020000000000000000009D
S3150003AC7001000000C502000000000000B8850300C3
S3150003AC80A95A0020398E03000100000002010101C8
S3150003AC90000000001B4D0200000000000000000041
S3150003ACA03F000000C602000000000000CD8503003F
S3150003ACB0AA5A00203A8E0300010000000201010196
S3150003ACC0000000002746020000000000000000000C
S3150003ACD00A000000C702000000000000DD85030033
S3150003ACE0AB5A00203B8E0300210000000B0101013B
S3150003ACF0000000003D4502000000000020000000A7
S3150003AD0020000000C802000000000000E9850300DF
S3150003AD10CC5A00205C8E03000100000002010101F1
S3150003AD2000000000754D0200000000000000000056
S3150003AD300F000000C902000000000000FD850300AB
S3150003AD40CD5A00205D8E03000100000002010101BF
S3150003AD50000000009D4D02000000000000000000FE
S3150003AD6016000000CA02000000000000118603005E
S3150003AD70CE5A00205E8E0300010000000601010189
S3150003AD8000000000C54D020000000000FFFFFFFFAA
S3150003AD9016000000CB02000000000000208603001E
S3150003ADA0CF5A00205F8E030001000000020101015B
S3150003ADB0000000002746020000000000000000001B
S3150003ADC002000000CC020000000000002B860300F6
S3150003ADD0D05A0020608E0300010000000201010129
S3150003ADE000000000274602000000000000000000EB
S3150003ADF005000000CD0200000000000044860300A9
S3150003AE00D45A0020648E03000400000004010101EB
S3150003AE1000000000454E0200000000000000000094
S3150003AE2080AC6E37CE02000000000000628603008D
S3150003AE30D85A0020688E03000100000002010101B8
S3150003AE40000000006D4E020000000000000000003C
S3150003AE500A000000CF020000000000007B8603000A
S3150003AE60DC5A00206C8E030004000000040101017B
S3150003AE7000000000954E02000000000000000000E4
S3150003AE8080AC6E37D00200000000000099860300F4
S3150003AE90E05A0020708E0300010000000201010148
S3150003AEA00000000027460200000000000100000029
S3150003AEB002000000D102000000000000AD8603007E
S3150003AEC0E15A0020718E0300010000000201010116
S3150003AED000000000274602000000000000000000FA
S3150003AEE003000000D202000000000000C686030033
S3150003AEF0E25A0020728E03000100000002010101E4
S3150003AF0000000000274602000000000000000000C9
S3150003AF10FF000000D302000000000000E6860300E5
S3150003AF20E35A0020738E03000100000002010101B1
S3150003AF300000000027460200000000000000000099
S3150003AF40FF000000D402000000000000FB8603009F
S3150003AF50E45A0020748E030001000000020101017F
S3150003AF600000000027460200000000000000000069
S3150003AF70FF000000D5020000000000000C8703005C
S3150003AF80E55A0020758E0300210000000B01010124
S3150003AF90000000003D450200000000002000000004
S3150003AFA020000000D60200000000000018870300FE
S3150003AFB0085B0020988E03000400000004010101D1
S3150003AFC0000000009745020000000000000000009A
S3150003AFD000000000FFFFFFFF0000000030870300B2
S3150003AFE00C5B00209C8E0300040000000401010199
S3150003AFF0000000009745020000000000000000006A
S3150003B00000000000FFFFFFFF000000004887030069
S3150003B010105B0020A08E0300040000000401010160
S3150003B0200000000097450200000000000000000039
S3150003B03000000000FFFFFFFF000000006087030021
S3150003B040145B0020A48E0300040000000401010128
S3150003B0500000000097450200000000000000000009
S3150003B06000000000FFFFFFFF0000000078870300D9
S3150003B070185B0020A88E03000400000004010101F0
S3150003B08000000000974502000000000000000000D9
S3150003B09000000000FFFFFFFF000000009087030091
S3150003B0A01C5B0020AC8E03000400000004010101B8
S3150003B0B000000000974502000000000000000000A9
S3150003B0C000000000FFFFFFFF00000000A887030049
S3150003B0D0205B0020B08E0300040000000401010180
S3150003B0E00000000097450200000000000000000079
S3150003B0F000000000FFFFFFFF00000000C087030001
S3150003B100245B0020B48E0300040000000401010147
S3150003B1100000000097450200000000000000000048
S3150003B12000000000FFFFFFFF00000000D8870300B8
S3150003B130285B0020B88E030004000000040101010F
S3150003B1400000000097450200000000000000000018
S3150003B15000000000FFFFFFFF00000000F087030070
S3150003B1602C5B0020BC8E03000400000004010101D7
S3150003B17000000000974502000000000000000000E8
S3150003B18000000000FFFFFFFF000000000888030027
S3150003B190305B0020C08E030004000000040101019F
S3150003B1A000000000974502000000000000000000B8
S3150003B1B000000000FFFFFFFF0000000021880300DE
S3150003B1C0345B0020C48E0300040000000401010167
S3150003B1D00000000097450200000000000000000088
S3150003B1E000000000FFFFFFFF000000003A88030095
S3150003B1F0385B0020C88E030004000000040101012F
S3150003B2000000000097450200000000000000000057
S3150003B21000000000FFFFFFFF00000000538803004B
S3150003B2203C5B0020CC8E03000400000004010101F6
S3150003B2300000000097450200000000000000000027
S3150003B24000000000FFFFFFFF000000006C88030002
S3150003B250405B0020D08E03000400000004010101BE
S3150003B26000000000974502000000000000000000F7
S3150003B27000000000FFFFFFFF0000000085880300B9
S3150003B280445B0020D48E0300040000000401010186
S3150003B29000000000974502000000000000000000C7
S3150003B2A000000000FFFFFFFF000000009E88030070
S3150003B2B0485B0020D88E0300020000000301010151
S3150003B2C000000000C7450200000000000000000067
S3150003B2D000000000FFFFFFFF00000000D47803001A
S3150003B2E024550020B4880300070000000B0000016A
S3150003B2F0000000003D450200754A020006000000FA
S3150003B300060000000000000000000000DE780300D5
S3150003B3102B550020BB880300170000000B0000011B
S3150003B320000000003D450200B94E02001600000071
S3150003B330160000000300000000000000F37803007D
S3150003B34042550020D28803000100000001000101DC
S3150003B35000000000F7450200994E020000000000BD
S3150003B36001000000FFFFFFFF000000000379030058
S3150003B37043550020D38803000100000002000101A9
S3150003B3800000000027460200000000000000000045
S3150003B390090000002A0000000000000016790300DF
S3150003B3A044550020D4880300040000000400000173
S3150003B3B00000000097450200000000008025000001
S3150003B3C080250000EA030000000000002479030042
S3150003B3D048550020D888030004000000040000013B
S3150003B3E000000000974502000000000040420F00E5
S3150003B3F040420F00EB030000000000003279030017
S3150003B4004C550020DC880300020000000300010104
S3150003B41000000000C7450200000000000000000015
S3150003B42000000000D0070000000000003F79030081
S3150003B4304E550020DE8803000200000003000101D0
S3150003B44000000000C74502000000000000000000E5
S3150003B45000000000D107000000000000537903003C
S3150003B46050550020E088030001000000060001019A
S3150003B470000000005F460200B94A0200EFFFFFFF2B
S3150003B4800F000000D80700000000000064790300E5
S3150003B49051550020E188030001000000020001016C
S3150003B4A00000000027460200000000000000000024
S3150003B4B01F000000E00700000000000057810300A2
S3150003B4C052550020E288030001000000020001013A
S3150003B4D00000000027460200D14A020000000000D7
S3150003B4E004000000B80B0000000000007879030098
S3150003B4F053550020E3880300010000000100010109
S3150003B50000000000F74502000000000000000000F4
S3150003B51001000000B90B00000000000011850300C4
S3150003B52054550020E4880300090000000B000101C4
S3150003B530000000003D450200214B02000800000008
S3150003B54008000000BA0B0000000000008A7903001F
S3150003B5505D550020ED880300170000000B00000175
S3150003B560000000003D450200F94E020016000000EF
S3150003B57016000000BB0B000000000000A6790300C4
S3150003B5807455002004890300010000000200010134
S3150003B5900000000027460200494B0200000000009D
S3150003B5A002000000BC0B000000000000B679030097
S3150003B5B07555002005890300010000000200000103
S3150003B5C00000000027460200000000000000000003
S3150003B5D001000000BD0B000000000000C27903005B
S3150003B5E078550020088903000400000004000101C7
S3150003B5F00000000097450200000000000000000064
S3150003B60000000000BE0B000000000000CF7903001D
S3150003B6107C5500200C89030004000000040001018E
S3150003B6200000000097450200000000000000000033
S3150003B63000000000BF0B000000000000DC790300DF
S3150003B6408055002010890300010000000600010157
S3150003B650000000005F46020000000000000000003A
S3150003B66000000000C00B000000000000E1790300A9
S3150003B6708155002011890300010000000600010125
S3150003B680000000005F46020000000000000000000A
S3150003B69000000000C10B000000000000737C0300E3
S3150003B6A082550020128903000100000002000101F7
S3150003B6B000000000274602007B4B02000500000045
S3150003B6C00C000000C20B0000000000007B83030097
S3150003B6D083550020138903000100000002000101C5
S3150003B6E00000000027460200C94B020000000000CC
S3150003B6F007000000C30B000000000000F7790300F9
S3150003B700845500201489030004000000040001018D
S3150003B7100000000097450200000000000000000042
S3150003B72000000000A00F000000000000117A0300D3
S3150003B7308855002018890300040000000400010155
S3150003B7400000000097450200000000000000000012
S3150003B75000000000A10F000000000000287A03008B
S3150003B7608C5500201C89030004000000040001011D
S3150003B77000000000974502000000000000000000E2
S3150003B78000000000A20F000000000000357A03004D
S3150003B79090550020208903000100000002000101EA
S3150003B7A00000000027460200000000000000000021
S3150003B7B000000000A30F0000000000004E7A030003
S3150003B7C094550020248903000400000004000101AD
S3150003B7D00000000097450200000000000000000082
S3150003B7E000000000A40F0000000000005D7A0300C3
S3150003B7F09855002028890300020000000300010178
S3150003B80000000000C7450200000000000000000021
S3150003B81000000000A50F000000000000777A030077
S3150003B8209A5500202A890300010000000200010145
S3150003B8300000000027460200000000000000000090
S3150003B84000000000A60F000000000000907A03002D
S3150003B8509B5500202B890300090000000B00010102
S3150003B860000000003D450200000000000800000043
S3150003B87008000000A70F0000000000006F81898BFD
S3150003B88087524D31323631002530386C5800979A3D
S3150003B8909CA1A2A3003132372E342E312E383036F6
S3150003B8A00025734F4B25730025734552524F522083
S3150003B8B0252E326425730025734552524F52202597
S3150003B8C02E34582573000A4552524F5220252E32E4
S3150003B8D0640D000A4552524F5220252E34780D002E
S3150003B8E0000002000000000000000000BA0400008F
S3150003B8F0000000000000020000000000000000003D
S3150003B900BA040000000000002E2E2F6C635F636FE5
S3150003B9106D706F6E656E74732F7372632F6C635FD6
S3150003B9206672657175656E63792E630030303030EB
S3150003B930303030310030303030303030303030302D
S3150003B94030303030303030303030303030303030EE
S3150003B950303030303100101900000000001812009A
S3150003B9601100040104025B785D20003F3F3F000A9B
S3150003B97052583A20573A25732C20503A25642C20E6
S3150003B980433A25642C20463A256C75487A2C204484
S3150003B990523A25642C20523A256464426D2C205376
S3150003B9A03A256464422C20004641494C0053454ED7
S3150003B9B0540041434B000A54583A205B25735D2CCF
S3150003B9C020433A25642C20463A256C75487A2C2068
S3150003B9D044523A25640D000A4A4F494E3A205B4FBA
S3150003B9E04B5D0D000A4A4F494E3A205B4F4B5D2C87
S3150003B9F0205B54585D3A20433A25642C20463A2569
S3150003BA006C75487A2C2044523A25642C205B525894
S3150003BA105D3A20573A25732C20433A25642C204659
S3150003BA203A256C75487A2C2044523A25640D000A4F
S3150003BA304A4F494E3A205B4641494C5D2C205B54A4
S3150003BA40585D3A20433A25642C20463A256C7548BE
S3150003BA507A2C2044523A25640D000A54494D453A3E
S3150003BA60205B4641494C5D0D000A54494D453A2039
S3150003BA705B4F4B5D200025593A256D3A25643A25DF
S3150003BA80483A254D3A2553000A434C4153533A202D
S3150003BA905B25735D0D000A52583A205B5032505DA8
S3150003BAA020533A25642C20523A256464426D2C2097
S3150003BAB0533A256464422C20000A414452583A20E2
S3150003BAC0000A414452493A20000A4144524A3A2064
S3150003BAD00044523A257325642C20504F3A2573258A
S3150003BAE0642C204E423A257325642C2043503A2574
S3150003BAF07300253032783A002C20504C3A257325B2
S3150003BB0064000A465553543A20493A25752C204D6C
S3150003BB10433A25752C204E3A25752C20533A257524
S3150003BB202C20433A253032582C20503A25752C20A8
S3150003BB30443A30782530386C580D000A465546523B
S3150003BB40473A20493A25752C204E3A25752C204430
S3150003BB503A000A465555503A20493A25752C205045
S3150003BB603A25750D000A414C4353594E433A205B1F
S3150003BB7053594E435D000A4655464D560D000A4637
S3150003BB8055464D52543A20543A256C750D000A46D3
S3150003BB9055464D52433A20543A256C750D000A46D4
S3150003BBA055464D550D000A4655464D443A20563ADC
S3150003BBB02530386C580D000A5355503A2025303439
S3150003BBC0646D560D000A4352583A20523A25642CA6
S3150003BBD020533A25640D000A4C433A205B4F4B5DD4
S3150003BBE02C204D3A25642C20433A25640D000A4C3B
S3150003BBF0433A205B4641494C5D0D005B215D2000C5
S3150003BC005B5E5D20005B765D2000435F4D43300045
S3150003BC10435F4D433100435F4D433200435F4D4322
S3150003BC2033004200425F4D433000425F4D433100D3
S3150003BC30425F4D433200425F4D433300424541006C
S3150003BC4050325000FBBB030000BC030005BC0300DD
S3150003BC501D7E0300EC7F030047BE03000ABC0300FE
S3150003BC6010BC030016BC03001CBC030022BC03006B
S3150003BC7024BC03002ABC030030BC030036BC03000B
S3150003BC803CBC03006BB9030040BC03000A4F4B0DD9
S3150003BC900041542B57414B450D000A4552524F5212
S3150003BCA020253032640D00004400000044000000EB
S3150003BCB005000000050000004154000000000000DC
S3150003BCC0000000000000000000000000000000006B
S3150003BCD04154264600000000010000003300000026
S3150003BCE0000000000000000000000000000000004B
S3150003BCF00000000041542657000000000000000029
S3150003BD00000000000000000000000000000000002A
S3150003BD10415425530025642C2025640002030000AA
S3150003BD20000000000000000000000000000000000A
S3150003BD30010000005100000041542B414C434F4683
S3150003BD40460000000000000058BD03000300000089
S3150003BD5000000000000000000001020001000000D6
S3150003BD605100000041542B414C434F4E000000004C
S3150003BD700000000084BD0300030000000000000073
S3150003BD800000000000010241542B42415400000010
S3150003BD9001010000A4BD0300030000000000000031
S3150003BDA00000000000010241542B435258000000DA
S3150003BDB00102000000000000000000000000000077
S3150003BDC00000000041542B435458000001010000B9
S3150003BDD0000000000000000000000000000000005A
S3150003BDE041542B44524F500000000000FDBD030098
S3150003BDF003000000FCBD0300010000000100010276
S3150003BE0041542B4455545900010100001CBE030044
S3150003BE1003000000000000000000000000010241D2
S3150003BE20542B4655464D4400010100003CBE030019
S3150003BE3003000000000000000000000000010241B2
S3150003BE40542B4655464D52430000000001010000A5
S3150003BE5060BE0300030000000000000000000000B5
S3150003BE6000010241542B4655464D52540000000032
S3150003BE700101000084BE030003000000000000006F
S3150003BE800000000000010241542B4655464D550063
S3150003BE9001020000A4BE030003000000000000002E
S3150003BEA00000000000010241542B4655464D560042
S3150003BEB002020000C4BE03000300000000000000ED
S3150003BEC00000000000010241542B46555354000064
S3150003BED001010000E4BE03000300000000000000AF
S3150003BEE00000000000010241542B46555550000046
S3150003BEF00404000004BF0300030000000000000068
S3150003BF000000000000010241542B49325200000098
S3150003BF100202000000000000000000000000000014
S3150003BF2000000000010000002F00000041542B49CF
S3150003BF30325700000101000000000000000000006D
S3150003BF40000000000000000041542B4A4F494E00F8
S3150003BF500000000065BF03000300000064BF030088
S3150003BF600100000001000102010000005100000071
S3150003BF7041542B4C494E4B43000000000000000087
S3150003BF8090BF030003000000000000000000000053
S3150003BF9000010200010000002F00000041542B4D58
S3150003BFA04347410004040000B8BF03000200000039
S3150003BFB00000000000000000010200000100000074
S3150003BFC02100000041542B4D434745000101000069
S3150003BFD0E0BF0300020000000000000000000000B4
S3150003BFE001020A25642C256C75000000010000007F
S3150003BFF02100000041542B4D43474C000101000032
S3150003C00010C0030002000000000000000000000052
S3150003C01001020000010000002100000041542B4DE5
S3150003C020434752000101000038C00300020000002C
S3150003C0300000000000000000010241542B4D43475D
S3150003C040530000000304000058C003000200000070
S3150003C0500000000000000000010241542B50325042
S3150003C060450000000000000078C003000100000046
S3150003C07000000000000000000341542B50325053CF
S3150003C080000000000000000098C00300010000004B
S3150003C0900000000000000000030000000100000093
S3150003C0A02100000041542B5032505400020200007C
S3150003C0B0C0C00300010000000000000000000000F3
S3150003C0C003000000010000002100000041542B532F
S3150003C0D0454E440001010000E8C0030003000000D0
S3150003C0E0000000000000000000010241542B5349E8
S3150003C0F04F4300000303000000000000000000009F
S3150003C10000000000000000000A256C640D0000001A
S3150003C110010000002F00000041542B53494F5200E9
S3150003C1200101000000000000000000000000000004
S3150003C13000000000010000002F00000041542B53B3
S3150003C140494F5700020200000000000000000000F3
S3150003C1500000000000000000010000000E000000C7
S3150003C16041542B534C45455000000000000000008D
S3150003C17000000000000000000000000000000000B6
S3150003C18041542B53505200000203000000000000EC
S3150003C19000000000000000000000000041542B5383
S3150003C1A050570000020200000000000000000000DB
S3150003C1B0000000000000000041542B53555043007B
S3150003C1C000000000D4C103000300000000000000CB
S3150003C1D0000000000001020A253034646D560D008C
S3150003C1E041542B535550490000000000FCC1030085
S3150003C1F003000000000000000000000000010241EF
S3150003C200542B535550530000000000001CC203007A
S3150003C2100300000000000000000000000001020A05
S3150003C22025303364430D0041542B54454D500000D3
S3150003C23000000000000000000000000000000000F5
S3150003C2400000000041542B54494D450000000000F6
S3150003C25060C20300030000000000000000000000AD
S3150003C26000010241542B57414B45000A57414B45A8
S3150003C2700D000000000000000000000000000000A8
S3150003C2800000000000000000415449000A25730D18
S3150003C2900000000000010000000000000000000094
S3150003C2A0000000000000000041545300256C642E7A
S3150003C2B02E256C640000000002030000000000004D
S3150003C2C000000000000000000000000041545A0076
S3150003C2D00000000000000000000000000000000055
S3150003C2E0000000002E2E2F6C635F636F6D706F6E00
S3150003C2F0656E74732F7372632F736C5F696F7374D8
S3150003C3007265616D5F696E69745F65757361727479
S3150003C3105F696E7374616E6365732E63000000005C
S3150003C320050000000000000000C20100000200003A
S3150003C33000100000000000000000000000000000E4
S3150003C3400000035A03010000380000000200000049
S3150003C35007000000010000000300000001000000C8
S3150003C3600400000001000000020000003E3F000040
S3150003C370F4780020200000000000000000000030D8
S3150003C3803132333435363738394142434445460032
S3150003C390F100000101F200000101F103000101F5C2
S3150003C3A000000101F303000101F700000101F80099
S3150003C3B0000101F900000101F802000101F9020080
S3150003C3C00101FA02000101FC01000101FD01000166
S3150003C3D001FE01000101FF0100010101000001014D
S3150003C3E0010100010102010001010500000101062E
S3150003C3F00000010107000001010800000101080116
S3150003C40000010109010001010C000001010D0000FA
S3150003C41001010D010001010E010001010E020001DF
S3150003C420010C050001010E030001010E04000101C8
S3150003C4300E050001010200000300010000000500D3
S3150003C4406D63755F70616E69633A25730A002D3EED
S3150003C450200025733A256C752000736D74635F6D38
S3150003C4606F64656D5F68616C5F636F6E7465787426
S3150003C4705F73746F726500736D74635F6D6F64656C
S3150003C4806D5F68616C5F636F6E746578745F726508
S3150003C49073746F726500010202030000000020201E
S3150003C4A0202020202020202828282828202020205B
S3150003C4B0202020202020202020202020202088101B
S3150003C4C0101010101010101010101010101004047B
S3150003C4D00404040404040404101010101010104182
S3150003C4E041414141410101010101010101010101F3
S3150003C4F00101010101010101011010101010104288
S3150003C50042424242420202020202020202020202C2
S3150003C51002020202020202020210101010200000A0
S3150003C5200000000000000000000000000000000002
S3150003C53000000000000000000000000000000000F2
S3150003C54000000000000000000000000000000000E2
S3150003C55000000000000000000000000000000000D2
S3150003C56000000000000000000000000000000000C2
S3150003C57000000000000000000000000000000000B2
S3150003C58000000000000000000000000000000000A2
S3150003C59000000000000000000000000000005245FB
S3150003C5A0454E54206D616C6C6F63207375636365D0
S3150003C5B065646564002F6D6E742F776F726B73708D
S3150003C5C06163652F776F726B73706163652F474382
S3150003C5D0432D31302D706970656C696E652F6A6500
S3150003C5E06E6B696E732D4743432D31302D70697021
S3150003C5F0656C696E652D3333385F323032313130D5
S3150003C60031385F313633343531363230332F737246
S3150003C610632F6E65776C69622F6E65776C69622F1F
S3150003C6206C6962632F74696D652F676D74696D65D7
S3150003C6302E630000981100202F6D6E742F776F7292
S3150003C6406B73706163652F776F726B73706163656C
S3150003C6502F4743432D31302D706970656C696E65C4
S3150003C6602F6A656E6B696E732D4743432D31302DEB
S3150003C670706970656C696E652D3333385F3230329D
S3150003C68031313031385F3136333435313632303348
S3150003C6902F7372632F6E65776C69622F6E65776C85
S3150003C6A069622F6C6962632F7374646C69622F729B
S3150003C6B0616E642E63002573252E2A640025732577
S3150003C6C0302E2A64002B0025326400252E32642F77
S3150003C6D0252E32642F252E326400592D256D2D25E6
S3150003C6E064002E2A7500252E336400256C6C6400C5
S3150003C6F0252E32643A252E32643A252E32640025DD
S3150003C7002B30336C64252E326C64004A616E00460E
S3150003C7106562004D617200417072004D6179004A95
S3150003C720756E004A756C0041756700536570004F5E
S3150003C7306374004E6F7600446563004A616E7561EB
S3150003C7407279004665627275617279004D61726332
S3150003C7506800417072696C004A756E65004A756CB3
S3150003C76079004175677573740053657074656D62FE
S3150003C7706572004F63746F626572004E6F76656D06
S3150003C78062657200446563656D6265720053756E1A
S3150003C790004D6F6E005475650057656400546875E7
S3150003C7A000467269005361740053756E64617900C3
S3150003C7B04D6F6E64617900547565736461790057D2
S3150003C7C065646E6573646179005468757273646138
S3150003C7D079004672696461790053617475726461A4
S3150003C7E07900256D2F25642F257900256120256283
S3150003C7F02025652025483A254D3A255320255900FD
S3150003C800414D00504D0025612025622025652025D8
S3150003C810483A254D3A255320255A202559006D645B
S3150003C8200025493A254D3A2553202570000000007E
S3150003C8300BC703000FC7030013C7030017C7030083
S3150003C8401BC703001FC7030023C7030027C7030033
S3150003C8502BC703002FC7030033C7030037C70300E3
S3150003C8603BC7030043C703004CC7030052C703007B
S3150003C8701BC7030058C703005DC7030062C7030055
S3150003C88069C7030073C703007BC7030084C703009C
S3150003C8908DC7030091C7030095C7030099C703001B
S3150003C8A09DC70300A1C70300A5C70300A9C70300CB
S3150003C8B0B0C70300B7C70300BFC70300C9C7030058
S3150003C8C0D2C70300D9C703007FBA0300E2C7030038
S3150003C8D0EBC7030000C8030003C8030006C8030030
S3150003C8E03BC7030043C703004CC7030052C70300FB
S3150003C8F01BC7030058C703005DC7030062C70300D5
S3150003C90069C7030073C703007BC7030084C703001B
S3150003C9101EC8030021C80300922E0300922E0300B3
S3150003C920922E0300922E0300922E0300474D5400CD
S3150003C9302531305B5E302D392C2B2D5D256E004D58
S3150003C940256875256E2E256875256E2E2568752531
S3150003C9506E002F256875256E3A256875256E3A256E
S3150003C9606875256E002C2066756E6374696F6E3A62
S3150003C9702000617373657274696F6E2022257322BA
S3150003C980206661696C65643A2066696C65202225B8
S3150003C99073222C206C696E65202564257325730A22
S3150003C9A0000000000000000000000000000000007E
S3150003C9B0000000000000000000000000000000006E
S3150003C9C0000000000000000000000000000000005E
S3150003C9D0000000000000000000000000000000004E
S3150003C9E0000000000000000000000000000000003E
S3150003C9F0000000000000000000000000000000002E
S3150003CA0000000000232D302B2000686C4C00656667
S3150003CA106745464700303132333435363738394186
S3150003CA20424344454600303132333435363738399C
S3150003CA3061626364656600001F0000001C0000005D
S3150003CA401F0000001E0000001F0000001E00000063
S3150003CA501F0000001F0000001E0000001F00000052
S3150003CA601E0000001F0000001F0000001D00000044
S3150003CA701F0000001E0000001F0000001E00000033
S3150003CA801F0000001F0000001E0000001F00000022
S3150003CA901E0000001F0000002B2D003030007858C8
S3150003CAA000412D46612D66383930313233343536FF
S3150003CAB0375D000098CA03009BCA03009ECA0300A1
S3150003CAC0457E020005A202003DA30200D9A602008C
S3150003CAD0657F0200A17E0200057F0200A18202009B
S3150003CAE031830200C183020051840200E5850200FE
S3150003CAF0E18602005987020011880200B18802000C
S3150003CB0035890200B9890200818A0200358B020049
S3150003CB10C58B0200D98C0200098E0200C98E020061
S3150003CB20418F0200DD8F02007D91020055920200C3
S3150003CB303593020001940200A595020011960200A6
S3150003CB407D960200F597020049990200859A020034
S3150003CB50599B0200459C0200BD9C02001D9E0200DB
S3150003CB600D9F0200819F020025A0020099A00200EA
S3150003CB7015A1020095A102000896FC7F01000000A2
S3150003CB808CCB0300000F00206201000001000000AF
S3150003CB9000000000FD990000000000006D6F010019
S3150003CBA0000000007971010000000000B58100005B
S3150003CBB000000000FD8B00000000000085A90000B6
S3150003CBC000000000D987000000000000159F000048
S3150003CBD000000000097D0000C01200001F000000D5
S3150003CBE0A816000017000000841C00000F000000B8
S3150003CBF0E42500001E000000B42D0000160000000E
S3150003CC00083900000E0000002C4C00001D00000037
S3150003CC10685B000015000000747200000D00000040
S3150003CC20589800001C00000034B7000014000000F0
S3150003CC30E8E400000C000000783101001B0000004E
S3150003CC40686E01001300000034CA01000B000000E7
S3150003CC50286202001A00000040DB020012000000F6
S3150003CC603C9303000A000000C0C204001900000040
S3150003CC7060B305001100000038200700090000001A
S3150003CC8000000000F9CE010029CF01002DCF0100DD
S3150003CC90B7CF0100BBCF0100C7CF0100D5CF01003D
S3150003CCA0D9CF0100F1CF010025D0010029D0010021
S3150003CCB03DD0010041D0010045D001005BD0010009
S3150003CCC071D0010087D001008BD0010013D1010080
S3150003CCD037D101009BD4010039D50100C1D401002D
S3150003CCE04FD501006BD101006FD101007DD1010049
S3150003CCF0C3D5010067D60100FDD6010039D701006F
S3150003CD000FD80100A3D10100B1D10100B5D10100B3
S3150003CD10B9D1010021D2010043D2010047D201005B
S3150003CD2059D7010089D601004BD201004FD2010029
S3150003CD3053D2010057D201005BD2010075D2010024
S3150003CD4079D2010049D8010063D8010093D80100C4
S3150003CD50B1D80100CFD80100EFD801000BD90100EB
S3150003CD609FD701007DD201001DD3010055D30100D9
S3150003CD7089D301008DD3010091D3010095D301001E
S3150003CD802BD90100B1D9010013DA010017DA01002A
S3150003CD90008182800184858302878886038A8B8942
S3150003CDA001041F00C0EA2101C0EA210100F0490283
S3150003CDB000800000FFFFFFFF107C002020530020AF
S3150003CDC0381100200040070000A00000DC4C0020C2
S3150003CDD0C8000000FE0000000000000010720300FF
S3150003CDE0FFFF0000A0000000D328020001FF01009E
S3150003CDF0147900201479002000000650000000007A
S3150003CE000408000040420F00080000000000000074
S3150003CE100001000100000000387900200100000035
S3150003CE209811002000000000C4C90300E4C90300F0
S3150003CE30A4C9030000000000000000000000000079
S3150003CE4000000000000000000000000000000000D9
S3150003CE5000000000000000000000000000000000C9
S3150003CE6000000000000000000000000000000000B9
S3150003CE7000000000000000000000000000000000A9
S3150003CE80000000002CC903002CC9030001000000A8
S3150003CE90000000004A00000000000000000000003F
S3150003CEA00000000000000000000000000000000079
S3150003CEB00000000000000000000000004A0000001F
S3150003CEC00000000000000000000000000000000059
S3150003CED00000000000000000000000000000000049
S3150003CEE000000000147B002082B030BF074BD3F84C
S3150003CEF0F030DB0704D500230193019B052B01DDED
S3150003CF0002B07047019B0133F6E700BF00ED00E076
S3150003CF10F0B5114A114C124E00F00105E3695F07A3
S3150003CF2013D40DB9334213D103EA00078F4207D155
S3150003CF300B4A1A40002A14BF6FF001000020F0BD0F
S3150003CF40013AEBD16FF00200F9E74FF0FF30F6E755
S3150003CF506FF00100F3E700BF8096980000000350CE
S3150003CF60020001000B4B70B5D96911F480310DD164
S3150003CF7001244FF48072084E084DF46020462C6459
S3150003CF801A61FFF7C5FF3464EC6070BD6FF00100F2
S3150003CF90FBE700BF000003500010035000200350BE
S3150003CFA0C0F30C0370B5054623B14FF4FE71114867
S3150003CFB000F0A4F84FF400320F4B104C9A6641F67A
S3150003CFC071330122E669E3630D4B0021DA60022324
S3150003CFD065612120236106F48036FFF799FF10B9B6
S3150003CFE02120FFF795FF0122064BDA600EB10023DD
S3150003CFF0E36370BDE4740300009000500000035027
S3150003D000001003500020035070B5134C6061E369B0
S3150003D0105B071ED40E4656F8043B8D18A361AE4239
S3150003D0200BD10423002121202361FFF771FF58B997
S3150003D030BDE870402120FFF76BBF08210846FFF7C4
S3150003D04067FF10B10423236170BD56F8043BA36147
S3150003D050E5E74FF0FF30F7E7000003502DE9F8430B
S3150003D060154682070F46064604D04FF412711E4832
S3150003D07000F044F8AB0704D040F24A211A4800F006
S3150003D0803DF84FF40032194BDFF868909A6603F5C2
S3150003D0901C33DA6902F4803841F67132DA6301220D
S3150003D0A003F58053DA6065B928460122104BDA602E
S3150003D0B0B8F1000F03D00022A3F50053DA63BDE8ED
S3150003D0C0F88306F5005404EA0904A41BAC4228BFFE
S3150003D0D02C46394622463046FFF796FF0028E4D110
S3150003D0E0264427442D1BDEE7E4740300009000501A
S3150003D0F00020035000E0FFFF0000000001B40248D7
S3150003D100844601BC604700BFFFE101006561000082
S3090003D1104161000070
S3150007E000FFFFFFFFFFFFFFFFFFFFFFFFFFFFFFFF13
S3150007E010FFFFFFFFFFFFFFFFFFFFFFFFFFFFFFFF03
S3150007E020FFFFFFFFFFFFFFFFFFFFFFFFFFFFFFFFF3
S3150007E030FFFFFFFFFFFFFFFFFFFFFFFFFFFFFFFFE3
S3150007E040FFFFFFFFFFFFFFFFFFFFFFFFFFFFFFFFD3
S3150007E050FFFFFFFFFFFFFFFFFFFFFFFFFFFFFFFFC3
S3150007E060FFFFFFFFFFFFFFFFFFFFFFFFFFFFFFFFB3
S3150007E070FFFFFFFFFFFFFFFFFFFFFFFFFFFFFFFFA3
S3150007E080FFFFFFFFFFFFFFFFFFFFFFFFFFFFFFFF93
S3150007E090FFFFFFFFFFFFFFFFFFFFFFFFFFFFFFFF83
S3150007E0A0FFFFFFFFFFFFFFFFFFFFFFFFFFFFFFFF73
S3150007E0B0FFFFFFFFFFFFFFFFFFFFFFFFFFFFFFFF63
S3150007E0C0FFFFFFFFFFFFFFFFFFFFFFFFFFFFFFFF53
S3150007E0D0FFFFFFFFFFFFFFFFFFFFFFFFFFFFFFFF43
S3150007E0E0FFFFFFFFFFFFFFFFFFFFFFFFFFFFFFFF33
S3150007E0F0FFFFFFFFFFFFFFFFFFFFFFFFFFFFFFFF23
S3150007E100FFFFFFFFFFFFFFFFFFFFFFFFFFFFFFFF12
S3150007E110FFFFFFFFFFFFFFFFFFFFFFFFFFFFFFFF02
S3150007E120FFFFFFFFFFFFFFFFFFFFFFFFFFFFFFFFF2
S3150007E130FFFFFFFFFFFFFFFFFFFFFFFFFFFFFFFFE2
S3150007E140FFFFFFFFFFFFFFFFFFFFFFFFFFFFFFFFD2
S3150007E150FFFFFFFFFFFFFFFFFFFFFFFFFFFFFFFFC2
S3150007E160FFFFFFFFFFFFFFFFFFFFFFFFFFFFFFFFB2
S3150007E170FFFFFFFFFFFFFFFFFFFFFFFFFFFFFFFFA2
S3150007E180FFFFFFFFFFFFFFFFFFFFFFFFFFFFFFFF92
S3150007E190FFFFFFFFFFFFFFFFFFFFFFFFFFFFFFFF82
S3150007E1A0FFFFFFFFFFFFFFFFFFFFFFFFFFFFFFFF72
S3150007E1B0FFFFFFFFFFFFFFFFFFFFFFFFFFFFFFFF62
S3150007E1C0FFFFFFFFFFFFFFFFFFFFFFFFFFFFFFFF52
S3150007E1D0FFFFFFFFFFFFFFFFFFFFFFFFFFFFFFFF42
S3150007E1E0FFFFFFFFFFFFFFFFFFFFFFFFFFFFFFFF32
S3150007E1F0FFFFFFFFFFFFFFFFFFFFFFFFFFFFFFFF22
S3150007E200FFFFFFFFFFFFFFFFFFFFFFFFFFFFFFFF11
S3150007E210FFFFFFFFFFFFFFFFFFFFFFFFFFFFFFFF01
S3150007E220FFFFFFFFFFFFFFFFFFFFFFFFFFFFFFFFF1
S3150007E230FFFFFFFFFFFFFFFFFFFFFFFFFFFFFFFFE1
S3150007E240FFFFFFFFFFFFFFFFFFFFFFFFFFFFFFFFD1
S3150007E250FFFFFFFFFFFFFFFFFFFFFFFFFFFFFFFFC1
S3150007E260FFFFFFFFFFFFFFFFFFFFFFFFFFFFFFFFB1
S3150007E270FFFFFFFFFFFFFFFFFFFFFFFFFFFFFFFFA1
S3150007E280FFFFFFFFFFFF3D2CC496C101D2CF8F7F53
S3150007E290E717115C65B5FFFFFFFFFFFFFFFFFFFFF6
S3150007E2A0FFFFFFFFFFFFFFFFFFFFFFFFFFFFFFFF71
S3150007E2B0FFFFFFFFFFFFFFFFFFFFFFFFFFFFFFFF61
S3150007E2C0FFFFFFFFFFFFFFFFFFFFFFFFFFFFFFFF51
S3150007E2D0FFFFFFFFFFFFFFFFFFFFFFFFFFFFFFFF41
S3150007E2E0FFFFFFFFFFFFFFFFFFFFFFFFFFFFFFFF31
S3150007E2F0FFFFFFFFFFFFFFFFFFFFFFFFFFFFFFFF21
S3150007E300FFFFFFFFFFFFFFFFFFFFFFFFFFFFFFFF10
S3150007E310FFFFFFFFFFFFFFFFFFFFFFFFFFFFFFFF00
S3150007E320FFFFFFFFFFFFFFFFFFFFFFFFFFFFFFFFF0
S3150007E330FFFFFFFFFFFFFFFFFFFFFFFFFFFFFFFFE0
S3150007E340FFFFFFFFFFFFFFFFFFFFFFFF272907561F
S3150007E350C3835D72F6635D2B4C15C497786EFFA079
S3150007E360628861895C0007558818C2E21ACC4E306C
S3150007E370A29CCE9242E2C713E52B4B57BE0B0288EF
S3150007E380FAE9FB9272DA4EC8452EDB63FFFFFFFF01
S3150007E390FFFFFFFFFFFFFFFFFFFFFFFFFFFFFFFF80
S3150007E3A0FFFFFFFFFFFFFFFFFFFFFFFFFFFFFFFF70
S3150007E3B0FFFFFFFFFFFFFFFFFFFFFFFFFFFFFFFF60
S3150007E3C0FFFFFFFFFFFFFFFFFFFFFFFFFFFFFFFF50
S3150007E3D0FFFFFFFFFFFFFFFFFFFFFFFFFFFFFFFF40
S3150007E3E0FFFFFFFFFFFFFFFFFFFFFFFFFFFFFFFF30
S3150007E3F0FFFFFFFFFFFFFFFFFFFFFFFFFFFFFFFF20
S3150007E400FFFFFFFFFFFFFFFFFFFFFFFFFFFFFFFF0F
S3150007E410FFFFFFFFFFFFFFFFFFFFFFFFFFFFFFFFFF
S3150007E420FFFFFFFFFFFFFFFFFFFFFFFFFFFFFFFFEF
S3150007E430FFFFFFFFFFFFFFFFFFFFFFFFFFFFFFFFDF
S3150007E440FFFFFFFFFFFFFFFFFFFFFFFFFFFFFFFFCF
S3150007E450FFFFFFFFFFFFFFFFFFFFFFFFFFFFFFFFBF
S3150007E460FFFFFFFFFFFFFFFFFFFFFFFFFFFFFFFFAF
S3150007E470FFFFFFFFFFFFFFFFFFFFFFFFFFFFFFFF9F
S3150007E480FFFFFFFFFFFFFFFFFFFFFFFFFFFFFFFF8F
S3150007E490FFFFFFFFFFFFFFFFFFFFFFFFFFFFFFFF7F
S3150007E4A0FFFFFFFFFFFFFFFFFFFFFFFFFFFFFFFF6F
S3150007E4B0FFFFFFFFFFFFFFFFFFFFFFFFFFFFFFFF5F
S3150007E4C0FFFFFFFFFFFFFFFFFFFFFFFFFFFFFFFF4F
S3150007E4D0FFFFFFFFFFFFFFFFFFFFFFFFFFFFFFFF3F
S3150007E4E0FFFFFFFFFFFFFFFFFFFFFFFFFFFFFFFF2F
S3150007E4F0FFFFFFFFFFFFFFFFFFFFFFFFFFFFFFFF1F
S3150007E500FFFFFFFFFFFFFFFFFFFFFFFFFFFFFFFF0E
S3150007E510FFFFFFFFFFFFFFFFFFFFFFFFFFFFFFFFFE
S3150007E520FFFFFFFFFFFFFFFFFFFFFFFFFFFFFFFFEE
S3150007E530FFFFFFFFFFFFFFFFFFFFFFFFFFFFFFFFDE
S3150007E540FFFFFFFFFFFFFFFFFFFFFFFFFFFFFFFFCE
S3150007E550FFFFFFFFFFFFFFFFFFFFFFFFFFFFFFFFBE
S3150007E560FFFFFFFFFFFFFFFFFFFFFFFFFFFFFFFFAE
S3150007E570FFFFFFFFFFFFFFFFFFFFFFFFFFFFFFFF9E
S3150007E580FFFFFFFFFFFFFFFFFFFFFFFFFFFFFFFF8E
S3150007E590FFFFFFFFFFFFFFFFFFFFFFFFFFFFFFFF7E
S3150007E5A0FFFFFFFFFFFFFFFFFFFFFFFFFFFFFFFF6E
S3150007E5B0FFFFFFFFFFFFFFFFFFFFFFFFFFFFFFFF5E
S3150007E5C0FFFFFFFFFFFFFFFFFFFFFFFFFFFFFFFF4E
S3150007E5D0FFFFFFFFFFFFFFFFFFFFFFFFFFFFFFFF3E
S3150007E5E0FFFFFFFFFFFFFFFFFFFFFFFFFFFFFFFF2E
S3150007E5F0FFFFFFFFFFFFFFFFFFFFFFFFFFFFFFFF1E
S3150007E600FFFFFFFFFFFFFFFFFFFFFFFFFFFFFFFF0D
S3150007E610FFFFFFFFFFFFFFFFFFFFFFFFFFFFFFFFFD
S3150007E620FFFFFFFFFFFFFFFFFFFFFFFFFFFFFFFFED
S3150007E630FFFFFFFFFFFFFFFFFFFFFFFFFFFFFFFFDD
S3150007E640FFFFFFFFFFFFFFFFFFFFFFFFFFFFFFFFCD
S3150007E650FFFFFFFFFFFFFFFFFFFFFFFFFFFFFFFFBD
S3150007E660FFFFFFFFFFFFFFFFFFFFFFFFFFFFFFFFAD
S3150007E670FFFFFFFFFFFFFFFFFFFFFFFFFFFFFFFF9D
S3150007E680FFFFFFFFFFFFFFFFFFFFFFFFFFFFFFFF8D
S3150007E690FFFFFFFFFFFFFFFFFFFFFFFFFFFFFFFF7D
S3150007E6A0FFFFFFFFFFFFFFFFFFFFFFFFFFFFFFFF6D
S3150007E6B0FFFFFFFFFFFFFFFFFFFFFFFFFFFFFFFF5D
S3150007E6C0FFFFFFFFFFFFFFFFFFFFFFFFFFFFFFFF4D
S3150007E6D0FFFFFFFFFFFFFFFFFFFFFFFFFFFFFFFF3D
S3150007E6E0FFFFFFFFFFFFFFFFFFFFFFFFFFFFFFFF2D
S3150007E6F0FFFFFFFFFFFFFFFFFFFFFFFFFFFFFFFF1D
S3150007E700FFFFFFFFFFFFFFFFFFFFFFFFFFFFFFFF0C
S3150007E710FFFFFFFFFFFFFFFFFFFFFFFFFFFFFFFFFC
S3150007E720FFFFFFFFFFFFFFFFFFFFFFFFFFFFFFFFEC
S3150007E730FFFFFFFFFFFFFFFFFFFFFFFFFFFFFFFFDC
S3150007E740FFFFFFFFFFFFFFFFFFFFFFFFFFFFFFFFCC
S3150007E750FFFFFFFFFFFFFFFFFFFFFFFFFFFFFFFFBC
S3150007E760FFFFFFFFFFFFFFFFFFFFFFFFFFFFFFFFAC
S3150007E770FFFFFFFFFFFFFFFFFFFFFFFFFFFFFFFF9C
S3150007E780FFFFFFFFFFFFFFFFFFFFFFFFFFFFFFFF8C
S3150007E790FFFFFFFFFFFFFFFFFFFFFFFFFFFFFFFF7C
S3150007E7A0FFFFFFFFFFFFFFFFFFFFFFFFFFFFFFFF6C
S3150007E7B0FFFFFFFFFFFFFFFFFFFFFFFFFFFFFFFF5C
S3150007E7C0FFFFFFFFFFFFFFFFFFFFFFFFFFFFFFFF4C
S3150007E7D0FFFFFFFFFFFFFFFFFFFFFFFFFFFFFFFF3C
S3150007E7E0FFFFFFFFFFFFFFFFFFFFFFFFFFFFFFFF2C
S3150007E7F0FFFFFFFFFFFFFFFFFFFFFFFFFFFFFFFF1C
S3150007E800FFFFFFFFFFFFFFFFFFFFFFFFFFFFFFFF0B
S3150007E810FFFFFFFFFFFFFFFFFFFFFFFFFFFFFFFFFB
S3150007E820FFFFFFFFFFFFFFFFFFFFFFFFFFFFFFFFEB
S3150007E830FFFFFFFFFFFFFFFFFFFFFFFFFFFFFFFFDB
S3150007E840FFFFFFFFFFFFFFFFFFFFFFFFFFFFFFFFCB
S3150007E850FFFFFFFFFFFFFFFFFFFFFFFFFFFFFFFFBB
S3150007E860FFFFFFFFFFFFFFFFFFFFFFFFFFFFFFFFAB
S3150007E870FFFFFFFFFFFFFFFFFFFFFFFFFFFFFFFF9B
S3150007E880FFFFFFFFFFFFFFFFFFFFFFFFFFFFFFFF8B
S3150007E890FFFFFFFFFFFFFFFFFFFFFFFFFFFFFFFF7B
S3150007E8A0FFFFFFFFFFFFFFFFFFFFFFFFFFFFFFFF6B
S3150007E8B0FFFFFFFFFFFFFFFFFFFFFFFFFFFFFFFF5B
S3150007E8C0FFFFFFFFFFFFFFFFFFFFFFFFFFFFFFFF4B
S3150007E8D0FFFFFFFFFFFFFFFFFFFFFFFFFFFFFFFF3B
S3150007E8E0FFFFFFFFFFFFFFFFFFFFFFFFFFFFFFFF2B
S3150007E8F0FFFFFFFFFFFFFFFFFFFFFFFFFFFFFFFF1B
S3150007E900FFFFFFFFFFFFFFFFFFFFFFFFFFFFFFFF0A
S3150007E910FFFFFFFFFFFFFFFFFFFFFFFFFFFFFFFFFA
S3150007E920FFFFFFFFFFFFFFFFFFFFFFFFFFFFFFFFEA
S3150007E930FFFFFFFFFFFFFFFFFFFFFFFFFFFFFFFFDA
S3150007E940FFFFFFFFFFFFFFFFFFFFFFFFFFFFFFFFCA
S3150007E950FFFFFFFFFFFFFFFFFFFFFFFFFFFFFFFFBA
S3150007E960FFFFFFFFFFFFFFFFFFFFFFFFFFFFFFFFAA
S3150007E970FFFFFFFFFFFFFFFFFFFFFFFFFFFFFFFF9A
S3150007E980FFFFFFFFFFFFFFFFFFFFFFFFFFFFFFFF8A
S3150007E990FFFFFFFFFFFFFFFFFFFFFFFFFFFFFFFF7A
S3150007E9A0FFFFFFFFFFFFFFFFFFFFFFFFFFFFFFFF6A
S3150007E9B0FFFFFFFFFFFFFFFFFFFFFFFFFFFFFFFF5A
S3150007E9C0FFFFFFFFFFFFFFFFFFFFFFFFFFFFFFFF4A
S3150007E9D0FFFFFFFFFFFFFFFFFFFFFFFFFFFFFFFF3A
S3150007E9E0FFFFFFFFFFFFFFFFFFFFFFFFFFFFFFFF2A
S3150007E9F0FFFFFFFFFFFFFFFFFFFFFFFFFFFFFFFF1A
S3150007EA00FFFFFFFFFFFFFFFFFFFFFFFFFFFFFFFF09
S3150007EA10FFFFFFFFFFFFFFFFFFFFFFFFFFFFFFFFF9
S3150007EA20FFFFFFFFFFFFFFFFFFFFFFFFFFFFFFFFE9
S3150007EA30FFFFFFFFFFFFFFFFFFFFFFFFFFFFFFFFD9
S3150007EA40FFFFFFFFFFFFFFFFFFFFFFFFFFFFFFFFC9
S3150007EA50FFFFFFFFFFFFFFFFFFFFFFFFFFFFFFFFB9
S3150007EA60FFFFFFFFFFFFFFFFFFFFFFFFFFFFFFFFA9
S3150007EA70FFFFFFFFFFFFFFFFFFFFFFFFFFFFFFFF99
S3150007EA80FFFFFFFFFFFFFFFFFFFFFFFFFFFFFFFF89
S3150007EA90FFFFFFFFFFFFFFFFFFFFFFFFFFFFFFFF79
S3150007EAA0FFFFFFFFFFFFFFFFFFFFFFFFFFFFFFFF69
S3150007EAB0FFFFFFFFFFFFFFFFFFFFFFFFFFFFFFFF59
S3150007EAC0FFFFFFFFFFFFFFFFFFFFFFFFFFFFFFFF49
S3150007EAD0FFFFFFFFFFFFFFFFFFFFFFFFFFFFFFFF39
S3150007EAE0FFFFFFFFFFFFFFFFFFFFFFFFFFFFFFFF29
S3150007EAF0FFFFFFFFFFFFFFFFFFFFFFFFFFFFFFFF19
S3150007EB00FFFFFFFFFFFFFFFFFFFFFFFFFFFFFFFF08
S3150007EB10FFFFFFFFFFFFFFFFFFFFFFFFFFFFFFFFF8
S3150007EB20FFFFFFFFFFFFFFFFFFFFFFFFFFFFFFFFE8
S3150007EB30FFFFFFFFFFFFFFFFFFFFFFFFFFFFFFFFD8
S3150007EB40FFFFFFFFFFFFFFFFFFFFFFFFFFFFFFFFC8
S3150007EB50FFFFFFFFFFFFFFFFFFFFFFFFFFFFFFFFB8
S3150007EB60FFFFFFFFFFFFFFFFFFFFFFFFFFFFFFFFA8
S3150007EB70FFFFFFFFFFFFFFFFFFFFFFFFFFFFFFFF98
S3150007EB80FFFFFFFFFFFFFFFFFFFFFFFFFFFFFFFF88
S3150007EB90FFFFFFFFFFFFFFFFFFFFFFFFFFFFFFFF78
S3150007EBA0FFFFFFFFFFFFFFFFFFFFFFFFFFFFFFFF68
S3150007EBB0FFFFFFFFFFFFFFFFFFFFFFFFFFFFFFFF58
S3150007EBC0FFFFFFFFFFFFFFFFFFFFFFFFFFFFFFFF48
S3150007EBD0FFFFFFFFFFFFFFFFFFFFFFFFFFFFFFFF38
S3150007EBE0FFFFFFFFFFFFFFFFFFFFFFFFFFFFFFFF28
S3150007EBF0FFFFFFFFFFFFFFFFFFFFFFFFFFFFFFFF18
S3150007EC00FFFFFFFFFFFFFFFFFFFFFFFFFFFFFFFF07
S3150007EC10FFFFFFFFFFFFFFFFFFFFFFFFFFFFFFFFF7
S3150007EC20FFFFFFFFFFFFFFFFFFFFFFFFFFFFFFFFE7
S3150007EC30FFFFFFFFFFFFFFFFFFFFFFFFFFFFFFFFD7
S3150007EC40FFFFFFFFFFFFFFFFFFFFFFFFFFFFFFFFC7
S3150007EC50FFFFFFFFFFFFFFFFFFFFFFFFFFFFFFFFB7
S3150007EC60FFFFFFFFFFFFFFFFFFFFFFFFFFFFFFFFA7
S3150007EC70FFFFFFFFFFFFFFFFFFFFFFFFFFFFFFFF97
S3150007EC80FFFFFFFFFFFFFFFFFFFFFFFFFFFFFFFF87
S3150007EC90FFFFFFFFFFFFFFFFFFFFFFFFFFFFFFFF77
S3150007ECA0FFFFFFFFFFFFFFFFFFFFFFFFFFFFFFFF67
S3150007ECB0FFFFFFFFFFFFFFFFFFFFFFFFFFFFFFFF57
S3150007ECC0FFFFFFFFFFFFFFFFFFFFFFFFFFFFFFFF47
S3150007ECD0FFFFFFFFFFFFFFFFFFFFFFFFFFFFFFFF37
S3150007ECE0FFFFFFFFFFFFFFFFFFFFFFFFFFFFFFFF27
S3150007ECF0FFFFFFFFFFFFFFFFFFFFFFFFFFFFFFFF17
S3150007ED00FFFFFFFFFFFFFFFFFFFFFFFFFFFFFFFF06
S3150007ED10FFFFFFFFFFFFFFFFFFFFFFFFFFFFFFFFF6
S3150007ED20FFFFFFFFFFFFFFFFFFFFFFFFFFFFFFFFE6
S3150007ED30FFFFFFFFFFFFFFFFFFFFFFFFFFFFFFFFD6
S3150007ED40FFFFFFFFFFFFFFFFFFFFFFFFFFFFFFFFC6
S3150007ED50FFFFFFFFFFFFFFFFFFFFFFFFFFFFFFFFB6
S3150007ED60FFFFFFFFFFFFFFFFFFFFFFFFFFFFFFFFA6
S3150007ED70FFFFFFFFFFFFFFFFFFFFFFFFFFFFFFFF96
S3150007ED80FFFFFFFFFFFFFFFFFFFFFFFFFFFFFFFF86
S3150007ED90FFFFFFFFFFFFFFFFFFFFFFFFFFFFFFFF76
S3150007EDA0FFFFFFFFFFFFFFFFFFFFFFFFFFFFFFFF66
S3150007EDB0FFFFFFFFFFFFFFFFFFFFFFFFFFFFFFFF56
S3150007EDC0FFFFFFFFFFFFFFFFFFFFFFFFFFFFFFFF46
S3150007EDD0FFFFFFFFFFFFFFFFFFFFFFFFFFFFFFFF36
S3150007EDE0FFFFFFFFFFFFFFFFFFFFFFFFFFFFFFFF26
S3150007EDF0FFFFFFFFFFFFFFFFFFFFFFFFFFFFFFFF16
S3150007EE00FFFFFFFFFFFFFFFFFFFFFFFFFFFFFFFF05
S3150007EE10FFFFFFFFFFFFFFFFFFFFFFFFFFFFFFFFF5
S3150007EE20FFFFFFFFFFFFFFFFFFFFFFFFFFFFFFFFE5
S3150007EE30FFFFFFFFFFFFFFFFFFFFFFFFFFFFFFFFD5
S3150007EE40FFFFFFFFFFFFFFFFFFFFFFFFFFFFFFFFC5
S3150007EE50FFFFFFFFFFFFFFFFFFFFFFFFFFFFFFFFB5
S3150007EE60FFFFFFFFFFFFFFFFFFFFFFFFFFFFFFFFA5
S3150007EE70FFFFFFFFFFFFFFFFFFFFFFFFFFFFFFFF95
S3150007EE80FFFFFFFFFFFFFFFFFFFFFFFFFFFFFFFF85
S3150007EE90FFFFFFFFFFFFFFFFFFFFFFFFFFFFFFFF75
S3150007EEA0FFFFFFFFFFFFFFFFFFFFFFFFFFFFFFFF65
S3150007EEB0FFFFFFFFFFFFFFFFFFFFFFFFFFFFFFFF55
S3150007EEC0FFFFFFFFFFFFFFFFFFFFFFFFFFFFFFFF45
S3150007EED0FFFFFFFFFFFFFFFFFFFFFFFFFFFFFFFF35
S3150007EEE0FFFFFFFFFFFFFFFFFFFFFFFFFFFFFFFF25
S3150007EEF0FFFFFFFFFFFFFFFFFFFFFFFFFFFFFFFF15
S3150007EF00FFFFFFFFFFFFFFFFFFFFFFFFFFFFFFFF04
S3150007EF10FFFFFFFFFFFFFFFFFFFFFFFFFFFFFFFFF4
S3150007EF20FFFFFFFFFFFFFFFFFFFFFFFFFFFFFFFFE4
S3150007EF30FFFFFFFFFFFFFFFFFFFFFFFFFFFFFFFFD4
S3150007EF40FFFFFFFFFFFFFFFFFFFFFFFFFFFFFFFFC4
S3150007EF50FFFFFFFFFFFFFFFFFFFFFFFFFFFFFFFFB4
S3150007EF60FFFFFFFFFFFFFFFFFFFFFFFFFFFFFFFFA4
S3150007EF70FFFFFFFFFFFFFFFFFFFFFFFFFFFFFFFF94
S3150007EF80FFFFFFFFFFFFFFFFFFFFFFFFFFFFFFFF84
S3150007EF90FFFFFFFFFFFFFFFFFFFFFFFFFFFFFFFF74
S3150007EFA0FFFFFFFFFFFFFFFFFFFFFFFFFFFFFFFF64
S3150007EFB0FFFFFFFFFFFFFFFFFFFFFFFFFFFFFFFF54
S3150007EFC0FFFFFFFFFFFFFFFFFFFFFFFFFFFFFFFF44
S3150007EFD0FFFFFFFFFFFFFFFFFFFFFFFFFFFFFFFF34
S3150007EFE0FFFFFFFFFFFFFFFFFFFFFFFFFFFFFFFF24
S3150007EFF0FFFFFFFFFFFFFFFFFFFFFFFFFFFFFFFF14
S3150007F000FFFFFFFFFFFFFFFFFFFFFFFFFFFFFFFF03
S3150007F010FFFFFFFFFFFFFFFFFFFFFFFFFFFFFFFFF3
S3150007F020FFFFFFFFFFFFFFFFFFFFFFFFFFFFFFFFE3
S3150007F030FFFFFFFFFFFFFFFFFFFFFFFFFFFFFFFFD3
S3150007F040FFFFFFFFFFFFFFFFFFFFFFFFFFFFFFFFC3
S3150007F050FFFFFFFFFFFFFFFFFFFFFFFFFFFFFFFFB3
S3150007F060FFFFFFFFFFFFFFFFFFFFFFFFFFFFFFFFA3
S3150007F070FFFFFFFFFFFFFFFFFFFFFFFFFFFFFFFF93
S3150007F080FFFFFFFFFFFFFFFFFFFFFFFFFFFFFFFF83
S3150007F090FFFFFFFFFFFFFFFFFFFFFFFFFFFFFFFF73
S3150007F0A0FFFFFFFFFFFFFFFFFFFFFFFFFFFFFFFF63
S3150007F0B0FFFFFFFFFFFFFFFFFFFFFFFFFFFFFFFF53
S3150007F0C0FFFFFFFFFFFFFFFFFFFFFFFFFFFFFFFF43
S3150007F0D0FFFFFFFFFFFFFFFFFFFFFFFFFFFFFFFF33
S3150007F0E0FFFFFFFFFFFFFFFFFFFFFFFFFFFFFFFF23
S3150007F0F0FFFFFFFFFFFFFFFFFFFFFFFFFFFFFFFF13
S3150007F100FFFFFFFFFFFFFFFFFFFFFFFFFFFFFFFF02
S3150007F110FFFFFFFFFFFFFFFFFFFFFFFFFFFFFFFFF2
S3150007F120FFFFFFFFFFFFFFFFFFFFFFFFFFFFFFFFE2
S3150007F130FFFFFFFFFFFFFFFFFFFFFFFFFFFFFFFFD2
S3150007F140FFFFFFFFFFFFFFFFFFFFFFFFFFFFFFFFC2
S3150007F150FFFFFFFFFFFFFFFFFFFFFFFFFFFFFFFFB2
S3150007F160FFFFFFFFFFFFFFFFFFFFFFFFFFFFFFFFA2
S3150007F170FFFFFFFFFFFFFFFFFFFFFFFFFFFFFFFF92
S3150007F180FFFFFFFFFFFFFFFFFFFFFFFFFFFFFFFF82
S3150007F190FFFFFFFFFFFFFFFFFFFFFFFFFFFFFFFF72
S3150007F1A0FFFFFFFFFFFFFFFFFFFFFFFFFFFFFFFF62
S3150007F1B0FFFFFFFFFFFFFFFFFFFFFFFFFFFFFFFF52
S3150007F1C0FFFFFFFFFFFFFFFFFFFFFFFFFFFFFFFF42
S3150007F1D0FFFFFFFFFFFFFFFFFFFFFFFFFFFFFFFF32
S3150007F1E0FFFFFFFFFFFFFFFFFFFFFFFFFFFFFFFF22
S3150007F1F0FFFFFFFFFFFFFFFFFFFFFFFFFFFFFFFF12
S3150007F200FFFFFFFFFFFFFFFFFFFFFFFFFFFFFFFF01
S3150007F210FFFFFFFFFFFFFFFFFFFFFFFFFFFFFFFFF1
S3150007F220FFFFFFFFFFFFFFFFFFFFFFFFFFFFFFFFE1
S3150007F230FFFFFFFFFFFFFFFFFFFFFFFFFFFFFFFFD1
S3150007F240FFFFFFFFFFFFFFFFFFFFFFFFFFFFFFFFC1
S3150007F250FFFFFFFFFFFFFFFFFFFFFFFFFFFFFFFFB1
S3150007F260FFFFFFFFFFFFFFFFFFFFFFFFFFFFFFFFA1
S3150007F270FFFFFFFFFFFFFFFFFFFFFFFFFFFFFFFF91
S3150007F280FFFFFFFFFFFFFFFFFFFFFFFFFFFFFFFF81
S3150007F290FFFFFFFFFFFFFFFFFFFFFFFFFFFFFFFF71
S3150007F2A0FFFFFFFFFFFFFFFFFFFFFFFFFFFFFFFF61
S3150007F2B0FFFFFFFFFFFFFFFFFFFFFFFFFFFFFFFF51
S3150007F2C0FFFFFFFFFFFFFFFFFFFFFFFFFFFFFFFF41
S3150007F2D0FFFFFFFFFFFFFFFFFFFFFFFFFFFFFFFF31
S3150007F2E0FFFFFFFFFFFFFFFFFFFFFFFFFFFFFFFF21
S3150007F2F0FFFFFFFFFFFFFFFFFFFFFFFFFFFFFFFF11
S3150007F300FFFFFFFFFFFFFFFFFFFFFFFFFFFFFFFF00
S3150007F310FFFFFFFFFFFFFFFFFFFFFFFFFFFFFFFFF0
S3150007F320FFFFFFFFFFFFFFFFFFFFFFFFFFFFFFFFE0
S3150007F330FFFFFFFFFFFFFFFFFFFFFFFFFFFFFFFFD0
S3150007F340FFFFFFFFFFFFFFFFFFFFFFFFFFFFFFFFC0
S3150007F350FFFFFFFFFFFFFFFFFFFFFFFFFFFFFFFFB0
S3150007F360FFFFFFFFFFFFFFFFFFFFFFFFFFFFFFFFA0
S3150007F370FFFFFFFFFFFFFFFFFFFFFFFFFFFFFFFF90
S3150007F380FFFFFFFFFFFFFFFFFFFFFFFFFFFFFFFF80
S3150007F390FFFFFFFFFFFFFFFFFFFFFFFFFFFFFFFF70
S3150007F3A0FFFFFFFFFFFFFFFFFFFFFFFFFFFFFFFF60
S3150007F3B0FFFFFFFFFFFFFFFFFFFFFFFFFFFFFFFF50
S3150007F3C0FFFFFFFFFFFFFFFFFFFFFFFFFFFFFFFF40
S3150007F3D0FFFFFFFFFFFFFFFFFFFFFFFFFFFFFFFF30
S3150007F3E0FFFFFFFFFFFFFFFFFFFFFFFFFFFFFFFF20
S3150007F3F0FFFFFFFFFFFFFFFFFFFFFFFFFFFFFFFF10
S3150007F400FFFFFFFFFFFFFFFFFFFFFFFFFFFFFFFFFF
S3150007F410FFFFFFFFFFFFFFFFFFFFFFFFFFFFFFFFEF
S3150007F420FFFFFFFFFFFFFFFFFFFFFFFFFFFFFFFFDF
S3150007F430FFFFFFFFFFFFFFFFFFFFFFFFFFFFFFFFCF
S3150007F440FFFFFFFFFFFFFFFFFFFFFFFFFFFFFFFFBF
S3150007F450FFFFFFFFFFFFFFFFFFFFFFFFFFFFFFFFAF
S3150007F460FFFFFFFFFFFFFFFFFFFFFFFFFFFFFFFF9F
S3150007F470FFFFFFFFFFFFFFFFFFFFFFFFFFFFFFFF8F
S3150007F480FFFFFFFFFFFFFFFFFFFFFFFFFFFFFFFF7F
S3150007F490FFFFFFFFFFFFFFFFFFFFFFFFFFFFFFFF6F
S3150007F4A0FFFFFFFFFFFFFFFFFFFFFFFFFFFFFFFF5F
S3150007F4B0FFFFFFFFFFFFFFFFFFFFFFFFFFFFFFFF4F
S3150007F4C0FFFFFFFFFFFFFFFFFFFFFFFFFFFFFFFF3F
S3150007F4D0FFFFFFFFFFFFFFFFFFFFFFFFFFFFFFFF2F
S3150007F4E0FFFFFFFFFFFFFFFFFFFFFFFFFFFFFFFF1F
S3150007F4F0FFFFFFFFFFFFFFFFFFFFFFFFFFFFFFFF0F
S3150007F500FFFFFFFFFFFFFFFFFFFFFFFFFFFFFFFFFE
S3150007F510FFFFFFFFFFFFFFFFFFFFFFFFFFFFFFFFEE
S3150007F520FFFFFFFFFFFFFFFFFFFFFFFFFFFFFFFFDE
S3150007F530FFFFFFFFFFFFFFFFFFFFFFFFFFFFFFFFCE
S3150007F540FFFFFFFFFFFFFFFFFFFFFFFFFFFFFFFFBE
S3150007F550FFFFFFFFFFFFFFFFFFFFFFFFFFFFFFFFAE
S3150007F560FFFFFFFFFFFFFFFFFFFFFFFFFFFFFFFF9E
S3150007F570FFFFFFFFFFFFFFFFFFFFFFFFFFFFFFFF8E
S3150007F580FFFFFFFFFFFFFFFFFFFFFFFFFFFFFFFF7E
S3150007F590FFFFFFFFFFFFFFFFFFFFFFFFFFFFFFFF6E
S3150007F5A0FFFFFFFFFFFFFFFFFFFFFFFFFFFFFFFF5E
S3150007F5B0FFFFFFFFFFFFFFFFFFFFFFFFFFFFFFFF4E
S3150007F5C0FFFFFFFFFFFFFFFFFFFFFFFFFFFFFFFF3E
S3150007F5D0FFFFFFFFFFFFFFFFFFFFFFFFFFFFFFFF2E
S3150007F5E0FFFFFFFFFFFFFFFFFFFFFFFFFFFFFFFF1E
S3150007F5F0FFFFFFFFFFFFFFFFFFFFFFFFFFFFFFFF0E
S3150007F600FFFFFFFFFFFFFFFFFFFFFFFFFFFFFFFFFD
S3150007F610FFFFFFFFFFFFFFFFFFFFFFFFFFFFFFFFED
S3150007F620FFFFFFFFFFFFFFFFFFFFFFFFFFFFFFFFDD
S3150007F630FFFFFFFFFFFFFFFFFFFFFFFFFFFFFFFFCD
S3150007F640FFFFFFFFFFFFFFFFFFFFFFFFFFFFFFFFBD
S3150007F650FFFFFFFFFFFFFFFFFFFFFFFFFFFFFFFFAD
S3150007F660FFFFFFFFFFFFFFFFFFFFFFFFFFFFFFFF9D
S3150007F670FFFFFFFFFFFFFFFFFFFFFFFFFFFFFFFF8D
S3150007F680FFFFFFFFFFFFFFFFFFFFFFFFFFFFFFFF7D
S3150007F690FFFFFFFFFFFFFFFFFFFFFFFFFFFFFFFF6D
S3150007F6A0FFFFFFFFFFFFFFFFFFFFFFFFFFFFFFFF5D
S3150007F6B0FFFFFFFFFFFFFFFFFFFFFFFFFFFFFFFF4D
S3150007F6C0FFFFFFFFFFFFFFFFFFFFFFFFFFFFFFFF3D
S3150007F6D0FFFFFFFFFFFFFFFFFFFFFFFFFFFFFFFF2D
S3150007F6E0FFFFFFFFFFFFFFFFFFFFFFFFFFFFFFFF1D
S3150007F6F0FFFFFFFFFFFFFFFFFFFFFFFFFFFFFFFF0D
S3150007F700FFFFFFFFFFFFFFFFFFFFFFFFFFFFFFFFFC
S3150007F710FFFFFFFFFFFFFFFFFFFFFFFFFFFFFFFFEC
S3150007F720FFFFFFFFFFFFFFFFFFFFFFFFFFFFFFFFDC
S3150007F730FFFFFFFFFFFFFFFFFFFFFFFFFFFFFFFFCC
S3150007F740FFFFFFFFFFFFFFFFFFFFFFFFFFFFFFFFBC
S3150007F750FFFFFFFFFFFFFFFFFFFFFFFFFFFFFFFFAC
S3150007F760FFFFFFFFFFFFFFFFFFFFFFFFFFFFFFFF9C
S3150007F770FFFFFFFFFFFFFFFFFFFFFFFFFFFFFFFF8C
S3150007F780FFFFFFFFFFFFFFFFFFFFFFFFFFFFFFFF7C
S3150007F790FFFFFFFFFFFFFFFFFFFFFFFFFFFFFFFF6C
S3150007F7A0FFFFFFFFFFFFFFFFFFFFFFFFFFFFFFFF5C
S3150007F7B0FFFFFFFFFFFFFFFFFFFFFFFFFFFFFFFF4C
S3150007F7C0FFFFFFFFFFFFFFFFFFFFFFFFFFFFFFFF3C
S3150007F7D0FFFFFFFFFFFFFFFFFFFFFFFFFFFFFFFF2C
S3150007F7E0FFFFFFFFFFFFFFFFFFFFFFFFFFFFFFFF1C
S3150007F7F0FFFFFFFFFFFFFFFFFFFFFFFFFFFFFFFF0C
S3150007F800FFFFFFFFFFFFFFFFFFFFFFFFFFFFFFFFFB
S3150007F810FFFFFFFFFFFFFFFFFFFFFFFFFFFFFFFFEB
S3150007F820FFFFFFFFFFFFFFFFFFFFFFFFFFFFFFFFDB
S3150007F830FFFFFFFFFFFFFFFFFFFFFFFFFFFFFFFFCB
S3150007F840FFFFFFFFFFFFFFFFFFFFFFFFFFFFFFFFBB
S3150007F850FFFFFFFFFFFFFFFFFFFFFFFFFFFFFFFFAB
S3150007F860FFFFFFFFFFFFFFFFFFFFFFFFFFFFFFFF9B
S3150007F870FFFFFFFFFFFFFFFFFFFFFFFFFFFFFFFF8B
S3150007F880FFFFFFFFFFFFFFFFFFFFFFFFFFFFFFFF7B
S3150007F890FFFFFFFFFFFFFFFFFFFFFFFFFFFFFFFF6B
S3150007F8A0FFFFFFFFFFFFFFFFFFFFFFFFFFFFFFFF5B
S3150007F8B0FFFFFFFFFFFFFFFFFFFFFFFFFFFFFFFF4B
S3150007F8C0FFFFFFFFFFFFFFFFFFFFFFFFFFFFFFFF3B
S3150007F8D0FFFFFFFFFFFFFFFFFFFFFFFFFFFFFFFF2B
S3150007F8E0FFFFFFFFFFFFFFFFFFFFFFFFFFFFFFFF1B
S3150007F8F0FFFFFFFFFFFFFFFFFFFFFFFFFFFFFFFF0B
S3150007F900FFFFFFFFFFFFFFFFFFFFFFFFFFFFFFFFFA
S3150007F910FFFFFFFFFFFFFFFFFFFFFFFFFFFFFFFFEA
S3150007F920FFFFFFFFFFFFFFFFFFFFFFFFFFFFFFFFDA
S3150007F930FFFFFFFFFFFFFFFFFFFFFFFFFFFFFFFFCA
S3150007F940FFFFFFFFFFFFFFFFFFFFFFFFFFFFFFFFBA
S3150007F950FFFFFFFFFFFFFFFFFFFFFFFFFFFFFFFFAA
S3150007F960FFFFFFFFFFFFFFFFFFFFFFFFFFFFFFFF9A
S3150007F970FFFFFFFFFFFFFFFFFFFFFFFFFFFFFFFF8A
S3150007F980FFFFFFFFFFFFFFFFFFFFFFFFFFFFFFFF7A
S3150007F990FFFFFFFFFFFFFFFFFFFFFFFFFFFFFFFF6A
S3150007F9A0FFFFFFFFFFFFFFFFFFFFFFFFFFFFFFFF5A
S3150007F9B0FFFFFFFFFFFFFFFFFFFFFFFFFFFFFFFF4A
S3150007F9C0FFFFFFFFFFFFFFFFFFFFFFFFFFFFFFFF3A
S3150007F9D0FFFFFFFFFFFFFFFFFFFFFFFFFFFFFFFF2A
S3150007F9E0FFFFFFFFFFFFFFFFFFFFFFFFFFFFFFFF1A
S3150007F9F0FFFFFFFFFFFFFFFFFFFFFFFFFFFFFFFF0A
S3150007FA00FFFFFFFFFFFFFFFFFFFFFFFFFFFFFFFFF9
S3150007FA10FFFFFFFFFFFFFFFFFFFFFFFFFFFFFFFFE9
S3150007FA20FFFFFFFFFFFFFFFFFFFFFFFFFFFFFFFFD9
S3150007FA30FFFFFFFFFFFFFFFFFFFFFFFFFFFFFFFFC9
S3150007FA40FFFFFFFFFFFFFFFFFFFFFFFFFFFFFFFFB9
S3150007FA50FFFFFFFFFFFFFFFFFFFFFFFFFFFFFFFFA9
S3150007FA60FFFFFFFFFFFFFFFFFFFFFFFFFFFFFFFF99
S3150007FA70FFFFFFFFFFFFFFFFFFFFFFFFFFFFFFFF89
S3150007FA80FFFFFFFFFFFFFFFFFFFFFFFFFFFFFFFF79
S3150007FA90FFFFFFFFFFFFFFFFFFFFFFFFFFFFFFFF69
S3150007FAA0FFFFFFFFFFFFFFFFFFFFFFFFFFFFFFFF59
S3150007FAB0FFFFFFFFFFFFFFFFFFFFFFFFFFFFFFFF49
S3150007FAC0FFFFFFFFFFFFFFFFFFFFFFFFFFFFFFFF39
S3150007FAD0FFFFFFFFFFFFFFFFFFFFFFFFFFFFFFFF29
S3150007FAE0FFFFFFFFFFFFFFFFFFFFFFFFFFFFFFFF19
S3150007FAF0FFFFFFFFFFFFFFFFFFFFFFFFFFFFFFFF09
S3150007FB00FFFFFFFFFFFFFFFFFFFFFFFFFFFFFFFFF8
S3150007FB10FFFFFFFFFFFFFFFFFFFFFFFFFFFFFFFFE8
S3150007FB20FFFFFFFFFFFFFFFFFFFFFFFFFFFFFFFFD8
S3150007FB30FFFFFFFFFFFFFFFFFFFFFFFFFFFFFFFFC8
S3150007FB40FFFFFFFFFFFFFFFFFFFFFFFFFFFFFFFFB8
S3150007FB50FFFFFFFFFFFFFFFFFFFFFFFFFFFFFFFFA8
S3150007FB60FFFFFFFFFFFFFFFFFFFFFFFFFFFFFFFF98
S3150007FB70FFFFFFFFFFFFFFFFFFFFFFFFFFFFFFFF88
S3150007FB80FFFFFFFFFFFFFFFFFFFFFFFFFFFFFFFF78
S3150007FB90FFFFFFFFFFFFFFFFFFFFFFFFFFFFFFFF68
S3150007FBA0FFFFFFFFFFFFFFFFFFFFFFFFFFFFFFFF58
S3150007FBB0FFFFFFFFFFFFFFFFFFFFFFFFFFFFFFFF48
S3150007FBC0FFFFFFFFFFFFFFFFFFFFFFFFFFFFFFFF38
S3150007FBD0FFFFFFFFFFFFFFFFFFFFFFFFFFFFFFFF28
S3150007FBE0FFFFFFFFFFFFFFFFFFFFFFFFFFFFFFFF18
S3150007FBF0FFFFFFFFFFFFFFFFFFFFFFFFFFFFFFFF08
S3150007FC00FFFFFFFFFFFFFFFFFFFFFFFFFFFFFFFFF7
S3150007FC10FFFFFFFFFFFFFFFFFFFFFFFFFFFFFFFFE7
S3150007FC20FFFFFFFFFFFFFFFFFFFFFFFFFFFFFFFFD7
S3150007FC30FFFFFFFFFFFFFFFFFFFFFFFFFFFFFFFFC7
S3150007FC40FFFFFFFFFFFFFFFFFFFFFFFFFFFFFFFFB7
S3150007FC50FFFFFFFFFFFFFFFFFFFFFFFFFFFFFFFFA7
S3150007FC60FFFFFFFFFFFFFFFFFFFFFFFFFFFFFFFF97
S3150007FC70FFFFFFFFFFFFFFFFFFFFFFFFFFFFFFFF87
S3150007FC80FFFFFFFFFFFFFFFFFFFFFFFFFFFFFFFF77
S3150007FC90FFFFFFFFFFFFFFFFFFFFFFFFFFFFFFFF67
S3150007FCA0FFFFFFFFFFFFFFFFFFFFFFFFFFFFFFFF57
S3150007FCB0FFFFFFFFFFFFFFFFFFFFFFFFFFFFFFFF47
S3150007FCC0FFFFFFFFFFFFFFFFFFFFFFFFFFFFFFFF37
S3150007FCD0FFFFFFFFFFFFFFFFFFFFFFFFFFFFFFFF27
S3150007FCE0FFFFFFFFFFFFFFFFFFFFFFFFFFFFFFFF17
S3150007FCF0FFFFFFFFFFFFFFFFFFFFFFFFFFFFFFFF07
S3150007FD00FFFFFFFFFFFFFFFFFFFFFFFFFFFFFFFFF6
S3150007FD10FFFFFFFFFFFFFFFFFFFFFFFFFFFFFFFFE6
S3150007FD20FFFFFFFFFFFFFFFFFFFFFFFFFFFFFFFFD6
S3150007FD30FFFFFFFFFFFFFFFFFFFFFFFFFFFFFFFFC6
S3150007FD40FFFFFFFFFFFFFFFFFFFFFFFFFFFFFFFFB6
S3150007FD50FFFFFFFFFFFFFFFFFFFFFFFFFFFFFFFFA6
S3150007FD60FFFFFFFFFFFFFFFFFFFFFFFFFFFFFFFF96
S3150007FD70FFFFFFFFFFFFFFFFFFFFFFFFFFFFFFFF86
S3150007FD80FFFFFFFFFFFFFFFFFFFFFFFFFFFFFFFF76
S3150007FD90FFFFFFFFFFFFFFFFFFFFFFFFFFFFFFFF66
S3150007FDA0FFFFFFFFFFFFFFFFFFFFFFFFFFFFFFFF56
S3150007FDB0FFFFFFFFFFFFFFFFFFFFFFFFFFFFFFFF46
S3150007FDC0FFFFFFFFFFFFFFFFFFFFFFFFFFFFFFFF36
S3150007FDD0FFFFFFFFFFFFFFFFFFFFFFFFFFFFFFFF26
S3150007FDE0FFFFFFFFFFFFFFFFFFFFFFFFFFFFFFFF16
S3150007FDF0FFFFFFFFFFFFFFFFFFFFFFFFFFFFFFFF06
S3150007FE00FFFFFFFFFFFFFFFFFFFFFFFFFFFFFFFFF5
S3150007FE10FFFFFFFFFFFFFFFFFFFFFFFFFFFFFFFFE5
S3150007FE20FFFFFFFFFFFFFFFFFFFFFFFFFFFFFFFFD5
S3150007FE30FFFFFFFFFFFFFFFFFFFFFFFFFFFFFFFFC5
S3150007FE40FFFFFFFFFFFFFFFFFFFFFFFFFFFFFFFFB5
S3150007FE50FFFFFFFFFFFFFFFFFFFFFFFFFFFFFFFFA5
S3150007FE60FFFFFFFFFFFFFFFFFFFFFFFFFFFFFFFF95
S3150007FE70FFFFFFFFFFFFFFFFFFFFFFFFFFFFFFFF85
S3150007FE80FFFFFFFFFFFFFFFFFFFFFFFFFFFFFFFF75
S3150007FE90FFFFFFFFFFFFFFFFFFFFFFFFFFFFFFFF65
S3150007FEA0FFFFFFFFFFFFFFFFFFFFFFFFFFFFFFFF55
S3150007FEB0FFFFFFFFFFFFFFFFFFFFFFFFFFFFFFFF45
S3150007FEC0FFFFFFFFFFFFFFFFFFFFFFFFFFFFFFFF35
S3150007FED0FFFFFFFFFFFFFFFFFFFFFFFFFFFFFFFF25
S3150007FEE0FFFFFFFFFFFFFFFFFFFFFFFFFFFFFFFF15
S3150007FEF0FFFFFFFFFFFFFFFFFFFFFFFFFFFFFFFF05
S3150007FF00FFFFFFFFFFFFFFFFFFFFFFFFFFFFFFFFF4
S3150007FF10FFFFFFFFFFFFFFFFFFFFFFFFFFFFFFFFE4
S3150007FF20FFFFFFFFFFFFFFFFFFFFFFFFFFFFFFFFD4
S3150007FF30FFFFFFFFFFFFFFFFFFFFFFFFFFFFFFFFC4
S3150007FF40FFFFFFFFFFFFFFFFFFFFFFFFFFFFFFFFB4
S3150007FF50FFFFFFFFFFFFFFFFFFFFFFFFFFFFFFFFA4
S3150007FF60FFFFFFFFFFFFFFFFFFFFFFFFFFFFFFFF94
S3150007FF70FFFFFFFFFFFFFFFFFFFFFFFFFFFFFFFF84
S3150007FF80FFFFFFFFFFFFFFFFFFFFFFFFFFFFFFFF74
S3150007FF90FFFFFFFFFFFFFFFFFFFFFFFFFFFFFFFF64
S3150007FFA0FFFFFFFFFFFFFFFFFFFFFFFFFFFFFFFF54
S3150007FFB0FFFFFFFFFFFFFFFFFFFFFFFFFFFFFFFF44
S3150007FFC0FFFFFFFFFFFFFFFFFFFFFFFFFFFFFFFF34
S3150007FFD0FFFFFFFFFFFFFFFFFFFFFFFFFFFFFFFF24
S3150007FFE0FFFFFFFFFFFFFFFFFFFFFFFFFFFFFFFF14
S3140007FFF0FFFFFFFFFFFFFFFFFFFFFFFFFFFFFF04
S5033DA817
S70500000000FA
