S02100003438302D30303332342D52312E302E33392D50524F442D494D472E733337FD
S3150000000008080020D5010000ED2500006729000042
S315000000106F29000077290000732900007B29000062
S31500000020ED250000ED25000004400000ED25000050
S31500000030ED2500004C400000ED250000ED250000F8
S31500000040ED250000ED250000ED25000083290000C8
S31500000050ED250000ED250000ED250000ED25000052
S31500000060ED250000ED250000ED250000ED25000042
S31500000070ED250000ED250000ED250000ED25000032
S31500000080ED250000ED250000ED250000ED25000022
S31500000090ED250000ED250000ED250000ED25000012
S315000000A0ED250000ED250000ED250000ED25000002
S315000000B0ED250000ED250000ED250000ED250000F2
S315000000C0ED250000ED250000ED250000ED250000E2
S315000000D0ED250000ED250000ED250000ED250000D2
S315000000E0ED250000ED250000ED250000ED250000C2
S315000000F0ED250000ED250000ED250000ED250000B2
S31500000100ED250000ED250000ED250000ED250000A1
S31500000110ED250000ED250000ED250000ED25000091
S31500000120ED250000ED250000ED250000ED25000081
S31500000130ED250000ED250000ED250000ED25000071
S31500000140013800D0FCE7704710B5054C237833B969
S31500000150044B13B1044800E000BF0123237010BD17
S315000001609C08002000000000D442000008B5034BA4
S315000001701BB10349034800E000BF08BD00000000B2
S31500000180A0080020D4420000064B0748DA1C121AC9
S31500000190C11E22F00302994288BF0022034903F0E0
S315000001A006BF00BF9C08002010080020CC430000BA
S315000001B0064B0748DA1C121AC11E22F003029942A6
S315000001C088BF0022002103F0FFBE00BF400D0020C3
S315000001D09C08002008B5084B83F30A88074B084A99
S315000001E0C3E9002200F00EF800F056F9FFF7CCFF45
S315000001F0FFF7DEFF00F0AAF908000020080800203B
S31500000200A5EDF5FE044B054A9A60D3F8882042F422
S315000002107002C3F88820704700ED00E0000000007F
S31500000220F0B5421ED11C034685B019D86E460D4C5A
S3150000023004F11007354620686168083403C5BC42DE
S315000002402E46F7D10DF10F010F3311F8010912F8FF
S31500000250014F844204D19A42F7D1012005B0F0BD86
S315000002600020FBE7F03F00002DE9F041036804465B
S3150000027003F16043B3F5004F4FF00000A0B029D85A
S31500000280826A636816699E4224D8B3F5002F21D886
S31500000290656B06F14003AB4268D8B5F5002F65D80B
S315000002A02846FFF7BDFF002860D0284602F0F6F981
S315000002B080B16B6973B1022B0FD1AB69C4F1040134
S315000002C019444FF0FF32204601F096FA284BC31A24
S315000002D05842584120B0BDE8F08140F204632846F8
S315000002E00493FFF79DFF08B90020F3E7284602F0C4
S315000002F0D5F90028F8D00027D7F834804046FFF714
S315000003008FFF0028F0D0503EB045EDD8284605A90D
S3150000031002F0CBF90028E7D0BA6A059B12699A4227
S31500000320E2D89C42E0D8B3F5002FDDD806A801F04C
S315000003301FFB059A2146121B06A803F0AFF906A873
S3150000034003F0AEF9059C01F027FB039001F028FBB2
S3150000035021460090039B04F1200206A801F08EFAC4
S3150000036004900498B0FA80F04009B3E70120B1E7A1
S31500000370E320BBDE30B54FF0FF3289B005460C46B0
S3150000038001F03AFA0D4B984215D140F2022000F0E6
S315000003905BFA1C22002101A803F016FE084B294631
S315000003A06846009303F0F7F96846211F03F0F3F956
S315000003B0684601F0D7FC002009B030BDE320BBDE63
S315000003C00100064310B5044688B040F2022000F052
S315000003D03BFA1C22002101A803F0F6FD054B21463D
S315000003E06846009303F0D7F9684601F0BBFC00208D
S315000003F008B010BD0000034340B139B100230B60C3
S31500000400034B03600B6843F480430B60704700BFE7
S31500000410000400401A481B4E1B4FDFF878C04FF00F
S315000004200003014632463C466546914203D00B60C6
S3150000043001F10401F9E7AC4203D0236004F104049E
S31500000440F9E74FF4C045114E114F4FF0005C4FF0E5
S31500000450000432463B4661468A4201D102F104025B
S315000004609A4203D0146002F10402F9E728460168B3
S3150000047081F3088881F3098840688746FEE700BF54
S31500000480100800209C0800209C080020080000207E
S3150000049008080020400D002013B501244FF040232A
S315000004A08DF806408DF80740D3F894305B060BD5DF
S315000004B000F0EAF9A0F2022080B2072804D804FA74
S315000004C000F010F0C90F02D100F0E8FC20B10023C3
S315000004D08DF806308DF807304FF4C0435B68013362
S315000004E008D14FF4027000F0AFF900238DF8063002
S315000004F08DF807309DF8073063B14FF4C040FFF721
S31500000500B3FE8DF806009DF806301BB94FF4027055
S3150000051000F09AF99DF806308BB14FF400330721AD
S315000005204FF4C040074A936602F52032C2F8201104
S31500000530A2F51C329366044B9860FFF76BFF02B07E
S3150000054010BD00BF0090004000ED00E0A74BF7B5DE
S315000005501B68C3F30743012B0ED1A54B04205A6E2B
S315000005604FF48023A349550358BFA34A4B6601F5B0
S315000005701041086258BF53664FF400439D499F4A95
S315000005808B66536A082043F470235362D3689C4CED
S315000005909BB243F0BF6343F41033D3604FF4403350
S315000005A0A2F54062C2F88001E3601060954A1361CB
S315000005B04FF04023D3F88420140606D44FF400628B
S315000005C01A67D3F88420D006FBD44FF480328E4BC2
S315000005D04A668949D3F804364A669A6852020BD5A8
S315000005E01A69063203EB8203019300231946019A26
S315000005F0D1500433242BFAD1824B844A00259A60C9
S315000006004FF4A042C3F87052C3F874224FF4C042AC
S31500000610C3F88022C3F884227D4A9D60774B22F07E
S315000006201F02C3F8D850C3F8DC2045F6E172C3F8C0
S31500000630E0200122C3F8D8204FF0A042C3F8DC2006
S31500000640744A754EC3F8E0200222C3F8D820734AD4
S31500000650C3F8DC60C3F8E020D3F8D02042F00102F2
S31500000660C3F8D020BFF34F8FBFF36F8FD3F88C2022
S3150000067042F44062C3F88C20D3F8C02042F0FF0257
S31500000680C3F8C020D3F8C02022F47F4242F4884247
S31500000690C3F8C020D3F8C02022F47F02C3F8C020DC
S315000006A0BFF35F8F5A6A22F480325A62D3F89420DD
S315000006B022F00102C3F89420BFF34F8FBFF36F8F70
S315000006C046F203075648C3F89850C3F89C70C3F81F
S315000006D0A000BFF35F8F0521C3F894105A6A42F455
S315000006E080325A62BFF34F8FBFF36F8FBFF35F8FB6
S315000006F04C4C636A23F480336362D4F8943023F05D
S315000007000103C4F89430BFF34F8FBFF36F8FC4F863
S315000007109850C4F89C70C4F8A000BFF35F8FC4F86B
S315000007209410636A43F480336362BFF34F8FBFF361
S315000007306F8FBFF34F8FBFF36F8F4FF400320721D8
S315000007402C4B9A6603F52033C3F82011A3F51C330E
S315000007509A664FF400429A6602F001F9324A009610
S31500000760009B93423BD34FF4A0431A6882F38888D8
S3150000077082F38988A3605C68640864002046214689
S3150000078022462346B7EE000AF7EE000AB7EE001A35
S31500000790F7EE001AB7EE002AF7EE002AB7EE003A97
S315000007A0F7EE003AB7EE004AF7EE004AB7EE005A07
S315000007B0F7EE005AB7EE006AF7EE006AB7EE007A77
S315000007C0F7EE007A03F0B5FB4FF4017000F048F83D
S315000007D04FF4017000F044F8002003B0F0BD009B18
S315000007E01D60009B04330093BAE700BF0080E00F52
S315000007F0008000400090004000A0004000ED00E0B6
S3150000080000A000440080004400C0074055CEAC0064
S31500000810E0420000E1FFFFBF00600020E17F002012
S31500000820E1FF070000ED02E0008000204AF6C0303C
S31500000830044B5B8823F00F039BB21B1A58425841A6
S31500000840704700BF00000020044A08B51080FFF77B
S31500000850EDFF10B94FF20F03538008BD00000020D2
S3150000086008B5FFF7F1FFBFF34F8F0549054BCA687F
S3150000087002F4E0621343CB60BFF34F8F00BFFDE786
S3150000088000ED00E00400FA054FF20F01084B5A880C
S315000008908A4201D1188870473AB91B8840F2022073
S315000008A0012B18BF4FF4007070474FF4007070476B
S315000008B000000020014B1888704700BF0000002090
S315000008C04FF4003208B5044B9A6601F0B3F9B0FA5A
S315000008D080F0400908BD00BF00900040072BF8B526
S315000008E006460F4614461D4601D90020F8BD0121D3
S315000008F0202001F011F90121212001F00DF98CB120
S3150000090044EA06039B07F0D14FF40032064B31460A
S315000009109A66284623463A4601F0B6F9B0FA80F0C0
S315000009204009E3E70120E1E70090004010B50446E6
S3150000093000F054FA074BB0FBF3F304FB03F0022874
S3150000094006D9BDE810400323B0FBF3F0FFF7F8BB70
S3150000095010BD00BF40420F001FB510240D4B5C6652
S3150000096000F03CFA4FF47A23B0FBF3F00A4B224630
S3150000097018600021684603F027FB01238DF800303C
S3150000098040F2FF3369460548ADF8023002F013FF26
S3150000099004B010BD00900040B8080020008004405C
S315000009A030B50D4D0D4A2D68536A15FB00F010FA4F
S315000009B083F09CB280B2A0422CBF00240124084BD5
S315000009C01880084B1C7011B1536A8342FCD1012375
S315000009D005494B61936130BDB80800200080044092
S315000009E0B80A0020BA0A002000A00440094B0A4AAF
S315000009F05869127800F001000AB108B9704738B991
S31500000A00586A064B1B88984234BF00200120704765
S31500000A100120704700800440BA0A0020B80A00206E
S31500000A202DE9F84FDFF89881574BD8F80020574E3C
S31500000A309A42574F07D12823C8F80430554B3360E4
S31500000A404FF480233B60544B02F13C01DFF8749174
S31500000A50996002F12403C9F82430C9F804304FF034
S31500000A608063DFF864A14FF0010BCAF864304FF4DD
S31500000A708073CAF8643002F58053C3F804B040F6B8
S31500000A80AA630024536141F20503444D444802F52C
S31500000A9000519460D465D3601461D461D4648864D1
S31500000AA0C5F81C46C5F83446C5F82C46C5F8244694
S31500000AB0C5F82846D3609368936000F08FF9394BE8
S31500000AC04FF4E1121B6F0721C3F380235B44B0FB95
S31500000AD0F3F303F5E1435B01B3FBF2F3324A203B48
S31500000AE002EAC303D8F800200220D3615B46042241
S31500000AF001F034F85B465A460321584601F02EF8B9
S31500000B0014230522C5F81C36284B0321C5F83436B4
S31500000B10274B2848C5F82C36D8F800305A614FF0D4
S31500000B20F052254BCAF86410C3F804B09A605C62B0
S31500000B309C631C645C653A6802607A7B1A66FA7A82
S31500000B40BC7A120542EA04423C7B42EA4452DA6528
S31500000B50C3F8709032684260727BC3F89020F27AD4
S31500000B60B07A120542EA0042307B42EA4052C3F8AC
S31500000B708C20124A51630222C3F848B003F5805311
S31500000B801A61BDE8F88F00BF00C00540CC08002000
S31500000B90BC080020020004005008002000C00340EA
S31500000BA0FFFF010000800040F8FF7F000200070001
S31500000BB001000300004004400000044000200440FF
S31500000BC060080020100800200090004008B5054B82
S31500000BD000215A68186800F04BF9034B034A5A661D
S31500000BE008BD00BF6008002000A00040030000040C
S31500000BF0084B586B10F0020006D002229A6203F5E9
S31500000C00005301205A637047DB6A9B07FBD402221C
S31500000C10014BF6E700000440002004407F2938B568
S31500000C200446154624D8FFF7E3FF20B32046134BAE
S31500000C30621890420DD1124B01391A8861F30E12D7
S31500000C401A80104AC2F8A0300223936435B90020F6
S31500000C5038BD10F8014B03F8014BEAE7FFF7C8FF70
S31500000C600028FBD0084B1A6893699B06FCD5EEE773
S31500000C7041F20310ECE741F20620E9E7BB0C002045
S31500000C80500800200000044060080020014608B516
S31500000C90FFF7AEFF0028FBD0054B1B689A6950068C
S31500000CA0FCD5D9639A699206FCD5002008BD00BF21
S31500000CB0600800200E4BD86E40F2011398420FD008
S31500000CC040F2022398420DD00A4BC01A0A4B1B6809
S31500000CD083420AD02ABFC3F50073C01AC0187047F2
S31500000CE00020F3E74FF48070F0E70020704700BF64
S31500000CF000000440BB0A0020DC0800202DE9F84370
S31500000D00089F04460D461646F3B9FFF7D3FFA842DF
S31500000D1028BF284600214FF001084FF002091D4A5E
S31500000D20DFF878E013681C4F04EB000C64451DD116
S31500000D3001B1136006B1306041F20423A84234BF0A
S31500000D4018460020BDE8F8832FB1FFF705FE002105
S31500000D503846FFF725FEFFF7ADFFA842D5D2002F94
S31500000D60F9D0FFF743FE0028F5D0CEE71EF80310B2
S31500000D700133B3F5007F04F8011B04D10023C7F843
S31500000D8010900121D2E7B3F5807F08BFC7F8108025
S31500000D90F7E700BFDC08002000100440BB0A002073
S31500000DA010B10222094B9A6271B101220020074B51
S31500000DB007499A624A6307491967074908609A64AE
S31500000DC0022203F580531A61002070470000044098
S31500000DD00020044010080020DC08002030B51C4B21
S31500000DE087B001AA03F1100514461868596808333C
S31500000DF003C4AB422246F7D11B782370154B1B6FF9
S31500000E0003F00703032B1FD04FF48022124B5A66C0
S31500000E10124A9368C3F30443102B17D818336B4454
S31500000E2013F8143C0E480F4943438B4203D1926892
S31500000E30C2F30162D340074A106FC0F3033001309A
S31500000E40B3FBF0F007B030BD074BF4E7074BF2E712
S31500000E509C400000008000400090004000000140DF
S31500000E6040420F0000093D0000F04902C0EA21019E
S31500000E7040F60A43436100234FF48072490101F1B1
S31500000E80804101F57031C1F81C36034B5A664FF4A8
S31500000E9000725A66704700BF00A000404FF08062A3
S31500000EA0164B13B55A66062101230422022000F0D0
S31500000EB055FE00230093009B632B19DD02220123BC
S31500000EC00621104600F04AFE00230193019BB3F56C
S31500000ED0FA7F10DB0A4B00225C6F062101230220F9
S31500000EE000F03CFE6FEA941000F0010002B010BD65
S31500000EF0009B0133DEE7019B0133E6E700900040EB
S31500000F0000C0034030B500220C24064B04FB02F15E
S31500000F10CD58854201D1581830BD01320C2AF5D181
S31500000F200020F9E7B04000007FB50023CDE900338B
S31500000F30082315460DEB0302044602F0FDF941F2C3
S31500000F4003039842064626D194F8433063B108223B
S31500000F50E06C0DEB020102F0A1FB08230DEB03028E
S31500000F601146A06C02F089FB039A029B6A6094F812
S31500000F7043202B605AB9094A934208D0084A934243
S31500000F8005D00822E06C0DEB020102F087FB6B68CE
S31500000F90236500236365304604B070BDF70A0AF77F
S31500000FA0FC0404FC2DE9F04100254FF0FF3804460F
S31500000FB00F46164603F0200380F842301822FF2120
S31500000FC0C0E91855A0F8405080F84350A0F84450A6
S31500000FD080F84650C0F88880683002F0F5FF882215
S31500000FE02946C4E91276C4F88080C4F8848004F1E6
S31500000FF0900002F0E9FF094BC4F82081C4E94635A8
S3150000100084F8245137B12EB1304600F0B1FC2846A1
S31500001010BDE8F08141F20B00FAE700BF00010101D3
S315000010202DE9F04FA5B09846CDE9112300230446DB
S315000010300D462E9E1393139A424501D30020D8E005
S3150000104094F84630132BF7D8DFE813F06C00BB009A
S315000010506600510038002C00C8013800C001380075
S315000010607A013800C001AE022903140019015502A5
S31500001070550227034FF00009636D0F2B50D8012747
S31500001080102314AA2046CDF80490009711A902F067
S3150000109053F941F203030890089A9A4200F0E1805E
S315000010A0089B4BE04FF00109D4E91432934200F259
S315000010B0F08084F8469041F203033FE04FF00109C7
S315000010C0D4E91417B9422BD9C91BDDE91272BF1A2C
S315000010D094F840200329174440F28881032F00F238
S315000010E08881204611A902F006F9002326E001278F
S315000010F0636D072BDFD8082314AA2046CDE90077B5
S3150000110011A902F019F941F203030B900B9A9A42C6
S3150000111000F02B810B9B11E00027636D072B22D972
S31500001120012358E114AA204611A9FFF7FDFE41F25A
S3150000113003020590059B934208D0059B049341F258
S315000011400303049A9A423FF476AF51E0159A149934
S31500001150226500226265A34A914240F01181022273
S3150000116084F84620EAE7012314AA009320460823C0
S31500001170019711A902F0E0F841F203030690069ADE
S315000011809A4201D0069BD9E7149B03F07F43B3F143
S31500001190407F05D0132384F8463041F20903CDE79A
S315000011A0159AD00707D594F84230D10543F00103CC
S315000011B084F84230B1D4132384F8463041F20A034E
S315000011C0BCE7204614AA11A9FFF7AEFE41F20303BD
S315000011D00790079F9F420FD0079F41F20303049792
S315000011E0049A9A423FF427AF049B0BB10023EB709D
S315000011F0049825B0BDE8F08F1498FFF783FE28B950
S31500001200132341F2080784F84630E6E7437994F859
S3150000121024219A4205D9132341F20E0784F8463059
S31500001220DBE7026870498A4205D00289D20748BFC7
S31500001230013384F8243194F84230D9070DD5028958
S3150000124094F84330920706D53BB1132341F20107C8
S3150000125084F84630C1E7002BF7D0037984F846308E
S31500001260BBE7D4F848A000F09FFB80230221CDE91C
S31500001270000315AA3B46504600F0D6FAFCE6226D5E
S315000012800123A265002284F84330E26584F84630E3
S31500001290D1E614AA2046CDE9009911A902F04CF82E
S315000012A041F203030990099A9A4201D0099B45E746
S315000012B014AF05F108030DF1680C3A4603CA6245FE
S315000012C018605960174603F10803F6D110681860D4
S315000012D02B7843F001032B70E6E62B7843F00403EA
S315000012E02B70179BAB626B785F0726D5EB238DF8C7
S315000012F0503017238DF85130A6238DF852305E23D7
S3150000130000208DF85330236D6066C4F8843094F85D
S31500001310453043F0020384F84530F7686FB1042284
S31500001320336814A9B8470822606E3368F76816A9AF
S315000013301044B847636E103363660B2384F8463057
S31500001340636D072B3FF6B7AE012316AACDE900332E
S315000013502046082311A901F0EFFF41F203030A908A
S315000013600A9A9A42B9D00A9BE8E62B78159A43F076
S3150000137002032B70149B6B60236D083B6B622AB1D2
S31500001380132384F8463041F20103D7E6042384F898
S31500001390463094F84530626643F0010384F84530E0
S315000013A0A6E6042314AA2046CDE9007711A901F088
S315000013B0C3FF41F203030C900C9A9A4201D00C9B96
S315000013C0BCE6236D042B02D9149B23660127636DAB
S315000013D0032BE6D9092384F846306CE600236366BE
S315000013E0072353E7EB17A603F90707F98F42FFF424
S315000013F078AE402928BF40218F4228BF0F46032FD1
S3150000140088BF27F003073B4614AA2046CDE900997A
S3150000141011A901F091FF41F203030D900D9A9A4232
S3150000142001D00D9B8AE694F846A0BAF1070F04D1C5
S31500001430D6F808B0BBF1000F1BD1042FC7F1040B7F
S3150000144088BF4FF0000B14AB5A46FF21D81902F0A3
S31500001450BBFDBAF1090FBB4414D133465A462046A8
S3150000146014A901F0DEFF0D900D9B002B3FF428AE72
S31500001470D7E73A463368606E14A9D847626E3A4495
S3150000148062661DE6BAF1040F21D16B7898077FF5E5
S3150000149017AEF368002B3FF413AE626E042A0BD826
S315000014A00BEB0203062B07D915AB9B1A1A68C4F877
S315000014B084204FF0FF321A605A463368606EF76830
S315000014C014A9B847626E0BEB02076766F8E5BAF136
S315000014D00B0F7FF4F5AD6B7859077FF5F1ADD6F8B4
S315000014E00CA0BAF1000F3FF4EBAD5A463368606EBC
S315000014F014A9D047E6E700218A6A496B1269503A77
S3150000150091423FF640AF112B0FD194F81831002BC2
S315000015107FF406AE41F206030E930E9A9A4202D16A
S31500001520132384F846300E9B08E694F84430002BCB
S315000015307FF4F6ADCDE9003314AA4023204611A965
S3150000154001F0FAFE41F203030E900E9A9A42EAD196
S31500001550E06C02F0A5F894F81831A3B104F1B403D5
S31500001560E06C00931CAA04F1940314A900F086F918
S315000015700E900E9B9BB10023EB70132384F846302C
S3150000158041F20603DAE5E76C00F006FA039000F094
S3150000159007FA039B00901CAA384614A9E6E7012324
S315000015A0EB7084F84430BBE5002314AACDE9003380
S315000015B02046042311A901F0BFFE41F203030F9058
S315000015C00F9A9A4202D00F9B049311E6D4F8882012
S315000015D0344B9A4205D0132384F8463041F2050372
S315000015E0F2E794F8443033B9EB70132384F84630AD
S315000015F041F20603E8E7EB78002B47D094F8453034
S31500001600DA0707D5F7682FB104223368104604F1CC
S315000016108401B84794F845309B0707D5F7682FB182
S3150000162004223368104604F18401B847236E6BB375
S3150000163077685FB34FF0FF3304F18001042210A8EE
S315000016401093039102F0A3FC28B1042248F204008F
S3150000165033680399B84704F168090422494610A87B
S3150000166002F095FC90B100239B6A1422D3F81080F7
S3150000167004F16C0108F10800D6E90037B847D6E94D
S3150000168000370422494608EB0200B8470123AB7035
S315000016900E2384F84630002396E70023EB7041F2D0
S315000016A00700A6E5E320BBDE13B5224C01902C22F1
S315000016B00021204602F088FCFF22019B62701E4931
S315000016C01E4A1F48FFF76EFC02B0B7EE000ABDE8DF
S315000016D01040714672467346F7EE000AB7EE001ADE
S315000016E0F7EE001AB7EE002AF7EE002AB7EE003A38
S315000016F0F7EE003AB7EE004AF7EE004AB7EE005AA8
S31500001700F7EE005AB7EE006AF7EE006AB7EE007A17
S31500001710F7EE007A8EF3008C10B4F1EE10CA4FF695
S315000017206074C0F6FF740CEA040CE1EE10CA10BC3B
S31500001730F44674476808002048090020E0080020A5
S3150000174090090020F7B506460F46144601F03EFA0A
S3150000175008B901F035FA254D254B32460093294646
S315000017603B462448FFF75CFC2B782370AB7863700C
S31500001770EB78A3706B6863606B6AA360AB6AE36027
S3150000178003B0B7EE000ABDE8F040714672467346F4
S31500001790F7EE000AB7EE001AF7EE001AB7EE002AC7
S315000017A0F7EE002AB7EE003AF7EE003AB7EE004A37
S315000017B0F7EE004AB7EE005AF7EE005AB7EE006AA7
S315000017C0F7EE006AB7EE007AF7EE007A8EF3008C39
S315000017D010B4F1EE10CA4FF66074C0F6FF740CEA4E
S315000017E0040CE1EE10CA10BCF446744768080020E9
S315000017F0404100009009002030B50824094B00251F
S315000018005C66012403F5FE235C6001449D601A6159
S31500001810DC60884201D1586A30BD10F8012B1A628B
S31500001820F7E700BF00900040F8B516464FF40052A7
S315000018301D46114B04469A660222C3F860220F46E3
S3150000184002F099FADDE90612204602F098FA002322
S3150000185084F8387063623368C4F839307368C4F842
S315000018603D30B368C4F841302B0C6DBA84F845306E
S31500001870A4F84650F8BD00BF009000402DE9F041A5
S31500001880B0B014460646369D00286AD0002968D0B6
S31500001890002A66D0002B64D0002D62D006224FF4B9
S315000018A000500692304A20AF90660320C2F86002CC
S315000018B00022BE4609920C920F920A4601F12008B8
S315000018C0F446106851680832ACE803004245E64623
S315000018D0F6D122460DF1A00C04F1200E64461068E4
S315000018E05168083203C47245A446F7D10DF1400C85
S315000018F01A46644603F1200E2346106851680832E2
S3150000190003C372451C46F7D12B4618AC2035224638
S3150000191018685968083303C2AB421446F7D140230E
S31500001920CDE90A73089320230AAA0E9303AB07CACC
S31500001930CDF81CC00D9683E8070007AB93E80700B7
S315000019408DE807000DAB0ECB084802F062F9069051
S31500001950069B40F20460002B08BF002030B0BDE8B3
S31500001960F08140F20160F9E700900040A8420000D3
S315000019704FF40052074B10B59A6602220446C3F88C
S31500001980602201F090FE2046BDE81040002101F0E3
S315000019908EBE00BF00900040004870474CE3070031
S315000019A0004870476CE307000048704786E207006E
S315000019B02DE9F34799460A9B0C46196805463F29C7
S315000019C0164642D85A68002A41D0224A002E14BF31
S315000019D0B046904601F03F07091928BF5A681960BA
S315000019E024BF01325A60AFB1C7F1400AA24521D8DF
S315000019F02946524609EB070002F0D9FA012341466F
S31500001A0000934A463346002001F06AFEB046403C49
S31500001A1055443C443F2C0CD9A3092A460093414621
S31500001A203346002001F05CFE24F03F031D4404F021
S31500001A303F0400272CB12246294609EB070002F095
S31500001A40B6FA002002B0BDE8F0879046C2E7DFF89C
S31500001A500480BFE75041000030B4054608461146F1
S31500001A601A46DDE9023425B931B1029430BCFFF7DC
S31500001A709FBF024830BC70470846FBE780AFFFFFB8
S31500001A802DE9F0411746146886B01E46E3008DF82E
S31500001A900F30630952688DF80E30630B8DF80D30E8
S31500001AA0630D8DF80C30D30003EB54738DF80B30B7
S31500001AB004F03F045309372C8DF80A304FEA5233AD
S31500001AC04FEA525205468DF80820884694BFC4F165
S31500001AD03802C4F17802CDE900178DF809300D49B6
S31500001AE003460020FFF7B8FF082143462A46009721
S31500001AF00DEB0100FFF75CFF284605F1200350F8C7
S31500001B00042B984246F8042BF9D1002006B0BDE814
S31500001B10F08100BF70410000420910B510D0012AC3
S31500001B2010D00B4B0B4C022A18BF234600F01F00A7
S31500001B3051B103F58053012202FA00F0186010BD7E
S31500001B401346F3E7044BF1E703F50053F3E700BF51
S31500001B50688000406082004064800040F8B504461A
S31500001B600D461F4616464AB101238B403021194ABD
S31500001B7001FB0022FFB141F21001535004EB440374
S31500001B80072D4FF00F014FEA031317D8A80006FAE6
S31500001B9000F281401048184401F0ECFD56B90121CD
S31500001BA030230C4801FA05F503FB040077B141F236
S31500001BB01003C550F8BD42F21001DEE7A5F108009A
S31500001BC0800006FA00F281400448E4E742F210037E
S31500001BD0EFE700BF00C0034004C003400CC0034051
S31500001BE0F0B5114A114C124E00F00105E3695F078A
S31500001BF013D40DB9334213D103EA00078F4207D13C
S31500001C000B4A1A40002A14BF6FF001000020F0BDF5
S31500001C10013AEBD16FF00200F9E74FF0FF30F6E73B
S31500001C206FF00100F3E700BF8096980000000340C4
S31500001C30020001004FF4003238B50F4B0F4C9A6684
S31500001C4041F671330122E569E3630D4B0021DA6049
S31500001C50022360612120236105F48035FFF7C0FF70
S31500001C6010B92120FFF7BCFF0122064BDA600DB147
S31500001C700023E36338BD00BF00900040000003402E
S31500001C8000100340002003402DE9F04F06464FF4B4
S31500001C90402501202C4CDFF8BCC04FF40037CCF8AF
S31500001CA0040044F8265030250024DFF8ACE0DFF8C5
S31500001CB0AC9005FB06E5EC652C662C67234CDFF83B
S31500001CC0A0A0A76641F6713704F51C34D4F81C8031
S31500001CD0E763E76800FA06F60743E7604BB9E26890
S31500001CE018F4803F22F00102E26000D0E363184658
S31500001CF028E001F5005000EA0900401A984228BF82
S31500001D0018466161D4F81CB087081BF0040F17D180
S31500001D10013F3F0147F060576F66AA66C5F86CA0A1
S31500001D20CCF82460DEF834703E42FBD0084F014404
S31500001D307E630427CCF82860024427611B1ACDE78E
S31500001D404FF0FF30BDE8F08F0040044000900040A7
S31500001D5000200440001004400000044000E0FFFFA3
S31500001D60180003402DE9F843C3690446042B6FD8D5
S31500001D7001F0F9FC4FF48032364B3749586E03F5C3
S31500001D8080535A66354D364BC003C1F80036C1F84C
S31500001D9004565CBFA1F5E4214A66324AE6691A6038
S31500001DA02268314D5A6004F10C03C4F1204203EB62
S31500001DB0860102F598428B4202EB030020D13046A1
S31500001DC00027636803BB39460446254A41EA066193
S31500001DD091601368516892684B4053400022A242BA
S31500001DE031D145F82230BFF34F8F2049204BCA68C6
S31500001DF002F4E0621343CB60BFF34F8F00BFFDE7F1
S31500001E0053F8047B0760D6E70022D3F8009005EB71
S31500001E10800ED3F808C0F046CCF3990C624502EB6D
S31500001E20070102EB00040EF1040E06D35A68012ADC
S31500001E30CBD00F4620465B68C4E759F82210013222
S31500001E40C8F80010E5E755F8221001324B40C6E706
S31500001E50BDE8F8830080004000C00740004E00A0A7
S31500001E60004C00A0DEC0ECE50C4C00A000ED00E04C
S31500001E700400FA054FF48031174B10B5586E03F580
S31500001E808053596603F5E623D3F8043603F1C042BE
S31500001E90A2F58042B2F5606F01D9002010BDC203E1
S31500001EA05CBF0E4A516619680D4A9142F5D11A690E
S31500001EB00532B2F5007FF0D200210C46914205D3DF
S31500001EC053F82200031B58425841E7E753F8210014
S31500001ED001314440F2E700BF0080004000A000400E
S31500001EE0DEC0ECE538B50F4B0F495A6E4FF4803320
S31500001EF0D20358BF0D4A4B6601F5E621D1F80456C8
S31500001F00044658BF536630B1FFF7B4FF30B1002026
S31500001F106B68236038BD4FF4E020FBE74FF47E008A
S31500001F20F8E700BF008000400090004000A000409D
S31500001F3060B5054619B10139B1F5806F10D2094E69
S31500001F40F06810F48030FBD143EA0121120741EA20
S31500001F50050302F08052134343F00043736060BDF3
S31500001F600120FCE70020024C0122054B9A60DA684A
S31500001F70D203FCD4D86820F00F000004000C704790
S31500001F800020024C014B1868704700BF0010024C3D
S31500001F90044B1A6842F480721A601A6822F480723E
S31500001FA01A6070470010024C024B186B00F00E00CE
S31500001FB0704700BF0010024C82B01FB507930A9B02
S31500001FC004AC8B4228BF0B4604E907001048D10039
S31500001FD0079948BF03330160099948BF23F00303FB
S31500001FE023F0704301F0E041194341F00051816054
S31500001FF0002102F0E042019C134343F00053C1600C
S3150000200004618361416304B0BDE8104002B07047CB
S315000020100000024C3F22034B1A631022DA610322AE
S315000020209A6370470000024C024AD36B9B07FCD4AC
S31500002030704700BF0000024C034B986A10F0240062
S3150000204018BF0420704700BF0000024C08B5FFF718
S31500002050F3FF064BDB6B23F47F4323F0EF030343CD
S315000020601EBF0122024BC3F8FC2F08BD0000024C24
S3150000207000F0FF3F032208B5054B186019615A634B
S31500002080FFF7C8FFFFF7D0FFBDE80840FFF7DEBF48
S315000020900000024C42680346182A10B50AD0202ACE
S315000020A01DD0102A2BD1174AD2F80424D4010AD401
S315000020B0012013E0134AD2F804249001F8D50A68E7
S315000020C042F008020A6010481A6882424FF0000087
S315000020D00ED10A6842F040020A60586010BD094AF3
S315000020E0D2F804245201E3D50A6842F00402E9E773
S315000020F0064CA242F2D10A6842F08002ECE70720C1
S31500002100ECE700BF0000024C3B0D00203C0D002018
S315000021100B4607B50749D1F80414C90708D50021AD
S3150000212000920246084600F033F803B05DF804FB5F
S315000021300120FAE70000024C0B4607B50749D1F823
S315000021400414C90708D5009201210246002000F0B8
S315000021501FF803B05DF804FB0120FAE70000024C0B
S315000021601FB50A4CD4F8044464070CD5CDE9001217
S315000021700021069C0222CDE902340346084600F0FF
S3150000218031F804B010BD0120FBE700BF0000024C8F
S31500002190F0B51C465B6815468DB01A07129E1AD11B
S315000021A0CBB17268934216D10C4B0D4A53F821708D
S315000021B009AB07CA83E807001A462946CDE9053365
S315000021C0CDE90333CDE90163009447F4807001F053
S315000021D042FC0DB0F0BD0720FBE700BFE041000068
S315000021E0B04100002DE9F0418CB0DDE9127C7C683D
S315000021F01E46DDE9143E200728D13CB3DCF8040076
S31500002200844223D15868102820D1DEF80400102813
S315000022101CD10F4809AC50F821500E4951F82280C4
S315000022200D4A07CA84E8070045EA080022463146F7
S31500002230CDE9054ECDE90344CDE901C4009740F050
S31500002240300001F008FC0CB0BDE8F0810720FAE789
S31500002250E0410000BC410000B04100000138C0B2BE
S3150000226006289ABF014B185C00207047BC4200004C
S315000022700138C0B206289ABF014B185C002070478F
S31500002280C34200000138C0B206289ABF014B185C51
S3150000229000207047CA4200002DE9F04FBBB08046CF
S315000022A003A880E80E007E4B9DF81091D3F8002419
S315000022B0D40603D401203BB0BDE8F08F08F1FF320D
S315000022C0059EDDE903A7062A00F2E780DFE802F0B3
S315000022D0041A20262C323800D3F80C34D807E9D556
S315000022E0012307930023B9F1010FCDE908332DD05F
S315000022F0B9F1020F00F092804046FFF7C3FF632456
S31500002300054631E0D3F80C349907D3D50223E8E724
S31500002310D3F80C345A07CDD50423E2E7D3F80C34AE
S315000023201B07C7D50823DCE7D3F80C34DD06C1D577
S315000023301023D6E7D3F80C349C06BBD52023D0E770
S31500002340D3F80C345806B5D54023CAE7544BD3F816
S315000023500C34D903AED5079B404643F4C0630793BC
S31500002360FFF77CFF0324054613230422009307A9E5
S315000023704FF0005312A801F02BFB5146009446F093
S3150000238000533A4601F024FB4FF0000B04465E462C
S31500002390DDF814A1469B9B4564D1B9F1030F0AD120
S315000023A04046FFF76FFF874277D14046FFF760FF51
S315000023B00138304271D1002E67D1032332462046C0
S315000023C0009308A9334601F003FB04260446A4F152
S315000023D01000029001F012FB3146029801F019FB41
S315000023E0489AAA4228BF2A461446002A53D00023F8
S315000023F0479900930AA8499B01F0EAFA2A1B04D0E0
S3150000240000231946009301F0E3FA103801F0F6FABA
S3150000241012A80AA9FFF72EFE00204CE7204BD3F89E
S315000024200C24D2037FF546AFD3F80C349B037FF51B
S3150000243041AF97B17C423946374604F00304079B07
S31500002440404643F4E0630793FFF708FF24023E4645
S3150000245005460F4644F0A30486E704210DF1200A41
S315000024600C46ECE7DAF8042016444AB1032300933D
S315000024702046DAF80830DAF8001001F0A9FA044626
S315000024800BF1010B0AF10C0A84E716F0030618BFDC
S31500002490C6F104069BE70AA8B0E707200BE700BFD2
S315000024A00000024C08B5FFF773FD0122014B1A70BC
S315000024B008BD00BF3D0D00204FF40052034B002025
S315000024C09A660322C3F86022704700BF009000405E
S315000024D008B5FFF757FDC30708D5FFF765FD0628C2
S315000024E004D00A28F5D1FFF7DDFFF2E74FF40052DA
S315000024F0034B00209A660322C3F8602208BD00BF82
S3150000250000A00040C3438B426DD332F01F036AD153
S31500002510013902F01403014400B581EA000C142BC2
S315000025200ED8DFE803F03F0D0D0D480D0D0D0D0D16
S315000025300D0D0D0D0D0D510D0D0D1000DB0200D40E
S3150000254000205DF804FBBCF11F0F40E8C0F304D97E
S315000025509C4641E8C0F39C45F2D122F01402013AB0
S315000025600A2AEDD801A151F822F000BF9F250000EC
S31500002570E1250000992500004125000041250000C5
S315000025804125000041250000DB2500009F250000B5
S315000025903D250000992500009A02D2D4D0E71A03FF
S315000025A0CFD4CDE7BCF11F0F40E800F3D5D99C4648
S315000025B041E800F3CFE7BCF11F0F40E840F3CCD968
S315000025C09C4641E840F3C6E7BCF11F0F40E880F3A4
S315000025D0C3D99C4641E880F3BDE75B03B0D5B0E7BD
S315000025E05902AED5ACE70020704700BFFEE7C0F346
S315000025F00C032DE9F04105460F4616460BB9FEF7CA
S315000026005FF905F5005424F4FF5424F01F0405EB8C
S315000026100608A04507D8324639462846BDE8F041A7
S315000026200223FEF75BB92046FEF74AF904F500548B
S31500002630EFE770B40025AD6A03462E69864206D8D8
S315000026406C6913449C4202D370BCFFF7D0BF70BCC8
S3150000265070471FB510F5004F00F50043144603936D
S315000026601AD2039BB3F5FC2F16D2039BC3F5FC23AA
S31500002670934211D348B9836A5A69B2F5004F04D917
S3150000268018690191FEF71CF901992246039804B0D6
S31500002690BDE81040FFF7ABBF04B010BD036913F0EF
S315000026A0FE0F0CBF01200020704738B504460D46CA
S315000026B0FDF7B6FD48B16369012B09D12046FFF746
S315000026C0EDFF08B1A3692B6038BD01202C60FBE744
S315000026D00020F9E700239B6A9868704738B5002305
S315000026E09B6A04461B695D6B2846FDF799FD08B198
S315000026F02B6A236038BD08B5FFF7F4FBB0FA80F00B
S31500002700400908BD4FF0FF3313B5044601A80193F5
S31500002710FFF7F1FF20B1019BA3422CBF002001204F
S3150000272002B010BD08B5FFF7EDFFBDE808407146E1
S3150000273072467346B7EE000AF7EE000AB7EE001AC5
S31500002740F7EE001AB7EE002AF7EE002AB7EE003AC7
S31500002750F7EE003AB7EE004AF7EE004AB7EE005A37
S31500002760F7EE005AB7EE006AF7EE006AB7EE007AA7
S31500002770F7EE007A8EF3008C10B4F1EE10CA4FF625
S315000027806074C0F6FF740CEA040CE1EE10CA10BCCB
S31500002790F446744708B54FF40040FDF713FEBDE854
S315000027A00840714672467346B7EE000AF7EE000A15
S315000027B0B7EE001AF7EE001AB7EE002AF7EE002A77
S315000027C0B7EE003AF7EE003AB7EE004AF7EE004AE7
S315000027D0B7EE005AF7EE005AB7EE006AF7EE006A57
S315000027E0B7EE007AF7EE007A8EF3008C10B4F1EEB5
S315000027F010CA4FF66074C0F6FF740CEA040CE1EEE2
S3150000280010CA10BCF446744708B501464FF40040A0
S31500002810FDF7B0FDBDE80840714672467346B7EE57
S31500002820000AF7EE000AB7EE001AF7EE001AB7EE46
S31500002830002AF7EE002AB7EE003AF7EE003AB7EEB6
S31500002840004AF7EE004AB7EE005AF7EE005AB7EE26
S31500002850006AF7EE006AB7EE007AF7EE007A8EF3BA
S31500002860008C10B4F1EE10CA4FF66074C0F6FF7417
S315000028700CEA040CE1EE10CA10BCF446744708B525
S31500002880FFF728FFBDE80840714672467346B7EE6B
S31500002890000AF7EE000AB7EE001AF7EE001AB7EED6
S315000028A0002AF7EE002AB7EE003AF7EE003AB7EE46
S315000028B0004AF7EE004AB7EE005AF7EE005AB7EEB6
S315000028C0006AF7EE006AB7EE007AF7EE007A8EF34A
S315000028D0008C10B4F1EE10CA4FF66074C0F6FF74A7
S315000028E00CEA040CE1EE10CA10BCF446744708B5B5
S315000028F0FFF7F4FEBDE80840714672467346B7EE30
S31500002900000AF7EE000AB7EE001AF7EE001AB7EE65
S31500002910002AF7EE002AB7EE003AF7EE003AB7EED5
S31500002920004AF7EE004AB7EE005AF7EE005AB7EE45
S31500002930006AF7EE006AB7EE007AF7EE007A8EF3D9
S31500002940008C10B4F1EE10CA4FF66074C0F6FF7436
S315000029500CEA040CE1EE10CA10BCF44674470020E1
S315000029607047002070474FF40170FDF779BFFFF7FD
S31500002970FABFFFF7F8BFFFF7F6BF4FF40370FDF796
S315000029806FBFFFF7FABFB1F5057F10B504460FD349
S315000029904FF40572002101F017FB04F5CE7204F521
S315000029A0AA7104F12C000023BDE81040FEF7FABA24
S315000029B040F2052010BD13B50446009101462C30A7
S315000029C0FEF72EFBC4F8100218B141F20703984235
S315000029D009D1A3784BB140F2032040F20223E278FA
S315000029E0002A08BF184602B010BD40F20120FAE7DF
S315000029F02DE9F04387B00DF1080904460E46174647
S31500002A000021102248461D46DDF8388001F0DCFA28
S31500002A1000211C22C8F80010284601F0D5FA3246DB
S31500002A203B462146CDF8009004F12C00FEF7F8FA5B
S31500002A3023789A0744BF6268C8F80020DB0709D5E7
S31500002A4004F1080304F1240253F8041B934245F8E9
S31500002A50041BF9D1237840F20640002B18BF002052
S31500002A6007B0BDE8F0834FF40570704708B5FDF771
S31500002A70F7FEBDE808407046714672467346B7EEEB
S31500002A80000AF7EE000AB7EE001AF7EE001AB7EEE4
S31500002A90002AF7EE002AB7EE003AF7EE003AB7EE54
S31500002AA0004AF7EE004AB7EE005AF7EE005AB7EEC4
S31500002AB0006AF7EE006AB7EE007AF7EE007A8EF358
S31500002AC0008C10B4F1EE10CA4FF66074C0F6FF74B5
S31500002AD00CEA040CE1EE10CA10BCF446744708B5C3
S31500002AE0FDF7B2FEBDE80840704671467246734671
S31500002AF0B7EE000AF7EE000AB7EE001AF7EE001A74
S31500002B00B7EE002AF7EE002AB7EE003AF7EE003AE3
S31500002B10B7EE004AF7EE004AB7EE005AF7EE005A53
S31500002B20B7EE006AF7EE006AB7EE007AF7EE007AC3
S31500002B308EF3008C10B4F1EE10CA4FF66074C0F636
S31500002B40FF740CEA040CE1EE10CA10BCF44674479C
S31500002B5008B5FDF7AFFEBDE80840714672467346FC
S31500002B60B7EE000AF7EE000AB7EE001AF7EE001A03
S31500002B70B7EE002AF7EE002AB7EE003AF7EE003A73
S31500002B80B7EE004AF7EE004AB7EE005AF7EE005AE3
S31500002B90B7EE006AF7EE006AB7EE007AF7EE007A53
S31500002BA08EF3008C10B4F1EE10CA4FF66074C0F6C6
S31500002BB0FF740CEA040CE1EE10CA10BCF44674472C
S31500002BC04FF4037008B5FDF74BFEFEE708B531B1CB
S31500002BD01322FFF797FC003818BF012008BD0846EE
S31500002BE0FCE708B5FDF7A2FEBDE808407046714651
S31500002BF072467346B7EE000AF7EE000AB7EE001A01
S31500002C00F7EE001AB7EE002AF7EE002AB7EE003A02
S31500002C10F7EE003AB7EE004AF7EE004AB7EE005A72
S31500002C20F7EE005AB7EE006AF7EE006AB7EE007AE2
S31500002C30F7EE007A8EF3008C10B4F1EE10CA4FF660
S31500002C406074C0F6FF740CEA040CE1EE10CA10BC06
S31500002C50F446744708B5FDF77FFEBDE808407046A8
S31500002C60714672467346B7EE000AF7EE000AB7EEF3
S31500002C70001AF7EE001AB7EE002AF7EE002AB7EEB2
S31500002C80003AF7EE003AB7EE004AF7EE004AB7EE22
S31500002C90005AF7EE005AB7EE006AF7EE006AB7EE92
S31500002CA0007AF7EE007A8EF3008C10B4F1EE10CABB
S31500002CB04FF66074C0F6FF740CEA040CE1EE10CA1D
S31500002CC010BCF446744708B5FDF76AFEBDE8084037
S31500002CD07046714672467346B7EE000AF7EE000A72
S31500002CE0B7EE001AF7EE001AB7EE002AF7EE002A42
S31500002CF0B7EE003AF7EE003AB7EE004AF7EE004AB2
S31500002D00B7EE005AF7EE005AB7EE006AF7EE006A21
S31500002D10B7EE007AF7EE007A8EF3008C10B4F1EE7F
S31500002D2010CA4FF66074C0F6FF740CEA040CE1EEAC
S31500002D3010CA10BCF446744708B5FDF757FEBDE847
S31500002D400840714672467346B7EE000AF7EE000A6F
S31500002D50B7EE001AF7EE001AB7EE002AF7EE002AD1
S31500002D60B7EE003AF7EE003AB7EE004AF7EE004A41
S31500002D70B7EE005AF7EE005AB7EE006AF7EE006AB1
S31500002D80B7EE007AF7EE007A8EF3008C10B4F1EE0F
S31500002D9010CA4FF66074C0F6FF740CEA040CE1EE3C
S31500002DA010CA10BCF446744707B501230022194621
S31500002DB00092FDF7A3FF03B05DF804FB012307B5FE
S31500002DC0002200911946FDF799FF03B05DF804FB58
S31500002DD008B5FDF725FEBDE8084070467146724607
S31500002DE07346B7EE000AF7EE000AB7EE001AF7EEE2
S31500002DF0001AB7EE002AF7EE002AB7EE003AF7EE11
S31500002E00003AB7EE004AF7EE004AB7EE005AF7EE80
S31500002E10005AB7EE006AF7EE006AB7EE007AF7EEF0
S31500002E20007A8EF3008C10B4F1EE10CA4FF660747F
S31500002E30C0F6FF740CEA040CE1EE10CA10BCF446AE
S31500002E40744708B5FDF7C2FEBDE8084070467146F6
S31500002E5072467346B7EE000AF7EE000AB7EE001A9E
S31500002E60F7EE001AB7EE002AF7EE002AB7EE003AA0
S31500002E70F7EE003AB7EE004AF7EE004AB7EE005A10
S31500002E80F7EE005AB7EE006AF7EE006AB7EE007A80
S31500002E90F7EE007A8EF3008C10B4F1EE10CA4FF6FE
S31500002EA06074C0F6FF740CEA040CE1EE10CA10BCA4
S31500002EB0F446744770B504460D461646FFF786FE7F
S31500002EC008B9FFF77DFE324629462046FDF7A6FEE5
S31500002ED0BDE87040714672467346B7EE000AF7EEDB
S31500002EE0000AB7EE001AF7EE001AB7EE002AF7EE60
S31500002EF0002AB7EE003AF7EE003AB7EE004AF7EED0
S31500002F00004AB7EE005AF7EE005AB7EE006AF7EE3F
S31500002F10006AB7EE007AF7EE007A8EF3008C10B4F2
S31500002F20F1EE10CA4FF66074C0F6FF740CEA040C9A
S31500002F30E1EE10CA10BCF446744708B5FDF7A6FECC
S31500002F40BDE80840714672467346B7EE000AF7EED2
S31500002F50000AB7EE001AF7EE001AB7EE002AF7EEEF
S31500002F60002AB7EE003AF7EE003AB7EE004AF7EE5F
S31500002F70004AB7EE005AF7EE005AB7EE006AF7EECF
S31500002F80006AB7EE007AF7EE007A8EF3008C10B482
S31500002F90F1EE10CA4FF66074C0F6FF740CEA040C2A
S31500002FA0E1EE10CA10BCF446744708B5FDF720FEE2
S31500002FB0BDE80840714672467346B7EE000AF7EE62
S31500002FC0000AB7EE001AF7EE001AB7EE002AF7EE7F
S31500002FD0002AB7EE003AF7EE003AB7EE004AF7EEEF
S31500002FE0004AB7EE005AF7EE005AB7EE006AF7EE5F
S31500002FF0006AB7EE007AF7EE007A8EF3008C10B412
S31500003000F1EE10CA4FF66074C0F6FF740CEA040CB9
S31500003010E1EE10CA10BCF446744708B5FDF74AFE47
S31500003020BDE80840714672467346B7EE000AF7EEF1
S31500003030000AB7EE001AF7EE001AB7EE002AF7EE0E
S31500003040002AB7EE003AF7EE003AB7EE004AF7EE7E
S31500003050004AB7EE005AF7EE005AB7EE006AF7EEEE
S31500003060006AB7EE007AF7EE007A8EF3008C10B4A1
S31500003070F1EE10CA4FF66074C0F6FF740CEA040C49
S31500003080E1EE10CA10BCF44674472DE9F34114462C
S315000030900546002872D0002A70D002296ED1022B74
S315000030A06CD11021FFF792FD08B9FFF789FD1021B9
S315000030B02046FFF78BFD08B9FFF782FDD4E90067CC
S315000030C039463046D5F80080A468AD68FFF77EFD26
S315000030D0002840D1FFF774FD2A6898F80030394679
S315000030E0009230462246FDF709FE02B0B7EE000A0E
S315000030F0BDE8F041714672467346F7EE000AB7EE38
S31500003100001AF7EE001AB7EE002AF7EE002AB7EE1D
S31500003110003AF7EE003AB7EE004AF7EE004AB7EE8D
S31500003120005AF7EE005AB7EE006AF7EE006AB7EEFD
S31500003130007AF7EE007A8EF3008C10B4F1EE10CA26
S315000031404FF66074C0F6FF740CEA040CE1EE10CA88
S3150000315010BCF446744704212046FFF737FD0028CB
S31500003160B8D004214046FFF731FD0028B2D0042133
S315000031702846FFF72BFD0028ACD0ADE741F203202F
S31500003180B3E710B504210446FFF720FD08B9FFF7A1
S3150000319017FD2046FFF708FEBDE81040714672464F
S315000031A07346B7EE000AF7EE000AB7EE001AF7EE1E
S315000031B0001AB7EE002AF7EE002AB7EE003AF7EE4D
S315000031C0003AB7EE004AF7EE004AB7EE005AF7EEBD
S315000031D0005AB7EE006AF7EE006AB7EE007AF7EE2D
S315000031E0007A8EF3008C10B4F1EE10CA4FF66074BC
S315000031F0C0F6FF740CEA040CE1EE10CA10BCF446EB
S31500003200744738B50D4604210446FFF7DFFC08B9BC
S31500003210FFF7D6FC29462046FFF7D0FDBDE838402B
S31500003220714672467346B7EE000AF7EE000AB7EE2D
S31500003230001AF7EE001AB7EE002AF7EE002AB7EEEC
S31500003240003AF7EE003AB7EE004AF7EE004AB7EE5C
S31500003250005AF7EE005AB7EE006AF7EE006AB7EECC
S31500003260007AF7EE007A8EF3008C10B4F1EE10CAF5
S315000032704FF66074C0F6FF740CEA040CE1EE10CA57
S3150000328010BCF446744708B5FDF78AFDBDE8084052
S31500003290714672467346B7EE000AF7EE000AB7EEBD
S315000032A0001AF7EE001AB7EE002AF7EE002AB7EE7C
S315000032B0003AF7EE003AB7EE004AF7EE004AB7EEEC
S315000032C0005AF7EE005AB7EE006AF7EE006AB7EE5C
S315000032D0007AF7EE007A8EF3008C10B4F1EE10CA85
S315000032E04FF66074C0F6FF740CEA040CE1EE10CAE7
S315000032F010BCF446744770B5D1E90152AA4205D212
S3150000330090F840302B449B1A402B10D9002012E035
S315000033100A6890F84040D65C90F841200133224478
S3150000332002F03F02013486548B6080F840408B687F
S315000033309D42EDD8012070BD2DE9F8431D46174684
S31500003340D1E901329B1A90F84020044613449D426D
S315000033500E469DF820909DF8248056D9FFF7CBFFA6
S3150000336000285CD1132341F2020084F84630BDE800
S31500003370F88394F84120A25CFA5494F84120013372
S31500003380013202F03F0284F8412094F84020013ACD
S3150000339084F8402094F840200AB19D42E9D1D6E94C
S315000033A00121914201D29D4231D89D42DAD129466E
S315000033B03846D4F88820FEF71FFAC4F88800B9F119
S315000033C0000F04D02A463946E06C00F067F9B8F1E0
S315000033D0000F08D094F843308BB12B463A46394655
S315000033E0A06C00F04AF994F8433043B1E36DA26D46
S315000033F02B449342E36524BF002384F84330636D76
S3150000340041F203002B446365B1E70023C2E732684B
S31500003410525CFA54B26801330132B260BFE7002051
S31500003420A5E72DE9F743044658680E461746984621
S31500003430002842D011F0030342D19B6A206E1B691B
S3150000344002EB000C1D1D65451CD81C33984219D291
S315000034508542294638BF01469C4594BFC1EB0C0204
S31500003460C1EB0302081AC5F1680506EB00096818E6
S3150000347020444946019200F09AFDFF214846019AF0
S3150000348000F0A2FD48F20403226E9A420BD848F2DD
S315000034900701B818884206D99B1AF258C4F880204A
S315000034A04FF0FF32F2503A46D8E90035206E3146E9
S315000034B0A8470020226E3A44226603B0BDE8F08396
S315000034C041F20200F9E749BA89B24840C0F3031352
S315000034D0584003B283EA0033580100F4FF509BB210
S315000034E05840704738B5044645181046AC4200D1DE
S315000034F038BD014614F8010BFFF7E5FFF6E708B5FE
S31500003500FFF7E1FFBDE80840714672467346B7EE25
S31500003510000AF7EE000AB7EE001AF7EE001AB7EE49
S31500003520002AF7EE002AB7EE003AF7EE003AB7EEB9
S31500003530004AF7EE004AB7EE005AF7EE005AB7EE29
S31500003540006AF7EE006AB7EE007AF7EE007A8EF3BD
S31500003550008C10B4F1EE10CA4FF66074C0F6FF741A
S315000035600CEA040CE1EE10CA10BCF446744770B5C0
S3150000357004460D461646FFF729FB08B9FFF720FB60
S31500003580324629462046FFF7ADFFBDE8704071463A
S3150000359072467346B7EE000AF7EE000AB7EE001A57
S315000035A0F7EE001AB7EE002AF7EE002AB7EE003A59
S315000035B0F7EE003AB7EE004AF7EE004AB7EE005AC9
S315000035C0F7EE005AB7EE006AF7EE006AB7EE007A39
S315000035D0F7EE007A8EF3008C10B4F1EE10CA4FF6B7
S315000035E06074C0F6FF740CEA040CE1EE10CA10BC5D
S315000035F0F446744770B504460D461646FFF7E6FADC
S3150000360008B9FFF7DDFA324629462046FEF7F4F8F8
S31500003610BDE87040714672467346B7EE000AF7EE93
S31500003620000AB7EE001AF7EE001AB7EE002AF7EE18
S31500003630002AB7EE003AF7EE003AB7EE004AF7EE88
S31500003640004AB7EE005AF7EE005AB7EE006AF7EEF8
S31500003650006AB7EE007AF7EE007A8EF3008C10B4AB
S31500003660F1EE10CA4FF66074C0F6FF740CEA040C53
S31500003670E1EE10CA10BCF446744730B50D4685B06D
S31500003680194600F12803CDE90152009300F1240206
S3150000369000F1380300F0BFFB05B030BD00F00CB8F8
S315000036A0014600F016B86822002100F08DBC002308
S315000036B0C0E900331846704707B500F128030190AA
S315000036C0009300F108030020FEF7C6F903B05DF889
S315000036D004FB02460B4600F128010830FEF7D0B97C
S315000036E0F0B51D4693B0002837D1189B06909B0174
S315000036F0CDE904230AAB0A461E4601F120071C4603
S3150000370010685168083203C4BA422346F7D1002331
S3150000371007960993FEF7D0FE0446D8B920230893EE
S3150000372004AB93E807008DE8070007AB04200ECB37
S3150000373000F0B9FA0746FEF7CBFE8FB92B463246A4
S3150000374012AE154603CDB542186059602A4603F1FC
S315000037500803F6D1204613B0F0BD6FF07104F9E707
S315000037606FF06F04F6E7EFF3108072B6704700B99A
S3150000377062B6704770B5054614460E46FFF7F3FF6E
S31500003780296881EA040202EA06044C402C60BDE87E
S315000037907040FFF7ECBFC369032B9FBF00EB8302AA
S315000037A00133D160C3617047036BDA0702D5036941
S315000037B05B06F9D4704710B5FFF7F6FF012200F556
S315000037C000531A630B79044648881B0243EA804378
S315000037D0487A03434878002814BF4020002003435A
S315000037E0887A002814BF802000200343C87A002866
S315000037F014BF202000200343087B002814BF10209C
S3150000380000200343487B002814BF08200020034300
S31500003810887B002814BF4FF400600020034388799A
S31500003820002814BF4FF4803000200343636004F582
S3150000383080531A630A780AB90223E360002363629D
S31500003840C8790B7A497943EA8003002914BF10210D
S3150000385000210B43A3600AB10123E36010BD13B539
S315000038601AB10024009400F0B3F802B010BDF0B510
S315000038708DB005AC84E807001C46A1420D4628BF62
S315000038802546129B0DB304B311462846002603F5C0
S315000038901813CDE90A468DE8030003F241135F02CF
S315000038A0C5EB4323099302950CAA059B12E9070071
S315000038B0069500F012FAA54207D23146621B381B64
S315000038C00DB0BDE8F04000F006BA0DB0F0BD30B561
S315000038D091B001AC84E807001C461346DA0049BFE4
S315000038E0029A6200033222F00302014604A8FFF79F
S315000038F0B6FF04A800F082F81499224601F51811C3
S3150000390001F241114D0208A8C4EB41210023FFF743
S31500003910A6FF05F5007100232246091B0CA8FFF738
S315000039209EFF0CA800F06AF808A904A8FEF7A2FBFF
S3150000393011B030BD10B58CB005AC84E807000E9A06
S31500003940DDE9060102F5181202F5A0725202CDE970
S31500003950092300228DE803000B9202930CAA059B13
S3150000396012E9070000F0B9F90CB010BD2DE9F04BD3
S315000039704FF0000899460746164645468AB003ACFE
S3150000398084E8070002F0805B07AC049A424502D83F
S315000039900AB0BDE8F08B139B13B9AA1E012A0AD9F7
S315000039A0129BCDE90779099600955BB194E807006B
S315000039B04B46FFF75CFFBBF1000F00D14F440135CA
S315000039C0C844E2E74B4694E80700FFF7B3FFF2E787
S315000039D010B522F0704200F11004C0E900148260B4
S315000039E041B1826803F0704313438360029BC36056
S315000039F0204610BD836843F08043F6E70123436009
S31500003A00C36843F02003C360836843F000538360B8
S31500003A107047C36803F00F03012B02D0033B012B51
S31500003A2008D8C36801F01F0143EA0123C360836815
S31500003A3019448160704737B54D68044645B18C68B6
S31500003A400093096842EA04032A46FFF7C1FF0446C9
S31500003A50204603B030BD2DE9F04F2DED028BD1B0DD
S31500003A60019008EE903ADDE95D59DDE95F870420B3
S31500003A70002301AECDE9030305AB08EE102A07C902
S31500003A8083E80700314618460296619CFEF702FB62
S31500003A900646002840F0B5805C9A08AB07CA83E862
S31500003AA00700D8F80420D9F80430494213445B4291
S31500003AB003F00F0B7B6801F00F0A5B420093AB68C3
S31500003AC0DA0041BF6B68033323F003036B60A3681E
S31500003AD0DB0041BF6368033323F003036360002305
S31500003AE0D9F80400D8F80420CDE9133381185944D5
S31500003AF0CDE90C1369680B93494201F00F01CDE93A
S31500003B000E3161681093494201F00F01CDE9113180
S31500003B10CDE9153317935C9B5B684BB97B68134300
S31500003B20034305D110218A46CDE9091314AA089248
S31500003B3011234FF0005202A930A8FFF77CFF40F690
S31500003B4011034FF0005205A9FFF775FF42F6110366
S31500003B504FF0005218EE901AFFF76DFF44F611036E
S31500003B604FF0005218EE101AFFF765FF41230022AE
S31500003B704946FFF760FF4FEA0B234FF000524146DC
S31500003B8043F04103FFF757FF4FEA0A234FF0005275
S31500003B9043F0010308A9FFF74EFF009B4FF00052C8
S31500003BA01B0203F47063394643F00103FFF743FF3A
S31500003BB01038FFF723FF00230BA91A4618A8FFF7B2
S31500003BC03AFF002329461A46FFF735FF00230EA9C0
S31500003BD01A46FFF730FF002321461A46FFF72BFF50
S31500003BE0002311A91A46FFF726FF002362991A46F9
S31500003BF0FFF721FF1038FFF701FF18A930A8FEF7DD
S31500003C0039FA304651B0BDEC028BBDE8F08F006941
S31500003C10704770B586B003AE054686E80E00FFF71E
S31500003C20F6FF202804463AD86A6800EB80039A42D9
S31500003C3003D0062343439A4233D10B9BB3EB440F85
S31500003C402FD10E9A93422CD1012221463120EB68C6
S31500003C50FEF76EF908BB95E807000123CDE90033AE
S31500003C602346FFF783FE08230AAA009307CA2346C2
S31500003C70FFF72DFE0C23009396E807002346FFF777
S31500003C80F6FD0A230DAA009307CA2346FFF71FFE77
S31500003C90FEF76AF9002818BF032006B070BD0120A0
S31500003CA0FBE70720F9E770B58AB007AC84E80E0099
S31500003CB003AD064694E8070085E80B00012302934E
S31500003CC00EAB019303230093304694E80E00FEF7F3
S31500003CD0E3FA0AB070BD00F077B982B02DE9F04181
S31500003CE08AB005AE12F0804586E80700149C119351
S31500003CF033D1139B8C4228BF0C4613F08053884661
S31500003D00129A02D1944228BF144634B30F2C13D909
S31500003D10DDE912018DE803000294119B96E8070085
S31500003D20FEF74AF9FEF776F9FEF77EF90AB0BDE826
S31500003D30F04102B0FEF78AB9059E119F93B1A8EB38
S31500003D400502042A3B6828BF0422701909A9043514
S31500003D50099300F02CF9AC42F1D80AB0BDE8F04165
S31500003D6002B070472246394630460AB0BDE8F041F7
S31500003D7002B000F01CB92422002100F025B970B56C
S31500003D8015460E4624220021044600F01DF925F0B2
S31500003D904003802B02D0B5F5807F08D120463146FE
S31500003DA040F8045BEA0800F002F9002070BD6FF0ED
S31500003DB01F00FBE730B504680D4624F0400180295A
S31500003DC08BB002D0B4F5807F22D10021CDE9031259
S31500003DD010220430E408CDE90521CDE9073201902F
S31500003DE002940991FEF768FB68B9012D07AA04A998
S31500003DF001A80AD1FEF78CF90446FEF769FB2043B9
S31500003E0018BF6FF06F000BB030BDFEF795F9F3E702
S31500003E106FF07100F7E72DE9F04F82460F4698469E
S31500003E20164691B012B31568DAF8003023F0400256
S31500003E30802A02D0B3F5807F73D1DB080024059376
S31500003E401023CDE908341B9BCDE906480AF104028C
S31500003E503B44049202930DF11C0BBC4208D3002E86
S31500003E6065D00020356011B0BDE8F08F1546DBE760
S31500003E705DB11B9B1A9A1B5D525D013553401C9A1E
S31500003E8005F00F0513550134E7E7A7EB0409B9F16F
S31500003E900F0F1ED91B9B29F00F092344CDE90A39C0
S31500003EA01C9B0C952344CDE90D390F95FEF704FBB9
S31500003EB00028D8D15B460DAA0AA9CDF800B004A8FF
S31500003EC0FEF74EF90390FEF703FB039B03432BD14A
S31500003ED04C441B9B03EB04091C9B1C44029B4B4557
S31500003EE001D13C46B9E78DB94246012150461A9B9D
S31500003EF0FFF760FF0028B6D108F1100212F8013D65
S31500003F000133DBB213700BB99045F7D11A9A19F841
S31500003F10013B525D0135534004F8013B05F00F05A6
S31500003F20DCE76FF071009EE76FF06F009BE73046AD
S31500003F3099E72DE9E04F2746A046A146A246A346AB
S31500003F40A4462DED108B4FF0000545EC185B45ECB3
S31500003F50195A45EC1A5A45EC1B5A45EC1C5A45ECC5
S31500003F601D5A45EC1E5A45EC1F5AF1EE105A4FF6F3
S31500003F706076C0F6FF763540E1EE105A84F300888D
S31500003F8025462646A447BDEC108BBDE8E08F0139D7
S31500003F90024410B5904201D1002005E0037811F8E3
S31500003FA0014FA34201D0181B10BD0130F2E70A44AD
S31500003FB0431E914200D1704710B511F8014B914252
S31500003FC003F8014FF9D110BD02440346934200D1D4
S31500003FD0704703F8011BF9E7F8B500BFF8BC08BC49
S31500003FE09E467047F8B500BFF8BC08BC9E467047B1
S31500003FF0B814B6F1E0CFF3ADB7DD25C9FA79B7133A
S315000040000000000007B0CD5E0200000001000202C1
S315000040105C4400000060000000000800F30410008B
S315000040205F2900006329000069020000872900005B
S31500004030B729000000000000F1290000672A0000EF
S3150000404000000000F90300000000000013B779FA31
S31500004050C925DDB7ADF3CFE0F1B614B80102000013
S315000040600000000058440000400000000100020269
S31500004070000000000000000000000000000000003A
S31500004080000000000000000000000000000000002A
S31500004090000000000000000000000000040000070F
S315000040A000000D1013001A20263038405000000082
S315000040B0EB17A6030201000003000000FA0606FA49
S315000040C00F04000003000000F40A0AF405050000CE
S315000040D001000000EB17A65E0A06000001000000C2
S315000040E0F50909F50307000001000000F60808F6C7
S315000040F00608000000000000FE0101FE080800009E
S3150000410000000000FD0303FD0C0800000000000095
S31500004110F90707F91009000002000000F30B0BF382
S31500004120110A000003000000F70A0AF7120B00004C
S3150000413003000000FC0404FC0D0C0000030000005A
S315000041400000000033260000000000005326000097
S315000041506A09E667BB67AE853C6EF372A54FF53A12
S31500004160510E527F9B05688C1F83D9AB5BE0CD193E
S3150000417080000000000000000000000000000000B9
S315000041800000000000000000000000000000000029
S315000041900000000000000000000000000000000019
S315000041A00000000000000000000000000000000009
S315000041B000000000000000000000004000010000B8
S315000041C000020000000400000008000000100000CB
S315000041D000200000004000000080000000000100F8
S315000041E00000000001000000FFFFFFFF00000001CB
S315000041F0000000000000000000000000FFFFFFFFBD
S31500004200FFFFFFFFFFFFFFFFFFFFFFFF00000000B4
S31500004210FFFFFFFFFFFFFFFFBCE6FAADA7179E8477
S31500004220F3B9CAC2FC6325516B17D1F2E12C4247A0
S31500004230F8BCE6E563A440F277037D812DEB33A05D
S31500004240F4A13945D898C2964FE342E2FE1A7F9B05
S315000042508EE7EB4A7C0F9E162BCE33576B315ECE24
S31500004260CBB6406837BF51F5FFFFFFFF00000001E6
S31500004270000000000000000000000000FFFFFFFF3C
S31500004280FFFFFFFFFFFFFFFC5AC635D8AA3A93E7A8
S31500004290B3EBBD55769886BC651D06B0CC53B0F61B
S315000042A03BCE3C3E27D2604BE8410000C0000000F8
S315000042B000000000000010002000000010141C2068
S315000042C03040204040404080804010142020404034
S309000042D020000000C4
S315000042E07FE97FE9FEF790BA7FE97FE9FEF7A9BD8E
S315000042F07FE97FE9FEF720BD7FE97FE9FDF7D4B9C5
S315000043007FE97FE9FEF751BE7FE97FE9FDF71ABA3B
S315000043107FE97FE9FEF7D7BC7FE97FE9FFF727B999
S315000043207FE97FE9FEF7ABBA7FE97FE9FEF7ABBF2E
S315000043307FE97FE9FEF755BC7FE97FE9FEF796BB8B
S315000043407FE97FE9FEF7A1BE7FE97FE9FEF765BE5B
S315000043507FE97FE9FEF77EBC7FE97FE9FEF751BF83
S315000043607FE97FE9FEF7BBBB7FE97FE9FEF709BF7F
S315000043707FE97FE9FEF79EBD7FE97FE9FEF7E8BBAF
S315000043807FE97FE9FEF7CEB97FE97FE9FFF7B7B8A6
S315000043907FE97FE9FFF72EB97FE97FE9FEF7A7BA44
S315000043A07FE97FE9FEF7C9BD7FE97FE9FEF7F2B94C
S315000043B07FE97FE9FEF70CBD000000000000000069
S315000043C0CC4300001008002023000000F00F10036B
S315000043D000000000BB0A00201300000009000000D6
S315000043E0000100000202000013000000F00F10039D
S315000043F000000000BB0B00201300000009000000B5
S315000044000002000001010000D3FFFFFFF07F103023
S31500004410BB0C0020000000000000000000C00540AA
S315000044202800000000FF000000000000000000005F
S315000044300000000000000000000000000000000076
S315000044400000000000000000000000000000000066
S30D000044506D01000049010000A6
S3150000500000700020EB510000E9510000E95100005A
S31500005010E9510000E9510000E9510000E9510000A2
S31500005020E9510000E9510000E9510000E951000092
S31500005030E9510000E9510000E9510000E951000082
S31500005040E9510000E9510000E9510000E951000072
S31500005050E9510000E9510000E9510000E951000062
S31500005060E9510000E9510000E9510000E951000052
S31500005070E9510000E9510000E9510000E951000042
S31500005080E9510000E9510000E9510000E951000032
S31500005090E9510000E9510000E9510000E951000022
S315000050A0E9510000E9510000E9510000E951000012
S315000050B0E9510000E9510000E9510000E951000002
S315000050C0E9510000E9510000E9510000E9510000F2
S315000050D0E9510000E9510000E9510000E9510000E2
S315000050E0E9510000E9510000E9510000E9510000D2
S315000050F0E9510000E9510000E9510000E9510000C2
S31500005100E9510000E9510000E9510000E9510000B1
S31500005110E9510000E9510000E9510000E9510000A1
S31500005120E9510000E9510000E9510000E951000091
S31500005130E9510000E9510000E9510000E951000081
S3150000514010B5054C237833B9044B13B1044800E07D
S3150000515000BF0123237010BD08700020000000006E
S31500005160EC54000008B5034B1BB10349034800E0AB
S3150000517000BF08BD000000000C700020EC540000C9
S31500005180064B0748DA1C121AC11E22F00302994286
S3150000519088BF0022034900F087B900BF08700020CD
S315000051A000700020F8540000064B0748DA1C121A5B
S315000051B0C11E22F00302994288BF0022002100F09E
S315000051C080B900BF2470002008700020044B054AF7
S315000051D09A60D3F8882042F47002C3F8882070479A
S315000051E000ED00E000500000FEE708B5FFF7EEFF17
S315000051F0FFF7C6FFFFF7D8FF00F00FF9017901228C
S315000052000431033000F033B900F02FB900B5C3B054
S3150000521000F029F9B0F5027F17D14FF4847200210E
S31500005220684600F04EF9A0238DF8033002238DF86E
S31500005230043001238DF8063046238DF8073000230D
S3150000524068468DF80830FFF7D9FF4FF484720021C5
S31500005250684600F036F9A0238DF8033004238DF854
S31500005260043000F0D8F8CDF807006846FFF7C6FF0F
S3150000527043B05DF804FB30B5ADF5097D04464FF447
S315000052808472002146A800F01CF920238DF81B31FA
S3150000529002238DF81C314FF48472002104A800F01B
S315000052A010F94FF47A7500F0E4F80028FBD00123DA
S315000052B00095194603AA0DF1130000F0DCF89DF8DD
S315000052C01330202BEFD101230321009503AA05A853
S315000052D000F0D1F80028DED1039B032BDBD19DF82B
S315000052E0145075B140F6B8332946009303AA01233A
S315000052F00DF1170000F0BFF80028CCD1039B9D42AA
S31500005300C9D19DF81530002B4FD19DF81650022DAE
S315000053100DD0032D1DD0012DBDD18DF81E518DF858
S315000053201F318DF8203146A8FFF768FFB3E7224604
S315000053309DF8171006A800F0B5F88DF81E5128B193
S3150000534041F20703984214BF46200020ADF81F0122
S31500005350E9E763788DF81E512BB3A378002B0CBFB9
S315000053604623002346A8ADF81F31FFF747FF6378B1
S31500005370002B90D0A378002B8DD023785A0705D523
S31500005380E06800F042F808B100F041F823789B0786
S3150000539081D5656800F03FF885427FF67CAFA0684E
S315000053A000F037F877E74623DCE7012B7FF473AF8D
S315000053B09DF81630012B7FF46EAF637833B1A37876
S315000053C023B940F2032000F04CF864E79DF817304B
S315000053D0012B0CBF40F2022040F20120F3E7FFF759
S315000053E013BFFFF713BF1FB510220021684600F058
S315000053F068F8202000F054F8002268461146FFF7AE
S315000054003AFF05B05DF804FB7047FEF7B9BFFEF73B
S31500005410CBBFFEF765BFFEF783BF10B5FFF7DFFF13
S31500005420FFF7DFFF18B14FF4017000F01AF8FFF72D
S31500005430DAFF0446FFF7E8FF1CB140F203739C4213
S3150000544003D140F2012000F00CF8A4F20574012CFF
S3150000545094BF40F203204FF4017000F002F80020E0
S3150000546010BDFEF769BFFEF787BFFEF7A1BFFEF7C7
S315000054707FBFFEF769BF00B58BB08DF807300DF121
S31500005480070302930CAB04930223CDE906010892AD
S31500005490194606AA02A8FEF753FF0BB05DF804FBF7
S315000054A0FEF72ABFFEF730BF0A44431E914200D1E1
S315000054B0704710B511F8014B914203F8014FF9D12D
S315000054C010BD02440346934200D1704703F8011B06
S315000054D0F9E70000F8B500BFF8BC08BC9E46704767
S315000054E0F8B500BFF8BC08BC9E467047F8540000EB
S315000054F000700020020000006551000041510000CC
S31500006000000F002095E4000091E4000035890000AF
S3150000601091E40000458900005589000091E40000E4
S3150000602091E4000091E4000091E4000091E4000096
S3150000603091E400007885030091E4000091E40000FB
S3150000604091E4000091E4000091E4000079A90200C7
S3150000605091E4000091E4000031AC020091E40000FC
S3150000606091E4000091E4000091E4000091E4000056
S315000060701D03030091E4000091E4000091E4000098
S3150000608091E4000091E400004999000091E40000C9
S3150000609091E40000A9DE000091E4000091E4000014
S315000060A091E4000011DA0000EDD9000091E400004F
S315000060B091E4000091E4000091E4000091E4000006
S315000060C091E4000091E4000091E4000091E40000F6
S315000060D091E4000091E4000091E4000091E40000E6
S315000060E091E4000091E4000091E4000091E40000D6
S315000060F0E9AD020091E4000091E4000091E40000A3
S3150000610091E4000091E4000091E4000091E40000B5
S3150000611091E4000091E4000091E4000091E40000A5
S3150000612091E4000091E4000091E4000091E4000095
S3150000613091E4000091E400009DFB0200A9FB02002F
S3150000614010B5054C237833B9044B13B1044800E06D
S3150000615000BF0123237010BD901400200000000032
S31500006160E4D4030008B5034B1BB10349034800E020
S3150000617000BF08BD0000000094140020E4D4030012
S31500006180A3F5803A704700BF174B002B08BF134B8F
S315000061909D46FFF7F5FF00218B460F461348144A2C
S315000061A0121A0AF0ECFC0E4B002B00D098470D4B50
S315000061B0002B00D098470020002104000D000D4858
S315000061C0002802D00C4800E000BF0AF097FC20002F
S315000061D0290008F0C0FA0AF07DFC00BF00000800A4
S315000061E00000000000000000000F002090140020B6
S315000061F0207B002000000000000000002DE9F04395
S3150000620085B0064605F065F80023074601229F2063
S315000062100DF10301CDE90133039325F02DFB9DF824
S315000062200330ABBB002430460AF0A8FD254D0444DC
S3150000623028881FFA84F810FA84F4A4B2B4F5077F0C
S315000062403DD800F033FB044601A80AF097FD02464C
S31500006250288801A920440AF085FC01A80AF08EFDD1
S31500006260814630460AF08AFD2988024601EB09007C
S315000062702044002431460AF075FC2B889844A5F882
S315000062800080384605F02BF8204605B0BDE8F083BF
S3150000629029F0C8FD0028C5D09DF80340FF212246FD
S315000062A001A80AF06CFC04F110030DEB03040223B1
S315000062B001A804F80C3C0AF061FD84B2B3E701249E
S315000062C0DFE700BFAC1400202DE9F041044605F0DD
S315000062D000F8064620460AF051FD0346104D87B2E7
S315000062E0288810FA83F39BB2B3F5077F15D800F020
S315000062F0DDFA804620460AF041FD2146002402468A
S31500006300288840440AF02EFC2B881F442F803046F4
S3150000631004F0E5FF2046BDE8F0810124F7E700BF61
S31500006320AC14002070B529F001FD04F0D2FF0D4E2B
S315000063300546338883B100F0B9FA04460A4B014694
S315000063403288186803F034FB40F21D2200212046F3
S315000063500AF015FC002333802846BDE8704004F09F
S31500006360BEBF00BFAC140020CC11002038B50546D6
S3150000637004F0AFFF04462846FFF740FFFFF7D2FFC1
S315000063802046BDE8384004F0AABF38B5054604F0FB
S31500006390A0FF04462846FFF797FFFFF7C3FF2046F6
S315000063A0BDE8384004F09BBFF8B5234C0746237878
S315000063B00E46302B15462DD16378782B2AD1A01C9A
S315000063C002F02EFE58B1A01C0AF0D8FC08282DD8E1
S315000063D000210B460234884203D19F4227D2012076
S315000063E029E014F8012B1B01A2F1610CBCF1050F89
S315000063F00DD9A2F1410CBCF1050F94BF4FF0370C3B
S315000064004FF0300CA2EB0C0213440131E3E74FF0DE
S31500006410570CF7E7084802F0F5FD0028DFD00A22FE
S31500006420002105480AF0FEFD0346D6E700230020BA
S3150000643033602860A880F8BDAE14002037B5154635
S315000064401A4603680C46069953B90B4620460C4972
S315000064500AF062FC20460AF091FC286003B030BDC9
S315000064608388581E622805D80091064920460AF0FE
S3150000647053FCEFE7632BEDD900910349F6E700BF24
S31500006480502C0300572C0300662C030007B5044B61
S315000064900093044BFFF7D2FF03B05DF804FB00BF87
S315000064A01DCE0300075903002DE9F04F85B01D46A8
S315000064B0DDE90F769DF83830824688469146002100
S315000064C04FF40072984801930AF059FBDEB1B6F812
S315000064D000C0B8F800301AF80320202A0FD04A4529
S315000064E014D00D2A05D842F2014323FA02F2D3074B
S315000064F00FD4002242F2014E14468B481BE00133B2
S31500006500A8F80030E5E74FF0800CE2E70133A8F881
S31500006510003000202F232860AB804FE0222B34D19F
S31500006520002A36D1012203550134A4B2B8F800304E
S315000065300133A8F80030B8F800101AF801300AB98B
S31500006540994506D00D2B18D9B4F5007FE6D39945A9
S3150000655002D10131A8F800100022734B1A5501220E
S315000065602A602122AA80019A062A00F2BB80DFE86F
S3150000657002F0152B3D4E79A3B8002EFA03FB1BF053
S31500006580010FE4D1B4F5007FE1D2002ACAD1202B55
S31500006590CCD0035501340022A4B2C7E71B782D2BBB
S315000065A001D101200AE02A46FF2003A9FFF7FCFEDD
S315000065B00028F6D1039B3B701EB9002005B0BDE84C
S315000065C0F08F01233380F8E71B782D2BE9D02A467C
S315000065D04FF6FF7003A9FFF7E7FE0028E1D1039B02
S315000065E03B80002EE9D002233380E7E71B782D2B72
S315000065F0D7D02A464FF0FF3003A9FFF7D5FE002873
S31500006600CFD1039B3B60002ED7D00423ECE714B90F
S31500006610002038707EE7012C02D13023AB80C0E722
S31500006620022C06D11A78222AF7D15B78222BF4D1D4
S31500006630EEE7A4F10208E04512DC0021621E3846AE
S315000066400AF09DFA4246384638490AF08BFA1EB1DE
S3150000665038460AF093FB308000202860A880ADE71A
S315000066600523DBE714F001089BD1BCEB540F4FEA7E
S31500006670540A96D3C346DFF8B0901FFA88F39C42BB
S3150000668009F1020904D8002EE6D0A6F800A0E3E737
S3150000669019F8023C10228DF80C3019F8013C002143
S315000066A003A88DF80EB08DF80D300AF0BBFC08F18A
S315000066B0020807F8010BE0E71B4802F0BFFC0028C0
S315000066C03FF46FAF0A22002117480AF02DFC00F1B3
S315000066D08003FF2B3FF665AF00232B60AB8038703D
S315000066E06AE70EB9632399E73388A34201D8642386
S315000066F094E74FF00008621C0021384692B20AF077
S315000067003EFAC5F80080A5F8048014B92F23AB80A3
S3150000671053E72246044938460AF024FA38460AF076
S315000067202DFB308049E700BFAE140020AF140020D7
S315000067302DE9F043002686463746B04635463046B4
S31500006740DDF81CC01E708CF80060B4B2A14268D996
S3150000675008B1BDE8F0831EF80440072D21D8DFE814
S3150000676005F00416224B30424249202C33D9222C04
S3150000677046D03D2C4AD03F2C1DD0944258D19CF88F
S3150000678000400027013401258CF8004023E0202C2E
S3150000679042D9222C34D09442F1D004F0FD043D2C91
S315000067A049D105201DE0202C28D9222C28D094423E
S315000067B0F7D03F2C3FD11C780027013403251C70ED
S315000067C009E0202C28D9222CEBD03D2C1ED03F2CC2
S315000067D0F1D09442D3D09CF80040A846072C28BF9D
S315000067E030200136B1E7222C4FF000070CBF0725F9
S315000067F00525F0E79442C2D0202CD2D80027EAE73C
S315000068001C780027013406251C70E4E71C78002755
S31500006810013402251C70DEE70025DCE74FF0040892
S31500006820BFE7002895D1B8F1050F08BF052090E70E
S31500006830002FF3D101271C78042501341C70CAE708
S3150000684020288CBF002001207047F8B514461D464D
S3150000685006460F4629F0D4FA04F034FD0022631EE2
S31500006860C4F10104E1188D4203DCBDE8F84004F0F0
S315000068702DBD13F801CF511C06F802C0B942D4BF92
S315000068800A460022EEE700000246531E622B084627
S3150000689002D804490AF040BA632A01DD0249F9E741
S315000068A0704700BF752C0300822C03000048704718
S315000068B0AF18002000487047AF1600200048704708
S315000068C0AF17002038B50D460446D8B101281CD0B4
S315000068D002281CD0032803D10F23EB40DB0704D486
S315000068E040F22D410B4807F0ABFD3020012141F26B
S315000068F01003444304F1A04401FA05F504F570348D
S31500006900E55038BD40F2FF13E7E71F23E5E7FF2315
S31500006910E3E700BF8F2C030038B50D460446D8B117
S3150000692001281CD002281CD0032803D10F23EB40DA
S31500006930DB0704D440F2FE310B4807F081FD30201E
S31500006940012142F21003444304F1A04401FA05F583
S3150000695004F57034E55038BD40F2FF13E7E71F2316
S31500006960E5E7FF23E3E700BF8F2C030037B5CCB282
S3150000697001F00301032905461CD001213A2003F04A
S3150000698067FF0D4B042213F8150003EB45035978F6
S315000069900123CDE9000105F0E7F9DDE9000114F076
S315000069A0020504D0FFF78EFF002003B030BDFFF7CD
S315000069B0B3FFF9E72120F8E7F82F0300024610B5E8
S315000069C00C46074B13F8100003EB420359781CB929
S315000069D0FFF7A2FF002010BDFFF774FFFAE700BF24
S315000069E0F82F0300002142F210700B4610B50E4A34
S315000069F00E4C11720131032913705460D372537215
S31500006A009372D060137402F11402F2D1084A094954
S31500006A101370C2E9011364211374D160064A13701E
S31500006A201371C2E9023310BDF01A00200080045031
S31500006A30DC1A002000C00450CC1A002002F00C031F
S31500006A400C2B2DE9F74306460D4617465FFA82F8EA
S31500006A5000F0928000F060FA037913F0080912D072
S31500006A606D4C2278B24200F09080227DB24200F056
S31500006A708B8094F82820B24200F091804924204669
S31500006A8003B0BDE8F08313F0100106D0634C237801
S31500006A90B34200F086804C24F1E7580740F193801A
S31500006AA0DFF8809199F80030B34200F083804E24DD
S31500006AB0E5E723460222ABE0C5F3072505F01005FE
S31500006AC004F002032B4306D03946304603B0BDE836
S31500006AD0F043FFF74BBF220723D54F490B7833B15D
S31500006AE00B7DE3B191F82830002B47D10223142205
S31500006AF04B48534300EB46046478CA1810F8160056
S31500006B0094721C1D0C44CE540C335072194420460A
S31500006B1007F054FA204607F0F1FA0024AFE7012304
S31500006B20E5E7E30619D53D4D2C784CBB29463C4B91
S31500006B3041F80C4F13F8162003EB46035B786A7294
S31500006B40AB722E70281D00F0C3FE2146281D00F0F2
S31500006B5047FF281D00F0D6FD91E714F004048ED0FF
S31500006B60304D2B7873B93146012025F0D5FC04460B
S31500006B70002884D12E7082E7212480E74A247EE70C
S31500006B804D247CE74F247AE71434201D019007F04A
S31500006B90E3FA019807F00EFB0023237013E0283474
S31500006BA0F3E7201D00F0DCFD201D00F007FE84F851
S31500006BB0009008E0084625F0AFFC044600287FF464
S31500006BC05EAF89F80040E907ECB27FF575AF08F0D3
S31500006BD00303032BD0D027F0404424F03F04002CBD
S31500006BE0CAD101213A2003F033FE0D4B18F0010FF4
S31500006BF013F8160003EB460359787FF45AAF08F0F2
S31500006C000208B8F1000F0BBF002301230122022264
S31500006C1005F0AAF833E700BFF01A0020DC1A0020BE
S31500006C20F82F0300CC1A002070B505460C4600F07C
S31500006C3073F903799A0705D521462846BDE87040C1
S31500006C40FFF7BCBE13F0080012D0174B1A78AA4201
S31500006C5019D01A7DAA4215D093F82820AA4216D038
S31500006C60492070BD181DE1B207F0EAFA0020F8E7E6
S31500006C70DB0605D50D4E3378AB420AD04C20F0E743
S31500006C804B20EEE71433642CECD90220E9E72833D5
S31500006C90F9E7F3689C42E4D02146301D00F0A0FEDF
S31500006CA00028DED1F460DCE7F01A0020DC1A0020B0
S31500006CB013B50446019100F02FF94379DB0606D59A
S31500006CC02046019902B0BDE81040FFF777BE4B2081
S31500006CD002B010BD70B50C46064600F01DF90379EA
S31500006CE0D9072BD51B4B13F8165003EB46035E78DA
S31500006CF0EDB1012D1ED0022D1ED0032D03D10F2282
S31500006D00F240D20704D440F2CF31134807F098FB83
S31500006D1030231422002013FB052303F1A04303F5BF
S31500006D2070331B68F34003F00103236070BD40F22B
S31500006D30FF12E5E71F22E3E7FF22E1E75B0705D540
S31500006D4034B12046BDE8704025F040BC4B20EDE74D
S31500006D502E20EBE7F82F03008F2C030001380023C9
S31500006D60042805D8DFE800F0030611131D000123EF
S31500006D70184670470807CBB201D51023F8E713F081
S31500006D80040F0CBF02230823F2E70423F0E7CAB27C
S31500006D90C90701D52023EBE712F0020F18BF4023E5
S31500006DA0E6E7C807CAB201D58023E1E7910702D515
S31500006DB04FF48073DCE7500702D54FF40073D7E732
S31500006DC0110702D54FF48063D2E712F0100F18BFF7
S31500006DD04FF40063CCE700002F2809D8054B53F881
S31500006DE020302BB131EA030314BF2E200020704758
S31500006DF02E207047382F0300034B03EB0010407919
S31500006E00C0F30010704700BF2C1B00202DE9F04195
S31500006E1006460D4690461F4601F09AFE0446D0B936
S31500006E202946304600F0D4F90446A0B93A46294628
S31500006E303046FFF703FE044668B90C4A310102EBFF
S31500006E400613565415F478665D6083F80880DF6093
S31500006E5004D001F05BFF2046BDE8F08115F0600428
S31500006E60F9D000F051FA3446F5E700BF2C1B00209C
S31500006E7070B505461E4669B1FFF7AEFF044650B928
S31500006E802846FFF7B9FF30B933462846BDE87040BB
S31500006E90FFF7BCBF2124204670BD000013B54FF498
S31500006EA040720021114809F06AFE01F047FEFFF723
S31500006EB099FD00F085F902F0A1F900230C4C01229E
S31500006EC002200DF10701237024F0D6FC9DF907007E
S31500006ED0002809DB02F08AF9207028B1012302227A
S31500006EE04FF48051FFF7C4FF02B010BD2C1B0020E9
S31500006EF02C1E002037B50C46054611462046019249
S31500006F00FFF72CFF224601462846019B03B0BDE849
S31500006F103040FFF7ADBF00002F289ABF024B03EBAE
S31500006F2000100020704700BF2C1B0020044B0146B8
S31500006F30187818B101B10121FFF7BABE704700BF3A
S31500006F402C1E002010B50C4604F0C3F9064A14F0B6
S31500006F50010FD2E9003218BF1346044A136004F049
S31500006F60BEF9012010BD00BFF0290020E82900204D
S31500006F702DE9F0410025214C214B86B003F2DC526D
S31500006F802360636104F10C03C4E903556260A361E5
S31500006F9006F086FE294604F1080006F009FE0546BD
S31500006FA040BB184E0146304604F0E8FBF36843F454
S31500006FB08013F3604FF08043134F7B604FF020083F
S31500006FC0124B87F83E8340F2DC52CDE9035301238E
S31500006FD0CDE901320E4B4FF480110093A068059560
S31500006FE0D4E9002306F0C4FE0521304687F8158350
S31500006FF004F0C4FB284606B0BDE8F081F029002065
S315000070002D1E00200000035A00E100E0456F00003D
S315000070103400035A13B50A4C01A9A06806F022FFF2
S3150000702060B9084B61681A6840F2DC53914208BFA8
S315000070301846019A9B1A184402B010BD0020FBE7BF
S31500007040F0290020E829002010B5FFF7E3FF0F4BD9
S315000070500F4C1B68834214D91B1A3F2B227808D881
S315000070602AB10C4B986806F09DFE00232370207809
S3150000707010BD002AFBD1074B986806F0B3FE01232A
S31500007080F4E72378002BF2D1F5E700BF0C2A0020A5
S31500007090EC290020F029002008B5FFF7BBFF054BBF
S315000070A01B68834285BFC3F53B630833C01AC0180B
S315000070B008BD00BF0C2A002070B5FFF7EDFF40F6B3
S315000070C0C902A0F2EF21914203460CD90020114AD1
S315000070D0114D116805F6B83629440C46B0F5FA7F0D
S315000070E015D2984201D9002011E014F8011B421C68
S315000070F00D2904D0B4422946EFD81046EEE7934254
S3150000710006D2B2F5FA7F2CBF4FF4FA70002070BD9C
S315000071101046FCE70C2A00202D1E00202DE9F04722
S315000071200D46064604F0D5F88046FFF7B5FF04463F
S3150000713018B3A84228BF2C46DFF85890DFF858A0AD
S31500007140D9F80070C7F53B650835A5420AEB07017B
S3150000715016D32246304609F005FD40F6B832D9F876
S3150000716000302344B3FBF2F102FB1133C9F80030BF
S31500007170FFF76AFF404604F0B2F82046BDE8F08704
S315000071802A46304609F0EEFCA7F6B83251462244AC
S315000071907019E0E70C2A00202D1E002010B5064CC1
S315000071A0237833B10548002104F0A2FE034804F019
S315000071B0F1FE0023237010BD102A00200000015AA2
S315000071C00022024B1A705A709A707047102A0020DB
S315000071D070B504460D46FFF79FFE037913F040068F
S315000071E00CD0FFF7DBFF00220D4B9A70AA06EBB21C
S315000071F00BD50B4B587880B95C7070BD9906F5D5E8
S31500007200FFF7CCFF064B5E70F0E713F04000F4D0BA
S31500007210034B987808B99C70EFE74720EDE700BF6D
S31500007220102A00207FB50C4B1B789BB10378029186
S31500007230ADF804300223094801A9ADF80630ADF8CF
S315000072400C2007F0DDF8002814BF0E20002007B040
S315000072505DF804FB0E20FAE7102A00200000015A10
S3150000726010B50F4C86B02478C4B110F8014B013923
S31500007270ADF8044004240290ADF80C1009480DEB5B
S315000072800401ADF806400492ADF8143007F0B8F8E2
S31500007290002814BF0E20002006B010BD0E20FBE70C
S315000072A0102A00200000015A7FB50F4B1B78CBB186
S315000072B010F8013B0139ADF804300123ADF8063072
S315000072C000230290ADF80C10084801A90493ADF80C
S315000072D0143007F095F8002814BF0E20002007B0E0
S315000072E05DF804FB0E20FAE7102A00200000015A80
S315000072F008B5044B987820B1FFF70EFE007BC0F36B
S31500007300810008BD102A002070B51D4D6B782C78C1
S3150000731083B3AB7873B33CBBFFF7EAFF012824D0F5
S31500007320022824D11749184C184BAA782360184B09
S31500007330207413F8126003EB4202527826716271D0
S315000073406A783A2013F8126003EB42035B78A67161
S31500007350E3710023C4E90231012103F079FA2046E2
S3150000736006F08EFF01232B7070BD0A49DBE720462D
S315000073700949D8E7002CF7D0BDE87040FFF70EBFEB
S31500007380102A00201F100F00142A00200000015AA6
S31500007390F82F0300DDFB0500A0860100F0B54B4D7C
S315000073A095B00AAC07460FCD0FC40FCD0FC495E8B4
S315000073B0030084E8030001240026032521462A2031
S315000073C0CDE90566CDE9076609968DF816508DF864
S315000073D010408DF811608DF812608DF8136003F07F
S315000073E037FA21463A2003F033FA394805F008F80F
S315000073F002214FF4B06003F0EBFC324635493448C5
S3150000740005F08EF840F6E44302228DF82100ADF82F
S315000074100E300DF10E01334604208DF81F608DF8F5
S315000074202B5024F029FABDF80E3032460D939DF804
S31500007430213029490093264833468DF8296005F006
S315000074409DF8264B0C9003EB470213F81730527841
S31500007450AB4237D8DFE803F0021D283312F0010FE4
S315000074600CBF01214FF4803182F080031C4A8DF855
S3150000747011300123116016480AAA07A98DF81030A9
S3150000748005F0B6F8124804AA05A904F069FF002021
S3150000749019E012F0010FA2F170030CBF01214FF4A5
S315000074A08031104ADBB2E2E7A2F1600312F0010F6D
S315000074B00CBF01214FF480310B4ADBB2D7E7A2F1B2
S315000074C05003F3E7212015B0F0BD00BF142D0300D3
S315000074D00040005A002D310180969800F82F0300D5
S315000074E020C3035024C3035028C3035008B50648DD
S315000074F004F086FF0020054BC3F82003C3F82403DD
S31500007500C3F8280308BD00BF0040005A00C003505E
S31500007510012313B50446084AD360536903F4A073E4
S31500007520B3F5807FF9D16846034905F001FA0020DA
S31500007530009B236002B010BD0040005A70B52B4E70
S3150000754092B008AD0FCE0FC50FCE0FC596E803005B
S3150000755001260024032385E80300254D31462A2011
S31500007560CDE90344CDE905448DF80E3007948DF836
S3150000757008608DF809408DF80A408DF80B4003F03D
S3150000758067F931463A2003F063F9284604F038FFDC
S3150000759002214FF4B06003F01BFC0223224628466A
S315000075A014498DF8173004F0BBFF234622468DF8A8
S315000075B019000090104928468DF8234004F0DEFF9C
S315000075C010230A9008AA284605A98DF809308DF8D7
S315000075D011408DF8086005F00BF8284602AA03A9A9
S315000075E004F0BEFE204612B070BD00BF142D03008D
S315000075F00040005A002D31018096980038B5174B8F
S31500007600044698420D461CD003F58043984222D08A
S3150000761003F5804398421ED003F5804398421AD062
S3150000762003F58043984216D040F2A7210C4806F095
S3150000763007FF00239D4204D940F28941084806F01D
S31500007640FFFE236BDB0704D440F28B41044806F0AF
S31500007650F7FEE56138BD4FF6FF73EBE70080045097
S315000076603C2D030038B5104B044698420D4614D005
S3150000767003F58043984210D003F5804398420CD01E
S3150000768003F58043984208D003F58043984204D01E
S3150000769040F25731054806F0D3FE15B10123E360E9
S315000076A038BD0223FBE700BF008004503C2D0300D9
S315000076B008B5114B984217D00DD8A3F50043984250
S315000076C014D003F58043984212D00C486E2106F080
S315000076D0B7FE802008BD0A4B98420BD003F58043C5
S315000076E09842F2D15220F5E72620F3E72420F1E76D
S315000076F02520EFE72720EDE700000550C12D030008
S3150000770000400550012301790268134803FA01F18C
S3150000771082421AD000F5804082420DD00F4B9A4229
S3150000772015D003F580439A4213D003F580439A425D
S315000077300CBF04234FF0FF3341F27C525B0103F18F
S31500007740A04303F57033995070470023F4E70223F2
S31500007750F2E70323F0E700BF008004500000055065
S31500007760012301790268134803FA01F182421AD013
S3150000777000F5804082420DD00F4B9A4215D003F59A
S3150000778080439A4213D003F580439A420CBF0423E8
S315000077904FF0FF3342F27C525B0103F1A04303F545
S315000077A07033995070470023F4E70223F2E703236E
S315000077B0F0E700BF008004500000055038B50446CD
S315000077C0FFF7CEFF2068194B984227D003F5804378
S315000077D0984225D003F58043984223D003F5804391
S315000077E0984221D0124A1349A3F5BD33A03B9042DB
S315000077F018BF19460025237941F8235005F09AFB56
S315000078002B462A46A179607904F0AEFA2068FFF784
S315000078104FFF294603F01CF8284638BD0649E9E71C
S315000078200649E7E70649E5E70649E3E7008004502D
S315000078300080055000C6035080C50350A0C5035004
S31500007840C0C50350E0C5035010B50C4603F02AF836
S315000078504FF4A043B0FBF3F0A04220D2B4EB400FAC
S3150000786020D9B4EB800F20D9B4EBC00F1FD9B4EBED
S31500007870001F1ED9B4EB401F1DD9B4EB801F1CD9C5
S31500007880B4EBC01F1BD9B4EB002F1AD9B4EB402FB1
S3150000789019D90E4884428CBF0220002010BD40F248
S315000078A0FF30FBE740F2FF10F8E7FF20F6E77F2006
S315000078B0F4E73F20F2E71F20F0E70F20EEE707206E
S315000078C0ECE70320EAE70120E8E700BF40420F00AB
S315000078D0F0B5044689B000680D46FFF7E9FE0127BA
S315000078E00646012102F0B4FF01213A2002F0B0FF62
S315000078F02B790422A179607904F036FA0E22002150
S3150000790004A809F03CF90D22002168468DF8107094
S3150000791009F035F930462968FFF796FF022846D068
S3150000792000238DF810300223ADF8120004A9206858
S315000079308DF806308DF8047005F04AFA2068214B60
S31500007940984236D003F58043984234D003F58043FD
S31500007950984232D003F58043984230D01A491B4AE8
S31500007960A3F5BD33884218BF1346A77962792179FA
S3150000797042EA074243F821206A46002105F080FAD0
S315000079802868A0B1304602F08DFFBDF81210013113
S31500007990B0FBF1F029684900B0FBF1F1206801392C
S315000079A0FFF72CFE20680121FFF75CFE002009B0DE
S315000079B0F0BD074BD9E7074BD7E7074BD5E7074B92
S315000079C0D3E700BF008004500080055060C5035017
S315000079D080C50350A0C50350C0C50350E0C5035081
S315000079E02DE9F041054688B000680C46FFF760FEB9
S315000079F04FF0010806460E22002104A809F0BFF840
S31500007A000D22002168468DF8108009F0B8F821464D
S31500007A103046FFF719FF022835D002230027ADF8BC
S31500007A20120004A928688DF806308DF810708DF8BC
S31500007A30048005F0CDF928686A46394605F020FA33
S31500007A4028680369DB0707D544B92146FFF70AFE14
S31500007A50204608B0BDE8F081002CF9D0BDF8120030
S31500007A60471C304602F01EFFB0FBF7F06100B0FB8A
S31500007A70F1F128680139FFF7C1FD01212868FFF7F8
S31500007A80F1FD0024E4E70446E2E700002DE9F04FAB
S31500007A9000246B4BADF2744D18681B7940F2192225
S31500007AA0214606900DA88DF81C300C9409F067F855
S31500007AB00D23644E644FADF80830B6F820320DF150
S31500007AC0200897E80300224688E803000133304681
S31500007AD002A9039401F0F2FADFF88491083799F8C5
S31500007AE000A0BAF1000F01D100281ADAB6F8203248
S31500007AF0B3F5077F10D95549524809F037F9404682
S31500007B0003AA0CA9FEF7C2FC4FF44071B6F8203266
S31500007B104C480CAAFEF799FE20460DF2744DBDE8BE
S31500007B20F08F0BD106A809F029F9494B024606A9A0
S31500007B30186801F03DFF4FF0FF30D0E70DF1280B3C
S31500007B4097E8030040F219228BE80300514695A8F6
S31500007B50CDF814A0CDF850A209F011F804AA02211C
S31500007B60304601F0D7FA04A801F0E6FA202550467F
S31500007B705246B6F82042334B91B28C4202D919785C
S31500007B800D2912D10222334904A809F021F9B8B906
S31500007B9005464FF0020B304B5C4532D9BAF1000F67
S31500007BA01ED09DB30223621B44E02F2902D15978CF
S31500007BB02F2900D008B101201D7001320133DBE707
S31500007BC005AA94A95846FEF761FC94A809F0D6F8D0
S31500007BD01F4B024694A9186801F0EAFE0124AAE7A1
S31500007BE013F8010B0193FEF72BFE019B30B1013513
S31500007BF0ADB20BF1010B1FFA8BFBCDE74FF0010A7B
S31500007C00F7E7002DCED1AB1CA34216DA611E4D1B41
S31500007C100023A9B27354114B3046A3F54072A6F85F
S31500007C20201200F085FD044685E7F118495DF15400
S31500007C3001339BB29342F8DBE5E7651BE8E700BF3B
S31500007C40E52D0300282A0020002E0300054403002A
S31500007C50CC11002060D203002A2A00204C2F0020DD
S31500007C60512F002013B51F4B1F4C18681B7900902D
S31500007C708DF804300023206819460222806808F037
S31500007C8087FF0023206819460222406808F080FF1B
S31500007C90164B40F21D220021184608F070FF002402
S31500007CA0134BA0F82042A0F81E424FF44072214622
S31500007CB0184608F064FFA0F80043A0F8024300F05D
S31500007CC051FE40B1684609F059F80A4B024669462A
S31500007CD0186801F06DFE0023074A1370074A1370F7
S31500007CE002B010BDE52D0300480F0020282A002011
S31500007CF04C2C0020CC110020502F0020512F0020AA
S31500007D00F0B53F4B89B01B78002B3BD13D4E3E4C26
S31500007D103578012D1AD0022D64D085BB40F21D2284
S31500007D202946394808F02BFF384B4FF44072184665
S31500007D302946A4F82052A4F81E5208F020FF012379
S31500007D40A0F80053A0F80253337018E003F0C1FA0C
S31500007D50074628F081F80546B0B1B4F820022C4950
S31500007D60204409F003F8B4F820320833A4F820328E
S31500007D700223337027F0DAFF384603F0B0FA33787F
S31500007D80012BC5D109B0F0BDFFF786F938B3FFF76F
S31500007D9093F901460028EFD0B4F82032B1F5FA7F06
S31500007DA004EB03000BD3FFF7B9F9442219496846DF
S31500007DB008F0B2FF6846FEF7E8FA3570DCE7FFF731
S31500007DC0ADF90028D8D02946204601F0E7F920462B
S31500007DD008F0D4FF0223A4F820023370CCE728F081
S31500007DE06BF8C9E7FFF752FE012806D807490A4B88
S31500007DF0B1F80023186801F0DBFD0023A4E700BFFB
S31500007E00512F0020502F0020282A00204C2C002023
S31500007E10EA2D0300F32D0300CC11002030B50446F3
S31500007E200D460021ADF50D7D40F2192205A80491FD
S31500007E3008F0A5FE20460E4A0E4900F01AFC04463C
S31500007E4088B90290ADF80C0001AA04A902A8FEF7B1
S31500007E501DFB019B6A684FF44071138028689BB232
S31500007E6004AAFEF7F2FC20460DF50D7D30BD00BFDD
S31500007E70142E0300102E03002DE9F0470024ADF563
S31500007E80527D074640F219220E464BA821464A94D7
S31500007E900DF1280808F073FE7C2221460BA80794F2
S31500007EA0C8F8004008F06BFE802338463A4A3B4942
S31500007EB0ADF818308DF8174000F0DBFB0DF118090E
S31500007EC005460DF1170A002856D104233C68ADF883
S31500007ED01A00063400932C2208AB2046CDE901890E
S31500007EE00DF11A01FEF7E0FA089BA3BBBDF824309A
S31500007EF08BBB012308932F232C22ADF82430204678
S31500007F0008ABCDE901A500950DF11A01FEF7CCFAF3
S31500007F10089B03BBBDF82430EBB99DF817707B1E98
S31500007F201B0635D49DF8181001292AD13A46404639
S31500007F302AA9FFF777F9044648B91948FEF725FA42
S31500007F402AA8394601F03AF91648FEF71EFAA4B2F5
S31500007F50ADF824400CB10123089307AA4AA908A842
S31500007F60FEF794FA079B72684FF4407113803068ED
S31500007F709BB24AAAFEF769FC28460DF5527DBDE87C
S31500007F80F08707D93B4640462AAAFFF769F9D2E7A8
S31500007F902124DCE70524DAE7302E0300282E03002F
S31500007FA0075903001DCE03002DE9F0430024ADF56B
S31500007FB0317D074640F219220E4629A8214628940B
S31500007FC008F0DDFD7C22214609A80594089408F0F6
S31500007FD0D6FD80233846214A2149ADF8103000F0FD
S31500007FE048FB0DF1200805460DF11009002830D197
S31500007FF01C4BADF8120093E8030004233F6806AC5F
S3150000800084E803002C220093CDE9018923460DF173
S315000080101201B81DFEF748FA23684BB9A3883BB98D
S3150000802040469DF81010FFF73FF980B2A08008B1D6
S3150000803001232360204605AA28A9FEF727FA059BF7
S3150000804072684FF44071138030689BB228AAFEF71D
S31500008050FCFB28460DF5317DBDE8F083542E030068
S315000080604C2E0300442E03002DE9F04F0024ADF5FD
S31500008070137D054640F219220E460BA821460A94A6
S3150000808008F07DFDFF232846444A45498DF81540F2
S3150000809007948DF8143000F0ECFA05AF04460DF1A4
S315000080A0150B0DF11C0800286DD14FF0010A4FF099
S315000080B02F092D68ADF816000735CDE9017000903F
S315000080C008AB2C2228460DF11601CDF820A0ADF8FC
S315000080D02490FEF7E9F9089B002B43D1BDF8243024
S315000080E0002B3FD19DF8140001F080F807460028C8
S315000080F04ED008AB2C222846CDE901B400940DF1F0
S315000081001601CDF820A0ADF82490FEF7CDF9089B16
S3150000811043BBBDF824302BBB9DF81530013B042B27
S3150000812036D802232C220093284608ABCDE90184D9
S315000081300DF11601CDF820A0ADF82490FEF7B4F9A4
S31500008140089B7BB9BDF8243063B9079BFF2B1FD86A
S315000081501A4638469DF81510FEF7CCFE80B2ADF8EB
S31500008160240008B10123089306AA0AA908A8FEF765
S315000081708DF9069B72684FF44071138030689BB28C
S315000081800AAAFEF762FB20460DF5137DBDE8F08FC7
S31500008190012308932123ADF82430E5E7702E030070
S315000081A0682E0300F0B50F460021ADF5157D044697
S315000081B040F219220DA80C9108F0E1FCFF2320469D
S315000081C0294A2A498DF8113000F053FA0DF11106AB
S315000081D0054600283FD1D4F800C0254B06ACADF8C3
S315000081E012002C2293E80300234684E80300CDE91D
S315000081F0016500950DF112010CF10700FEF754F927
S315000082002368BBB9A388ABB99DF8110000F0EEFF57
S3150000821028B305A92560FEF75DFD064638B9059A1F
S31500008220144908A808F078FD08A8FEF7AEF8B6B21B
S31500008230A6800EB101232360204608AA0CA9FEF7EA
S3150000824025F9089B7A684FF44071138038689BB211
S315000082500CAAFEF7FAFA28460DF5157DF0BD0123A6
S3150000826023602123A380E7E79C2E0300942E0300BE
S315000082708C2E0300842E03002DE9F0430025ADF576
S31500008280137D044640F219220E460BA829460A958C
S3150000829008F075FCFF2320462F4A304907958DF8D4
S315000082A0153000F0E6F90DF1150705460DF11C092C
S315000082B0002849D1236808AC03F10708284BADF81C
S315000082C016002C2293E80300234684E80300404668
S315000082D0CDE9017500950DF11601FEF7E5F8236865
S315000082E00BBBA388FBB99DF8150000F07FFF0123A7
S315000082F00746236068B32F23A38002232C22009312
S3150000830040462346CDE901950DF11601FEF7CCF85E
S31500008310236843B9A38833B938460799FEF784FC26
S3150000832080B2A08008B101232360204606AA0AA9CC
S31500008330FEF7ACF8069B72684FF440711380306804
S315000083409BB20AAAFEF781FA28460DF5137DBDE811
S31500008350F0830223A380E8E7C02E0300B82E0300B3
S31500008360B02E03002DE9F0470024ADF5527D80467E
S3150000837040F219220F464BA821464A940DF11609E0
S3150000838008F0FDFB7C2221460BA8079489F80040E3
S315000083900A9408F0F4FB80234046464A46498DF885
S315000083A01740ADF8183000F064F906AE05460DF139
S315000083B0280A002876D1D8F80040ADF81A0006340D
S315000083C0CDE90190009008AB2C2220460DF11A0150
S315000083D0FEF76AF8089B002B53D1BDF82430002B1A
S315000083E04FD104232C220093204608ABCDE901A6E9
S315000083F00DF11A01FEF758F8089B002B41D1BDF884
S3150000840024300DF117082F2B4FF0000308BF3580DD
S315000084102C22CDE900380293204608AB0DF11A0153
S31500008420FEF742F8089B63BBBDF8241049BB99F8D8
S3150000843000407C222BA8B6F800902A919DF8176080
S3150000844008F09DFB631E012B31D8731E1B062ED42C
S31500008450B6B2204600962AAB5FFA89F20AA900F066
S31500008460D3FB044648B91548FDF78FFF2AA83146C5
S3150000847000F0A4FE1248FDF788FFA4B2ADF8244030
S315000084800CB10123089307AA4AA908A8FDF7FEFF25
S31500008490079B7A684FF44071138038689BB24AAAEA
S315000084A0FEF7D3F928460DF5527DBDE8F087212465
S315000084B0E3E700BFDC2E0300D42E030007590300B8
S315000084C01DCE03002DE9F0430024ADF5337D0646AD
S315000084D040F219220D462BA821462A9408F04FFB9C
S315000084E021467C220BA807948DF817400A9408F0C1
S315000084F046FB802330462D4A2D49ADF8183000F052
S31500008500B8F80DF1170904460AAF0DF1180800284E
S3150000851044D13668ADF81A000636CDE901900090D0
S3150000852008AB2C2230460DF11A01FDF7BDFF089B62
S315000085301BBBBDF8243003BB04232C22009330461A
S3150000854008ABCDE901780DF11A01FDF7ADFF089BE7
S315000085509BB9BDF8243083B99DF81700431E012B43
S3150000856021D89DF81820F2B123463946009400F030
S315000085704BFB80B2ADF8240008B10123089307AA8B
S315000085802AA908A8FDF782FF079B6A684FF4407185
S31500008590138028689BB22AAAFEF757F920460DF5E4
S315000085A0337DBDE8F0832120E3E700BFF82E03000A
S315000085B0F02E030010B5054A054900F05AF80446A6
S315000085C010B9022000F0AEF9204610BD102F0300AE
S315000085D00C2F030003788B420DD8407881420CD8CB
S315000085E020B182422CBF302000207047002A0CBFE9
S315000085F00020052070472F20704730207047022347
S3150000860010B50144884201D0022B01D0184610BD96
S3150000861010F8014B944208BF0023F3E7436813B5F3
S31500008620044623B9E3689BB9002002B010BD0122BD
S315000086300DF1060100230F2023F01EF99DF80620F8
S31500008640217A6068FFF7DBFF0028EBD05820ECE7C3
S3150000865001220DF1070100230E2023F00DF99DF8EC
S315000086600720217CE068FFF7CAFF0028DCD00E2037
S31500008670DBE72DE9FF4100238DF80E308DF80F3032
S31500008680138807460468884616460846002B40D1DC
S3150000869008F074FB414602460546204608F076FB84
S315000086A00446002841D1BB88ADB2AB4200D93CB3E9
S315000086B0B378E3B904BB404608F060FB3D68044666
S315000086C0284608F05BFB0DF10F03011B00932819E8
S315000086D02C220DF10E03FEF72BF8044660B9304646
S315000086E09DF80F209DF80E10FFF774FF04461CB985
S315000086F03046FFF793FF0446204604B0BDE8F081FC
S315000087003B68585DFEF79CF8002808BF0524013534
S31500008710C9E708F033FB41460246204608F036FB1F
S31500008720002814BF0F240024C2E70F24C0E700006E
S3150000873030B589B0CDE9022382785F4B0090D35CD7
S31500008740ADF8041003F00303012B08BF2032D3B2A7
S315000087502B2B25DC12F0E00F04D1002B00F09C80BF
S315000087600F205EE0203B0B2BFAD801A252F823F033
S31500008770998800006187000061870000618700001A
S31500008780618700007B8800005D880000618700002B
S315000087906187000061870000618700004188000052
S315000087A0732B22D011DC642B2DD0692BD8D1434CEE
S315000087B0434DAC422346D3D068461B6802A998476E
S315000087C00F2804F10404F4D02AE07A2BC8D13D4CDA
S315000087D03D4DAC422346C3D068461B6802A9984764
S315000087E00F2804F10404F4D01AE0384C384DAC429A
S315000087F02346B5D068461B6802A998470F2804F19E
S315000088000404F4D00CE0334C334DAC422346A7D0DD
S3150000881068461B6802A998470F2804F10404F4D09F
S3150000882060B104A9FEF730F804A808F0A7FA2B4BAC
S31500008830024604A9186801F0BBF8012009B030BD52
S31500008840274C284DAC4223468AD068461B6802A9AD
S3150000885098470F2804F10404F4D0E1E7224C234D95
S31500008860AC4223463FF47CAF68461B6802A9984792
S315000088700F2804F10404F3D0D2E71D4C1D4DAC4281
S3150000888023463FF46DAF68461B6802A998470F2838
S3150000889004F10404F3D0C3E7174C184DAC42234649
S315000088A03FF45EAF68461B6802A998470F2804F19B
S315000088B00404F3D0B4E700BFEC350300E8D40300AA
S315000088C0ECD40300F0D40300F4D40300ECD403008A
S315000088D0F0D40300F0D40300F0D40300CC11002040
S315000088E000D503009CD50300F8D4030000D503008F
S315000088F0F4D40300F8D40300E4D40300E8D403005E
S31500008900BFF34F8F0549064BCA6802F4E062134372
S31500008910CB60BFF34F8F00BFFDE700BF00ED00E067
S315000089200400FA0508B5024B1880FFF7E9FF00BFFF
S31500008930207B0020112208B5014B1A80FFF7E0FFCB
S31500008940207B0020122208B5014B1A80FFF7D8FFC2
S31500008950207B0020132208B5014B1A80FFF7D0FFB9
S31500008960207B00207FB504F061F90025064601242E
S31500008970ADF80C50ADF80E4004F052F9F3073FD4B1
S31500008980B50718D50423ADF80E300025012603AA35
S3150000899002230321CDE90056062022F018FF022308
S315000089A00321CDE900560DF10E02072022F00FFF3C
S315000089B0204604B070BD300701D50623E3E7B106B3
S315000089C001D50523DFE7320606D50323ADF80E30C1
S315000089D02123ADF80C30D8E7F30504D50323ADF811
S315000089E00E302223F5E716F0400005D00223ADF83D
S315000089F00E30044B1B88ECE70446ADF80E00C4E7C6
S31500008A002C46C2E7207B002010B5044C237813B116
S31500008A10034804F04DFE0023237010BD522F0020A2
S31500008A20E079002038B50D460446D8B101281CD09F
S31500008A3002281CD0032803D10F23EB40DB0704D404
S31500008A4040F22D410B4805F0FBFC3020012141F29C
S31500008A501003444304F1A04401FA05F504F570340B
S31500008A60E55038BD40F2FF13E7E71F23E5E7FF2394
S31500008A70E3E700BF8F2C0300012838B503D0022896
S31500008A802AD0022027E01C4B1A79002AF9D01B4B6A
S31500008A9013F8124003EB42035D7839BBFCB1012C9D
S31500008AA020D0022C20D0032C03D10F23EB40DB0770
S31500008AB004D440F2FE31124805F0C2FC01233020F6
S31500008AC003FA05F542F21003604300F1A04000F5F9
S31500008AD07030C550002038BD074B5A79D5E740F2B3
S31500008AE0FF13E3E71F23E1E7FF23DFE729462046DD
S31500008AF0FFF798FFEEE700BF522F0020F82F030084
S31500008B008F2C030013B5044601213A2001F0A0FE84
S31500008B10094B13F8140003EB44035978CDE900011F
S31500008B20FFF780FFDDE900010123042202B0BDE862
S31500008B30104003F019B900BFF82F03000022034BC1
S31500008B401A705A70DA701A715A717047522F0020D3
S31500008B5070B504460D46FEF7DFF990F90430002B98
S31500008B600CDAFFF751FF0022264B5A702E0628D545
S31500008B70244B5878002843D15C7070BD437913F0BC
S31500008B80010605D0FFF740FF00221E4B9A70EDE765
S31500008B9013F0020104D0FFF737FF1A4BDE70E5E74A
S31500008BA013F0040207D0174B19715B79002BDDD146
S31500008BB0FFF72AFFDAE71B07D8D5124B5A711B7944
S31500008BC0F4E7E805C5F3072304D50E4B9878B8B942
S31500008BD09C70D2E7990704D50A4BD87880B9DC7027
S31500008BE0CBE75A0704D5074B187948B91C71C4E777
S31500008BF013F00800C1D0034B587908B95C71BCE783
S31500008C004820BAE7522F00202DE9F84F2DED028BB0
S31500008C101E462E4B08EE100A1B7889461546BDF8EF
S31500008C203070002B4FD00021FFF726FF04460A20A4
S31500008C3000F0E6FA64BBD5B37FB3EB191FFA83F8ED
S31500008C40B8F1FF0F3DD8FDF735FE21464246824674
S31500008C5007F095FFFDF732FE83462146424607F0B0
S31500008C608EFF2A464946584607F07CFF524659462B
S31500008C704346174804F096FD3A4604460AEB0501BA
S31500008C80304607F06FFF012118EE100AFFF7F4FED9
S31500008C90BDEC028B2046BDE8F88FB9F1000FF2D08B
S31500008CA02A4649460A4804F0A3FD0446EBE7002F8E
S31500008CB0E9D0002EE7D03A463146054804F056FD85
S31500008CC0F3E70224DFE70E24E2E700BF522F00207D
S31500008CD0E0790020012808B503D0022810D004202E
S31500008CE008BD094B18790028F9D0FEF715F90028B8
S31500008CF0F5D0436813F4786FF1D0007B4009EFE7B5
S31500008D00014B5879EFE700BF522F002070B52F4C6A
S31500008D1088B063782578002B50D0A378002B4DD0EF
S31500008D20E378002B4AD022796379134346D0002D8D
S31500008D3042D10120FFF7CEFF294606461C2201A894
S31500008D4007F01DFF224BA1780093224B8DF81A6085
S31500008D5013F8112003EB41018DF80420627849785D
S31500008D6013F8120003EB42028DF80500E078527802
S31500008D7013F8105003EB40035B788DF809208DF84B
S31500008D800A300823144A2079CDE9032301238DF8FC
S31500008D9006508DF808108DF819308DF81B3008B183
S31500008DA0FFF7B0FE607908B1FFF7ACFE69460B48E5
S31500008DB004F050FB0123237008B070BD002DFBD0DA
S31500008DC008B0BDE87040FFF71FBE00BF522F00205D
S31500008DD000C00550F82F030040420F00E079002044
S31500008DE030B50131C418914201D3D01A30BD655C4B
S31500008DF045540131F7E700002DE9F7430D460446D7
S31500008E0000287CD1204603B0BDE8F083A35DA719F6
S31500008E105C2B06F101083BD114F80830722B2BD0DD
S31500008E2014F808306E2B0BD10A233B703146012310
S31500008E3020462A68FFF7D4FF28603B785C2B27D1B1
S31500008E4014F80830742B0BD109233B7031460123EB
S31500008E5020462A68FFF7C4FF28603B785C2B17D1B1
S31500008E6014F808305C2B21D10123314620462A68AC
S31500008E70FFF7B6FF28600BE00D233B703146012358
S31500008E8020462A68FFF7ACFF28603B785C2BC7D0EA
S31500008E903B78222B0AD114F80830222B2DD101233E
S31500008EA0314620462A68FFF79BFF28603B785C2BFB
S31500008EB023D114F8082012F8093013F0440F1CD0FF
S31500008EC0BB7813F8091011F0440F16D000218DF865
S31500008ED0042001A810228DF8053008F025F8387016
S31500008EE00223314620462A68FFF77AFF28602B685E
S31500008EF0B3428BD80022E25484E74646F7E70026C1
S31500008F00DFF80490F3E700BFEC35030070B500B15D
S31500008F10A2B970BD055DA5F13006092E04D925F06C
S31500008F202006413E192E01D8D554013301340D686F
S31500008F30A542EFD80B600021D154EAE700231C4676
S31500008F40F5E700002DE9F341044650B307F016FF9C
S31500008F5026460546DFF85080371BBD42F8B220D9B9
S31500008F60327812F8083013F0440F18D0737813F8DB
S31500008F70081011F0440F12D000218DF8042001A82A
S31500008F8010228DF8053007F0CFFF2A4606F8010BB0
S31500008F90012339462046FFF723FF0546DCE7002379
S31500008FA0337002B0BDE8F081EC350300F0B5002463
S31500008FB001F1010C944200D3F0BD0B5DA3F16105F4
S31500008FC0052D1BD9A3F14105052D94BF3725302565
S31500008FD05B1B1B016608DBB283551CF80450A5F128
S31500008FE06107052F0CD9A5F14107052F94BF372737
S31500008FF030272B44DB1B83550234DBE75725E7E795
S315000090005727F6E70549421E12F8013F0BB9012022
S3150000901003E05B5C13F00400F6D17047EC35030007
S315000090200549421E12F8013F0BB9012003E05B5CC3
S3150000903013F04400F6D17047EC35030010B5074C29
S31500009040421E12F8011F09B9012005E00B5D13F05D
S315000090500400F6D12D29F4D010BD00BFEC35030075
S31500009060044B0A0901F00F019A5C5B5C02704370C5
S31500009070704700BF272F0300F0B40B461646C0B951
S31500009080F0BC0146184607F07ABD055D2C093C5D2B
S3150000909005F00F059C544C007A5D013CE4B21A556C
S315000090A0CCB24A00B442D2B201F10101EDD3F0BC18
S315000090B070470021004FF3E7272F03002DE9F04109
S315000090C080460F4615461E4607F046FE48B138460E
S315000090D007F054FE04464FF0FF30361B2118AE420F
S315000090E013DCBDE8F0810133A3420CDA18F802E084
S315000090F017F803C0E64506D1994202F10102F2D102
S31500009100944205D0101B0135E9E72A460023EBE718
S315000091102046F8E770B50C461546064658B107F0E6
S315000091202DFEA042B8BF002431462246284607F04D
S3150000913063FE00232B5570BD70B504460546094EE7
S31500009140204607F01BFE2B1B984200D870BD2B78DB
S315000091509A5D02F00302012A08BF203305F8013B9D
S31500009160EEE700BFEC35030038B504460D4607F0C0
S3150000917005FE2346291BCA18904200DA38BD5A5DFF
S3150000918003F8012BF7E738B50C46054607F0F6FD60
S31500009190A042B4BF4FF0FF30285D38BD38B5054654
S315000091A00C46FFF7F0FF202805D921462846BDE8E2
S315000091B03840FFF7D9BF0134285DF4E7F7B5044618
S315000091C00027094E4518AC4201D103B0F0BD3388E3
S315000091D014F8011B01A8ADF804308DF80670FFF7EE
S315000091E03FFFFDF7D2F8EEE7242F03002F289ABFA2
S315000091F0014B185C00207047583003007047000090
S3150000920010B5044605F0CEF94FF47A729042B0FBE1
S31500009210F2F105D23621BDE810400C4805F010B930
S315000092200B4BB3FBF1F30B49884201D93C21F2E722
S3150000923002FB04F0B0FBF3F0022806D9BDE81040AB
S315000092400323B0FBF3F000F00BB810BD8830030029
S3150000925040420F00E7CD9A3B0000000000000000EE
S31500009260013800D0FCE7704708B526F009FC26F067
S315000092703DFC26F044FC26F04BFCBDE8084026F0F9
S3150000928048BC08B526F046FC26F045FC26F044FC12
S31500009290BDE8084026F041BC10B500F0EBFA0A4CD8
S315000092A00A4B19682368C31A01B10BB9206010BDB7
S315000092B04A699A423ABF9B1A0022D21A4A6128BFCB
S315000092C000238968F0E700BF5C2F0020702F002084
S315000092D0C38870B504460D463BB921F0E3FE8542CE
S315000092E0064602D221F0F8FE35460F4965610B6845
S315000092F0ABB90C60A36011E0AD1A9A6818466561B7
S315000093002AB113465A69AA42F6D950B11A461346EB
S315000093108460A36013B15969491B596170BD00206F
S31500009320F0E70C60F5E700BF702F002038B5134D4D
S315000093302B685B6993B1124A022014681C4400F042
S31500009340A3FA204600F0ACFA00230E492A680B70F7
S31500009350D088800709D501230B7038BD022000F0A4
S3150000936093FA022000F0D0FAEEE79268002AF4D0D1
S3150000937050690344012BEBD9EFE700BF702F0020A3
S315000093805C2F0020642F002070B516469DF814202F
S31500009390C0E903360271049ABDF818300260002253
S315000093A0C380826004460D4600F064FA3044A06132
S315000093B03DB9E368656113B120462168984796B1C7
S315000093C0354601F07FFF0646FFF766FF2946204631
S315000093D0FFF77EFF054B1B68A34201D1FFF7A6FFEF
S315000093E0304601F073FF002070BD00BF702F0020D3
S315000093F000220C490B687BB183420AD183687AB19B
S31500009400936083681BB15A6941690A445A61002016
S3150000941070471A469B68EEE70028EFD00220704797
S315000094200B60EEE7702F002070B501F052FF144E6E
S3150000943005463478FCB9134B1C60134B1C60134B68
S315000094401C8000F0E7F9012000F01EFA00F078FA1F
S315000094500F4B0246186020B9284601F040FF232032
S3150000946070BD234640F2E7310A4807F0A3F90A4BDC
S31500009470186001233370284601F031FF0020EFE722
S31500009480582F0020702F00205C2F0020662F002010
S315000094906C2F002018FCFFFF602F00202DE9F04103
S315000094A00546F8B101F00EFF0F4F0646FFF7F4FE32
S315000094B02846D7F80080FFF79BFF044628B13046C0
S315000094C001F004FF2046BDE8F081A8453B6803D1C2
S315000094D023B1FFF72BFFF2E7002BF0D1022000F0BB
S315000094E007FAECE72224EDE7702F002070B586B06E
S315000094F015461E460446059180B1FFF7CFFFBDF81D
S315000095002C30002202939DF828302046CDE90063D6
S3150000951005992B46FFF738FF06B070BD2220FBE702
S3150000952038B50C46054698B191B100230B7001F091
S31500009530D0FE0121074B1B680BB122781AB101F04E
S31500009540CEFE002038BDAB4214BF9B682170F3E706
S315000095502220F7E7702F0020F0B51F46002387B0C2
S315000095600D46164604468DF81730A0B10DF11701C9
S31500009570FFF7D6FF9DF817207AB9BDF83430294693
S3150000958002939DF830302046CDE900733346FFF74D
S31500009590FBFE07B0F0BD2220FBE70320F9E7000041
S315000095A02DE9F0410746884601F093FE0026054660
S315000095B0124B1C6824B9284601F091FE1B2016E0C8
S315000095C063691E44E388BB4215D100F053F90C4C85
S315000095D02368C01AB0420CD200F04CF9226832441B
S315000095E0121A2846C8F8002001F079FE0020BDE8CE
S315000095F0F0810022F5E7A468DCE700BF702F0020A9
S315000096005C2F0020014B1878704700BF642F0020A4
S3150000961038B501F05EFE054600F02CF904462846F2
S3150000962001F05DFE204638BD014B1868704700BF4B
S315000096306C2F00200C4B70B51B680D46834211D36E
S3150000964040F2E73100248C462146084B4FF47A72EB
S315000096501E680023E0FB06C1604607F0ABF82860F1
S31500009660204670BD2120FCE7602F00206C2F0020D3
S315000096700F4B10B51A689AB14FF47A71531E134204
S31500009680A0FB01010ED1B2FA82F2C2F11F04531CF3
S31500009690D243E04001FA03F3184321FA02F20243EF
S315000096A0104610BD002307F085F80246F8E700BF14
S315000096B06C2F0020C2072DE9F84F04460BD5464A09
S315000096C0138801339BB21380FFF7E6FD434B1B68FB
S315000096D00BB1FFF72BFEA3077CD501F0FAFD4FF087
S315000096E0000A05465646FFF7D7FDD0463B4FDFF842
S315000096F0F4903C680CB163698BB10022384B012EA3
S315000097001A7003D1BAF1020F08BF1E70002C51D097
S31500009710FFF70CFE2846BDE8F84F01F0E0BD2346F2
S315000097201A792179914288BF1C469B6813B15A6900
S31500009730002AF5D0284601F0D2FDD4F810A0BAF1DF
S31500009740000F3BD000F096F8A269851AEB17AA45E0
S3150000975078EB030333DA236913440122A3612369F7
S31500009760D3B1CAB9EB17BAEB050563EB4303002B7C
S3150000977004DA40F20941484604F062FE01F0A9FD10
S31500009780824629462046FFF7A3FDA3692269504673
S315000097901344A36101F0A3FDE368B4F806A0013603
S315000097A013B120462168984701F093FD0546FFF75F
S315000097B073FD9EE7022000F09BF8ABE7554601F0EB
S315000097C088FD83462046FFF713FE584601F087FDC5
S315000097D00022C4E7BDE8F88F662F0020702F002016
S315000097E0682F0020C330030010B501F072FD034B53
S315000097F01C7801F074FD204610BD00BF682F0020C4
S31500009800034B5A6812B19A6A002AFAD1704700BF10
S315000098100040065030B5144B85B001AC93E8070004
S3150000982084E8070001213D2001F012F801250023FC
S3150000983020468DF80430029500F034FD03220B4CCF
S3150000984004F500539A615A6100F092FDFFF7D8FFC4
S31500009850E560FFF7D5FF4FF48022054BC3F8802162
S315000098601A6005B030BD00BF083103000040065045
S3150000987000E100E0014B186A704700BF0040065047
S31500009880002000F067BD000000F001038207034AD4
S3150000989048BF43F002039361704700BF0050065073
S315000098A0F8B5044601F00EFD104F06463D6AFFF777
S315000098B0E7FF7A69920704D4421B052A01D8A84219
S315000098C00ED1631B042B98BF6C1D0020B4F1FF3F23
S315000098D02CBF2146611E00F027FD0220FFF7D4FFB2
S315000098E03046BDE8F84001F0F1BC00BF004006502C
S315000098F000F001038207034A48BF43F00203936165
S31500009900704700BF0060065000F001038207034A5B
S3150000991048BF43F002035361704700BF0050065032
S31500009920064B01285B6904D0022805D1C3F3400029
S31500009930704703F001007047002070470040065052
S315000099403D2000F0AFBF000010B501F0C2FC044698
S31500009950094B5B699A07094A03F0010003F0030308
S3150000996048BF40F002005361FFF7A4FE2046BDE861
S31500009970104001F0B4BC00BF004006500060065025
S3150000998010B5044601F09EFC024B1C6001F09EFCE3
S31500009990002010BD742F002010B501F093FC034B7E
S315000099A01C6801F093FC204610BD00BF742F0020F8
S315000099B007B530B9CDE90012FFF7EEFFDDE9001279
S315000099C030B1436823B1006803B05DF804EB184773
S315000099D0232003B05DF804FB30B51C4685B058B9AA
S315000099E0CDE90012FFF7D8FFDDE9001204B903AC98
S315000099F020B9232005B030BD03B903AC8568002D1E
S31500009A00F7D023460068A847F4E70122036B19B193
S31500009A1003F580539A64704703F500539A645A64B9
S31500009A2070470422036B03F580539A6470477047AE
S31500009A3038B50446026B136C5906FCD50023E16B5E
S31500009A401A4694F8380002F08FF90023616C1A4622
S31500009A5094F8400002F088F994F85830DA0706D5F1
S31500009A600023E16C1A4694F8480002F07DF994F858
S31500009A7058309B0706D50023616D1A4694F85000AE
S31500009A8002F072F90021206B094D01F077FE0021EA
S31500009A90606B00F0DDFE284604F15C0104F0E4FC96
S31500009AA02B6813B9034821F035FB002038BD00BFF1
S31500009AB0782F00207C2F002008B5006B01F094FE63
S31500009AC0002008BD2DE9F0418AB01C4606AB0646CB
S31500009AD088461846174600211022109D07F04FF8B9
S31500009AE0227903460AB18DF81820FB616379304666
S31500009AF0002B14BF01230223CDE90333654B4246F5
S31500009B000293654B29460193644B0093644B00F026
S31500009B1073FA0646002840F09580A36801216B631E
S31500009B20A3693A206B64237D85F840302369EB6393
S31500009B30237B85F83830236AEB64237F85F8483029
S31500009B40A36A6B6594F8243085F8503023682B633C
S31500009B5000F07EFE012304222169207B02F004F935
S31500009B6001230222A169207D02F0FEF83E7085F8ED
S31500009B7058600121A06800F06BFE6379012113BBD8
S31500009B804FF4C06000F064FE1021A06801F020F9D7
S31500009B903946206801F06EFF0222424B2169C3F864
S31500009BA0C020227B42EA0142C3F8D020A169227D6F
S31500009BB042EA0142C3F8CC202379032B67D8DFE8B9
S31500009BC003F02A15455E4FF4806000F041FE0F2138
S31500009BD0A06801F0FDF83946206801F0A5FF95F868
S31500009BE0583043F0040385F85830D5E7002795F838
S31500009BF0583043F0010385F8583000230222216AC9
S31500009C00207F02F0B1F8226A237F43EA0243264A04
S31500009C10C2F8C43007BB04232068052100F50052B2
S31500009C20536400F58052936401F0A8FD1F4B1B6836
S31500009C301BB91F491F4821F05BFA1C4805F15C015E
S31500009C4004F002FC30460AB0BDE8F08195F85830C1
S31500009C5043F0020385F8583000230422A16A94F8E1
S31500009C60240002F081F801230F4AA16AC2F8C0302D
S31500009C7094F8243043EA0143C2F8C830CBE795F89C
S31500009C805830012743F0030385F85830B5E72326FB
S31500009C90D8E700BF319A0000239A00000B9A000013
S31500009CA0B99A000000C4035000D40350782F002056
S31500009CB0000F00207C2F002010B5044626F0A0F8E7
S31500009CC0226B936C526C134059070FD5204600F057
S31500009CD00BFAD8B1206B01F081FD0146204600F059
S31500009CE013FA0422236B03F500535A64236B5A6C50
S31500009CF0D20711D5012103F5005251641B6C9B0656
S31500009D000AD52046BDE8104000F04CBA0422236B69
S31500009D1003F500539A64E9E710BD00207047FEE79B
S31500009D204FF4005300204B6070470120704701201C
S31500009D3070474FF0FF3070470020704707B500208E
S31500009D4001AB0190FFF748FE0198002808BF4FF0CD
S31500009D50FF3003B05DF804FB10B500201446FFF792
S31500009D6027FE18B1BF21024804F06AFB204610BD49
S31500009D7014310300034B0222186800238068194639
S31500009D8006F006BF480F002090F82A3001223BB1AA
S31500009D9090F82E30022B03D180F82E2018467047FB
S31500009DA01346FBE780F82410704790F824007047AC
S31500009DB090F82B0070470000002808DB01234209B9
S31500009DC000F01F0003FA00F0014B43F82200704731
S31500009DD000E100E0002809DB0122430900F01F0032
S31500009DE002FA00F0024A603342F82300704700BFCF
S31500009DF000E100E0F8B504460D4690F82B3081B13D
S31500009E0073B990F82C6001F05DFA054601213046E1
S31500009E1021F0CEF8284601F059FA012384F82B30B8
S31500009E20F8BD002BFCD090F82C7001F04BFA0646DA
S31500009E302946384621F0BCF8304601F047FA84F846
S31500009E402B50EDE770B504460568FFF7A5FD844283
S31500009E5002D10020FFF794FD95F92800FFF7BAFF1D
S31500009E6095F92830002B0DDB01215A0903F01F0359
S31500009E7001FA03F31449203241F82230BFF34F8F21
S31500009E80BFF36F8F95F92900FFF7A4FF95F92930E5
S31500009E90002B0DDB01215A0903F01F0301FA03F31E
S31500009EA00949203241F82230BFF34F8FBFF36F8F3D
S31500009EB000232846C4E90033C4E90433A360EB68F1
S31500009EC0BDE87040184700BF00E100E02DE9F0470B
S31500009ED0044616460D4690F8248001F0FAF994F8E7
S31500009EE02A2003469AB101F0FAF994F82D9001F070
S31500009EF0E9F907460121484621F05AF8384601F0AB
S31500009F00E5F901F0E6F90022034684F82A2018460E
S31500009F1001F0E5F92E44B8F1000F23D1AE4205D188
S31500009F20204663680121BDE8F047184794F82630BB
S31500009F30002BF3D02046236815F8011B984700280C
S31500009F40ECD0BDE8F08794F826305BB12B780A2B6D
S31500009F5003D10D212046236898472046236815F82B
S31500009F60011B9847AE42EED1DAE72DE9F7434FF0F1
S31500009F700009044690461E46C3F800904F1E3368FB
S31500009F80434505D201F0A5F9A269C2B901F0A7F9C6
S31500009F9094F827305BB91123012220460DF1070101
S31500009FA08DF80730FFF792FF012384F827303368D6
S31500009FB0002B0CBF1B20002003B0BDE8F083E16935
S31500009FC022698A5C07F8012F2569226A01359542C4
S31500009FD008BF4D46A2692561013AA26101F07FF9E9
S31500009FE0A36820469847336801333360C7E708B54E
S31500009FF0FFF76CFF002008BDF8B51F4653680646FC
S3150000A0000C461546002B5BD09368002B5AD03022A5
S3150000A0100021204606F0B3FD6B682B4AE361AB686E
S3150000A020204623622B7B84F82430AB7B276084F8A0
S3150000A030253040F20113E384069B00276360079BEB
S3150000A040A360089BE3602B7884F828306B7884F84B
S3150000A05029301E4B346073601D4BB3601D4B33615A
S3150000A0601D4B73611D4BF3601D4B3362012384F856
S3150000A0702E30B2611B4AF2619DF8282084F82D200B
S3150000A0809DF8242084F82A3084F82C20697B84F8F3
S3150000A0902B70FFF7AFFE95F90100FFF79BFE95F9D0
S3150000A0A00100FFF789FE95F90000FFF793FE95F989
S3150000A0B00000FFF781FE3046FFF762FC3846F8BD28
S3150000A0C02220FCE72120FAE7F59D0000EF9F000023
S3150000A0D06B9F0000A59D0000AB9D0000459E000003
S3150000A0E0899D0000B19D000010B5044601F0F1F80D
S3150000A0F0A269236A9A4203D201F0F1F8012010BD49
S3150000A10001F0EDF80020FAE773B504460D4600E0CD
S3150000A11000BF01F0DEF894F8253006466BB1132D2A
S3150000A12007D1002384F8263002B0BDE8704001F064
S3150000A130D6B8112D01D10123F4E7A269236A9A4208
S3150000A14004D340F26911164804F07AF96369E269AA
S3150000A1503046D554A26963690132A261226A01338D
S3150000A1609342636104BF0023636101F0B8F80423DE
S3150000A17084F82E3094F825307BB1A269236A9A427E
S3150000A1800BD11323012220460DF107018DF807306C
S3150000A190FFF79CFE002384F8273002B070BD00BF95
S3150000A1A06231030090F82A3070B50446E3B943687B
S3150000A1B023B94FF4C7710D4804F042F90021204637
S3150000A1C063689847012384F82A3094F82D6001F0DB
S3150000A1D079F805460021304620F0EAFE284601F0CF
S3150000A1E075F8022384F82E3070BD00BF623103007B
S3150000A1F007B56B46054A1068516803C3684601F007
S3150000A20031FA002003B05DF804FB00BFA63103005D
S3150000A21013B50024064A6846536F23F001035367BB
S3150000A22000948DF8044001F059F9204602B010BDA3
S3150000A2300040005008B5024800F0A6FF002008BD07
S3150000A24080D543026FF00402502110B50A480B4C2A
S3150000A25012F0800FD3B21BBF03F00F03043BA31809
S3150000A2601B1802F101020CBF83F800131976402A6D
S3150000A270EED1002010BD00BF00ED00E000E100E0DF
S3150000A280034B5A6812B19A6A002AFAD1704700BF86
S3150000A29000400650024A936A0342FCD1704700BF51
S3150000A2A00040065070B5456804466B1EB3F5004F76
S3150000A2B029D2B5FA85F5184BC5F11F055B680BB1B8
S3150000A2C0FFF7DEFF0126154B20205E60FFF7E2FF59
S3150000A2D0237A1149002B14BF02220022637843EA35
S3150000A2E00515637A1543002B14BF02220022A37AB8
S3150000A2F08D6013434B620A4B5E60237813B1FFF700
S3150000A300BFFFCE6070BD4121064804F099F8002DCC
S3150000A310CFD12025CFE700BF004006500060065091
S3150000A32000500650AE31030010B50C4620B140F285
S3150000A3301B11064804F084F81020FFF7ABFF044B0E
S3150000A3401C63BDE81040FFF7A5BF00BFAE31030098
S3150000A3500040065008B520B140F23911024804F019
S3150000A3606FF8024B186B08BDAE3103000040065073
S3150000A37008B5FFF785FF02230449CB6000230B6273
S3150000A380FFF77EFF0123CB6008BD00BF00400650EB
S3150000A390044BD3F88420D206FBD4D3F88400C0F350
S3150000A3A0811070470040005008B5344B984250D099
S3150000A3B028D8334B984246D018D8324B98423FD0D3
S3150000A3C00BD800283ED0304B984239D02F4841F266
S3150000A3D04D1104F035F8002034E02D4B98422FD073
S3150000A3E02C4B9842F2D12C4B586E2BE02B4B9842BB
S3150000A3F02CD003F5371303F5D8639842E6D1264BE4
S3150000A400986F1FE0264B98422FD00CD8254B9842C8
S3150000A41023D0254B984224D0244B9842D6D11E4BAC
S3150000A420D3F884000EE0224B984222D003F5740341
S3150000A43003F510539842C9D1174BD3F8980001E0A1
S3150000A440154B986D08BD144B186FFBE7124B586FF0
S3150000A450F8E7114BD3F88000F4E70F4BD3F88800E8
S3150000A460F0E70D4BD3F88C00ECE70B4BD3F89000DC
S3150000A470E8E7094BD3F89400E4E700BF80BA8C0103
S3150000A480405DC60080841E0040420F00DF3103009D
S3150000A49000093D00C0CF6A000080E00F0024F400F0
S3150000A4A0007E560380D54302006CDC020048E801BA
S3150000A4B00090D00338B5124B0546D3F820310C4630
S3150000A4C003F00303022B0BD0032B0DD0012B0FD16E
S3150000A4D004F042F8052305B1286004B1236038BDB5
S3150000A4E004F076F80323F6E704F07AF80223F2E79D
S3150000A4F0044841F22B0103F0A3FF00231846EAE7C4
S3150000A50000800050DF310300F7B50027114B01979B
S3150000A510D3F88041064604F00304012C0D4608D00A
S3150000A520022C12D041F278110B4803F089FF3C4609
S3150000A53004E0394601A8FFF7BDFF0F240EB1019BC9
S3150000A540336005B12C6003B0F0BD04F049F801900A
S3150000A550F4E700BF00800050DF31030038B5194B27
S3150000A5600546D3F824310C4603F00703013B052BBF
S3150000A57020D8DFE803F0030F171B0B1303F0ECFFE3
S3150000A580052305B1286004B1236038BD03F0E4FF5C
S3150000A5900623F6E704F01CF80323F2E704F018F8A4
S3150000A5A00423EEE704F01CF80223EAE704F016F8A9
S3150000A5B00723E6E7044840F6885103F041FF0023ED
S3150000A5C01846DEE700800050DF31030038B5124B35
S3150000A5D00546D3F840310C4603F00303022B0BD09B
S3150000A5E0032B0DD0012B0FD103F0FEFF092305B17C
S3150000A5F0286004B1236038BD03F0FCFF0823F6E7AA
S3150000A60003F0F5FF0B23F2E7044841F2590103F08A
S3150000A61017FF00231846EAE700800050DF310300E9
S3150000A62038B5154B0546D3F800320C4603F0070340
S3150000A630013B032B18D8DFE803F0020A0E1203F0E1
S3150000A640D3FF092305B1286004B1236038BD03F0A8
S3150000A650D1FF0823F6E703F0CAFF0B23F2E703F066
S3150000A660A1FF0E23800AEDE7044841F22E2103F0F4
S3150000A670E7FE00231846E5E700800050DF310300BF
S3150000A68038B5124B0546D3F840320C4603F00303A7
S3150000A690022B0BD0032B0DD0012B0FD103F0A4FFFF
S3150000A6A0092305B1286004B1236038BD03F0A2FF79
S3150000A6B00823F6E703F09BFF0B23F2E7044841F279
S3150000A6C0C11103F0BDFE00231846EAE700800050E2
S3150000A6D0DF31030038B5124B0546D3F860310C461E
S3150000A6E003F00303022B0BD0032B0DD0012B0FD14C
S3150000A6F003F07AFF092305B1286004B1236038BD51
S3150000A70003F078FF0823F6E703F071FF0B23F2E767
S3150000A710044841F2870103F093FE00231846EAE756
S3150000A72000800050DF31030010B40F4C0B46D4F804
S3150000A730204204F00304012C0ED0022C10D008B1E4
S3150000A740002101600BB100221A6040F6B2510748A1
S3150000A7505DF8044B03F074BE5DF8044BFFF7AABE28
S3150000A7605DF8044BFFF732BF00800050DF31030075
S3150000A770B0F5207F10B534D009D8B0F5007F2AD0C7
S3150000A78003D898B1B0F5C07F10D0002421E0B0F511
S3150000A790607FFAD1154BD3F88030C3F301149B06C2
S3150000A7A017D5032C15D040F282210FE00F4B1C6FFA
S3150000A7B0230B13F00E0FC4F303340AD0032C08D076
S3150000A7C0072C06D00F2C04D040F27221084803F063
S3150000A7D037FE601C10BD054BD3F89040C4F30464EB
S3150000A7E0F7E7024B1C6FC4F38024F2E700800050A9
S3150000A7F0DF3103004FF400320E4B10B504469A6663
S3150000A8000020FFF7B5FF41F6713260430A4C0B4B4F
S3150000A810A0428CBF4FF480100020D969DA639A6891
S3150000A82022F4401202439A60CA0344BF0022DA634C
S3150000A83010BD00BF00900050005A62020000035095
S3150000A84008B503F0C1FEBDE808400021FFF7D2BFFE
S3150000A85070B5460904460D460FD140F216310D4833
S3150000A86003F0EEFD334604F01F0485B103F5805373
S3150000A870012000FA04F41C6070BD012E05D0064BC1
S3150000A880064A022E18BF1346EDE7054BEBE703F524
S3150000A8900053EDE7DF31030068800050608200500E
S3150000A8A064800050002330B5802885B004460193AB
S3150000A8B074D02AD8002877D0A0F12004412C32D8B1
S3150000A8C0412C30D8DFE804F0707370738686868674
S3150000A8D07373903FA6653F7373732F2F2F2F2F2F00
S3150000A8E08B57737373B0AB732F2F2F2F2F2F2F2FE1
S3150000A8F02F2F2F2F2F702F707070862F2F2F2F2F07
S3150000A9002F2F2F2F2F2F2F2F7070B0F5806F61D024
S3150000A91024D8B0F5007F54D00BD8B0F5807F68D02E
S3150000A920B0F5C07F40D040F26D41424803F088FD4B
S3150000A93037E0B0F5607F44D0F5D8B0F5207F36D04B
S3150000A940B0F5407FEFD103F02DFE04464FF42070A2
S3150000A950FFF70EFFB4FBF0F0400821E0B0F5C06F42
S3150000A96058D00DD8B0F5A06F39D0B0F5B06F3BD048
S3150000A970B0F5906FD7D1002101A8FFF7EFFD10E0E9
S3150000A980B0F5E06F4BD0B0F5F06F4DD0B0F5D06FAD
S3150000A990C9D1002101A8FFF743FE02E003F0E8FD5C
S3150000A9A00190019805B030BD03F0FCFDF8E703F017
S3150000A9B0F9FD04464FF42070FFF7DAFEB4FBF0F021
S3150000A9C0EEE703F0D5FD05462046FFF7D1FEB5FBC1
S3150000A9D0F0F0E5E7002101A8FFF76CFDE1E70021B3
S3150000A9E001A8FFF7A1FEDCE7002101A8FFF78CFD17
S3150000A9F0D7E702934FF0E0231B695B0705D503F009
S3150000AA00D1FD0290029B0193CBE703A902A8FFF7B1
S3150000AA10DDFDF7E7002101A8FFF7D8FDC1E700211A
S3150000AA2001A8FFF72DFEBCE7002101A8FFF752FEA3
S3150000AA30B7E700BFDF31030008B58020FFF732FF1C
S3150000AA40034B98429EBF4FF48032024B1A6708BDF3
S3150000AA50005A620200A000501FB50023B0F5807FA7
S3150000AA6001937FD027D8382800F09C800BD8243853
S3150000AA70092810D809280ED8DFE800F06F6F6F6F2D
S3150000AA800D0D670D3685522867D007D83D283AD078
S3150000AA903E2800F08C8040F24B5152E08028FAD1DB
S3150000AAA0454B1B6F03F00703013B032B47D8DFE839
S3150000AAB003F044413F75B0F5D06F64D019D8B0F5B6
S3150000AAC0A06F6FD00AD8B0F5806F46D0B0F5906F02
S3150000AAD0E1D1002001A9FFF741FD3AE0B0F5B06FE2
S3150000AAE033D0B0F5C06FD6D1002001A9FFF76EFDB7
S3150000AAF02FE0B0F5006FECD00AD8B0F5E06F56D075
S3150000AB00B0F5F06FC7D1002001A9FFF7E3FD20E003
S3150000AB10B0F5086FBFD1284BD3F8003103F003031B
S3150000AB20022B35D0032B37D0012B39D103F050FD42
S3150000AB30032300E0052301930BE00223FBE740F229
S3150000AB409F411E4803F07CFC03E0002001A9FFF7AB
S3150000AB50DBFC019805B05DF804FB002001A9FFF7B6
S3150000AB60A9FCF6E702934FF0E0231B695B0705D5C6
S3150000AB7003F018FD0C230393039BDCE703A902A84B
S3150000AB80FFF724FDF8E7002001A9FFF749FDE0E7FC
S3150000AB9003F030FD0823CEE703F020FD0723CAE7C4
S3150000ABA00123C8E7002001A9FFF7BEFDD1E7002079
S3150000ABB001A9FFF765FDCCE700800050DF310300F7
S3150000ABC0436810B5072B044604D940F6E1312A48FC
S3150000ABD003F036FCA368032B04D940F6E33126487C
S3150000ABE003F02EFC2378032B04D940F6E5312248E6
S3150000ABF003F026FC94F90130002B04DA40F6E73125
S3150000AC001D4803F01DFC4FF480011C4A6378516611
S3150000AC104FF4D151022002F5B832516218494F2B38
S3150000AC2048604FF0010028BF4F2301F5805148606E
S3150000AC301169C903FCD4217843EA01235361D4E99D
S3150000AC4001131B0143EA0123617B0B43217B43EA8A
S3150000AC5041039360E37BA17B1B0143EA4113617CC3
S3150000AC600B43217C43EA41035360A37C13B16FF489
S3150000AC70D153536210BD00BFDF3103000090005076
S3150000AC8000100250014B1880704700BF080F0020CB
S3150000AC900029CCBF01210021FFF7ACBDB0F5207F14
S3150000ACA010B565D00ED8B0F5007F4FD003D800B3ED
S3150000ACB0B0F5C07F1DD040F2F921BDE81040344800
S3150000ACC003F0BEBBB0F5607FF5D14C1E012C06D952
S3150000ACD0042904D040F2DD212D4803F0B1FB2D4AB2
S3150000ACE0D2F8803023F0300343EA0413C2F88030F0
S3150000ACF010BD102901F1FF3404D8274B23FA01F1C6
S3150000AD00CB0704D440F2B221214803F099FBFFF7A8
S3150000AD1097FD00F045F84FF48031204B1D4A196726
S3150000AD20136F23F4704343EA0433136703F03AFCCA
S3150000AD300446FFF72DFBC0F102012046FFF7A8FFEE
S3150000AD4000F034F8BDE81040FFF776BE4C1E1F2C0D
S3150000AD5004D940F2ED210E4803F072FB0D4BD3F8F7
S3150000AD60901021F0F85141EA0461C3F89010BFE752
S3150000AD704C1E012C04D940F2F321054803F060FB78
S3150000AD80044B196F21F4806141EA84211967AFE70A
S3150000AD90DF310300008000501601010000900050D2
S3150000ADA002214FF42070FFF779BF000008B54FF479
S3150000ADB0C070FFF777FDBDE80840044988428CBFA4
S3150000ADC0022101214FF42070FFF768BF80F0FA02DC
S3150000ADD0B0F5807F70B50C4600F008812BD8382876
S3150000ADE000F0A08110D82438092816D8092814D8CC
S3150000ADF0DFE810F0E100E100E100E10013001300DC
S3150000AE00CC00130048005001522800F0D48007D827
S3150000AE103D2851D03E2800F09C8140F667011FE195
S3150000AE208028FAD18B1E052B00F2A580DFE803F0FF
S3150000AE30A091A3ABA364B0F5D06F00F02B8130D8FE
S3150000AE40B0F5A06F00F06E8115D8B0F5806F00F0F8
S3150000AE50B280B0F5906FE0D1023C052C00F2138170
S3150000AE60A74B195DA74AD2F8243123F007030B43F9
S3150000AE70C2F824316CE0B0F5B06F00F08780B0F511
S3150000AE80C06FCAD1083C032C00F2EF809E4B195DBF
S3150000AE909C4AD2F8403123F003030B43C2F84031F9
S3150000AEA056E0B0F5006FD7D015D8B0F5E06F00F0DA
S3150000AEB05081B0F5F06FB0D1083C032C00F2DC8075
S3150000AEC0924B195D8F4AD2F8603123F003030B438E
S3150000AED0C2F860313CE0B0F5086F9ED14C1E072CDD
S3150000AEE000F20481DFE814F0070102010901020102
S3150000AEF0020102010001F6000025042601210220BC
S3150000AF0000F0F8FAFFF79CFCFFF74AFF4FF4803198
S3150000AF107F4B7C4A1967136F23F00703334313678C
S3150000AF2003F040FB0646FFF733FAC0F10201304654
S3150000AF30FFF7AEFE0121002000F034FBFFF736FFDD
S3150000AF40FFF77AFD25B9032C02D10122714B9A62D3
S3150000AF5070BD4FF400226E4B0E465A66012203F571
S3150000AF6040539D6A03F58053C5F340059A62C5E7D1
S3150000AF7000250126C2E7002540F28D51664803F000
S3150000AF805FFA2E46BAE700250226B7E7022C07D05D
S3150000AF900F2C0ED040F2D2515F4803F051FA002434
S3150000AFA0584BD3F8801121F003010C43C3F88041BC
S3150000AFB0CEE70124F4E7032C12D0052C12D0022C84
S3150000AFC012D040F20961544803F03AFA00224D4982
S3150000AFD0D1F8203123F003031343C1F82031B7E73A
S3150000AFE00222F4E70122F2E70322F0E7A1F10804C6
S3150000AFF0082C33D8DFE804F0050532051C3232325E
S3150000B00005004FF480323F4B4449586E03F5805398
S3150000B0105A660B6A43F001030B62C1035CBF404BE7
S3150000B0205A664FF0E022136923F0040313618FE799
S3150000B0304FF48032334B3949586E03F580535A66C4
S3150000B0400B6A23F001030B62C3035CBF344B5A66E1
S3150000B0504FF0E022136943F00403E7E740F2316161
S3150000B060BDE870402C4803F0EBB940F24D612A4828
S3150000B07003F0E6F900210BE74FF4CD61264803F013
S3150000B080DFF900211EE740F28D61234803F0D8F96D
S3150000B0900021E7E6083C062C13D8DFE804F0041983
S3150000B0A0190E1212100002221649D1F8003223F0AE
S3150000B0B007031343C1F800324AE70322F4E70422E8
S3150000B0C0F2E740F2AD61144803F0BAF90022EBE76B
S3150000B0D00122E9E702220B49D1F8003123F00303EC
S3150000B0E01343C1F8003133E70322F4E740F2E96184
S3150000B0F0094803F0A5F90022EDE70122EBE700BFBE
S3150000B10012320300008000500E3203000E3203009C
S3150000B1100090005000E00050DF31030000C00750EF
S3150000B12000A000500F2C10D0102C10D040F234711B
S3150000B130124803F085F900221149D1F8203223F094
S3150000B14003031343C1F8203202E70122F4E7022287
S3150000B150F2E7083C032C0AD80A4B195D084AD2F8D4
S3150000B160403223F003030B43C2F84032F0E640F2CC
S3150000B170B571024803F064F90021EFE7DF310300FF
S3150000B180008000500E3203002DE9F0410546FFF71E
S3150000B1900BF9431E0333044604D940F6C7013A4867
S3150000B1A003F04EF94FF4C022384B5A6603F5983334
S3150000B1B05A68012A04D136494A609A699207FCD135
S3150000B1C08020FFF749FC052807D1FFF739FBFFF779
S3150000B1D0E7FD4FF480322D4B1A672E4B24F0407456
S3150000B1E09D4244D02C4B9D4244D003F0B5F9854294
S3150000B1F0064603D90121284600F0D4F9274FFB68FB
S3150000B20013F0060FFBD1D7F80880BC60BB6804F4C6
S3150000B210F81403F4F8139C422FD0354640F60F116C
S3150000B220194803F00DF9C7F808808020FFF714FCD1
S3150000B230052814D103F0B6F98542044604D24FF42A
S3150000B2401261114803F0FCF8FFF7A2F8C0F1020101
S3150000B2502046FFF71DFDFFF7A9FDFFF7EDFBB54201
S3150000B2600FD8BDE8F0410121002000F09BB944F061
S3150000B2700074BAE744F08074B7E7284603F072F921
S3150000B280D3E7BDE8F08100BFDF3103000090005036
S3150000B29000E0015040420F0080841E000000015073
S3150000B2A00028ABBF00F16040054B00F5614000F09F
S3150000B2B00F00ACBF90F80003185C0009704700BF90
S3150000B2C014ED00E0EFF3108072B6704700B962B675
S3150000B2D07047EFF31180302383F31188704780F3B2
S3150000B2E01188704738B5C5B23F2D044604D940F2DF
S3150000B2F01F31074803F0A4F8064B640953F82400ED
S3150000B30005F01F05E840C04300F0010038BD00BF4E
S3150000B3101832030000E100E000F10C03DBB24B2B16
S3150000B32010B5044604D940F2AD21144803F088F85C
S3150000B330EFF31083DB0702D50122104610BD20462D
S3150000B340FFF7D0FF02460028F6D12046FFF7A8FFF8
S3150000B3500146EFF3118313B1B0EB131FECD2084B88
S3150000B3605B68C3F30803002BE7D0103B58B2FFF726
S3150000B37097FF88428CBF00220122DEE718320300C5
S3150000B38000ED00E0194B10B51B6873B3184A5268FC
S3150000B390012A2AD0174A8020C2F80031FFF75CFB49
S3150000B3A005281FD14FF4C070FFF7E2F901280446C3
S3150000B3B004D102214FF4C070FFF770FC07220E4B38
S3150000B3C01A610122A3F580535A60094A1369DB0703
S3150000B3D0FCD5012C09D12146BDE810404FF4C070C0
S3150000B3E0FFF75CBC0122054B5A6010BD842F00207C
S3150000B3F000C001500080005000E0015000D0015014
S3150000B40000224FF40031074B1A60074A516602F5D5
S3150000B41098325268012A02BF044AD2F800211A6003
S3150000B420704700BF842F002000900050008000501D
S3150000B430044A4178536F23F4407343EA0123536768
S3150000B440704700BF004000507047704710B5044673
S3150000B45008B1FFF7D5FF0E4A136943F004031361E1
S3150000B46020F070F8FFF7F0FFFFF72CFF27F0D8FB6E
S3150000B470FFF72CFFFFF7E9FF20F078F81CB1BDE8D5
S3150000B4801040FFF77FBFBDE8104003F08BB800BF48
S3150000B49000ED00E010B5044608B1FFF7B1FF0C4A15
S3150000B4A0136943F00403136120F04CF8FFF70AFF19
S3150000B4B027F0B6FBFFF70AFF20F058F81CB1BDE8ED
S3150000B4C01040FFF75FBFBDE8104003F06BB800BF48
S3150000B4D000ED00E0FFF794BFFFF754BF034A017980
S3150000B4E0D36E23F030030B43D36670470040005001
S3150000B4F0704700002DE9F0410446264BD3F884201E
S3150000B500D006FBD4D3F88430C3F381139C423ED0DB
S3150000B51003F02EF8012C05460BD11F4B984204D997
S3150000B52040F2FD611D4802F08BFF01212846FFF71E
S3150000B530AFFBFFF7C7FE4FF00072194B07465A667E
S3150000B5402046FFF7D5FF4FF48063124E621E9340EC
S3150000B550DFF848803367736E9A0103D4D6F88430D7
S3150000B5609B060AD53846FFF7B1FE022C0FD12846B6
S3150000B570BDE8F0410021FFF78BBBD6F88430990671
S3150000B580E9D540F20B71404602F05AFFE3E7BDE809
S3150000B590F08100BF00400050005A620248320300AA
S3150000B5A00060005007B518B9019102F0E1FF01995A
S3150000B5B0064B1B7843B1064B984205D8012003B0D1
S3150000B5C05DF804EBFFF796BF0220F8E7882F00200E
S3150000B5D0005A62020278034B012100201A70FFF71D
S3150000B5E0E1BF00BF882F0020704700004FF00042E7
S3150000B5F010B501244AF6CD31154B5A66154A03F5A6
S3150000B6000B2354605A6C1964224088B9996811F06A
S3150000B610010F114903D08C60D86AC007FCD50123FD
S3150000B6204B6012B10D4B0E4A1A64FFF7DDFF10BDD9
S3150000B630D96A0907FCD42021074B59620121A3F5D9
S3150000B6408053996005494B6A9B06FCD5E9E700BF24
S3150000B6500090005000500950006009500040095009
S3150000B6603254FFFF4FF0004238B5194B194C5A6659
S3150000B670012203F50C235A604AF6CD33656C236428
S3150000B6804378154093401343134AD363A3688278E3
S3150000B69023F0740343EA0213C278002A14BF04227B
S3150000B6A000221343A3600279837943EA02232361CC
S3150000B6B04279C37943EA022363610078FFF796FF74
S3150000B6C00DB1064B2364FFF78FFF012038BD00BF85
S3150000B6D00090005000400950004000503254FFFFD7
S3150000B6E0064B9FED070AD3F88830C3F30A0307EE2B
S3150000B6F0903AFAEECF7A37EEC00A70470040005013
S3150000B70033938843C36C0B42FCD1704708B543683A
S3150000B7100246DB0714D50A2350210363FFF7F2FF25
S3150000B720136C9907FCD1936A012110469362FFF7C7
S3150000B730E9FF136C1B0604D4012302F50052536083
S3150000B74008BD536BF5E7000010B50446FFF7DEFFB2
S3150000B750002341F202020849E360A360226104F576
S3150000B7600052E3616361A36123626362E362A364DF
S3150000B7705164A36210BD00BF7F370C0138B5154B6D
S3150000B780044698420D4604D040F26311124802F076
S3150000B79057FE25B92046BDE83840FFF7B7BF01225E
S3150000B7A004F580535A6040F2FF71204605F00F02FF
S3150000B7B0FFF7A8FF22637821FFF7A4FF05F0010336
S3150000B7C06A0748BF43F00203226C02F003029A4262
S3150000B7D0FAD138BD0000035A77320300036C1B060A
S3150000B7E0FCD5406BC0B27047036C5B06FCD5C163E9
S3150000B7F070470000F8B506460C46174622B94FF4C6
S3150000B8000271414802F01CFE404B9E4278D040F245
S3150000B8100B213D4802F014FE44B940F25A313A4831
S3150000B82002F00EFE2046FFF73DF804467368012B32
S3150000B83004D040F23D21344802F002FEB16801F026
S3150000B840E001402946D009D8B9B1202938D040F2C4
S3150000B8507F21BDE8F8402C4802F0F2BD602945D0B2
S3150000B8608029F4D107EB4703A34204D940F279219A
S3150000B870254802F0E5FD012308E0B7EB141F04D9C3
S3150000B88040F26521204802F0DBFD10237B43640172
S3150000B890B4FBF3F31E4D203BB5EBC30F4FEAC304D5
S3150000B8A004D240F28A21184802F0CAFD30462C40E4
S3150000B8B00121FFF727FFB462BDE8F840FFF722BF7A
S3150000B8C0B7EBD40F04D940F26A210F4802F0B8FD55
S3150000B8D00823DBE70625B4FBF5F3BB4204D240F2AE
S3150000B8E06F21094802F0ACFD2B46CFE7B7EB940F6A
S3150000B8F004D94FF41D71044802F0A2FD0423C5E7E4
S3150000B900002C93D138248DE7773203000000035AC8
S3150000B910F8FF7F00436870B504460D4616461BB116
S3150000B92040F2FF71FFF7EEFE2046FFF70DFFE989B3
S3150000B9306B7B22690B43298A22F44C520B4322F07B
S3150000B940030213432361A2682B7B297E22F08042E7
S3150000B95022F0E2020B4313436A691343A360AB6808
S3150000B9601BB9A36843F00043A360EB69002B52D0D8
S3150000B970A268197A42EA8152A260A268997A42EADA
S3150000B9804142A2609A88A16802F4C0420A43A260BA
S3150000B990A268597842EA8102A260A268597B42EA0B
S3150000B9A0C102A260A268997B42EA0112A260A26863
S3150000B9B0997842EA8122A260DA799979520242EABA
S3150000B9C08122E2601A7802F0FD01012908BFE168D0
S3150000B9D0A2F1020204BF41F00401E160012A4FF026
S3150000B9E0010294BF20492149C1F8C0205A7A04F5C2
S3150000B9F080510A621AB1E26842F40062E260DA7AC1
S3150000BA004AB1E26842F40042E2601B7B184A03F046
S3150000BA100F03C2F8803036B196F8203004F5805115
S3150000BA20ABB101238B6105212046FFF7A7FEAA686B
S3150000BA301AB120466968FFF7DDFE20462978FFF730
S3150000BA409DFE236CDB4313F4405FFAD170BD62693F
S3150000BA5096F8223096F8210022F009020343134398
S3150000BA6043F001034B61DEE700D4035000E40350CA
S3150000BA700090035038B52A4B054698420C4640D0F4
S3150000BA808A21284802F0DCFC34B98C21254802F0D2
S3150000BA90D7FC234B9D4236D09E21224802F0D0FC93
S3150000BAA0637B032B03D9A7211E4802F0C9FC237B25
S3150000BAB0802B03D0A9211B4802F0C2FC6369B3F1B5
S3150000BAC0804F03D0AB21174802F0BAFC238A23F437
S3150000BAD000539BB2B3F5805F03D0AD21114802F04D
S3150000BAE0AFFCA368013BB3F5165F03D3AF210D4846
S3150000BAF002F0A6FC21462846BDE838400022FFF7A2
S3150000BB0009BF0029C1D03820FEF7A6FF083808284B
S3150000BB10C2D840F20B1323FA00F0C307BCD5BFE727
S3150000BB200000035A7732030038B5114B0546984298
S3150000BB300C4603D070210F4802F082FC1CB972211A
S3150000BB400C4802F07DFC237B802B03D1762109482B
S3150000BB5002F076FC637B032B03D97921054802F0BA
S3150000BB606FFC21462846BDE838400022FFF7D2BECA
S3150000BB700000035A773203001F2970B504460D46AC
S3150000BB80164603D99121074802F05AFC36B104F54E
S3150000BB908054012101FA05F5256070BD04F50054B5
S3150000BBA0F7E700BFA932030038B50D460446D8B101
S3150000BBB001281CD002281CD0032803D10F23EB40F8
S3150000BBC0DB0704D440F22D410B4802F039FC30204B
S3150000BBD0012141F21003444304F1A04401FA05F5A2
S3150000BBE004F57034E55038BD40F2FF13E7E71F2334
S3150000BBF0E5E7FF23E3E700BF8F2C030038B50D46CA
S3150000BC000446D8B101281CD002281CD0032803D131
S3150000BC100F23EB40DB0704D440F2FE310B4802F061
S3150000BC200FFC3020012142F21003444304F1A044EA
S3150000BC3001FA05F504F57034E55038BD40F2FF13FE
S3150000BC40E7E71F23E5E7FF23E3E700BF8F2C0300A9
S3150000BC5070B5054614460E46FFF734FB296881EA9F
S3150000BC60040202EA06044C402C60BDE87040FFF76F
S3150000BC702DBB00002DE9F3470D4614461E468146AE
S3150000BC809DF828809DF82C70002843D0012844D0C8
S3150000BC90022844D0032803D10F23EB40DB0703D44B
S3150000BCA0BF21284802F0CCFB85EA040333F00303E6
S3150000BCB003D0C121234802F0C3FB072C4FF0030138
S3150000BCC005F003052DD84FEA840A01FA0AF11E4849
S3150000BCD009FA0AF20191FFF7BBFF01991B4805FA21
S3150000BCE00AF2FFF7B5FF324621461948FFF744FF2F
S3150000BCF0424621461748FFF73FFF0123164AA34055
S3150000BD00C2F8203421463A46144802B0BDE8F0474E
S3150000BD10FFF732BF40F2FF13BFE71F23BDE7FF2344
S3150000BD20BBE7A4F1080A4FEA8A0A01FA0AF10C48AD
S3150000BD3009FA0AF20191FFF78BFF0199094805FA02
S3150000BD400AF2CEE72C33030000C4035008C40350A4
S3150000BD5010C4035014C4035000E0035024C403501D
S3150000BD6004C403500CC40350F8B50D4616461F46CE
S3150000BD70044660B301282DD002282DD0032803D114
S3150000BD800F22EA40D30704D44FF4B0711B4802F0E7
S3150000BD9057FB26B12946204607B3FFF705FF04EBFC
S3150000BDA04403072D4FF00F014FEA031319D8A800DB
S3150000BDB006FA00F2814012481844FFF749FFE6B937
S3150000BDC029462046AFB1BDE8F840FFF7EDBE40F288
S3150000BDD0FF12D6E71F22D4E7FF22D2E7FFF70EFFB6
S3150000BDE0DDE7A5F10800800006FA00F2814005486B
S3150000BDF0E2E7BDE8F840FFF701BFF8BD2C330300CA
S3150000BE0004C003500CC00350F8B506460C46154650
S3150000BE109ABB40F20F11BDE8F8402F4802F010BB64
S3150000BE202E4B9E4201D12F203DE040F229112A4897
S3150000BE3002F006FB3AE0032F42D0294B3CE06FEAC2
S3150000BE40C50505442C44B4FBF0F4013C0AD540F288
S3150000BE507511214802F0F4FA4FF4BB711E4802F046
S3150000BE60EFFA02E0B4F5007FF6D2B3689B0702D57D
S3150000BE70002C08BF0124B461F8BD03F003078368F2
S3150000BE8023F440738360FFF71DFAB26882EA072342
S3150000BE9003F440735340B360FFF718FA34B9114BFB
S3150000BEA09E42BDD12E20FEF7FDFC0446B3689A07DC
S3150000BEB0C1D5032F04D00C4B53F827309C4204D82D
S3150000BEC04FF4AF71044802F0BBFA084BD85D6843E3
S3150000BED0B5D140F26F119EE75C3303000080065037
S3150000BEE0983303000000015A8C330300A433030087
S3150000BEF038B50B4B044698420D4607D0094B98427D
S3150000BF0004D040F28F11084802F09AFA043425B1A1
S3150000BF1004F580540123236038BD04F50054F9E785
S3150000BF200000015A008006505C33030038B5154BFB
S3150000BF30044698420D4607D0134B984204D04FF45E
S3150000BF40D271124802F07CFA0023114A236404F5E8
S3150000BF500053DA636A7804F108037AB903F580536B
S3150000BF6002221A602046D5E901122B7BFFF74CFF0F
S3150000BF7020462978BDE83840FFF7BABF03F50053DD
S3150000BF80EEE700BF0000015A008006505C33030054
S3150000BF90FFFF1F00E023C360002383608361C3614A
S3150000BFA00362036443604369DB0506D4202300F57E
S3150000BFB00050C363024BC3637047436AF3E700BF95
S3150000BFC0FFFF1F002DE9F843894B98420BD0894BA0
S3150000BFD0984226D0884840F2FB1102F031FA6FF001
S3150000BFE00300BDE8F883854B402505264FF0000881
S3150000BFF04FF0030C996800F50054C26B12F4C06F41
S3150000C00015D097050FD5FD225A7009221A70002205
S3150000C010026493F90110012900D15A7093F90100C5
S3150000C020DFE7774BE0E75605EFD5FE22ECE71F7812
S3150000C030082F00F2D880DFE817F009001F00410042
S3150000C0404C006900740096009E00CD004C880A885A
S3150000C050E5060AD5120A02F0060242F0F0020121B4
S3150000C06019704263C1600120BBE702F0FE02A1071E
S3150000C07048BF42F00102F2E7170607D5802100F516
S3150000C0800052D1634FF608721A8062E05206EAD572
S3150000C0904A88E563D70604D502221A700B784363F3
S3150000C0A0E1E7920765D507221A701B7901EBC301F8
S3150000C0B00B89012BD7D10823C360D4E71706DDD43B
S3150000C0C05206D0D54A88E563970752D583F800C053
S3150000C0D093E74C880A88E50643BF120A02F0060277
S3150000C0E042F0F00202F0FE02640709D51C7942F024
S3150000C0F0010201EBC4010989012904BF0821C160BD
S3150000C100042119700123C3604263ACE71706B5D456
S3150000C1105706A8D54A88E56352072AD507221A701A
S3150000C120A1E71A795F8801EBC20EBEF80890B945FF
S3150000C13011D80132D2B21A714F88A3F8028017F0D3
S3150000C140040FC3D1FF0702D4012A7FF656AF082297
S3150000C1501A700223B0E7DEF80420791C5980D25DFC
S3150000C16042630622DBE7170688D457067FF57BAFC6
S3150000C170E5631E7041E794067FF575AF456A214C6D
S3150000C18046691A793440B4F5003F04BF466A4FF455
S3150000C190005601EBC20100F500540A8908BFE663A8
S3150000C1A02026E6635C88A24281BF4968661C5E80E1
S3150000C1B00D5559888A42CAD90424012AC46004D973
S3150000C1C0013A914201D10822C2601A78092A3FF445
S3150000C1D01EAF48E7D2057FF546AF4FF4807100F5F4
S3150000C1E00052D16311E74FF609321A800FE700BFFC
S3150000C1F00000015A008006505C3303008C2F00209B
S3150000C200982F00202000020038B5284B044698429B
S3150000C2100D4644D0264B98423ED040F25E3125482A
S3150000C22002F00EF9002D3DD140F25F31214802F0B7
S3150000C23007F91E4B9C4228D11F4B2269D00744BFE9
S3150000C2402022E2606A88910701D5298951B35207F5
S3150000C25001D52A8A32B34FF480721A6000229D609B
S3150000C2601A71C023E3606369DB0513D4202204F549
S3150000C2700053DA63114A2046DA63236C43F4FC6305
S3150000C2802364BDE83840FFF79DBE094B9C4209D1A7
S3150000C2900B4BD2E7636AE6E70029F9D1C4E7002928
S3150000C2A0CAD1C1E76FF0030038BD00BF0000015AD4
S3150000C2B0008006505C3303008C2F0020FFFF1F0018
S3150000C2C0982F00204369DB01FCD4012300F50050C0
S3150000C2D043607047022A10B54FF0000405D9033AAF
S3150000C2E0022A0CD90360047110BD11F4000218BFB4
S3150000C2F04FF07F4221F07F4313430C0EF2E721F00B
S3150000C300FF03CCB2EEE7000038B5134B0446984263
S3150000C3100D4604D04FF41F71104802F091F8012128
S3150000C32004F5805362685960AB7829881B0403F4CE
S3150000C33080330B43E978002914BF4FF40031002104
S3150000C3400B43C4F89830D30704D42046BDE83840E0
S3150000C350FFF7B8BF38BD00BF0040005AA83303003E
S3150000C360254B70B5984204460E46154604D04FF448
S3150000C3701171224802F064F82046FFF7A3FF3378D4
S3150000C380204603F007027378002BB37818BF082104
S3150000C3904FEA031303F0300343EA0203F27808BFBF
S3150000C3A00021002A14BF4FF4807200220B4313436E
S3150000C3B02367E26A337922F48B321B0222F48072FD
S3150000C3C003F4E063134372792946120302F48052A0
S3150000C3D01343B279002A14BF4FF48032002213436C
S3150000C3E0E362FFF791FF012204F580535A60F37967
S3150000C3F003B1E26070BD00BF0040005AA8330300DD
S3150000C400F8B52E4B0446984204D040F2F9212C4848
S3150000C41002F016F8012204F580535A60294B2A4A85
S3150000C420E36063691340FCD1A361C4F89830636983
S3150000C43013F4401FFBD16369DA052DD4A36F5BBBF0
S3150000C44063699B052AD4D4F888203ABB2046E36F5B
S3150000C450D4F88C30FFF736FF30231849A2608C429F
S3150000C4600CBF02210021226142F26005E2621746FA
S3150000C47022622367C4F880301346144E8B4210D1D3
S3150000C48000210E4B9C4201D1102A11D1104B04F50C
S3150000C49000546362A362F8BD636FCCE7D4F88430BE
S3150000C4A0CEE704EB03108564013306654765E5E7CF
S3150000C4B002F1280044F820100132E3E70040005A58
S3150000C4C0A8330300120002005200010000C00280DF
S3150000C4D08F330F800F4B10B598420C4604D040F2B4
S3150000C4E04F310D4801F0ACFF34B92A20FEF7DAF9D6
S3150000C4F0012838BF01200446084804F5742404F2D4
S3150000C5003F24B4FBF0F4601E7F2828BF7F20C0B212
S3150000C51010BD00BF0040005AA833030040420F0080
S3150000C52038B5134B0C469842154604D040F282317A
S3150000C530104801F085FF24B940F283310D4801F01F
S3150000C5407FFF0D498C4228BF0C461DB92A20FEF7F5
S3150000C550A9F90546621E1544B5FBF4F0A54228BFAD
S3150000C56000F1FF30032828BF0320C0B238BD00BF4A
S3150000C5700040005AA8330300005A6202F8B51F466D
S3150000C580174B0E469842144604D04FF46F71154867
S3150000C59001F056FF26B940F2BD31124801F050FFB6
S3150000C5A0114A124D002F08BF1546B54228BF354621
S3150000C5B01CB92A20FEF776F904469DF8182040F2A9
S3150000C5C0FF300132B4FBF2F46A1E1444B4FBF5F3F7
S3150000C5D0AC4228BF03F1FF33984228BF1846F8BD86
S3150000C5E00040005AA833030080969800404B4C0048
S3150000C5F02DE9F04F2DED048BC14B044698420E46B3
S3150000C600154687B003D0D321BE4801F019FFBE49B5
S3150000C61000222046FFF784FF7379984238BF1846F8
S3150000C6205FFA80F82046FFF74DFE317919B92046AA
S3150000C630FFF750FF0146F3784FEA08721B0102F03C
S3150000C640E04203F0300313430804327800F4FE009E
S3150000C65003430AB143F0020372780AB143F00403BC
S3150000C660B2780AB143F008030027A360F388328941
S3150000C67023617389DFF8889243EA024323624C45BB
S3150000C68001D1022F08D1012304F58054636007B05D
S3150000C690BDEC048BBDE8F08F002295F800B09B48F6
S3150000C6A09B49AE68934518BF01465B469448CDF852
S3150000C6B00080FFF763FF04EB071CDCF848200BF053
S3150000C6C0030E22F0435222F41D1222F4405222F0AD
S3150000C6D01F024EEA020295F801E01FFA86FA4FEAB7
S3150000C6E08E0E0EF01C0E42EA0E0EAA7882455646B3
S3150000C6F04FEA023238BF0646E87802F4E0424EEAD4
S3150000C70002024FEA004E0EF4E02E42EA0E0295F8BF
S3150000C71010E0804B4FEA4E5E0EF4600E42EA0E02C7
S3150000C72095F804E039014FEA0E7E0EF0405E42EACB
S3150000C7300E02CCF84820DCF84820C2F30232013A57
S3150000C740042A00F28880DFE802F08686860303006A
S3150000C750D3F8842107F1050ABBF1000F40F0CA8027
S3150000C76009EB01039A6CC2F30232531E012B694B8B
S3150000C77074D8DFED697AD3F8802192B24944896C86
S3150000C78022F4C043C1F3820E01210EF1010C01FA1D
S3150000C7900CF107EE101A4FEA834B1304B8EEC79A52
S3150000C7A0F6EE008A5B4B48BF4BF0004BBEF1000F24
S3150000C7B072D1D3F88C110BB208EE103AB8EEC88AD3
S3150000C7C037EE888A00287CD105A8039200F08EFAFD
S3150000C7D0DFED527A68EE277A039ADFED516A86EE2C
S3150000C7E0897ADFED506A27EE267AF1EE006ABBF110
S3150000C7F0004F07EEA67A0BD0DFED4B6A07EE902AC4
S3150000C80037EE266AFAEEE87AB0EE667A17EE867AA0
S3150000C810B5EEC07AF1EE10FACABFB1EE477A38EE3D
S3150000C820C77A37EE687AFDEEC77A17EE902AB2F528
S3150000C830003F55DB6FEA5B436FEA43434FEA0A1258
S3150000C84049F80230C6F3090609EB0A1ACAF8046069
S3150000C8500137143513E7D3F880217BE7032A0AD181
S3150000C860D3F88021D3F88C31120C1B1407EE903AC2
S3150000C870F8EEE77A82E7042AD3F884210BBFD3F8CF
S3150000C8808C31D3F88C311B141B1407BF92B25B009A
S3150000C890120C03EB4303E9E7D3F8901109B207EE54
S3150000C8A0101AB8EEC77A77EE677A29EE287AD3F8A7
S3150000C8B0881187EE878A0BB207EE903AF8EEE77A90
S3150000C8C07EE7D5ED037ADFED196AF8EE677A87EE33
S3150000C8D0A67AF7EE046AC6EE877A67EE887A7CE770
S3150000C8E012F5003FAABFC2F311024BF4003342EA2D
S3150000C8F00B03A3E740F2D111024801F0A1FDA1E725
S3150000C9000040005AA8330300005A6202404B4C0014
S3150000C910809698000080E00F000000003D3B843FB9
S3150000C92000008043000020440000004900007A44D3
S3150000C93008B50A6F496F02F00702FFF7CBFC08BD86
S3150000C9404FF400120B4B10B5C3F88020BFF34F8F86
S3150000C950BFF36F8F0024FF22074B21465C65202022
S3150000C9609A625C60FDF774FF2146BDE81040212005
S3150000C970FDF76EBF00E100E000000450072838B55F
S3150000C98004460D4603DD7721094801F059FD1F2CA9
S3150000C99003D99121074801F053FD074B074A0120AF
S3150000C9A0002D18BF134600FA04F41C6038BD00BF02
S3150000C9B0D8330300A932030040100450402004502D
S3150000C9C010B5044618B991211F4801F039FD2378A6
S3150000C9D01B0613F0604F03D092211B4801F030FD77
S3150000C9E0E3780F2B03D9A321174801F029FD012174
S3150000C9F02020FDF72DFF01212120FDF729FF01222F
S3150000CA00124B5A60227812069A606178A27842EA3E
S3150000CA1001429A61FF229A6200229A631A644FF0D9
S3150000CA2000425A654FF0FF324FF4001103F50053F0
S3150000CA301A65074AC2F88011E3781B01DBB282F857
S3150000CA401533116010BD00BFD83303000000045039
S3150000CA5000E100E02DE9F0410126C3B207280546B2
S3150000CA600C46904606FA03F603DDEC21354801F044
S3150000CA70E7FC1CB9ED21334801F0E2FC236823F4FE
S3150000CA807C1323F00F031BB1F0212E4801F0D8FCD4
S3150000CA90A37A1B0413F47C0F04D040F20911294831
S3150000CAA001F0CEFCE37A1B0513F07E6F04D040F252
S3150000CAB00B11244801F0C4FC237B5B0513F0FE5FD9
S3150000CAC004D040F20D111F4801F0BAFC30201E4A76
S3150000CAD0637B166521681D4F02F5005242F825104A
S3150000CAE000FB05752B66E37AA27A1B0543EA02432F
S3150000CAF0227B43EA425328F00302EB652A67FEF7DE
S3150000CB00E8FB7B6D33437B65237A13B13B6C334380
S3150000CB103B64637A13B1BB6B3343BB632279A3795E
S3150000CB2043EA0243084A93616179E37943EA0143A0
S3150000CB3007498B61054B56639E64BDE8F041FEF7DD
S3150000CB40CEBB00BFD83303000020045000000450C1
S3150000CB500010045010B50124C3B2072804FA03F4E8
S3150000CB6004DD40F29711074801F06AFCFEF7B1FBBD
S3150000CB70054B5A6D22EA04025A659C62BDE81040D4
S3150000CB80FEF7ADBBD833030000000450F8B501250D
S3150000CB90C3B20728044605FA03F504DD4FF4EE7127
S3150000CBA00C4801F04DFCFEF794FB30220A4B1E6D3B
S3150000CBB05F6B02FB04335C6EFEF791FB3D4206D1D0
S3150000CBC0C4F30A1008B9354200D10130F8BD00207F
S3150000CBD0FCE700BFD8330300000004504FF40032D6
S3150000CBE0054B9A6641F6713203F51C33DA6301226E
S3150000CBF003F50053DA6070470090005041F6713239
S3150000CC000121064BDA6303F50052D1600022DA6394
S3150000CC104FF40032A3F518339A66704700000350AC
S3150000CC204FF050234FF400321A677047014BD3F888
S3150000CC3094007047004000504FF0B0435A6812B15C
S3150000CC409A6A002AFAD17047022838B505460C467A
S3150000CC5003D94C210C4801F0F3FBE3786278217884
S3150000CC605B0143EA820322790B4343EA02130C2257
S3150000CC706A4302F1B0421363012902BFA278034B53
S3150000CC8043F8252038BD00BF37340300E880035041
S3150000CC904FF0B0435B6870B50BB1FFF7CDFF0121D4
S3150000CCA0104B4578596083780679002BC37814BFFA
S3150000CCB002240024002B14BF042200224379DB0047
S3150000CCC043EA06132B43234313434FF0B0429360CA
S3150000CCD0054B59600378002B14BF0B460223D36023
S3150000CCE070BD00BF00200058001000584FF480327D
S3150000CCF0064B5A6603F5E6235B69C3F38512827019
S3150000CD0003F03F021B0B4270037070470090005007
S3150000CD100B4B984211D003F5804398420DD003F592
S3150000CD208043984209D003F58043984205D003F525
S3150000CD308043C31A5842584170470120704700BFCC
S3150000CD4000800450F8B51F461A4B0E469842154609
S3150000CD501ED003F5804398421CD003F580439842C9
S3150000CD601AD003F58043984218D003F580439842C1
S3150000CD7016D01148822101F063FB4FF0FF300621E7
S3150000CD800E4C7FB101FB006004EB8000C560F8BD6E
S3150000CD900020F4E70120F2E70220F0E70320EEE7A7
S3150000CDA00420ECE701FB00602D0204EB8004E56043
S3150000CDB0EDE700BF00800450673403000081035094
S3150000CDC0036BDA0702D503695B06F9D470470000E6
S3150000CDD038B505460C46FFF79BFF18B9A52127482D
S3150000CDE001F02EFB2846FFF7EBFF012205F5005365
S3150000CDF01A63237961881B0243EA8143617A0B43F4
S3150000CE006178002914BF402100210B43A17A002933
S3150000CE1014BF802100210B43E17A002914BF202191
S3150000CE2000210B43217B002914BF102100210B4355
S3150000CE30617B002914BF082100210B43A179002939
S3150000CE4014BF4FF4803100210B436B6005F580530E
S3150000CE501A6322780AB90223EB6000236B62E17938
S3150000CE60237A43EA81036179002914BF1021002146
S3150000CE700B43AB600AB10123EB6038BD6734030096
S3150000CE80F8B506460F461446FFF742FF18B9F521D6
S3150000CE90274801F0D5FA022F03D9F621244801F0DC
S3150000CEA0CFFA3046FFF78CFF012206F500531A63CE
S3150000CEB0E279E57A002A627A14BF4FF480110021E4
S3150000CEC0002A14BF10220022A37943EAC5430B436C
S3150000CED0134306EB47152B66237A2BB3237B2A6E67
S3150000CEE0394642EA43422A66013B18BF0123A2782B
S3150000CEF0FFF728FF012306F580563363637822780F
S3150000CF001B0643EA8263E27843EA0233227943EA64
S3150000CF108223627943EA0223A27A002A14BF0422FA
S3150000CF20002213436B66F8BD2B6E2B66E2E700BF4B
S3150000CF306734030070B50446FFF7EAFE20B940F2F5
S3150000CF409B11204801F07CFA012604F580531E63EC
S3150000CF5002230021E3601C4B04F50055A160A1618A
S3150000CF606B614FF6FF732162E3614CF68063616289
S3150000CF706166A1662167C4F88410C4F88810C4F8F5
S3150000CF809010C4F8A410C4F8A810C4F8B010C4F8DF
S3150000CF90FC301F23C4F8EC102046C4F8F010C4F887
S3150000CFA0F830FFF70DFF2E6361602166C4F880102C
S3150000CFB0C4F8A010C4F8E010C4F8E810C4F8E410EF
S3150000CFC070BD00BF673403007700770770B506466B
S3150000CFD00C46154622B940F28E210C4801F030FA73
S3150000CFE024B94FF42070FDF75DFC04466D00013C4A
S3150000CFF0B4FBF5F4064B250213EA042304D040F2F1
S3150000D000B321024801F01CFAF56170BD98340300A3
S3150000D010070080FF194B10B59842044608D003F567
S3150000D0208043984204D040F24241154801F008FA84
S3150000D030012204F580535A6040F6AA6341F20502C4
S3150000D040636100230F49A360E365E26004F50052C3
S3150000D0502361E361E36491640849A3658C4202D0CD
S3150000D0600948844207D18C42236502D0064B9C4274
S3150000D07001D1002363650123536010BD00C0055034
S3150000D08098340300FFFF01000000065038B5334B0B
S3150000D090044698420D4608D003F58043984204D0D2
S3150000D0A040F269312E4801F0CBF92046FFF7B2FF76
S3150000D0B00122A97B04F580535A602A8AA3680029B5
S3150000D0C014BF4FF48061002142F0010213432A7D10
S3150000D0D00B43002A14BF4FF000520022A360A3683E
S3150000D0E01343A360AB7C5BB11C4AEB7C94422DD10D
S3150000D0F0A2F51032C2F88C31E36D43F08003E3658C
S3150000D1002B7B2046D5E9011243F48053E360FFF7F9
S3150000D1105DFF6B7B0BB1102363616B7D1BB1A36855
S3150000D12043F48033A360AB7D1BB1A36843F4004393
S3150000D130A360EB7D2A7E1B07120503F0E04302F491
S3150000D140E0021343A3652B78636138BD054A944218
S3150000D15004BFA2F52032C2F89C31CDE700C00550CD
S3150000D16098340300000006500123816480F854308F
S3150000D1707047000038B50546B0B1B9B1B2B1B2F5E5
S3150000D180006F13DCFEF7A5F895F84C3003F0FF04AA
S3150000D1901BB1FEF7A4F8064838BD012385F84C30CC
S3150000D1A0FEF79DF82046F7E70248F5E70248F3E761
S3150000D1B0032000F0012000F0022000F010B5044624
S3150000D1C01520FEF7A9F830B994F85430002BFBD09F
S3150000D1D005E000F069FE94F85430002BF9D010BD3C
S3150000D1E0836D70B5002B054603DCBB210C4801F0AE
S3150000D1F027F9FEF76EF8AC6D0646013CAC654CB9F6
S3150000D200FEF760F80546214601201DF0D1FE2846AE
S3150000D210FEF75CF83046BDE87040FEF760B800BF28
S3150000D220C934030038B51446FEF753F80023A36447
S3150000D23084F84C302364237F0546012B03D104F187
S3150000D2406000FCF72BF9636B1BB100212046E26BF3
S3150000D25098472846FEF743F82046FFF7C1FF01200E
S3150000D26038BD70B50446FEF734F8A36D05464BB9D4
S3150000D270FEF728F80121064608461DF099FE3046BD
S3150000D280FEF724F8A36D28460133A365BDE8704078
S3150000D290FEF725B82DE9F04390460022436390F847
S3150000D2A05C300446894687B080F85420C0F83C803C
S3150000D2B043BB4FF4406346690568092E6B6124D968
S3150000D2C0012605F12C0744352046FFF7CAFF154B0A
S3150000D2D04A46CDE902630123216B0093A06A3B46CF
S3150000D2E00494CDF8048000F029FD00232A46CDE9F8
S3150000D2F003330093CDE90186E16A606A04F11803FD
S3150000D30000F002FD07B0BDE8F083A6F109030BBFEC
S3150000D31005F1200705F1240738353C355E425E41AC
S3150000D320D2E700BF25D200002DE9F0471F460023B3
S3150000D33088B080F85430109B0446436390F85C3004
S3150000D3408846C76353BB4FF4406346690568092E98
S3150000D3506B6126D9012605F12C0944354FF0010AE7
S3150000D36020460792FFF77DFF144B079ACDE902632B
S3150000D370216B4B46A06A04940197CDF800A000F0FB
S3150000D380DDFC00232A46CDE90333CDE90176434689
S3150000D390E16A606ACDF800A000F0B6FC08B0BDE80E
S3150000D3A0F087A6F109030BBF05F1200905F1240951
S3150000D3B038353C355E425E41D0E700BF25D20000DD
S3150000D3C02DE9F04717460022436390F85C30044687
S3150000D3D0884686B080F85420C7634BBB4FF4406341
S3150000D3E046690568092E6B6125D9012605F12C0AC7
S3150000D3F044354FF000092046FFF733FF144B216BED
S3150000D400CDE9026304F138025346A06A04940197F9
S3150000D410CDF8009000F092FC01232A460093CDE956
S3150000D42003994346CDE90176E16A606A00F06CFC37
S3150000D43006B0BDE8F087A6F109030BBF05F1200A87
S3150000D44005F1240A38353C355E425E41D1E700BF1E
S3150000D45025D200002DE9F04104468B4F8AB003AE79
S3150000D4600D460FCF0FC697E8070086E80700002C89
S3150000D47000F008811DB985480AB0BDE8F081802218
S3150000D4800021204603F07BFB2B68814A934240F043
S3150000D490B180282222654FF480224FF000087D4F8C
S3150000D4A0C4E90B7226462F4646F8043B0FCF0FC63B
S3150000D4B097E80F0086E80F006B7E012B08BF8DF8FA
S3150000D4C01A30AB7E33B1012B40F0A2804FF40073CB
S3150000D4D0ADF81C302B7E0121012B03BF00238DF8F4
S3150000D4E019304FF47A73EB683A200593FDF7B0F9DB
S3150000D4F00121206DFDF7ACF92B691A1F0C2ABAD849
S3150000D500033B286803A98DF81830FFF7BFFDAB6908
S3150000D51023F47F0323F47F4323B92268936843F4FB
S3150000D520803393602B7A2879697940EA03406B7AD5
S3150000D530AA7941EA0341AB7AEE7E42EA0342564BB0
S3150000D5404FEA48184344002E6DD11D26C3F81C66C9
S3150000D550C3F83406C3F82C16C3F83026E97AEA79FC
S3150000D56042EA0142C3F82026E37BE27A84F845309A
S3150000D570237F207A677AA57A217B94F80D80A67B93
S3150000D58084F84420002B58D104220193FEF7ECFBCB
S3150000D590019B012241463846FEF7E6FBA27F314653
S3150000D5A0012A8CBF0123019B04222846FEF7DCFBDF
S3150000D5B0E37F3BB90123042294F8451094F8440014
S3150000D5C0FEF7D2FBFDF785FE344B1A78002A4ED1C2
S3150000D5D001221A70FDF783FEFBF726FF00F060FBC1
S3150000D5E0002104F1240000F0E3FA0146002841D0AE
S3150000D5F02B4841E72B4A93427FF43DAF292222650F
S3150000D6004FF4A02228484FF00108C4E90B0249E76D
S3150000D610022B02D14FF480735AE7032B7FF42BAF12
S3150000D6204FF4407354E71C25C3F81C56C3F8340660
S3150000D630C3F82C16C3F8302696E700230122FEF71E
S3150000D64093FB0023042241463846FEF78DFBA37F59
S3150000D6500222012B94BF0023012331462846FEF700
S3150000D66083FBE37F002BADD101230222A4E7FDF764
S3150000D67036FEB3E704F1280000F09AFA00283FF4DA
S3150000D680FBAEB5E70948F7E600350300022000F0D7
S3150000D69000C005500200040000C00350A42F002063
S3150000D6A0092000F00000065002000500012000F0ED
S3150000D6B02DE9F0410446002852D0806A00F0B2FB02
S3150000D6C0606A00F0AFFBE37BE27A677A94F80D803C
S3150000D6D0217B207A84F8442084F8453002220023F6
S3150000D6E0A57AA67BFEF740FB002302224146384678
S3150000D6F0FEF73AFBA37F0222012B94BF00230123EE
S3150000D70031462846FEF730FBE37F33B91A4694F8D4
S3150000D710451094F84400FEF727FB237F012B03D125
S3150000D72004F16000FBF7BAFE94F85C3013B9206888
S3150000D730FFF770FC0021206DFDF78AF8606A00F0A3
S3150000D74089FAA06A00F086FA00F062FAA36D002B4F
S3150000D75004DD01232046A365FFF742FD002000E01B
S3150000D7600148BDE8F08100BF012000F070B5037FDD
S3150000D7700446012B0D4616460DD0FFF7FBFC48B9B3
S3150000D780324629462046054BFFF784FD2046FFF723
S3150000D79015FDA06C70BD0248FCE700BF69D1000012
S3150000D7A0082000F07FB51546027F0446012A0E4682
S3150000D7B013D01A460393FFF7DDFC60B97DB1094A21
S3150000D7C031462046039B00922A46FFF7ADFD2046D0
S3150000D7D0FFF7F4FCA06C04B070BD0348FBE70348F8
S3150000D7E0F9E700BF69D10000082000F0022000F030
S3150000D7F070B5037F0446012B0D4616460DD0FFF784
S3150000D800B9FC48B9324629462046054BFFF7D8FDF4
S3150000D8102046FFF7D3FCA06C70BD0248FCE700BFB2
S3150000D82069D10000082000F0024B1968024B186805
S3150000D83002F0E0BA100F00200C0F00207047000025
S3150000D84037B5920004460D46019225F0F9F9431CBE
S3150000D8500BD060B929462046019A03F073F90028D7
S3150000D860044808BF002003B030BD0348FBE7034867
S3150000D870F9E700BF10E000F021E000F024E000F03E
S3150000D88013B5044601A8FFF731FA9DF806300122C8
S3150000D89023804FF4807300206380054B9B680A3316
S3150000D8A003F01F0302FA03F3636002B010BD00BF6A
S3150000D8B00080E00FFFF7A2B908B5FFF78FF9002047
S3150000D8C008BD10B5044644EA010313F003030846F5
S3150000D8D009D1934201D1002010BD54F8231040F81D
S3150000D8E023100133F5E72146920003F03BF9F2E7F6
S3150000D8F010B5044625F09CF9431C15D0B0B90C4B65
S3150000D90020469B680A3303F01F020123934023F04D
S3150000D91003032344984201D1002010BD50F8042B84
S3150000D9200132F7D00348F8E70348F6E70348F4E77F
S3150000D9300080E00F0EE000F021E000F024E000F0AF
S3150000D94008B5FDF7BFFC014B186008BD383600204E
S3150000D950014B1868FDF7BABC383600207047000046
S3150000D96070B5044601250B4E04B970BD94FAA4F0B7
S3150000D970B0FA80F005FA00F306EB001224EA03047D
S3150000D9805368002BF0D0117B11B191689847EBE7F3
S3150000D9909847E9E7EC36002008B51920FDF7A2FC08
S3150000D9A028B14FF00072074BC3F880211A601A2085
S3150000D9B0FDF798FC28B14FF08062024BC3F8802136
S3150000D9C01A6008BD00E100E038B505460C46FDF7D3
S3150000D9D080FC0022044B03EB05135C601A73BDE860
S3150000D9E03840FDF77CBC00BFEC360020074BD3F86F
S3150000D9F02404D3F8202403F50053104000F05530DA
S3150000DA0020F05020C3F82004FFF7AABF00C003503F
S3150000DA10074BD3F82404D3F8202403F50053104011
S3150000DA2000F0AA3020F0A020C3F82004FFF798BF2A
S3150000DA3000C003502DE9F04F9A46564B85B01B782F
S3150000DA4006460F461546DDF83C909DF844B0DDF8D5
S3150000DA505080002B00F08D80072A00F28C800E9BF0
S3150000DA60002B00F08880B9F1000F00F08480129B33
S3150000DA70B3F5006F7FDC012802D1109B002B7AD012
S3150000DA80454B03EB05131B7B002B76D0434C102232
S3150000DA900021684603F073F804EB45141022002FAA
S3150000DAA059D13946204603F06AF843F210036380E1
S3150000DAB0BBF1000F03D1E37843F00303E370374A69
S3150000DAC00E9B02EB451CCCE90193129B6901013BBD
S3150000DAD0C3F30A009DF84C30012E03F003034FEA0E
S3150000DAE0836343EA001E53582D48CDF800A000EA90
S3150000DAF003004EEA0003535041D113230CF1100EDC
S3150000DB00CCF80C309CE80F008EE80F006FF0030194
S3150000DB10DCF81C20109B61F39F02012FCCF81C201F
S3150000DB20CCF8143003D1CCF81890CCF80430002788
S3150000DB30194A290102EB051342F80180159A284675
S3150000DB405A60694622469F605E73FEF783FF384639
S3150000DB5005B0BDE8F08F0021204603F010F84FF421
S3150000DB6044736380BBF1000FA9D1E37843F030031F
S3150000DB70A4E70C48ECE70C48EAE70C48E8E7B8F1FC
S3150000DB80000FD4D19CF8023068F304138CF80230ED
S3150000DB90CDE700BF6C3A0020EC3800206C3900203D
S3150000DBA00F80FFF3028000F0018000F0078000F094
S3150000DBB038B5124B05461B78DBB1E0B1FDF789FBA2
S3150000DBC00F4A00231146147B54B92B6001251A0114
S3150000DBD001EB03131D738C50FDF781FB204638BD06
S3150000DBE00133082B02F11002EDD1FDF778FB054851
S3150000DBF0F5E70548F3E70548F1E700BF6C3A002072
S3150000DC00EC380020048000F0028000F0018000F073
S3150000DC1013B5FDF75EFB00230B4A147B7CB9013379
S3150000DC20082B02F11002F8D10190FEF789FE074B8E
S3150000DC3001981C70FDF753FB204602B010BDFDF79E
S3150000DC404EFB0348F9E700BFEC3800206C3A002091
S3150000DC50058000F00D4B10B51B78044693B10728DC
S3150000DC6012D8FDF736FB0A4B03EB04131A7B2AB1D5
S3150000DC7000241C73FDF733FB204610BDFDF72FFB78
S3150000DC800448FAE70448F8E70448F6E76C3A002047
S3150000DC90EC380020068000F0028000F0018000F0E1
S3150000DCA0154B13B51868002301908DF80430FDF765
S3150000DCB010FB124B1C7824B1FDF711FB104802B083
S3150000DCC010BD01221A70FDF70AFB0E4B01A81C734A
S3150000DCD01C7783F82C4083F83C4083F84C4083F84B
S3150000DCE05C4083F86C4083F87C4008238DF807304D
S3150000DCF0FEF766FE2046E2E7403503006C3A002058
S3150000DD00038000F0EC38002010B588B00E9C00921D
S3150000DD1007940D9C024606949DF8304005940B9C92
S3150000DD2004949DF8284003940024CDE9013420464C
S3150000DD300B462146FFF77EFE08B010BD10B588B031
S3150000DD400E9C009207940D9C024606949DF8304066
S3150000DD5005940B9C04949DF8284003940024CDE977
S3150000DD60013420460B460121FFF764FE08B010BDC2
S3150000DD7010B588B00F9C009207940E9C024606943C
S3150000DD809DF8344005940C9C04949DF82C40039413
S3150000DD900A9CCDE901340B4601210846FFF74AFEED
S3150000DDA008B010BD0A4A08B512785AB107280BD830
S3150000DDB0084A02EB00131B7B43B10021FEF7DEFD90
S3150000DDC0002008BD0448FCE70448FAE70448F8E7E1
S3150000DDD06C3A0020EC380020028000F0018000F050
S3150000DDE0078000F00A4A08B512785AB107280BD8FE
S3150000DDF0084A02EB00131B7B43B10121FEF7BEFD6F
S3150000DE00002008BD0448FCE70448FAE70448F8E7A0
S3150000DE106C3A0020EC380020028000F0018000F00F
S3150000DE20078000F00A4A08B5127852B107280AD8C6
S3150000DE30084A02EB00131B7B3BB1FEF78BFE00206A
S3150000DE4008BD0548FCE70548FAE70548F8E700BFBE
S3150000DE506C3A0020EC380020028000F0018000F0CF
S3150000DE60078000F00B4A10B512780C4662B10728FD
S3150000DE700CD859B1084A02EB00131B7B43B1FEF7DD
S3150000DE8085FE2060002010BD0448FCE70448FAE740
S3150000DE900448F8E76C3A0020EC380020028000F0D5
S3150000DEA0018000F0078000F02DE9F843174B1F6D45
S3150000DEB05B6D1F4000D5FEE701260025144CDFF8F8
S3150000DEC05480DFF85490374217D02368C8F8506062
S3150000DED09BB1A168284601316268A1609847637BBF
S3150000DEE0012B0AD148B909EB45131A7B60F34102AD
S3150000DEF01A731A7F60F341021A770135082D4FEA2B
S3150000DF00460604F11004DED1BDE8F8830000045093
S3150000DF10EC380020002004506C39002008B5114B65
S3150000DF20984217D00DD8A3F50043984214D003F5B4
S3150000DF308043984212D00C485B2100F081FA802081
S3150000DF4008BD0A4B98420BD003F580439842F2D1A4
S3150000DF505220F5E72620F3E72420F1E72520EFE716
S3150000DF602720EDE70000055044350300004005502A
S3150000DF7008B5104B984216D003F58043984215D049
S3150000DF8003F58043984211D003F5804398420DD0A3
S3150000DF9003F58043984209D0074840F2A72100F0D4
S3150000DFA04FFA002008BD4FF0FF30FBE74FF6FF7039
S3150000DFB0F8E700BF008004503C2D030070B504460E
S3150000DFC088B000680D46FFF7A9FF01210646FCF759
S3150000DFD03FFC01213A20FCF73BFC2B790422A17976
S3150000DFE06079FDF7C1FE0D220021684602F0C7FDEB
S3150000DFF003238DF8063001238DF8053002238DF8B2
S3150000E00001302B796A46591E4B424B4120682179D3
S3150000E0108DF80A30FEF734FF2268304B9A4254D00E
S3150000E02003F580439A4252D003F580439A4250D07A
S3150000E03003F580439A424ED029482A49A3F5BD33B9
S3150000E040824218BF0B46A0796279217942EA0042E2
S3150000E05043F821203046FCF725FC2D682668B0FBE6
S3150000E060F5F0451E3046FFF783FF854204D940F29E
S3150000E07089411D4800F0E4F9336BDA0704D440F215
S3150000E0808B41194800F0DCF9F561256826792846A8
S3150000E090FFF76EFF2B6BDB0704D440F217311248F3
S3150000E0A000F0CEF905EB461500260E223146AE6687
S3150000E0B004A802F064FD0123206804A98DF810303D
S3150000E0C0FEF786FE304608B070BD084BBBE7084B2E
S3150000E0D0B9E7084BB7E7084BB5E700BF0080045027
S3150000E0E00080055060C503503C2D030080C50350D9
S3150000E0F0A0C50350C0C50350E0C5035001230179F4
S3150000E1000268134803FA01F182421AD000F58040F2
S3150000E11082420DD00F4B9A4215D003F580439A42A6
S3150000E12013D003F580439A420CBF04234FF0FF330C
S3150000E13041F27C525B0103F1A04303F57033995021
S3150000E14070470023F4E70223F2E70323F0E700BF5A
S3150000E150008004500000055001230179026813482D
S3150000E16003FA01F182421AD000F5804082420DD0B6
S3150000E1700F4B9A4215D003F580439A4213D003F50C
S3150000E18080439A420CBF04234FF0FF3342F27C5285
S3150000E1905B0103F1A04303F57033995070470023E8
S3150000E1A0F4E70223F2E70323F0E700BF0080045000
S3150000E1B00000055038B50446FFF7CEFF2068194B1E
S3150000E1C0984227D003F58043984225D003F5804333
S3150000E1D0984223D003F58043984221D0124A13492E
S3150000E1E0A3F5BD33A03B904218BF194600252379FD
S3150000E1F041F82350FEF79EFE2B462A46A179607908
S3150000E200FDF7B2FD2068FFF789FE2946FCF720FBE3
S3150000E210284638BD0649E9E70649E7E70649E5E73E
S3150000E2200649E3E7008004500080055000C603500D
S3150000E23080C50350A0C50350C0C50350E0C50350B8
S3150000E24070B504680679E569204669436425B1FB23
S3150000E250F5F5FFF78DFE854204D940F2FA2107480D
S3150000E26000F0EEF8236BDB0704D44FF43F7103484C
S3150000E27000F0E6F804EB4614256770BD3C2D03005C
S3150000E2802DE9FF47044618B92C21584800F0D8F864
S3150000E2902368574A93420AD0564A934200F0838035
S3150000E2A04221524804B0BDE8F04700F0C9B82E201C
S3150000E2B00121FCF7CDFA01230A2261792079FDF7C5
S3150000E2C053FD01230A22E179A079FDF74DFD0927C7
S3150000E2D04FF00108DFF82491474D267994F805A000
S3150000E2E0002E62D0012E63D0022E63D0032E04D1FD
S3150000E2F00F2323FA0AF3DA0704D440F2FE31484624
S3150000E30000F09EF8302202FB065642F2100208FA8E
S3150000E3100AF3B3506420FAF773FF267994F805A040
S3150000E320002E49D0012E4AD0022E4AD0032E04D107
S3150000E3300F2323FA0AF3DB0704D440F22D414846A3
S3150000E34000F07EF8302202FB065641F2100208FA6F
S3150000E3500AF36420B350FAF753FF013FBDD120689A
S3150000E360234B98422FD10323C5F890346279237941
S3150000E37043EA0243C5F89434E279A37943EA0243B7
S3150000E380C5F8983440F20113ADF80030E3686946E9
S3150000E3900293A3680193237C8DF80C30FDF7C6FD2C
S3150000E3A004B0BDE8F0872F2082E740F2FF13A0E714
S3150000E3B01F239EE7FF239CE740F2FF13B9E71F23C5
S3150000E3C0B7E7FF23B5E70B4B9842DBD10323C5F82C
S3150000E3D0A0346279237943EA0243C5F8A434E2798A
S3150000E3E0A37943EA0243C5F8A834CBE7783503009E
S3150000E3F00000015A0080065000C003508F2C030015
S3150000E40038B50546FDF700FF044C012801D1013C53
S3150000E41000D138BD2846FDF7D5FDF6E7E1930400A7
S3150000E42005490A681318054883428CBF4FF0FF322E
S3150000E4300B601046704700BF300F002000800020A0
S3150000E440FEE700230360704738B504460D4601B168
S3150000E45018B937210348FFF7F3FF23682B602560BF
S3150000E46038BD00BFB235030038B504460D4601B1CC
S3150000E47018B978210548FFF7E3FF23681BB1AB42C3
S3150000E48002D12B68236038BD1C46F6E7B23503007F
S3150000E490FEE7000008B500F02DF8124B12498B423A
S3150000E4A012D30020114B12498B4218D3F7F76CFE9A
S3150000E4B0186850F82240586840F82240013298689F
S3150000E4C08242F5D30C33EAE70022F8E71C6844F8E9
S3150000E4D0220001325C68A242F8D30833E4E7002246
S3150000E4E0F8E700BFA4D50300B0D50300B0D50300FC
S3150000E4F0B0D503004FF400414FF0FF30124B134AE2
S3150000E50010B59A60D3F8882042F47002C3F88820C8
S3150000E5100F4A916601F1884101F5005210664FF6E7
S3150000E520DF7050660220C3F8D000BFF34F8FBFF3F1
S3150000E5306F8F08244FF440330648C0F88041D360FB
S3150000E54004600B6110BD00BF00ED00E0006000003C
S3150000E5500090005000E100E0014B1868704700BFD2
S3150000E560380F0020014B1860704700BF380F00209D
S3150000E570084B1B6F03F00703022B04D0032B05D0B7
S3150000E580012B05D0FEE7044B18687047034BFBE7E9
S3150000E5900348704700800050380F00203C0F0020D1
S3150000E5A0002D310108B5FFF7E3FF054B1B6FC3F3E1
S3150000E5B003330133B0FBF3F0024B186008BD00BF14
S3150000E5C000800050340F00200048704700B4C40497
S3150000E5D0014B1868704700BF3C0F002000207047B1
S3150000E5E000487047002D31014FF4004070474FF44A
S3150000E5F07A707047014B1868704700BF400F0020C3
S3150000E600012208B5074B1A700022074B1A70042224
S3150000E610064B1A701F22064B1A70FBF7BDF9054B05
S3150000E620186008BD440F0020743A0020450F0020F2
S3150000E630460F0020703A002008B505218020FCF71F
S3150000E640C7FB05214FF48060FCF7C2FB05214FF4A0
S3150000E6509060FCF7BDFB08214FF4C060FCF7B8FBE7
S3150000E66008214FF4F060FCF7B3FB08213E20FCF7CD
S3150000E670AFFB08213D20FCF7ABFB08212D20FCF762
S3150000E680A7FB002008BD10B501213A20FCF7E0F8F1
S3150000E6900222012310460621FDF766FB0121002315
S3150000E6A008460422FDF760FB012302220721002011
S3150000E6B0FDF75AFB0023022218460521FDF754FBFD
S3150000E6C00023042218460621FDF74EFBBDE8104044
S3150000E6D00123042200211846FDF746BB08B51DF0AC
S3150000E6E005F821F01BFAFFF78BFFF8F741FCF9F765
S3150000E6F0B9FAF8F7D3FB21F0EDF81EF01FF81FF07A
S3150000E70031F81EF06BFD1EF0C3FB1EF0ADFF21F0CD
S3150000E7106FFA01213020FCF79BF840F20312012129
S3150000E720074B0846C3F80024FCF7E4FE00201CF063
S3150000E7304DFE21F0E1FABDE8084021F0F7BA00BF2E
S3150000E74000C007500420704708B5F9F7D9FABDE8AC
S3150000E75008401EF0BFB808B5FAF786FDFFF7BEFF02
S3150000E760FAF78FFDFFF7F0FF21F05CFB0028F7D0EA
S3150000E7701CF0F2FCF4E74369406CDA1C1438B2FB77
S3150000E780F0F203EBC203CA1D0333B2FBF0F2B3FB94
S3150000E790F0F30132023301EBC20100FB03107047B4
S3150000E7A038B5446905462146FFF7E5FF6B6CE11D68
S3150000E7B0143BB1FBF3F1013104EBC104204438BD35
S3150000E7C0F7B507460E460025A8197C6C80EA0603B5
S3150000E7D064421C4003D02C46204603B0F0BDFB6BC0
S3150000E7E0012201A95B699847019B0133F4D10435E5
S3150000E7F0EAE713B504460191FFF7A2F80198E36B27
S3150000E800DB6802B0BDE81040184770B5002586B039
S3150000E81004460562E369AB4202D8206A06B070BDC1
S3150000E820666C0522206801A9E36B06FB05005B699F
S3150000E830984701A801F021FF01F044FF10B1236AB7
S3150000E840013323620135E5E738B50446456C0068B7
S3150000E85004F1400305FB0101E06B01F040FF0546B2
S3150000E8602046FFF7D2FF284638BDF0B5054687B0EB
S3150000E8700026EC69013CB44203D80C46204607B09A
S3150000E880F0BD01B14C1E6F6C0522286801A9EB6B27
S3150000E89007FB04005B69984701A801F0EEFE01F052
S3150000E8A011FF0028EAD101362146E2E7F0B5044619
S3150000E8B087B0466C0D4600680522E36B01A906FB8E
S3150000E8C005005B69984701A801F0D7FE01F0FAFE42
S3150000E8D020B101A801F0A8FE07B0F0BD29462046E8
S3150000E8E0FFF7C3FF676C0646E36B206805225B698A
S3150000E8F001A907FB0600984701A801F095FE431CF5
S3150000E900EAD0B54238BF0130E6E72DE9F043D0F84A
S3150000E91024804FF6FF7987B004460E46C84514BFDB
S3150000E920454600250027E369BB4202D807B0BDE88B
S3150000E930F083E26B01A92368606CD2F814C005224B
S3150000E94000FB0530E04701A801F097FE022806D03B
S3150000E950C8450CD1721C29462046FFF775FF0135C4
S3150000E960E3690137B5FBF3F203FB1255DBE72946F2
S3150000E9702046FFF79BFFB0F1FF3F14BF0246324629
S3150000E9800132E8E7F0B5046887B006460025091BA2
S3150000E990446CB1FBF4F4F36937685A1E706C954207
S3150000E9A008D3706C336800FB043007B0BDE8F04054
S3150000E9B001F093BE01340522B4FBF3F103FB1144CD
S3150000E9C0F36B01A95B6900FB0470984701A801F08D
S3150000E9D054FE01F077FE0028E3D10135DBE710B4E1
S3150000E9E023F003049B07436C2244C3F100030A444B
S3150000E9F018BF043281EA0204234203D05DF8044BB7
S3150000EA00FFF7C0BF10465DF8044B70472DE9F04193
S3150000EA10D0E90A3686B004469E4208D1C36914225C
S3150000EA20456802FB1355284606B0BDE8F08100256F
S3150000EA30206801A9676C331AE26BB3FBF7F3D2F8CF
S3150000EA40148007FB03000522C04701A801F015FE4C
S3150000EA50012804D0636C1D44013B3340ED1A314656
S3150000EA602046FFF78FFFA36A06468342E0D1DAE726
S3150000EA70F0B5002587B004462E46E369B34202D8B6
S3150000EA80284607B0F0BD636C0522276801A903FB81
S3150000EA900677E36B38465B69984701A801F0EDFD00
S3150000EAA001F010FE58B1384601F017FE0146204627
S3150000EAB0FFF786FE636C143B834208BF01350136BF
S3150000EAC0DBE708B508301346D1E9001201F098FBE0
S3150000EAD0012008BD2DE9F04F144689B09B46C36B53
S3150000EAE007460E465B69012204A960689847FB6BDE
S3150000EAF0012205A95B693046984704A801F06EFC1F
S3150000EB00054648B100254FF0FF33A5756575A3602E
S3150000EB10284609B0BDE8F08F05A801F06CFC01237A
S3150000EB20A375237E04EBC303DE611D846368B342D1
S3150000EB300ED1206005A801F080FC4FF0FF33207550
S3150000EB40A360237D043B022B25D80023A375DFE7B2
S3150000EB502368834205A818BFA57501F06EFC237DC6
S3150000EB60834205A81CBF0023A37501F048FC80461C
S3150000EB7004A801F044FC804505A81CBF0023A3752A
S3150000EB8001F045FC804604A801F041FC80451CBF0D
S3150000EB900023A375D5E705A801F031FC78B1FB6B1E
S3150000EBA0022206A930465B69984706A801F036FCA2
S3150000EBB0237D032B5ED8DFE803F05D5D040905A81D
S3150000EBC0F4E7227ECC2104EBC2021184184601F040
S3150000EBD05DFC129B187005A894F8188001F003FCE0
S3150000EBE004EBC80888F8220005A8237E04EBC303BB
S3150000EBF0B3F8209093F8228001F001FC039005A859
S3150000EC0001F005FC039B8246002B38D0FB6B0222E9
S3150000EC1006A930465B69984706A801F0C4FB6075F3
S3150000EC20637D002B2FD10023A375A27D12B123692A
S3150000EC304B4423613449237E097899425ED90133D6
S3150000EC402376BBF1000F5BD0002A59D0E37D002B61
S3150000EC5056D0002D54D1B8F1030F51D0A1684B1CEA
S3150000EC604ED0129B2246384600930123FFF732FF0F
S3150000EC70A07545E0227E04EBC2021084A6E705A833
S3150000EC8001F07CFBCBE7A27D002ACED0B9F1000FC4
S3150000EC900CD1B8F1000F1DD00123617EE37519BBBD
S3150000ECA0984529D10D4684F8198015E07B6C06EB52
S3150000ECB00A00594286EA000C1CEA010F1CBF00211B
S3150000ECC0A175591E01405B1A9945ACD8A37D002B4E
S3150000ECD0DFD1AAE7E37DABB94B465246314638460B
S3150000ECE0FFF77DFEA060A0E7B8F1010F0AD0B8F1EA
S3150000ECF0030FF1D1A376EFE71546EDE70023A375E1
S3150000ED00A57D05E7154690E73835030013B50C4693
S3150000ED10002100931346217622466168FFF7DAFE4A
S3150000ED2018B1E37D03B1A07EA075A07D02B010BD31
S3150000ED302DE9F04F0E46002504464FF0FF311046F0
S3150000ED40984617462DED028B8BB08DF8135001F0C7
S3150000ED5079FBC6F313039E42019340F08F80314640
S3150000ED6005AA04F1080001F030FA451C014600F03E
S3150000ED708780384601F066FB0DF113030122394600
S3150000ED802046FFF7C3FF00287AD09DF8133088F895
S3150000ED900030002078E0E56A681C37D1616A2046B9
S3150000EDA0FFF763FD0546B31CDFF8F09018BF01239B
S3150000EDB008EE103A636A05A9626C4FF0000B0293E5
S3150000EDC0236802FB053AE36B05225B6950469847C8
S3150000EDD005A801F052FC01F075FC504601F07DFCDF
S3150000EDE0824601464A1C05D0636C81EA0A025B42F0
S3150000EDF0134211D029462046FFF737FD029BAB424E
S3150000EE002DD0BBF1000F2DD10546D3E720682D1A72
S3150000EE10606CB5FBF0F5C6E7484601F013FB0DF153
S3150000EE20130318EE102A49462046FFF76FFF0346E4
S3150000EE3090B1B11C03D0D9F80020B2420CD19DF894
S3150000EE401320494603933846124B88F800201A6867
S3150000EE5001F088FE039B9B46D9F80810C2E7BBF178
S3150000EE60000F10D0019B9E4293D198F80030314696
S3150000EE707A6804F1080001F0C3F98AE7B31C8AD066
S3150000EE80237C002B87D104480BB0BDEC028BBDE878
S3150000EE90F08F00BF3C3503000BE000F094360020F5
S3150000EEA02DE9F3410E46044617469846816A184DE9
S3150000EEB0E36A8B4201D04B1C02D102B0BDE8F0815F
S3150000EEC0284601F0BFFA0DF1070301222946204624
S3150000EED0FFF71CFF38B143469DF807202946204618
S3150000EEE0B8470028E9D0A9684A1C04D169682046B9
S3150000EEF0FFF748FD0146012EDAD16B6881EA03026D
S3150000EF00636C5B421A4218BF4FF0FF31D0E700BF77
S3150000EF10C03600202DE9F041036B9046826B90B01D
S3150000EF2007680E469A42426C01A9044688BF83636D
S3150000EF30436A02FB0377C36B05225B693846984731
S3150000EF4001A801F09AFB01280146307056D0656C85
S3150000EF5006A9E26B2368606AD2F814C0052205FB95
S3150000EF6000300025E04706A801F087FB012823D0E2
S3150000EF7001218DF834800E958DF83C10D4E90A32C3
S3150000EF80CDE90B4593422AD119462046FFF7FAFCF4
S3150000EF90236B626C1433E0629B1A23630C9B53B998
S3150000EFA09DF83C303BB1626A616C2368E06B01FB03
S3150000EFB0023101F01AFB0C9DE36B052201A93846CC
S3150000EFC05B69984701A801F058FB3070236B28460F
S3150000EFD0A26B9A4288BFA36310B0BDE8F081237C80
S3150000EFE033B90BAA1C4904F1080001F059F9D5E719
S3150000EFF00BAB1A4A2046FFF753FFCFE7237C23BB10
S3150000F0002246174904F1080001F04AF9616A2046D0
S3150000F010FFF74CFC616A421C2046FFF715FC0546CB
S3150000F02020B9236B626C1344143B2363A16A204608
S3150000F030FFF7A8FC2368A062C31A606CB3FBF0F369
S3150000F04020466362FFF7E2FCB6E70023054A204646
S3150000F050FFF726FFDAE700BFC5FA000041FA000015
S3150000F06031F1000069F0000073B500F1080516469D
S3150000F0700C460DF107020968284601F0A6F8032E92
S3150000F08006D16368834203D12168284601F085F8DA
S3150000F090012002B070BDD01E009B42424241187E44
S3150000F0A0824211D11A688A420ED85A688A420BD314
S3150000F0B05A6901325A61D3E9030282423FBF986816
S3150000F0C040F8221001321A610120704773B51C46C0
S3150000F0D0D31E0D465A425A41237E9A4222D10968CE
S3150000F0E0236899421ED3636899421BD80F4E0DF1CF
S3150000F0F007033246FFF71CFEA0B99DF80730032B25
S3150000F10010D072686B689A420CD1636901336361EF
S3150000F110D4E90323934205D22968A26842F8231052
S3150000F12001332361012002B070BD00BF68360020A4
S3150000F130032A10B5029C07D1A26A5340626C524260
S3150000F140134201D101F029F8012010BD2DE9F04F3D
S3150000F15089B09B461646534A9DF8483080460D4670
S3150000F160009313695B45C0F09680D2F804A0D94697
S3150000F170B9F1000F00F08B80D8F83C30012205A9C8
S3150000F18050465B69984705A801F035F9454B1B6861
S3150000F190984240F0838005A801F039F90428074613
S3150000F1A014D105A801F03AF9009B04460AEB0700C2
S3150000F1B0002B3DD1A64212D9361B1C46514640466D
S3150000F1C0FFF7E0FBA9EB04098246D1E7D8F83C300B
S3150000F1D0022206A950465B69984706A8E2E7A41BE7
S3150000F1E087195C4528BF5C46032CABEB040B1DD985
S3150000F1F0D8F83C3029463846A2085B6904F0030675
S3150000F200984724F003031F441D44002ED6D0D8F897
S3150000F2103C30012206A938465B69984732462846A3
S3150000F22006A9354401F09EFC0026C7E72646ECE712
S3150000F23004F00303274601932B1902930319039342
S3150000F240029BDD1B039BD81B019B9F420FD1002F06
S3150000F250B4D0D8F83C30012206A95B6998473A46F3
S3150000F26006A9284601F06EFC78B93D44A6E7D8F811
S3150000F2703C30012206A95B699847042206A9284664
S3150000F28001F060FC08B9043FDAE7DFF81C90484655
S3150000F29009B0BDE8F08FDFF81490F8E7DFF81090BA
S3150000F2A0F5E700BF3C36002012E000F011E000F068
S3150000F2B022E000F008B5C36800209847BDE8084082
S3150000F2C0FEF746BB2DE9F0410F4688B01646984634
S3150000F2D0044660B390F83450FDB10121FFF789FA76
S3150000F2E00E9B0021CDF804800496CDE902379DF8E7
S3150000F2F03C308DF81C30237CCDE905118BB901AA71
S3150000F3000C4904F1080000F0CBFFE06BDDE90535A0
S3150000F310002E18BF1D46FFF7CDFF284608B0BDE8F2
S3150000F320F08101AB044A2046FFF7BAFDEDE705463A
S3150000F330F3E700BF97F00000CDF00000012870B59C
S3150000F3400CBF02200420002442431C70CC7D101DFB
S3150000F35002F002024CB91AB1012220F003001A7021
S3150000F36000F108034868184470BD1AB1012220F064
S3150000F37003001A700D7E002301F12006DAB2AA42BC
S3150000F38001D30020F0E736F833401A4601338442B1
S3150000F39005D901EBC20100F10803C869E3E7001BC8
S3150000F3A0ECE737B504461D4690F842000DF103031D
S3150000F3B0FFF7C4FF94F84220E36B012A5B690CD186
S3150000F3C001A998479DF8033013B1BDF806300193A3
S3150000F3D0BDF804302B6003B030BD012229469847A2
S3150000F3E0F9E770B5054686B048680024EB6B0E4613
S3150000F3F0012202A95B6908300294984795F84230C9
S3150000F400012B00F08C80312C4BD9029806B070BDD0
S3150000F41005AB224631462846FFF7C3FF9DF8143058
S3150000F420002B40F0828095F84230012B43D1612CAD
S3150000F4302ED803AB224631462846FFF7B2FF04AB6F
S3150000F440621C31462846FFF7ACFF05ABA21C3146CD
S3150000F4502846FFF7A6FF102208230DF107000DEB43
S3150000F46002018DF8073001F019F8102205A90DF1F7
S3150000F470070001F013F8039BDAB24AB99DF807209A
S3150000F480B2EB132F04D1DDE9043203EB02430293FE
S3150000F49095F84230012B0CBF022301231C44013492
S3150000F4A0ACE742D005AB224631462846FFF779FF46
S3150000F4B0BDF81430B4E7302CEAD803AB2246314607
S3150000F4C02846FFF76EFF04AB621C31462846FFF75D
S3150000F4D068FF102320220DF107000DEB03018DF8C4
S3150000F4E0073000F0DBFF039B9AB2002AD0D19DF8CB
S3150000F4F00720B2EB134FCBD1049BC8E70133CED024
S3150000F500102205A90DEB020000F0C8FF059B9DF82F
S3150000F5101010C3F307429142C1D19BB224E0632C81
S3150000F5203FF673AF612C7FF673AF00232246314658
S3150000F53028468DF8103005ABFFF733FF95F84230BB
S3150000F540012B059BDAD14FF6FF729342A7D0082212
S3150000F55005A904A800F0A2FF059B9DF81010C3F3AF
S3150000F560072291429BD1DBB2029A1344029396E79B
S3150000F5702DE9F04F2DED028B97B00F4604460C9205
S3150000F5800A69416C0A93D31D1439B3FBF1F30133B5
S3150000F59002EBC303026B9A42C0F0E6810023099393
S3150000F5A007F120030F93E36A9B481946049300F082
S3150000F5B049FFD7E9033606930A9B022B0AD1CC2EC4
S3150000F5C040F06C810C9B002B4BD039462046FFF750
S3150000F5D008FF1290782E0C9B656C94BFF87D012075
S3150000F5E0002B42D100F00100002814BF0823042399
S3150000F5F0782E0D930AD86B1E049A1340ED1A331D0C
S3150000F6009D423CD2002E3FD0082D41D90123002532
S3150000F6104FF0080A05933B68DFF8FC8105990A98C4
S3150000F620C8F80030C8F8106000F022FF4FEA9A03CD
S3150000F630DDF8109088F8140008EE103A00230793BE
S3150000F6400B9303930893616C4B1E09EA03028B1A12
S3150000F65016B35544AB4221D8236B5B1A134423637C
S3150000F66088E0069B1B681293B4E7E36B012214A99A
S3150000F67078685B69984714A800F0C1FEB4E70025D6
S3150000F6804FF0040A0595C6E704250596AA46C2E783
S3150000F690002304250593F9E75345DDD3A3EB0A03BD
S3150000F6A0B04609EB0A0B9E4228BF98469E4275D982
S3150000F6B0594B01221969DA758E4275D1C3F8049047
S3150000F6C00392554BDA7D002A70D0197E0398CA1C26
S3150000F6D0013103EBC2021976C2F80490A2F8088041
S3150000F6E09072B8F1000F14D00A9B022B61D1079BD0
S3150000F6F07BB90B9B4344032B0BD9E36B012212A965
S3150000F70058469B6998470546002840F03D810123ED
S3150000F7100793039B14A8404A0193059B39680093FD
S3150000F7204346127D00F0DEFDE36B18EE102A14A9A5
S3150000F7309B6948469847051E099B18BF4B46099387
S3150000F7404346524649462046FFF749F9324B08F1EF
S3150000F75003029860236B22F00302A3EB0A039B1AB1
S3150000F7602363002D40F010810B9BA6EB0806D946BB
S3150000F77043440B9349462046FFF704F9002581468A
S3150000F780002E7FF460AF244A04F1080039689368BC
S3150000F7905268E3620A9B00F033FDDCE0039B002B1A
S3150000F7A018BF032303938CE70223FBE7C3F80490F7
S3150000F7B097E70C9B002B31D1B8F1030F28D9E36BE7
S3150000F7C04FEA9802069958469B6998470546B8B984
S3150000F7D018F0030514D028F00303069AD1185B44E9
S3150000F7E04FF0FF3213A80E9313922A4601F0BAF98E
S3150000F7F0E26B0E9B13A9956901221846A847054698
S3150000F800069B43440693002D83D0CDF824B097E79A
S3150000F8105B4606994546E3E7943600205B46FA7D4B
S3150000F8207868A2B197F818E00021089ACDB2AE45E3
S3150000F83011D90F9D0E9135F831C00131944526D965
S3150000F8400E9907EBC1050D99E8690A4402E00D9A85
S3150000F85008990A441044E26B13A90E9355690122D4
S3150000F860A847089B139A11A9043311920893E26BD7
S3150000F8700E9B956901221846A8470BEB08020E9BC2
S3150000F8800546D21A042A05D930B90433C7E7A2EBD4
S3150000F8900C02CBE79B46B6E79B46B6E73B4EDFF846
S3150000F8A0F4A004F1080B2368049A606CA2EB030928
S3150000F8B0B9FBF0F900FB093000F00FFFE16A804662
S3150000F8C02046FFF75FF8A36A83424FD0626CDAF8EE
S3150000F8D00830511E2568E0621940236B9B1A0B44C1
S3150000F8E02363099B5D1BB5FBF2F5A94539D1049B42
S3150000F8F0B3EB080913D0E36B4FEA990241469B69C3
S3150000F9009847E36A049A4B4403905846E362236B94
S3150000F9109B1A4344236300F02AFC039A914623680A
S3150000F920616CE06B01FB053100F04CFE2046FEF7F2
S3150000F9306CFF2046FFF76AF82063B9F1000F15D077
S3150000F9403A69616CD31D1439B3FBF1F3013302EB51
S3150000F950C3039842A7D2304617B0BDEC028BBDE870
S3150000F960F08F4FF00009DAE7094EF4E73A69616C67
S3150000F970D31D1439B3FBF1F3013302EBC303226B3E
S3150000F9809A42BFF410AEE6E72E4688E723E000F081
S3150000F99006E000F0943600202DE9F7431E46436941
S3150000F9A004468846B34217469DF828903CD3002566
S3150000F9B08DF807502046FEF7F3FE236B83420AD2EA
S3150000F9C0236AB5EB430F06D200220DF1070120464C
S3150000F9D0FFF7A0FA30B39DF80730012B05D10022BE
S3150000F9E00DF107012046FFF795FAB9F1030F06D08E
S3150000F9F031462046FEF7BFFE236B834218D30D4DDA
S3150000FA004FF0FF31284600F01DFD4B4600222946E7
S3150000FA102046C5F80080C5E9037603B0BDE8F0438B
S3150000FA20FFF7A6BD0135C5E7034803B0BDE8F0837F
S3150000FA300248FAE7683600200FE000F006E000F022
S3150000FA40032A2DE9F34106460D4617461C4606D104
S3150000FA50237A012B23D0012002B0BDE8F081DFF824
S3150000FA6060800DF1070309684246FFF761F960609F
S3150000FA700028EDD19DF80730032BE9D0D8F80420F3
S3150000FA806B689A42E4D1237A2969012BD4F80CC019
S3150000FA9007D10CEB01037269934202D92074207CD2
S3150000FAA0DAE708313B46012230466144E1602946E7
S3150000FAB0FFF75EFD60600028CAD00020CCE700BFDB
S3150000FAC068360020032A2DE9F7430A9C904606D1A2
S3150000FAD0237A012B23D0012003B0BDE8F0832668EA
S3150000FAE00DF10703DFF8889030464A46FFF720F904
S3150000FAF060600028ECD12568D9F80470A96A6A6CA0
S3150000FB004F4053421F40E3D1237A012B09D1E068CD
S3150000FB10D9F8103003447069834202D92774207CD7
S3150000FB20DAE72868EB6A1B1A081AB3FBF2F3B0FB94
S3150000FB30F2F083420BD1706CF36A421E1340326BB3
S3150000FB40121A284613443363FEF71CFFE862D9F8FD
S3150000FB501020E36808320649206813440122E36056
S3150000FB604346FFF705FD60600028B1D00020B3E7EB
S3150000FB70683600202DE9F04F4FF0FF334FF6FF7245
S3150000FB80002500F10806044687B0C3628846056270
S3150000FB900563C0E90923304600F0E9FA2046FEF77E
S3150000FBA034FE68BB20464146FEF7AFFE2046FEF710
S3150000FBB02CFE68BB8A4D2046FEF75AFFD0E023682C
S3150000FBC001A9E26B606C5769052200FB0530B84756
S3150000FBD001A800F052FD012807460CD1294620460F
S3150000FBE0FEF764FE012F024600D101322946204667
S3150000FBF0FEF72AFE03E000F06AFD0028EED101358B
S3150000FC00E3699D42DBD32046FEF7FFFD0028C9D0FD
S3150000FC1000254FF0FF394FF6FF73CA46A846C4E9E0
S3150000FC200853E36998450AD3A5EB0905012D2DD89C
S3150000FC30636A4FF6FF7293423DD16A4DBBE7236874
S3150000FC4001A9E26B606C5769052200FB0830B847D2
S3150000FC5001A800F012FD834601A800F0E5FC074666
S3150000FC60584600F02FFD70B15745236ABA4638BF93
S3150000FC70C4F82480B94503F1010328BFB946BD4243
S3150000FC80236238BF3D4608F10108CAE74FF6FF7305
S3150000FC9000256362E3699D42CAD2676C052220682B
S3150000FCA001A9E36B07FB050001355B69984701A8CD
S3150000FCB000F0BAFCEEE7E26B01A9676C20685569B3
S3150000FCC0052207FB0300A84701A800F0ADFC626A05
S3150000FCD02368606C444D00FB023000F0FEFC4FF0E0
S3150000FCE0FF33A0622A46E3626FF001010DF10303C0
S3150000FCF02046FFF71DF8002836D1AD682946204674
S3150000FD00E562FEF75DFD206320B9E16A2046FEF755
S3150000FD1039FEE06229462046FEF734FE0546A36A10
S3150000FD209D4223D163692046656CA5F11402DD1C52
S3150000FD30B5FBF2F503EBC5050335B5FBF2F5023568
S3150000FD40FEF796FE8046A8423ED2616A2046FEF73E
S3150000FD508CFD0027064604F1400AAF4218D3234D16
S3150000FD60284607B0BDE8F08FA56AC7E729462046B2
S3150000FD70FEF726FD236B07462946034420462363E8
S3150000FD80FEF700FE0546002FC9D1C4E90B07C6E7FA
S3150000FD90474512D3626C01A9236802FB0639E36B5F
S3150000FDA005225B694846984701A800F03DFC53468A
S3150000FDB002464946E06B00F092FC31462046FEF7CB
S3150000FDC054FD01370646C8E73046002500F0CFF956
S3150000FDD00023074A20461946FFF762F8EBE600BF04
S3150000FDE003E000F016E000F06836002013E000F0B3
S3150000FDF0C3EA00002DE9F041604B00250E4604469B
S3150000FE00D3F800801D6018B95D4D2846BDE8F08125
S3150000FE1090F8347007B30A6803689A4240F0A380EA
S3150000FE204A6843689A4240F09E808A6883689A428C
S3150000FE3040F09980CA68C3689A4240F094800A6983
S3150000FE4043699A4240F08F808A69C36B9A4240F0B8
S3150000FE508A804B698361D8E750223946856B00F06A
S3150000FE608EFE336804F10800A5632360736863603F
S3150000FE70336963617369D6E90212A36100F089F9F7
S3150000FE80B36904F14000E3639B68984720B9676C47
S3150000FE9017B16368B3FBF7F794F84330E761002BBB
S3150000FEA0B2D0656C002D66D0002F64D02368B3FBFA
S3150000FEB0F5F205FB1233002B57D16668B6FBF5F356
S3150000FEC005FB1363002B50D12046FEF769FCA3699E
S3150000FED0043303449E424AD3636940F63472CC3BF2
S3150000FEE0934246D8B5F5007F45D303212046FEF759
S3150000FEF080FCE36BD4E900011B689847E36B054679
S3150000FF000220DB689847DDB941462046FFF732FEFE
S3150000FF101C4B0546984204D141462046FFF72AFE6F
S3150000FF2005466DB9636C2046266A143B5E43FEF7B0
S3150000FF3037FCA369144A043303449E4238BF15466E
S3150000FF40002D0CBF0123002384F8343007D10F4A5B
S3150000FF5013680133D4E900011360FDF7FFFCE06B81
S3150000FF60FFF7A8F951E70A4D4FE70A4D4DE7064D51
S3150000FF704BE7094D49E7094D47E700BF783A0020AE
S3150000FF8009E000F013E000F002E000F07C3A002007
S3150000FF9008E000F001E000F005E000F004E000F009
S3150000FFA02DE9FF410E4690461F460546A0B390F840
S3150000FFB034309BB3C1F31303994231D1194C02215A
S3150000FFC0FEF717FC0DF10F03224631462846FEF7D1
S3150000FFD0AFFE78B1012342463146284600933B46A0
S3150000FFE0FFF7DAFC0446E86BFFF764F9204604B035
S3150000FFF0BDE8F0819DF80F30012BEBD12269BA42A2
S31500010000E8D10246009341463B462846FFF79EF853
S3150001001004460028DED1E6E7034CE7E7034CE5E7B3
S31500010020034CE3E73C36002009E000F007E000F06E
S315000100300AE000F02DE9FF410C4616461F4605462B
S3150001004090B390F834308BB3C1F3130399422FD197
S31500010050DFF878800121FEF7CCFB21460DF10F0375
S3150001006042462846FEF764FE044670B99DF80F30F5
S31500010070012B11D1D8F81030BB4213D102460090A2
S3150001008031462846FFF762F80446E86BFFF712F996
S31500010090204604B0BDE8F081064C0748022B18BF84
S315000100A00446F2E7054CF0E7054CF1E7054CEFE7AE
S315000100B0054CEDE70CE000F00BE000F011E000F07C
S315000100C009E000F007E000F00AE000F03C3600200D
S315000100D02DE9F3411E4600230C46174605463360BB
S315000100E058B390F8343053B3C1F31303994228D16E
S315000100F0DFF864800121FEF77CFB21460DF1070341
S3150001010042462846FEF714FE0446A0B99DF807307C
S31500010110032B10D0022B0DBF0123D8F81030386005
S315000101203B6008BF04233360E86BFFF7C3F8204642
S3150001013002B0BDE8F081044CF6E7044CF7E7044C45
S31500010140F5E7044CF3E700BF0BE000F009E000F02F
S3150001015007E000F00AE000F03C36002013B5002469
S315000101600194049C0094FFF7ADF802B010BD30B5C0
S31500010170002344684FF0FF329C4202D100230372F0
S3150001018030BD016801EBC30541F8332001336A60D4
S31500010190F2E7C0E90012FFF7EABF30B50023456870
S315000101A09D420FD0026802EBC30452F83320B2F12C
S315000101B0FF3F08D0C2F31302914204D14FF0FF333F
S315000101C0C4E9003330BD0133EAE7F0B500234568E1
S315000101D09D4202D14FF0FF300EE00468DE0054F874
S315000101E03340671C09D0C4F31307B94205D1240D66
S315000101F01470036833445868F0BD0133E8E7000022
S315000102002DE9F04146687EB305684FF0000CA8461B
S31500010210AE4655F83C400CF1010CC4F3130701340A
S3150001022001D0B94218D0B4450EF1080EF1D12F46CE
S31500010230002403E0B44207F1080713D055F834C08F
S315000102400134BCF1FF3FF5D1C1F313017A6041EAF4
S3150001025003533B60BDE8F08141EA0353CEE9003226
S31500010260BDE8F081032B03D101230372BDE8F081C0
S31500010270002403E0B44208F10808F5D055F83470BB
S315000102800134C7F30757032FF4D1C1F31301C8F89B
S31500010290042041EA0353C8F80030BDE8F08100BFED
S315000102A02DE9F043476883B0C7B1064688469146B3
S315000102B000243368304653F8345003EBC403013449
S315000102C0C5F30752C5F31301013505D05B68CDF8B7
S315000102D00090C04710B17768BC42EAD303B0BDE8CD
S315000102E0F08300BF37B504460020012A9DF8185057
S315000102F08DF80700204800EAC11123F07C406060B8
S3150001030007D9901E012810D9073303F07F030B4349
S3150001031009E09DF81C0042EA0103C00600F0C05046
S31500010320034343F06043236001E00A432260A5B121
S31500010330202221460DF1070000F0B0F81A220DF136
S315000103400700211D00F0AAF863689DF80720082020
S3150001035043EA8263636003B030BD1B220DF10700DF
S31500010360214600F09BF823689DF80720042043EA04
S31500010370C2632360EFE700BF80FFFF0713B50023C9
S31500010380044601461B220DF107008DF8073000F0E7
S3150001039085F822689DF80730B3EBD26F0CBF0120B8
S315000103A0002002B010BD13B50023044601462022E9
S315000103B00DF107008DF8073000F070F80DF1070018
S315000103C01A22211D00F06AF862689DF80730B3EB26
S315000103D0926F0CBF0120002002B010BD0068431CC3
S315000103E0584258417047006810F07E0F0CBFC0F3A9
S315000103F0C160002070470068C0F3D31070470068E1
S3150001040000F07F0001288CBF00200120704703689F
S3150001041013F07E0F0CBF082004207047036813F009
S315000104207E0F03D1406820F07C40704713F07800BE
S315000104301CBF03F07F03D81F7047006800F07F00E0
S315000104407047000038B5094B0D46002104461A686D
S3150001045000F095FB00234FF0FF322361A260E38297
S315000104602383A376C4E9002538BD00BF3C350300CC
S31500010470032809D0022803D1002918BF012070479B
S31500010480002914BF002007207047000006289ABFE4
S31500010490014B185C01207047E43503001F2A0B68E5
S315000104A09EBF4FF0FF3191408B43590801F0553102
S315000104B05B1A03F033319B0803F033330B440178A5
S315000104C003EB13130A444FF0013103F00F334B438F
S315000104D0A2EB1363037070472DE9F0410E4659688C
S315000104E088B007461546490A0024012922464FEAE3
S315000104F0510104F10104F8D8DC784FF0000899782D
S315000105000DF1070024031B88C9028DF8078004F446
S315000105108054C3F30A0301F400610C4302A9234486
S3150001052054031B2204F460441C44254B039325F019
S315000105307843ED436FEA04440293FFF7AFFF9DF85A
S31500010540072025F07845029B02A90DF107000295C7
S3150001055043EAC2631B228DF807806FEA14440493B1
S31500010560FFF79CFF9DF8072007A9029B06F11000E3
S31500010570079443EAC263012205934FF0FF330693C2
S31500010580BB6998470446BB6905A9012206F1080023
S315000105909847404518BF0446BB6904A90122301D8E
S315000105A09847404518BF0446BB69012203A9304656
S315000105B09847404508BF204608B0BDE8F08100BF16
S315000105C001009AB237B501F10C0405464369694643
S315000105D0012220469847BDF80030012201A9019366
S315000105E02046AB69984703B030BD37B501F10C041D
S315000105F0436901226946054620469847009B4FF606
S31500010600FF7299B291420DD11B0C012201A920461C
S315000106101B0443F4254343F0A5030193AB699847B3
S3150001062003B030BD0020FBE737B5044600251B2289
S31500010630011D0DF107008DF80750FFF72FFF6068C8
S315000106409DF80720B2EBD06F03D120F0784003B0BC
S3150001065030BD0DF107001B2204F108018DF807508A
S31500010660FFF71CFFA0689DF80730B3EBD06F01D1EF
S31500010670C043EAE74FF0FF30E9E703684BF29A22FD
S31500010680B2EB134F10B5044613D19BB2012B13D114
S31500010690FFF7CAFF01300CD0E0684FF6FF72B2EBEC
S315000106A0104F4FEA104309D180B2C01A18BF01207A
S315000106B010BD2368013303D00420F9E70220F7E7D0
S315000106C00320F5E701288CBF00200120704703387D
S315000106D001288CBF0020012070471430704730B5C7
S315000106E085B00469054608460191CDE90232A04765
S315000106F00199044638B92846DDE90232FFF7ECFED6
S315000107000199044610B12846FFF75CFF204605B063
S3150001071030BD00007BB972B90029BEBF00204FF081
S31500010720004106E008BF00281CBF6FF000414FF0F2
S31500010730FF3000F0CDB9ADF1080C6DE904CE00290A
S3150001074009DB002B1ADB00F04DF8DDF804E0DDE9EA
S31500010750022304B07047404261EB4101002B1BDBD1
S3150001076000F040F8DDF804E0DDE9022304B0404280
S3150001077061EB4101524263EB43037047524263EB23
S31500010780430300F02FF8DDF804E0DDE9022304B0AD
S31500010790404261EB41017047524263EB430300F073
S315000107A021F8DDF804E0DDE9022304B0524263EBEF
S315000107B04303704753B94AB9002908BF00281CBF33
S315000107C04FF0FF314FF0FF3000F082B9ADF1080C68
S315000107D06DE904CE00F006F8DDF804E0DDE9022358
S315000107E004B070472DE9F04F099D04460F46002BD2
S315000107F048D18A42944661D9B2FA82F343B1C3F130
S3150001080020019F4002FA03FC9C4020FA01F10F43AC
S315000108104FEA1C411FFA8CFE220CB7FBF1F601FBD5
S31500010820167706FB0EF042EA0742904208D91CEB06
S31500010830020206F1FF3702D2904200F237813E46AC
S31500010840121AA4B2B2FBF1F001FB102200FB0EFE5C
S3150001085044EA0244A64508D91CEB040400F1FF3220
S3150001086002D2A64500F21C81104640EA0640A4EBDE
S315000108700E0400261DB1DC400023C5E900433146C4
S31500010880BDE8F08F8B4209D9002D00F0FD800026CE
S31500010890C5E9000130463146BDE8F08FB3FA83F66B
S315000108A0002E4BD18B42C0F0F280824240F2EF80A3
S315000108B03046002DE3D0C5E90047E0E702B9FFDE87
S315000108C0B2FA82F3002B40F09D80891A4FEA124E4C
S315000108D097B20126200CB1FBFEF20EFB121140EA83
S315000108E0014107FB02F088420FD91CEB010102F11D
S315000108F0FF382CBF4FF001094FF00009884203D998
S31500010900B9F1000F00F0CF804246091AA4B2B1FB3B
S31500010910FEF00EFB101100FB07F744EA0144A74263
S3150001092008D91CEB040400F1FF3102D2A74200F200
S31500010930B4800846E41B40EA02409BE7C6F1200763
S31500010940B34001FA06F422FA07FCF940B2404CEA38
S31500010950030C20FA07F34FEA1C491C431FFA8CFECD
S3150001096000FA06F3200CB1FBF9F809FB181140EA6D
S31500010970014108FB0EF088420FD91CEB010108F179
S31500010980FF3A2CBF4FF0010B4FF0000B884203D901
S31500010990BBF1000F00F08D80D046091AA4B2B1FB5D
S315000109A0F9F009FB101100FB0EFE44EA01418E45E8
S315000109B007D91CEB010100F1FF3401D28E457FD826
S315000109C0204640EA0840A1EB0E01A0FB02984145F2
S315000109D04C46C64602D306D14B4504D20138B9EB83
S315000109E0020468EB0C0E002D70D01A1B61EB0E0190
S315000109F022FA06F301FA07F7F14000261F43C5E97B
S31500010A0000713CE702FA03FCC3F1200001FA03F28C
S31500010A1021FA00F64FEA1C4E24FA00F11FFA8CF770
S31500010A209C401143B6FBFEF00A0C0EFB106642EA2F
S31500010A30064200FB07F696420ED91CEB020200F1B4
S31500010A40FF382CBF4FF001094FF00009964202D939
S31500010A50B9F1000F31D04046921B89B2B2FBFEF6C6
S31500010A600EFB162241EA024106FB07F28A4207D92A
S31500010A701CEB010106F1FF3801D28A4223D8464612
S31500010A80891A46EA004625E72E462846F7E6841ADD
S31500010A9061EB030301201F460BE76444023849E773
S31500010AA064440238E1E6023A61442EE7023E6244BA
S31500010AB0C6E6A8F1020861446FE702386244CBE753
S31500010AC0023861447DE7023E6144D9E72E46D6E607
S31500010AD0704700BF08B5074B044613B1002100E07B
S31500010AE000BF054B1868836A03B198472046F9F79A
S31500010AF016F900BF00000000EC36030070B50D4D7D
S31500010B0000260D4C641BA410A64209D10B4D0026EC
S31500010B100B4C22F079F8641BA410A64205D170BDD6
S31500010B2055F8043B01369847EEE755F8043B013684
S31500010B309847F2E7881400208814002088140020C2
S31500010B408C1400200139024410B5904201D10020D5
S31500010B5005E0037811F8014FA34201D0181B10BD1F
S31500010B600130F2E70A44431E914200D1704710B5A5
S31500010B7011F8014B914203F8014FF9D110BD02441E
S31500010B800346934200D1704703F8011BF9E70000C1
S31500010B902DE9F7431D465C4B04460E461F689046F9
S31500010BA027B1BB6913B9384600F07CFB574B9C4211
S31500010BB067D17C68B8F1020F06D0B8F1010F00F2D7
S31500010BC09E80002DC0F29B80636EDB0705D4A3894E
S31500010BD0980502D4A06D00F004FC2146384600F0C9
S31500010BE0CDFA616B41B104F14403994202D0384612
S31500010BF000F070FC002363630023A3616360A38993
S31500010C00190603D52169384600F064FCA389B8F1B9
S31500010C10020F23F44A6323F00303A3816BD001ABD4
S31500010C206A462146384600F0DFFBA3891843A081B6
S31500010C30002D30D1009D284600F03CFC06460028D8
S31500010C4054D1DDF80090A94549D14FF0FF35002276
S31500010C50B4F90C30A26004F1470243F002032260AA
S31500010C6022610122A3816261626ED20705D413F467
S31500010C70007F02D1A06D00F0B6FB284603B0BDE8A7
S31500010C80F083234B9C4201D1BC6893E7214B9C42E4
S31500010C9008BFFC688EE7002ECDD0BB6913B9384674
S31500010CA000F000FBB8F1010F266002BFA38943F0F3
S31500010CB00103A381A28912F00803C4E904651CD0CB
S31500010CC0D30745BF00236D42A560A36048BFA56158
S31500010CD0656E15F0010515D112F4007FC9E7484686
S31500010CE000F0E8FB06460028AFD04D46A38943F045
S31500010CF08003A381D1E70025A9E7A360E8E74FF0C8
S31500010D00FF35BAE70025B8E7480F00201037030082
S31500010D1030370300F03603000EB400B59CB06FF017
S31500010D2000411DAB029006900791049108480949BC
S31500010D3053F8042B059102A90068019300F006FD02
S31500010D40029B00221A701CB05DF804EB03B07047D9
S31500010D50480F00200802FFFF10F8012B11F8013B94
S31500010D60012A28BF9A42F7D0D01A7047034611F8D4
S31500010D70012B03F8012B002AF9D17047034613F81A
S31500010D80012B002AFBD1181A0138704770B50A44A5
S31500010D9004460E4E8A4201D1002013E014F8013BAD
S31500010DA0985D00F00300012811F8010B355C08BFBE
S31500010DB0203305F00305012D08BF20301B1A02D18F
S31500010DC00028E7D170BD1846FCE700BFEC350300EB
S31500010DD010B57AB103460139841813F8010B11F8DD
S31500010DE0012F904201D1A34201D1801A10BD0028E2
S31500010DF0F3D1FAE71046F9E70139034610B532B1E6
S31500010E0011F8014F013A03F8014B002CF7D11A44AE
S31500010E100021934200D110BD03F8011BF9E7000040
S31500010E20012B2DE9F04701D0242B06D900F01CF93E
S31500010E30162303600020BDE8F0870D46DFF8E0C009
S31500010E402E4615F8014B14F80C7017F00807F7D168
S31500010E502D2C32D12C780127B51C002B5BD0102B01
S31500010E6009D1302C07D12C7804F0DF04582C4DD150
S31500010E706C781023023507F100484FF0000C08F199
S31500010E80FF386646B8FBF3F903FB198AA4F1300E65
S31500010E90BEF1090F16D87446A34224DDBCF1000F3A
S31500010EA01EDBB1451CD301D1A24519DB06FB034666
S31500010EB04FF0010C15F8014BE8E72B2C04BF2C78F9
S31500010EC0B51CCAE7A4F1410EBEF1190F01D8373C92
S31500010ED0E2E7A4F1610EBEF1190F04D8573CDBE736
S31500010EE04FF0FF3CE6E7BCF1000F05DA2223464648
S31500010EF0036042B930469EE707B17642002AF9D02F
S31500010F00BCF1000F00D0691E1160F3E73024002BFD
S31500010F10B1D10823AFE7302CA5D00A23ABE700BF38
S31500010F20EC350300FFF77CBF13460A46014602482B
S31500010F300068FFF775BF00BF480F00202DE9F04399
S31500010F4086460D46354F284615F8014BE65D16F0E7
S31500010F500806F8D12D2C2FD12C780126851C002BC3
S31500010F6057D0102B09D1302C07D1287800F0DF009B
S31500010F70582849D16C78102302354FF0FF380027E5
S31500010F80B8FBF3F803FB08F938466FEA0909A4F13F
S31500010F90300CBCF1090F14D86446A34222DD002FA0
S31500010FA01DDB80451BD301D1A14518DB00FB0340A6
S31500010FB0012715F8014BEAE72B2C04BF2C78851C79
S31500010FC0CDE7A4F1410CBCF1190F01D8373CE4E798
S31500010FD0A4F1610CBCF1190F04D8573CDDE74FF0C1
S31500010FE0FF37E6E7002F07DA22234FF0FF30CEF86E
S31500010FF0003032B9BDE8F08306B14042002AF9D08B
S3150001100007B1691E1160F5E73024002BB5D108231D
S31500011010B3E7302CA9D00A23AFE700BFEC350300B4
S31500011020FFF78CBF13460A46014602480068FFF7E0
S3150001103085BF00BF480F002013B50B46094902467C
S315000110400C6844B1A16931B9CDE90003204600F02D
S3150001105029F9DDE90023A168204602B0BDE8104068
S3150001106000F09EBC480F0020014B1868704700BF76
S31500011070480F00208A892DE9F041054610070C46E4
S3150001108058D44B68002B05DC0B6C002B02DC0020CE
S31500011090BDE8F081E66A002EF9D0002312F48052F1
S315000110A02F682B6032D0606DA3895A0705D5636816
S315000110B0C01A636B0BB1236CC01A00230246E66AA1
S315000110C02846216AB047431CA38906D129681D29F0
S315000110D02CD8294ACA40D60728D50022D9046260ED
S315000110E02269226004D5421C01D12B6803B96065CF
S315000110F0616B2F600029CAD004F14403994202D0E2
S31500011100284600F0E7F900206063C1E7216A012360
S315000111102846B047411CC7D12B68002BC4D01D2BD4
S3150001112001D0162B01D12F60B1E7A38943F040030B
S31500011130A381ADE70F69002FA9D093070E680F6051
S315000111400CBF4B690023A6EB07088B60B8F1000FB3
S315000111509DDD43463A46216A2846A66AB0470028DD
S3150001116006DCA3894FF0FF3043F04003A3818FE7EC
S315000111700744A8EB0008E9E70100402038B50B69F0
S3150001118005460C4613B90025284638BD18B18369B2
S315000111900BB900F087F8144B9C421BD16C68B4F96B
S315000111A00C30002BEFD0626ED00704D4990502D41F
S315000111B0A06D00F016F928462146FFF75BFF636E26
S315000111C00546DA07E0D4A3899B05DDD4A06D00F0BE
S315000111D00AF9D9E7054B9C4201D1AC68DFE7044B1C
S315000111E09C4208BFEC68DAE710370300303703008A
S315000111F0F0360300002310B5044683608181194649
S315000112004366C28108228361C0E90033C0E9043321
S315000112105C30FFF7B4FC054B24626362044BA362A6
S31500011220044BE362044B236310BD00BF4D1F010055
S31500011230731F0100AB1F0100CF1F0100014900F020
S31500011240AFB800BF7D11010070B568224D1E0E4674
S31500011250554305F1740100F0A9F9044640B1002196
S3150001126005F16802C0E900160C30A060FFF787FCA3
S31500011270204670BD014800F0B4B800BF823A002094
S31500011280014800F0B0B800BF823A0020014800F0E2
S31500011290A8B800BF833A0020014800F0A4B800BFF7
S315000112A0833A002010B50446FFF7F0FFA3691BB18E
S315000112B0BDE81040FFF7F0BFC4E9123323652046AD
S315000112C0124B134A1B68A262A34204BF0123A36106
S315000112D000F020F86060204600F01CF8A06020466F
S315000112E000F018F800220421E0606068FFF782FF31
S315000112F001220921A068FFF77DFF02221221E06881
S31500011300FFF778FF0123A361D2E700BFEC360300A4
S315000113103D120100F8B50746FFF7ACFF1E4B1E68EC
S31500011320B36913B93046FFF7BDFF4836D6E9013434
S31500011330013B03D533680BB33668F7E7B4F90C50B4
S31500011340D5B9164B04F158006566E36000F047F81D
S31500011350FFF796FF0822294604F15C002560A56186
S31500011360C4E90155C4E90455FFF709FCC4E90D5563
S31500011370C4E912552046F8BD6834D9E70421384638
S31500011380FFF762FF044630600028D5D1FFF778FFEA
S315000113900C233B60EEE700BFEC3603000100FFFFC4
S315000113A02DE9F8430646884600F148040027D4E9AA
S315000113B00195B9F1010905D52468002CF7D1384604
S315000113C0BDE8F883AB89012B07D9B5F90E30013396
S315000113D003D029463046C04707436835E9E77047D9
S315000113E0704770477047704770B50E46B1F90E10D9
S315000113F096B0144600291D4608DAB6F90C300022CB
S315000114002A601A0610D44FF480630EE06A4600F093
S31500011410C5FE0028F1DB019A02F47042A2F50053E1
S315000114205A425A412A60EEE740230020236016B053
S3150001143070BD00008B8973B59D0706460C4607D51E
S3150001144004F14703236023610123636102B070BD88
S3150001145001AB6A46FFF7C8FF00990546304600F022
S31500011460A5F848B9B4F90C309A05EFD423F0030373
S3150001147043F00203A381E3E70D4BB362A389206026
S3150001148043F080032061A381009B6361019B5BB1F3
S31500011490B4F90E10304600F093FE28B1A38923F06B
S315000114A0030343F00103A381A0890543A581CDE789
S315000114B03D120100024B0146186800F077B800BFE3
S315000114C0480F0020024B0146186800F003B800BF20
S315000114D0480F002037B5002943D051F8043C0C1FB2
S315000114E00190002BB8BFE41800F0B4FE1E4A019823
S315000114F0136833B96360146003B0BDE8304000F08F
S31500011500AFBEA34208D9256861198B4201BF19688C
S315000115105B6849192160EDE71A465B680BB1A34286
S31500011520FAD911685518A5420BD1246821445418DB
S315000115301160A342E0D11C685B68214453601160CD
S31500011540DAE702D90C230360D6E7256861198B42D5
S3150001155002BF19685B684919636008BF216054605E
S31500011560CAE703B030BD00BF883A002070B50E4E01
S315000115700C460546316811B900F0D8FC30602146A9
S31500011580284600F0D3FC431C0AD0C41C24F00304F3
S31500011590A04207D0211A284600F0C8FC013001D12B
S315000115A04FF0FF34204670BD8C3A00202DE9F04102
S315000115B0CD1C074625F0030508350C2D38BF0C2533
S315000115C0002D01DBA94205D90C2300263B603046DC
S315000115D0BDE8F0812E4E00F03DFE33681C4634BB5B
S315000115E029463846FFF7C2FF431C04464DD13468ED
S315000115F02646002E40D123683146384604EB0308BF
S3150001160000F094FC80453AD12168033538466D1ABD
S3150001161025F0030508350C2D38BF0C252946FFF7A3
S31500011620A5FF01302BD023682B4423600EE02268EE
S31500011630521B1ED40B2A16D96119A342256018BF65
S315000116405960636808BF316062514B6004F10B0653
S31500011650384600F005FE231D26F00706F21AB6D01D
S315000116609B1BA350B3E76268A3420CBF32605A606A
S31500011670ECE723466468B2E734467668B9E70C239B
S3150001168038463B6000F0ECFDA1E72560DEE700BFD0
S31500011690883A00202DE9F0478E6882460C4690462E
S315000116A09E421F4638D88A8912F4906F32D0256837
S315000116B001330969A5EB0109656905EB45054B444C
S315000116C005EBD5756D109D4238BF1D46530531D5C5
S315000116D02946FFF76BFF064650B90C234FF0FF3042
S315000116E0CAF80030A38943F04003A381BDE8F0871F
S315000116F04A462169FFF736FAA38923F4906343F03A
S315000117008003A38126614E446561A5EB0905266028
S315000117103E46A560BE4200D93E4632464146206855
S3150001172000F07EFDA36800209B1BA3602368334461
S315000117302360DBE72A4600F099FD06460028E1D141
S3150001174021695046FFF7C6FEC7E700002DE9F04FB5
S3150001175098468B899DB007461B060D4614460ED545
S315000117600B6963B94021FFF721FF2860286120B981
S315000117700C233B604FF0FF30D1E040236B61002327
S31500011780CDF80C804FF00109DFF8AC8109932023D5
S315000117908DF8293030238DF82A3023469A4613F8DE
S315000117A0012B0AB1252AF9D1BAEB040B0BD05B4602
S315000117B0224629463846FFF76DFF013000F0AA8020
S315000117C0099A5A4409929AF80030002B00F0A28037
S315000117D000234FF0FF320AF1010A049307938DF8B3
S315000117E053301A93CDE9052354460522524814F87D
S315000117F0011B00F007FD049AD8B9D00644BF202387
S315000118008DF85330110744BF2B238DF853309AF8C6
S3150001181000302A2B15D0079A544600204FF00A0CA7
S31500011820214611F8013B303B092B4ED9B0B1079245
S3150001183014E0A0EB0803A24609FA03F31343049349
S31500011840D2E7039B191D1B68002B0391BBBF5B42AB
S3150001185042F0020207930793B8BF049223782E2B16
S315000118600CD163782A2B35D1039B02341A1D1B68D0
S31500011870002B0392B8BF4FF0FF330593DFF8C8A0E2
S3150001188003222178504600F0BDFC40B14023A0EB75
S315000118900A00013403FA00F0049B0343049314F88D
S315000118A0011B062225488DF8281000F0ABFC002804
S315000118B038D0234B1BBB039B073323F007030833A5
S315000118C00393099B3344099367E70CFB02320C46E9
S315000118D00120A5E7002301344FF00A0C19460593B0
S315000118E0204610F8012B303A092A03D9002BC5D01E
S315000118F00591C3E70CFB012104460123F0E703AB85
S315000119002A4604A9384600930E4B00E000BF421C4C
S315000119100646D6D1AB895B063FF52CAF09981DB0BB
S31500011920BDE8F08F03AB2A4604A938460093054B60
S3150001193000F0D6F9EBE700BF503703005A37030032
S315000119400000000095160100563703009368013B1D
S31500011950002B936010B408DA9469A34201DB0A29CB
S3150001196003D15DF8044B00F037BB1368581C1060B7
S31500011970084619705DF8044B7047F8B506460F46E0
S315000119801446D518AC4201D1002007E03A4614F8B6
S31500011990011B3046FFF7DAFF431CF3D1F8BD000007
S315000119A02DE9F04F0D469DB014469846064618B1EE
S315000119B083690BB9FFF776FC894B9D421BD175688C
S315000119C06B6ED90705D4AB899A0502D4A86DFFF7CA
S315000119D008FDAB891B0701D52B69EBB929463046B2
S315000119E000F05EFBC0B16B6EDC070ED54FF0FF3029
S315000119F01DB0BDE8F08F7B4B9D4201D1B568DFE795
S31500011A00794B9D4208BFF568DAE7AB899805EDD4B5
S31500011A10A86DFFF7E8FCE9E70023CDF80C804FF04D
S31500011A200109DFF8C881099320238DF82930302375
S31500011A308DF82A3023469A4613F8012B0AB1252A36
S31500011A40F9D1BAEB040B0BD05B4622462946304648
S31500011A50FFF793FF013000F0AA80099A5A440992D0
S31500011A609AF80030002B00F0A28000234FF0FF32DD
S31500011A700AF1010A049307938DF853301A93CDE9BD
S31500011A80052354460522594814F8011B00F0BAFBF8
S31500011A90049AD8B9D10644BF20238DF853301307D1
S31500011AA044BF2B238DF853309AF800302A2B15D0DA
S31500011AB0079A544600204FF00A0C214611F8013BC3
S31500011AC0303B092B4ED9B0B1079214E0A0EB0803C5
S31500011AD0A24609FA03F313430493D2E7039B191DA4
S31500011AE01B68002B0391BBBF5B4242F002020793C6
S31500011AF00793B8BF049223782E2B0CD163782A2B37
S31500011B0035D1039B02341A1D1B68002B0392B8BF03
S31500011B104FF0FF330593DFF8E4A003222178504606
S31500011B2000F070FB40B14023A0EB0A00013403FA38
S31500011B3000F0049B0343049314F8011B06222C486E
S31500011B408DF8281000F05EFB00283FD0294B1BBB07
S31500011B50039B073323F0070308330393099B3B4495
S31500011B60099367E70CFB02320C460120A5E7002327
S31500011B7001344FF00A0C19460593204610F8012B43
S31500011B80303A092A03D9002BC5D00591C3E70CFBCE
S31500011B90012104460123F0E703AB2A4604A9304696
S31500011BA00093154B00E000BF0746781CD6D16B6E3B
S31500011BB0D90705D4AB899A0502D4A86DFFF713FCA2
S31500011BC0AB895B063FF512AF099811E703AB2A46CD
S31500011BD004A930460093084B00F082F8E4E700BF01
S31500011BE01037030030370300F03603005037030087
S31500011BF05A370300000000007B1901005637030025
S31500011C002DE9F047164699468A6807460B690C4640
S31500011C10DDF820809342B8BF1346336091F8432024
S31500011C200AB1013333602368990642BF3368023330
S31500011C303360256815F0060506D104F1190AE36833
S31500011C4032689B1AAB4229DC94F84320131E2268A2
S31500011C5018BF012392062ED404F1430249463846A1
S31500011C60C047013021D023681A3454F80E5C03F0C2
S31500011C70060332680026042B54F8123C08BFAD1A3D
S31500011C8054F80A2C14BF002525EAE5759342C4BF12
S31500011C909B1AED18B5421AD1002008E001235246DD
S31500011CA049463846C047013003D14FF0FF30BDE801
S31500011CB0F0870135C3E7E1185A1C3020023322446C
S31500011CC081F8430094F8451082F84310C4E70123D4
S31500011CD0224649463846C0470130E6D00136D9E7A3
S31500011CE02DE9FF470F7E914680460C46782F9A468E
S31500011CF00C9D01F1430207D8622F0AD8002F00F08C
S31500011D00D880582F00F0A38004F1420584F8427070
S31500011D103AE0A7F16303152BF6D801A151F823F098
S31500011D20791D01008D1D0100091D0100091D01001C
S31500011D30091D0100091D01008D1D0100091D01007C
S31500011D40091D0100091D0100091D0100991E01005F
S31500011D50BD1D01007B1E0100091D0100091D0100B9
S31500011D60BB1E0100091D0100BD1D0100091D010069
S31500011D70091D0100831E01002B681A1D1B682A60BC
S31500011D8004F1420584F842300123A3E02068296862
S31500011D90060601F104030AD50E682B60002E03DA4C
S31500011DA02D23764284F843305E480A2319E00E68F3
S31500011DB010F0400F2B6018BF36B2EFE72B68206892
S31500011DC0191D2960010601D51E6802E04606FBD5EC
S31500011DD01E886F2F53480CBF08230A23002184F85D
S31500011DE043106568002DA560A2BF216821F004019A
S31500011DF021600EB9002D4DD01546B6FBF3F103FB5C
S31500011E001167C75D05F8017D37460E46BB42F4D919
S31500011E10082B0BD12368DE0708D52369616899422F
S31500011E20DEBF302305F8013C05F1FF35521B226167
S31500011E304B4603AA21464046CDF800A0FFF7E0FE37
S31500011E4001304CD14FF0FF3004B0BDE8F087354882
S31500011E5081F845702968236851F8046B29601D06CD
S31500011E6014D5DF0744BF43F0200323601EB923685E
S31500011E7023F0200323601023B0E7236843F02003F7
S31500011E8023607823284884F84530E3E7590648BF9C
S31500011E90B6B2E6E71546BBE72B682668181D6169E9
S31500011EA0286035061B6801D5196002E07006FBD56E
S31500011EB01980002315462361BAE72B6800211A1DF4
S31500011EC02A601D686268284600F09CF908B1401B2B
S31500011ED0606063682361002384F84330A8E72369BF
S31500011EE02A4649464046D0470130ABD023689B0776
S31500011EF013D4E068039B9842B8BF1846A4E70123B0
S31500011F00324649464046D04701309BD00135E36809
S31500011F1003995B1AAB42F2DCEBE7002504F11906E3
S31500011F20F5E700BF613703007237030038B50023B8
S31500011F30054D044608462B60FCF772FA431C02D194
S31500011F402B6803B1236038BD903A002010B50C46CA
S31500011F50B1F90E1000F0BAF90028ABBF636DA38981
S31500011F601B1823F48053ACBF6365A38110BD002009
S31500011F7070472DE9F0411F468B8905460C46DB0566
S31500011F80164605D502230022B1F90E1000F028F9F4
S31500011F90A3893246B4F90E10284623F48053A3814F
S31500011FA03B46BDE8F04100F069B810B50C46B1F901
S31500011FB00E1000F015F9431CA38915BF606523F4C3
S31500011FC0805343F48053A38118BFA38110BDB1F997
S31500011FD00E1000F0D3B80000F8B50E4614460546BB
S31500011FE018B183690BB9FFF75DF9214B9C422BD1DF
S31500011FF06C68A369A360A3891A072FD523696BB3FC
S315000120002369F6B220683746C01A6369834204DC45
S3150001201021462846FFF7B2F830BBA3680130013BE1
S31500012020A36023685A1C22601E706369834204D030
S31500012030A389DB0706D50A2E04D121462846FFF7D8
S315000120409DF888B93846F8BD0A4B9C4201D1AC6867
S31500012050CFE7094B9C4208BFEC68CAE721462846F0
S3150001206000F01EF80028CBD04FF0FF37EAE700BF9B
S315000120701037030030370300F036030038B5044645
S31500012080064D0846114600222A601A46F7F764FEF5
S31500012090431C02D12B6803B1236038BD903A00205E
S315000120A0324B70B51D6806460C4625B1AB6913B9AE
S315000120B02846FFF7F7F82E4B9C420FD16C68A3898F
S315000120C0B4F90C2019072CD4DD0611D40923336089
S315000120D042F040034FF0FF30A3813EE0254B9C4286
S315000120E001D1AC68EBE7244B9C4208BFEC68E6E7FC
S315000120F0580712D5616B41B104F14403994202D0EC
S315000121003046FFF7E7F900236363A38923F024032D
S31500012110A3810023636023692360A38943F0080335
S31500012120A38123694BB9A38903F42073B3F5007F17
S3150001213003D021463046FFF77DF9A089B4F90C207A
S3150001214010F001030AD00023A36063695B42A36117
S31500012150236943B910F08000BAD170BD810758BF19
S315000121606369A360F4E70020F7E700BF480F00208A
S315000121701037030030370300F036030038B500236B
S31500012180054D044608462B60F7F7C7FD431C02D1EF
S315000121902B6803B1236038BD903A002038B500237F
S315000121A0064D0446084611462B60F7F7B9FD431C58
S315000121B002D12B6803B1236038BD00BF903A0020DD
S315000121C038B50023054D044608462B60F7F7AFFDE9
S315000121D0431C02D12B6803B1236038BD903A00201D
S315000121E038B50446064D0846114600222A601A46AD
S315000121F0F7F7A2FD431C02D12B6803B1236038BD5A
S31500012200903A0020C9B2024410B59042034601D16A
S31500012210002303E01C7801308C42F6D1184610BD2C
S31500012220884210B501EB020402D98442234607D83D
S31500012230431EA14208D011F8012B03F8012FF8E73C
S31500012240024401468A4200D110BD13F8014D02F83D
S31500012250014DF7E70148FFF7C4B800BF813A0020F6
S315000122600148FFF7C0B800BF813A00202DE9F041CF
S31500012270804614460E4621B91146BDE8F041FFF7E6
S3150001228095B92AB92546FFF725F92846BDE8F08113
S3150001229000F02EF88442074602D8B4EB500F12D84C
S315000122A021464046FFF782F905460028EDD0BC429B
S315000122B02246314628BF3A46FEF754FC314640468F
S315000122C0FFF708F9E1E73546DFE7000038B50446D0
S315000122D0064D0846114600222A601A46F7F72EFDDA
S315000122E0431C02D12B6803B1236038BD903A00200C
S315000122F051F8043C181F002BBCBF0B58C01870477F
S315000123002DE9F04389B0054616468DF81F1021B117
S315000123108221344A34481EF08DFB4FF404714FF488
S31500012320B267324C9DF81F000DF11F0301FB0041FE
S315000123302A4607FB0040CDE900633944002307F034
S3150001234051F8C4209DF81F104FF0980811FB00F0BA
S3150001235000F6341200F513602244204406920EF072
S31500012360C5F8842040F698099DF81F10204B00FB04
S315000123700140029301F10F0300F5F460DBB207FBA4
S315000123800141CDE90306CDE90053069A042309F07C
S31500012390A9F89DF81F10174B18FB019002938B1D8E
S315000123A02044DBB207FB0141CDE90306CDE9005329
S315000123B0069A042308F0E0F974209DF81F2001967F
S315000123C018FB029100FB0240931CDBB2009307FB52
S315000123D002422B46214400F6240007F04FFC09B0C7
S315000123E0BDE8F08383370300823E0300943A002060
S315000123F085B5010011A8010010B5044620B1A4213C
S31500012400064A07481EF016FB4FF4B260054B00FB67
S315000124100430BDE8104007F05EB800BF8337030003
S315000124206B3E0300943A002070B505460C4621B177
S31500012430AB210C4A0C481EF0FDFA4FF4B2600B4E6C
S31500012440294600FB046007F049F8044640B93068A4
S3150001245010F0E2FF002814BF012002200DF086FAD9
S31500012460204670BD83370300543E0300943A002092
S315000124702DE9F0479DF8288004460D4616461F466D
S315000124809DF82090DDF824A0B8F1000F04D0DC21DE
S31500012490094A0A481EF0CEFA21464FF4B2640848AA
S315000124A033462A4604FB0800CDE9099A0897BDE898
S315000124B0F04706F0E3BB00BF833703003B3E030052
S315000124C0943A00202DE9F04105460E4617461C4672
S315000124D023B1ED21074A08481EF0ACFA29464FF40C
S315000124E0B26506483B46324605FB0400BDE8F041AD
S315000124F006F029BC833703001C3E0300943A0020F2
S3150001250038B505460C4621B1F321074A07481EF0A6
S3150001251091FA4FF4B260064B294600FB0430BDE840
S31500012520384006F079BB00BF833703000B3E03003A
S31500012530943A002010B5044620B1F921064A07480D
S315000125401EF078FA4FF4B260054B00FB0430BDE88B
S31500012550104006F090BB00BF83370300F63D030031
S31500012560943A002010B5044620B1FF21064A0748D7
S315000125701EF060FA4FF4B260054B00FB0430BDE873
S31500012580104007F0C3B800BF83370300D83D0300EE
S31500012590943A002038B505460C4629B140F205119A
S315000125A0064A07481EF046FA4FF4B260054B294623
S315000125B000FB0430BDE8384006F037BC8337030022
S315000125C0BC3D0300943A002038B505460C4629B1B6
S315000125D040F21111064A07481EF02CFA4FF4B26177
S315000125E04C43054B29461859BDE8384010F050B800
S315000125F083370300A23D0300943A002010B5044638
S3150001260028B140F22311064A06481EF013FA4FF488
S31500012610B260054B00FB0430BDE8104006F046BD34
S31500012620833703008E3D0300943A002010B504461B
S3150001263028B140F23511064A06481EF0FBF94FF45F
S31500012640B260054B00FB0430BDE8104006F03ABF0E
S31500012650833703006E3D0300943A002038B50546E2
S315000126600C4629B140F23B11064A07481EF0E2F931
S315000126704FF4B260054B294600FB0430BDE83840F3
S3150001268006F023BF833703004E3D0300943A002032
S3150001269010B5044628B140F24111064A06481EF01B
S315000126A0C9F94FF4B260054B00FB0430BDE8104098
S315000126B006F0FCBE83370300263D0300943A002052
S315000126C010B5044628B140F24711064A06481EF0E5
S315000126D0B1F94FF4B260054B00FB0430BDE8104080
S315000126E006F0E6BB83370300EC3C0300943A002076
S315000126F038B505460C4629B140F24D11064A074840
S315000127001EF098F94FF4B260054B294600FB0430E0
S31500012710BDE8384006F0CEBB83370300D43C030046
S31500012720943A002038B505460C4629B140F25F11AE
S31500012730064A07481EF07EF92146284617F07CF81E
S31500012740003818BF0120404238BD00BF833703005F
S31500012750BD3C030038B505460C4629B14FF4BB71A3
S31500012760064A07481EF066F92146284617F086F8FC
S31500012770003818BF0120404238BD00BF833703002F
S31500012780A53C030038B505460C4629B140F2811136
S31500012790064A07481EF04EF922462946002016F041
S315000127A071FA003818BF0120404238BD8337030053
S315000127B08E3C030038B505460C4629B14FF4C67167
S315000127C0064A07481EF036F922462946012016F028
S315000127D059FA003818BF0120404238BD833703003B
S315000127E0773C030038B50D46044628B140F2A311E3
S315000127F0064A07481EF01EF94FF4B2604443054BE2
S3150001280029461859BDE8384010F09ABC83370300B1
S315000128101F3C0300943A002010B5044628B140F24B
S31500012820B511064A06481EF005F94FF4B260444355
S31500012830044B1859BDE8104010F09DBB83370300C7
S31500012840EC3B0300943A002010B5044628B140F24F
S31500012850CD11064A06481EF0EDF84FF4B260054B5D
S3150001286000FB0430BDE8104006F032BE833703009A
S31500012870C63B0300943A002010B5044628B140F245
S31500012880D911064A06481EF0D5F84FF4B260054B39
S3150001289000FB0430BDE8104005F05DBE8337030040
S315000128A0963B0300943A002070B506460D4629B1C1
S315000128B04FF4F3710C4A0D481EF0BCF884230C4CFE
S315000128C0314603FB054404F5F464204609F03EF85D
S315000128D02846FFF72FFE022804D12046BDE87040A6
S315000128E008F048BE70BD00BF83370300543B0300A8
S315000128F0943A002030B4C424054D04FB0354134616
S315000129000A46014604F5136030BC0DF043BE00BF14
S31500012910943A002070B505460E4614462AB140F297
S315000129201221084A08481EF085F8C420074B324692
S3150001293000FB04302946BDE8704000F513600DF038
S31500012940F9BD00BF833703002C3B0300943A0020F6
S3150001295070B505460E4614462AB140F21E21084AB4
S3150001296008481EF067F8C420074B324600FB0430C6
S315000129702946BDE8704000F513600DF0F0BD00BFBB
S3150001298083370300043B0300943A00202DE9F0410C
S3150001299006460F4690461C462BB140F22A21084AAC
S315000129A008481EF047F8C420074D434600FB045073
S315000129B03A463146BDE8F04100F513600DF0DABD47
S315000129C083370300DA3A0300943A002070B50546CE
S315000129D00E4614462AB140F24321084A08481EF021
S315000129E029F8C420074B324600FB04302946BDE8CE
S315000129F0704000F513600DF0F3BD00BF833703008F
S31500012A00B23A0300943A00202DE9F04106460F46FA
S31500012A1090461C462BB14FF41A71084A08481EF01D
S31500012A2009F88420074D434600FB04503A463146D7
S31500012A30BDE8F04100F5F46008F0F2BE833703000B
S31500012A408C3A0300943A002038B505460C4629B164
S31500012A504FF41D71074A08481DF0ECFF8420074B0F
S31500012A60294600FB0430BDE8384000F5F46008F063
S31500012A7027BF00BF83370300673A0300943A00205B
S31500012A802DE9F0479DF8209005460E4617469846D3
S31500012A90B9F1000F05D04FF42671094A09481DF016
S31500012AA0C9FF9820084C3B4600FB0940324629469F
S31500012AB0CDF8208000F69800BDE8F04708F0F4B89C
S31500012AC083370300413A0300943A002038B505469E
S31500012AD00C4629B140F2A321074A08481DF0AAFF76
S31500012AE09820074B294600FB0430BDE8384000F624
S31500012AF0980008F013B900BF833703001C3A03009E
S31500012B00943A002010B5044628B140F2C921064A7C
S31500012B1006481DF08FFF4FF4B260054B00FB0430F1
S31500012B20BDE8104006F0F4BC83370300CB3903003F
S31500012B30943A00204FF4B262024B02FB003006F0D9
S31500012B40FBBC00BF943A002038B505460C4629B1B6
S31500012B5040F2EB21064A07481DF06CFF4FF4B260C4
S31500012B60054B294600FB0430BDE8384006F0E7BCBA
S31500012B7083370300A7390300943A002010B50446B1
S31500012B8028B140F2F121064A06481DF053FF4FF4E1
S31500012B90B260054B00FB0430BDE8104006F0D8BC1E
S31500012BA0833703007C390300943A002010B50446AC
S31500012BB028B140F2FD21064A06481DF03BFF4FF4BD
S31500012BC0B260054B00FB0430BDE8104006F0A4BC22
S31500012BD08337030059390300943A002010B504469F
S31500012BE028B140F20931064A06481DF023FF4FF489
S31500012BF0B260054B00FB0430BDE8104006F094BC02
S31500012C008337030037390300943A002010B5044690
S31500012C1028B140F20F31054A05481DF00BFF4FF46C
S31500012C20B260044B00FB043010BD00BF83370300C4
S31500012C3000390300943A002013B5044628B14FF435
S31500012C404F71074A07481DF0F5FE4FF4B260064B77
S31500012C5000FB043002B0BDE8104006F07CBC00BFAA
S31500012C6083370300E3380300943A002007B528B1FF
S31500012C7040F24231044A05481DF0DCFE03B05DF81E
S31500012C8004EB10F058BD00BF83370300B7380300CB
S31500012C902DE9F04105460E4617461C462BB140F27A
S31500012CA04931084A08481DF0C5FE29464FF4B26568
S31500012CB006483B46324605FB0400BDE8F04106F0F6
S31500012CC068BC00BF833703008D380300943A0020A7
S31500012CD010B5044628B14FF45471064A06481DF052
S31500012CE0A9FE4FF4B260054B00FB0430BDE810406D
S31500012CF006F040BC8337030052380300943A0020A3
S31500012D0010B5044628B140F25631064A06481DF070
S31500012D1091FE4FF4B260054B00FB0430BDE8104054
S31500012D2006F04CBC8337030021380300943A002097
S31500012D3070B505460E4614462AB140F26E31074A71
S31500012D4007481DF077FE4FF4B260064B324629461E
S31500012D5000FB0430BDE8704006F04ABC833703002F
S31500012D6002380300943A002010B5044628B14FF406
S31500012D705D71064A06481DF05DFE4FF4B260054BD3
S31500012D8000FB0430BDE8104006F044BC8337030065
S31500012D90DB370300943A002070B506460D4629B18B
S31500012DA040F27B310C4A0D481DF044FE74230C4C55
S31500012DB0314603FB054404F62404204606F09EFF33
S31500012DC02846FFF7B7FB022805D126B12046BDE804
S31500012DD0704006F09BBF70BD83370300BF37030009
S31500012DE0943A002010B5044628B140F28531074ACD
S31500012DF007481DF01FFE7423064803FB0400BDE8C7
S31500012E00104000F6240006F067BF00BF83370300B9
S31500012E109F370300943A002038B505460C4629B180
S31500012E2040F29631074A08481DF004FE7420074B0C
S31500012E30294600FB0430BDE8384000F6240006F0C0
S31500012E40F1BF00BF83370300043D0300943A00201D
S31500012E5010B5044628B140F29D31064A06481DF0D8
S31500012E60E9FD4FF4B260054B00FB0430BDE81040AC
S31500012E7006F0D7BB833703004D3C0300943A00208C
S31500012E8038B505460C4629B140F2A331064A074832
S31500012E901DF0D0FD4FF4B260054B294600FB04300E
S31500012EA0BDE8384006F08DBB83370300703B030055
S31500012EB0943A002010B5044628B140F2AF31064AD3
S31500012EC006481DF0B7FD4FF4B260054B00FB043018
S31500012ED0BDE8104006F086BB83370300FD390300C9
S31500012EE0943A00202DE9F04105460E4617461C4648
S31500012EF02BB140F2B531084A08481DF09BFD4FF44D
S31500012F00B2635C4306483B46324629460059BDE852
S31500012F10F04110F03FB900BF833703001A390300AF
S31500012F20943A002010B5044628B140F2BB31064A56
S31500012F3006481DF07FFD4FF4B2604443044B185917
S31500012F40BDE8104010F02CBA833703006C3803003B
S31500012F50943A002010B44FF4B2645C4313460A4617
S31500012F600146034800595DF8044B10F0E5B900BF6E
S31500012F70943A00204FF4B262024B02FB003005F096
S31500012F80FABC00BF943A00204FF4B262024B02FB36
S31500012F90003005F0F3BC00BF943A00204FF4B26351
S31500012FA05843024B185810F018BB00BF943A002042
S31500012FB04FF4B2635843024B18580FF07BBD00BF64
S31500012FC0943A00204FF4B2635843024B18580FF05D
S31500012FD049BD00BF943A00204FF4B262024B02FB96
S31500012FE0003006F075BB00BF943A00204FF4B26280
S31500012FF0024B02FB003006F01BBB00BF943A0020D7
S315000130004FF4B262024B02FB003006F046BB00BF32
S31500013010943A00204FF4B262024B02FB003006F0F4
S315000130204BBB00BF943A00204FF4B262024B02FB45
S31500013030003006F044BB00BF943A00204FF4B26260
S31500013040024B02FB003006F03DBB00BF943A002064
S315000130504FF4B262024B02FB003006F036BB00BFF2
S31500013060943A0020014B93F90E007047943A0020E0
S3150001307038B50446044D014628680FF006FC94F95C
S315000130800030AB7338BD00BF943A0020064B1A6876
S3150001309092F83C2102711A7B4271D3F868230260CF
S315000130A093F88C3583717047943A00200B4B93F853
S315000130B07C251968012A0AD191F83D11017193F80D
S315000130C070134171D3F86C3303608271704791F8C4
S315000130D03E110171997C41715B69F5E7943A0020D3
S315000130E0034B10B193F87D057047187B704700BFFD
S315000130F0943A002013B503460A4C60B1002394F8B4
S315000131007D050DF106020DF10701FFF7EBFE9DF8B6
S31500013110060002B010BD207B0DF106020DF107017C
S31500013120F3E700BF943A002013B503460A4C60B199
S31500013130002394F87D050DF106020DF10701FFF755
S31500013140D1FE9DF8070002B010BD207B0DF10602ED
S315000131500DF10701F3E700BF943A0020044B20B1BB
S31500013160002093F87D15FFF73DBB197BFBE700BFF8
S31500013170943A002013B5114CA37B04F2815084F8D4
S315000131807E35237B84F87F35E37B84F8803523689D
S31500013190D3F8101193F87320FDF7E4FC00200DF12C
S315000131A0070114F0A6FD10B100238DF807309DF834
S315000131B0073084F88B3502B010BD00BF943A002069
S315000131C073B504461B4D0630AB7B05F2815100F801
S315000131D0053C95F87E3500F8063C2B7B00F8033C50
S315000131E095F87F3500F8043CEB7B2E6800F8013C2E
S315000131F095F8803500F8023C96F873208274FDF745
S31500013200B1FCD6F81011227E04F10F00FDF7AAFCDD
S3150001321000200DF1070114F06CFD10B100238DF8AB
S3150001322007309DF80730A37695F88B35637602B0A3
S3150001323070BD00BF943A0020024B1A7B83F88C259F
S31500013240704700BF943A002008B5044B0146186840
S315000132500FF044FCB0FA80F0400908BD943A002012
S31500013260014B186810F030BB943A0020014B1868E6
S3150001327010F03ABB943A0020014B186810F044BB99
S31500013280943A0020014B186810F04EBB943A002086
S31500013290024B0146186810F057BB00BF943A002054
S315000132A013B5074B01901C68FFF7E0FF0199024631
S315000132B0204610F0F1F80D38C0B202B010BD00BFC3
S315000132C0943A002008B5034B186810F055FBC0B2BC
S315000132D008BD00BF943A0020014B186810F05CBB92
S315000132E0943A002007B50649009001F5526301F6AC
S315000132F0642201F6B84008F00DFC03B05DF804FB4A
S31500013300943A002007B50849019001F6B8430093A5
S3150001331001F6642201F5526301F6F41008F0C8FDC6
S3150001332003B05DF804FB00BF943A0020034903464D
S3150001333001F6746201F5526009F00AB9943A002067
S315000133400249024601F6642008F01CBF943A0020A7
S3150001335073B50C460A7D0D49034681F8882E91F80E
S31500013360AC2A01F674650092D1F8A82A2846D1F84C
S31500013370041D09F06FF906460FCD0FC495E8030049
S3150001338084E80300304602B070BD00BF943A0020C5
S31500013390034800F6746100F6B84008F00BBC00BFA4
S315000133A0943A0020014808F010BC00BF4C470020A9
S315000133B0034800F6746100F6F41008F0AFBD00BFD3
S315000133C0943A0020014808F0B6BD00BF88440020A9
S315000133D013460A460146014809F0F8B8B4470020E9
S315000133E00020704737B5002290F8F030044600EB14
S315000133F003135D7A5A72A9070DD55878FFF7B4FC05
S31500013400B0FA80F194F8F0300B2004EB03135A78EC
S31500013410490911F09DFEEA0715D594F8F0300DF132
S31500013420070104EB03135A780DF10600FFF780FC40
S31500013430B0FA80F194F8F030082004EB03135A78BF
S31500013440490911F085FE6B0714D594F8F03004EBA9
S3150001345003135878FFF7FCFCB0FA80F1092094F8C1
S31500013460F030490904EB0314627803B0BDE830403B
S3150001347011F06EBE03B030BD30B590F8F02087B0C4
S3150001348000EB0212527A054612F001041CBF022318
S315000134908DF81430910707D50D2104F118036B44FB
S315000134A0013403F8041CE4B2530719D5102204F1C0
S315000134B018036B44013403F8042CE4B21CF0FCFF3E
S315000134C095F8F02005EB021300225B781146CDE951
S315000134D00203CDE9004205AB032011F0D5F902E064
S315000134E0621E022AEAD907B030BD0000064908B5B6
S315000134F01160064A1A60029B054A1A6010F0D4FC54
S31500013500039B186008BD00BFE13301007934010057
S31500013510E5330100F0B50C461746054685B020B1E6
S315000135208921164A16481DF085FA631E062B22D8F4
S3150001353010F0BAFC0646102200216846FDF71FFB73
S315000135400322C5EB05130433DBB28DF8003006EB1D
S315000135500313597A8DF808200C438DF801508DF824
S3150001356009401CF0A7FF38440190684610F084FC1E
S31500013570002005B0F0BD0120FBE700BF8337030043
S31500013580933E03000A2270B590F8F030374E00EBF7
S3150001359003135B78044602FB03639B788CB023B963
S315000135A0E321334A33481DF045FA94F8F03004EB31
S315000135B0031359780A2303FB0163DB789BB305A840
S315000135C0FFF72AFC4FF45163ADF8103094F8F03050
S315000135D004EB03135878FFF77BFB30BB0D23012562
S315000135E08DF8103094F8F03004EB03135878FFF798
S315000135F02FFCE0B1102205F130036B44013503F8CD
S31500013600202CEDB21CF058FF002294F8F030114640
S3150001361004EB03146378CDE90052CDE902030320DC
S3150001362004AB11F031F90CB070BD0025DAE7002DBD
S31500013630E8D10A2294F8F03004EB03135B7802FB1D
S315000136400366327973799A42EDD01CF035FF94F80E
S31500013650F0302A4604EB031463780121CDE9020315
S3150001366002202B46CDE90050DBE700BF20490020B0
S31500013670B03E0300F03F030010B50C460A49116045
S315000136800A4A1A60029B0A4A1A6010F00DFC0022CF
S315000136900121039B1860074B5C701A70DA709970F0
S315000136A01A715A7110BD00BF01380100853501003C
S315000136B0253701002049002030B50D46044685B066
S315000136C020B1CC21134A14481DF0B4F90A22134B38
S315000136D002FB04339B7823B9CD21114A0E481DF014
S315000136E0A9F9102200216846FDF749FAC4EB041333
S315000136F005338DF8003003238DF801408DF808302D
S315000137001CF0D8FE28440190684610F0B5FB05B0C0
S3150001371030BD00BF83370300AA3F030020490020C4
S31500013720463F03000A2270B590F8F030314D00EBA8
S3150001373003135B78044602FB03539B782BB940F2D3
S3150001374005112D4A2D481DF075F994F8F03004EB5A
S31500013750031358780A2303FB0053DB78002B43D06D
S31500013760FFF7B6FAB8B194F8F03004EB03135878C2
S31500013770FFF76EFB78B994F8F03004EB0313587831
S31500013780FFF730FB38B994F8F030012004EB03134E
S315000137905978FFF701FB94F8F03004EB03135878DE
S315000137A0FFF788FB06460A2094F8F03004EB031372
S315000137B05A7800FB02514B79B3420B7117D0A6B16F
S315000137C0012111F0C5FC002194F8F03004EB03133C
S315000137D05878FFF771FF0A2294F8F00004EB001401
S315000137E0637802FB03556E7170BD3146E9E78221AC
S315000137F01046EEE720490020B03E03001D400300BD
S3150001380038B590F80A310D2B05D10D4D90F81841B8
S315000138102B78A34201D000240FE0002CFBD1EB78DA
S315000138205BB110F041FB6B7890F8F0209A4203D01F
S3150001383021462046FFF740FF0124204638BD00BF40
S315000138402049002010B5044620B1D921054A064871
S315000138501DF0F0F8C4EB0414601D80B2BDE8104001
S3150001386010F0E0BA83370300833F03002DE9F041EE
S315000138700C469046054620B1B821104A10481DF065
S31500013880D9F80A260F4F06FB0576F378A34208D02E
S315000138904CB141462846FFF70FFF0A2000FB05758C
S315000138A0EC70BDE8F08129462046FFF775FA2846F7
S315000138B0FFF7C8FF34717471EFE700BF8337030068
S315000138C0CE3F03002049002070471FB504461CF077
S315000138D0F1FD94F8F03004EB03135A68023290427A
S315000138E013D85878FFF750FB78B1002394F8F0000D
S315000138F01A4604EB001460780121CDE90233CDE9C3
S31500013900003300F003FA04B010BD002194F8F00072
S3150001391004EB0014607804B0BDE81040FFF72ABB41
S31500013920064908B51160064A1A60029B054A1A60E3
S3150001393010F0BAFA039B186008BD00BF993901005F
S31500013940CB380100C938010030B50D46044685B0B3
S3150001395020B183210E4A0F481DF06CF81022002178
S315000139606846FDF70CF9C4EB041303338DF80030F8
S31500013970032320468DF801408DF808300195FEF7A6
S31500013980D9FD022802D1684610F076FA05B030BD9D
S31500013990833703004A40030010B590F80A315A1ED6
S315000139A0022A01D9082B0AD190F812313BB190F8BD
S315000139B018411CF07FFD01462046FFF7C5FF002098
S315000139C010BD00207047000030B5044685B01022B6
S315000139D000216846FDF7D3F8C4EB041302338DF8D2
S315000139E0003003238DF801408DF808301CF062FD8C
S315000139F00521054600201DF049F801902046FFF7F4
S31500013A00BDF801280DD1019828440190684610F0AF
S31500013A1033FA20B1F021084A08481DF00BF805B029
S31500013A2030BD2046FFF786F80028ECD12046FEF788
S31500013A300BFF019B1844E8E763400300AF40030016
S31500013A4010B590F8F030044600EB03135878FEF7F2
S31500013A5071FD94F8F030022804EB031307D100211D
S31500013A605A7811F075FBBDE8104011F001BA58788B
S31500013A700121FFF7EDFA94F8F02004EB02135878D0
S31500013A80A0EB0013134404EB03139B7A002BEAD03B
S31500013A90FFF79AFF94F8F000002104EB0014627816
S31500013AA00520DEE71FB590F8F030044600EB03135E
S31500013AB05878FEF73FFD02281FD094F8F030012117
S31500013AC004EB03135878FFF7C3FA1CF0F5FC002248
S31500013AD094F8F030114604EB03146378CDE9002223
S31500013AE0CDE90203064B012010F0CEFEFFF742FBA3
S31500013AF004B0BDE81040FFF79FBB04B010BD00BF86
S31500013B002A490020064908B51160064A1A60029B37
S31500013B10054A1A6010F0C8F9039B186008BD00BF7A
S31500013B20C3390100A53A0100413A010010B5044626
S31500013B3020B189210A4A0B481CF07CFF10F0B4F928
S31500013B400F23022213FB042300EB0310037A052B38
S31500013B5004D12046BDE81040FFF736BF10BD00BFB7
S31500013B608337030099400300F8B590F8F020044626
S31500013B7000EB02135B78A3EB0313134400EB03136F
S31500013B801B7A022B02D101200BF0F0FEF72294F8EA
S31500013B90F0101F4E04EB01135B7802FB036292F8EF
S31500013BA0F5504DBB92F8F400012806D192F8F300C6
S31500013BB018B992F8F65085F00105A3EB03130B44EF
S31500013BC004EB03139A7A0AB35F7A012F16D110F028
S31500013BD0E3FE98B9D5B9F72394F8F00004EB001485
S31500013BE062785343F35C012B0CBF02213946BDE8D1
S31500013BF0F840032011F0ACBA0025DEE735B994F898
S31500013C00F000294604EB00146278F0E7F8BD00BF26
S31500013C102B4900202DE9F041F7270126002590F8D0
S31500013C20F030044600EB031393F801C0214B07FB68
S31500013C300CF217FB0C67981890F8F4109D5490F845
S31500013C40F5203B4490F8F37090F8F60088B0A8424E
S31500013C5014BF4FF004084FF002080791069205932E
S31500013C601CF02AFCDDE9053294F8F0C0079904EB53
S31500013C700C1C9CF801C0CDE90078CDE9020C0220AC
S31500013C8010F002FE94F8F01004EB011348B95B78CA
S31500013C90A3EB03130B4404EB0314667208B0BDE8EF
S31500013CA0F0815A78A2EB02120A4404EB02146572FF
S31500013CB0F4E700BF2B49002090F80A315A1E012A69
S31500013CC001D90E2B0AD1F72190F81831044A4B433A
S31500013CD0D15C01291CBF90F81111D1540020704705
S31500013CE02B490020064908B51160064A1A60029B55
S31500013CF0054A1A6010F0D8F8039B186008BD00BF8A
S31500013D00B93C0100153C0100693B01002DE9FF4763
S31500013D10DDF83090884617461E4604469DF834A0C5
S31500013D209DF8385020B19921254A26481CF082FE7B
S31500013D30102200216846FCF722FFFFF71BFAADB3FC
S31500013D40022300208DF808300BF010FEF7201E4DDF
S31500013D50B9F1000F2ED000FB0453184652464946CE
S31500013D6083F8F3A00130FCF7FDFEF72303FB0455AE
S31500013D7085F8F48085F8F57085F8F6601CF09AFBF5
S31500013D800F9B8DF801401844C4EB041401900134D3
S31500013D9068468DF8004010F06FF820B1BA210B4A41
S31500013DA008481CF047FE04B0BDE8F08703238DF8F0
S31500013DB00830CBE700FB045080F8F390D5E700BF4D
S31500013DC083370300044103002B490020CE40030042
S31500013DD0704708B50020FEF7E9FE38B100F032F869
S31500013DE020B100222320114611F0B2F90020FEF77E
S31500013DF0F5FE38B100F026F820B100222420114644
S31500013E0011F0A6F9002008BD7047000005491160B0
S31500013E10054A1A60009B054A1A60019B186000F06A
S31500013E2007B800BFD33D0100D13D0100093E0100A5
S31500013E300022034B9A719A701A711A70704700BF6B
S31500013E40224A002030B589B001A8FFF7B9F92C4CF8
S31500013E509DF81C500DF113012A46E01D2574FCF74F
S31500013E6081FE2A460DF10A010DF11300FCF76AFEE7
S31500013E70031E18BF01239DF80620A3719DF8073084
S31500013E809342E37029D902239DF80820A3709DF877
S31500013E9009309342637124D902239DF904202371C9
S31500013EA09DF90530934263701FDD02239DF81D20A5
S31500013EB023709DF81E309342A3741AD902236374AA
S31500013EC0D8B92279A378134322781343627C13432A
S31500013ED014BF0120002009B030BD34BF03230023E5
S31500013EE0D2E734BF03230023D7E7B4BF032300235C
S31500013EF0DCE734BF03230023E1E70120EBE700BF42
S31500013F00224A0020064B03F1100253F8041B934288
S31500013F1040F8041BF9D11A8802809B788370704798
S31500013F20224A0020044B1A7982424FF0000004BF56
S31500013F300870181D704700BF384A0020F0B5077891
S31500013F4085B02FB14FF4CC71244A25481CF072FD7F
S31500013F502826102200216846FCF711FE0323214C76
S31500013F608DF8083006FB0746B3885BBAADF800301A
S31500013F70B379E3B1337EE3B1282303FB0743DA794F
S31500013F8042F00202DA711CF095FA0130019068469E
S31500013F900FF072FF282303FB074494F8293033B14D
S31500013FA000210620227984F8291011F0D1F805B0F4
S31500013FB0F0BD1CF07FFAF36954F827501D44C5F192
S31500013FC01E03C342D8D5F0790028DCD132211CF07A
S31500013FD05DFD1E3D05440195D9E700BF1A41030069
S31500013FE004420300384A00202DE9F0410646282400
S31500013FF01CF060FA4FF00008524F451D04FB067491
S31500014000207984F80880FEF743FBE379C0B2DA072A
S31500014010A0761BD50F28844628BF4FF00F0C227AB5
S31500014020D11C614512DC4FF0010C23F00103E37151
S31500014030A31883F80980531C54FA83F383F809C043
S3150001404002230232217254FA82F46372282202FB9D
S315000140500672D479610734D50F28034628BF0F238A
S31500014060117A47F8265001F1060C9C4529DC4FF0E0
S31500014070020E24F00404D471541884F809E04FF0B8
S31500014080000E4C1C52FA84F4136A84F809E08C1C65
S315000140902B4452FA84F46372CC1C52FA84F44FEA2C
S315000140A0132E84F809E00C1D053152FA84F44FEA07
S315000140B0134E82F808C01B0E52FA81F284F809E009
S315000140C05372282303FB0673DC79A20737D51A7EC0
S315000140D047F8265012B1002283F8282028230F28FA
S315000140E028BF0F2003FB06731A7A961D864226DC2B
S315000140F024F00204DC7101249818196A447210191B
S31500014100294453FA80F04172901C53FA80F00C0A4C
S315000141104472D01C53FA80F00C0C4472101D53FAF1
S3150001412080F0090E4172597E93F8287001F00F0153
S31500014130053241EA07111E7253FA82F35972284673
S31500014140BDE8F081384A00202DE9F043057889B0B1
S315000141502DB140F26B111C4A1C481CF06BFC284621
S31500014160FFF742FF28211A4C074601FB054696F840
S315000141700890B9F1000F23D04FF0CA0831464A46DC
S31500014180093186F82B8004A8FCF7ECFC4FF47A7011
S3150001419033794743039302230122CDE90093414634
S315000141A00420029704AB10F06FFB48B9337E0BB1C4
S315000141B0013B3376282303FB0544002384F828308A
S315000141C009B0BDE8F08300BF1A410300264203008F
S315000141D0384A00202DE9F84F002417464FF47A7229
S315000141E005460E46B3FBF2F8A1464FF0800A6FF082
S315000141F0004BC470A74201D8BDE8F88F335D032B8D
S31500014200FAD8DFE803F002093F4FEB78013443F0B7
S315000142100103EB70E4B2EDE7631DBB4230DA04F152
S31500014220010C06EB0C0211796B7D01F00F018B423B
S3150001423026D1013303F00F036B75537816F80C0082
S31500014240002100EB0320937800EB0340D3782A7812
S3150001425000EB036000EB0B03033388BFEB7885F8B3
S31500014260149084BF43F00203EB70EB69C5F820801C
S315000142700344EB610123072085F8253010F068FF20
S315000142800634C7E7631CBB420ADA33195B7803F0CD
S315000142900F030AFA03F3AB61EB7843F00403EB7007
S315000142A00234B7E7631CBB42BFBF33195B7803F027
S315000142B007032B75F4E700002DE9F04798460378CC
S315000142C006460D4691462BB14FF4AB71144A15487B
S315000142D01CF0B0FB282796F800A0134C3A4607FBC2
S315000142E00A4000210430FCF74AFC104B104AC9F879
S315000142F00030104BCA21C8F80030089B1A60099B90
S3150001430007FB0A421E600F235571B5FBF3F582F8D0
S315000143102B1009491571D1619376BDE8F08700BF6D
S315000143203641030048420300384A00207144010027
S315000143303D3F01004941010040FA01002DE9F743E3
S3150001434090461A1F032A06460F46DDF82C900DD912
S31500014350093B032B0AD90DF10701FFF7E3FD0446DB
S3150001436040B90025284603B0BDE8F083002589F849
S315000143700050F7E7002EF4D18578002DF1D03B7877
S31500014380032BEED8154A3946D25C0D9B88F80020DE
S31500014390FFF720FF94F8253033B132463146062027
S315000143A084F8256010F0D4FEE378002BD9D09DF86F
S315000143B00700FFF719FE22799DF830309A4205D998
S315000143C040F23A21064A07481CF034FB22790A9842
S315000143D089F80020611DFCF7C5FBC3E766420300AF
S315000143E05A410300E741030030B50D46044687B044
S315000143F028B140F279211B4A1B481CF01BFB2822DD
S315000144001A4B02FB04339B794BB320460DF107018E
S31500014410FFF788FD044610B3C378102243F0020368
S315000144200021C37080F8245002A8FCF7A8FB63782A
S315000144308DF8083023788DF8093003238DF8103074
S315000144401CF038F80521044601201CF01FFB20440E
S31500014450039002A80FF010FD002007B030BD012027
S31500014460FBE700BF83370300AE410300384A002053
S3150001447073B590F80A3104461A1F032A36D9093B47
S31500014480032B33D990F818510DF107012846FFF790
S3150001449049FD064650B34DBB837833B194F81331C9
S315000144A033B129462846FFF79FFF284602B070BD63
S315000144B094F80931002BF8D094F8082190F82730A8
S315000144C09A42F2D12146D4F8003111F8012BFFF7B7
S315000144D081FE0FF0E9FC737890F8F0209A4203D040
S315000144E00DF10700FFF72AFD0125DEE70025DCE7D0
S315000144F037B50D46044628B14FF412710C4A0D48E2
S315000145001CF098FA20460DF10701FFF70BFD40B1AB
S315000145108278AA4205D085702DB100212046FFF789
S3150001452063FF03B030BD40780FF07CFCF9E700BFB4
S3150001453083370300CB41030037B50D46044628B146
S3150001454040F297210B4A0C481CF074FA20460DF1F3
S315000145500701FFF7E7FC044610B1C36913B92B60E5
S31500014560012005E01BF0A6FFE3691844286000203E
S3150001457003B030BD833703008A4103000123037072
S3150001458002230B70CA23137070470000044B1A787C
S3150001459082424FF0000004BF08701846704700BF02
S315000145A0684A00202DE9F04100268369044613F08C
S315000145B00105077886B0067722D0012790F80B808F
S315000145C00777B8F1000F18D01BF076FFA1890546D1
S315000145D030461CF05BFA2346284413F8022B02905E
S315000145E002200392CB213A46CDE9008010F04CF926
S315000145F0A369E67223F00103A36106B0BDE8F08169
S315000146009A0712D5022383830D238DF814301BF0EC
S3150001461053FF0123CDE9020700932A462946019556
S3150001462005AB032010F030F9E7E75B0744BF04232D
S315000146300377E2E72DE9F84F00251D7040F6B83300
S31500014640C5728381044628460F461646DDF8288042
S31500014650FEF71EF808280ED82846FEF719F85FFA65
S3150001466080F90025AA46DFF824B1B24506D3002019
S31500014670E572BDE8F88F4FF00909F2E717F80A204D
S315000146805146052A7BD8DFE802F0031B2841586012
S31500014690AA1C0AF101034A455FFA83FAE5DA00200A
S315000146A0611988700420691C54FA81F1887001210E
S315000146B022449170A26903350A43EDB2A261D4E79F
S315000146C0002112200AF1010322785FFA83FA10F021
S315000146D03FFD012288F80020C7E70AF10402B24231
S315000146E04DDA394488784A780AF1050302EB00224B
S315000146F0C878097902EB004202EB0162CBF800208F
S315000147000021132022785FFA83FAE0E70AF1030217
S31500014710B24234DA07EB0A0188784A78C978194B2C
S3150001472002EB002202EB01421A600AF104030021A6
S31500014730142022785FFA83FAC9E70AF101030021FE
S31500014740152022785FFA83FAC1E70AF10402B24220
S3150001475015DA07EB0A0188784A780B4B02EB00223F
S31500014760C878097902EB004202EB01621A600AF18C
S3150001477005030021162022785FFA83FAA7E70120B4
S3150001478077E700BF884A0020644A00208C4A00204F
S315000147907FB505460E461446002110226846FCF7F1
S315000147A0EEF9032368468DF800608DF801508DF807
S315000147B0083001940FF060FB28B140F29621034ABC
S315000147C003481CF037F904B070BD00BF6A4203000C
S315000147D0E242030038B5037F0446022B0CD0042BBA
S315000147E00FD0A36903B3042B1AD12269617820780B
S315000147F0BDE83840FFF7CCBF836923F00203A3610C
S31500014800EFE705691BF056FE281A0128E9DC0021AD
S315000148101120227810F09CFCA36923F00403EEE733
S315000148201BF048FE0246E1E738BD7FB590F81861F6
S3150001483005460DF10D013046FFF7A8FE002304469B
S315000148408DF80E30002844D0002E44D1837F002BF2
S315000148503CD040F2CB13B5F808219A4236D195F8EF
S315000148600A311A1F032A31D9093B032B2ED92946AE
S315000148700DF10E03009311F8012B0DF10F03FFF754
S31500014880D9FE58B9A3694BB19DF80E3033B91BF067
S3150001489011FE617802462078FFF77AFF9DF80F3006
S315000148A033B19DF80E201AB91146112010F050FCB3
S315000148B00FF0FAFA627890F8F0309A4205D09DF836
S315000148C00E3013B92046FFF785FF0126304604B0A6
S315000148D070BD0646FAE71E46F8E700002DE9F843E3
S315000148E09846037806460C4691462BB14FF48771DC
S315000148F0104A11481CF09EF83578104F202207EB1C
S31500014900451600213046FCF73AF90F210C4B0D4AAA
S31500014910C9F800300C4BC8F80030089B1A60099B97
S315000149201E607470B4FBF1F46B01FC540123B37780
S31500014930BDE8F8837A420300EF420300684A00208B
S315000149402B480100D5470100A5450100042303704A
S3150001495001230B70CB231370704700002DE9F04340
S315000149604FF0000985B0DDF834800E4688F80090D6
S315000149700DF10D0105461746FFF708FE8DF80E905D
S31500014980044608B900252BE0002DFBD1857F002DBB
S31500014990F8D03378052BF5D8214A3146D25C0DF192
S315000149A00E0300933A700DF10F03FFF743FE18BB98
S315000149B0A369012B18D19DF80E30EBB9E27A9DF867
S315000149C038309A4205D94FF4EA71164A16481CF056
S315000149D031F8E27A0C9888F80020A11CFCF7C2F89D
S315000149E0284605B0BDE8F08306D91BF063FD617862
S315000149F002462078FFF7CCFE9DF80F3023B1002246
S31500014A001120114610F0A4FB0FF04EFA627890F8CF
S31500014A10F0309A42B6D02046FFF7DCFEB2E700BF7F
S31500014A201143030092420300C9420300014B186877
S31500014A30704700BF8C4A0020014B1868704700BFC1
S31500014A40884A0020014B1868704700BF644A00205D
S31500014A5073B5154B05460E4618780DF10701FFF79C
S31500014A6095FD01238370330A0371330C43712B0ABD
S31500014A7003722B0C43728369C67043F00103836191
S31500014A800923360EC5712D0EC372867185720446D1
S31500014A901BF010FD617802462078FFF779FE1CF0C5
S31500014AA022F802B070BD00BF684A002037B5114B2D
S31500014AB005460DF107011878FFF768FD022383709B
S31500014AC02B0A03712B0C43718369C57043F00103F3
S31500014AD0836105232D0EC372857104461BF0EAFC22
S31500014AE0617802462078FFF753FE1BF0FCFF03B006
S31500014AF030BD00BF684A002037B5104B05460DF1A1
S31500014B0007011878FFF742FD032383702B0A03710F
S31500014B108369C57043F00103836104232D0CC372BD
S31500014B20457104461BF0C6FC617802462078FFF702
S31500014B302FFE1BF0D8FF03B030BD00BF684A00202E
S31500014B4073B50546104B0E4618780DF10701FFF7B0
S31500014B501DFD0423032D0CBF0622022283708369E7
S31500014B6008BF466043F001038361C570C272044603
S31500014B701BF0A0FC617802462078FFF709FE1BF0C6
S31500014B80B2FF02B070BD00BF684A002037B50E4BB8
S31500014B900DF1070105461878FFF7F8FC0523837028
S31500014BA08369C57043F0010383610223C37204461E
S31500014BB01BF080FC617802462078FFF7E9FD1BF0C7
S31500014BC092FF03B030BD00BF684A0020031F032BCC
S31500014BD005D9093803288CBF002001207047012020
S31500014BE0704700002DE9F04316270678DFF85C8050
S31500014BF0054607FB068393F8119085B0B9F1000FBE
S31500014C0021D01BF059FC4FF47A712B78044607FB2F
S31500014C1003835B8A002059431BF038FF4FF0020CD7
S31500014C202B7817FB06C65F4318F807302044CDE9F9
S31500014C3001C003930122C9216046CDF8009008EB1B
S31500014C4006030FF021FE05B0BDE8F0831C4B0020E2
S31500014C502DE9FF41044630B1034640F24121194A8C
S31500014C6019481BF0E7FE16266643184DAB191F7D42
S31500014C7027BB4FF00308102239466846FBF77FFF32
S31500014C80AB5B8DF808805BBAADF800301BF012FC07
S31500014C904146064638461BF0F9FE30440190684607
S31500014CA00FF0EAF828B140F24B21094A06481BF0F9
S31500014CB0C1FE162303FB04540123237504B0BDE88A
S31500014CC0F08100BF7A4203008B4303001C4B002096
S31500014CD06A42030016210278074B01FB02330022C8
S31500014CE01A75064A1378012B04D9013B0078137013
S31500014CF0FFF7AEBF704700BF1C4B0020324B0020B0
S31500014D002DE9F0479946037806460C4692462BB1A3
S31500014D104FF48571154A16481BF08CFE4FF01608A4
S31500014D203578144F4246002105FB0870FBF727FF33
S31500014D30114B124ACAF80030114B0F21C9F8003045
S31500014D40089B08FB05F51A60099B7A191E60012369
S31500014D50547053750B4AB4FBF1F4137000220A4BDD
S31500014D607C55C3E900229A60BDE8F0877A420300C8
S31500014D70AA4303001C4B002049520100D54C0100F7
S31500014D80E54B0100324B0020904A002003230370BB
S31500014D9001230B70C9231370704700000048704748
S31500014DA0344B002000487047904A00200048704765
S31500014DB0404B0020034602210C4A10F03F0010B57B
S31500014DC09170D37051740FD10124094A9B0959017D
S31500014DD0545402EB43136FF00102DA61FFF738FF17
S31500014DE0BDE810401BF07FBE0020F7E71C4B0020FA
S31500014DF09C4A0020B2F5807FF8B5154D4FEA401761
S31500014E001FD802BBEC19A6888E421CD1E26101268D
S31500014E10104C33403D44A371EB79A67004339E4098
S31500014E200523E170C1F3052141EA80112171627107
S31500014E30668263740020FFF70BFFBDE8F8401BF0A4
S31500014E4052BE4FF48072012B04BFEC19E361DEE719
S31500014E509C4A00201C4B0020084BC2795A71027AE9
S31500014E609A71C2689A6082885A8082785A704278AA
S31500014E701A7082791A71427ADA717047344B0020BE
S31500014E8030B5054C657A2DB92372012320706180F6
S31500014E906260637230BD00BF904A00202DE9F04F79
S31500014EA01F46AF4B8DB01B780646012B9EBF0023D4
S31500014EB043744382457C002089460292FDF7E8FB54
S31500014EC00E280FD80020FDF7E3FBC3B20024DFF85C
S31500014ED09C820193029B9C4206D3002075740DB0FF
S31500014EE0BDE8F08F0F23F1E719F80400A246082860
S31500014EF03ED8DFE810F0090021003800B9003D0076
S31500014F003D003D003D00E10001343846E4B2FFF7C3
S31500014F105DFE0028DED1019AAB1C9342DADA032149
S31500014F20721990706A1C56FA82F2917001220D4430
S31500014F303344EDB29A70CDE7029A631C9342CEDAFE
S31500014F4009EB04035B78874AC3F3410103F00103CC
S31500014F505370854B1170292000211A780234E4B26E
S31500014F6010F0F6F8B6E7029A04F10A03934201DB60
S31500014F700120B4E73846FFF729FE0B340146E4B2B7
S31500014F800028A7D1CA442022039004A8FBF7F7FD05
S31500014F909AF801B09AF803200BF00F038DF811303F
S31500014FA09AF802309AF8080043EA0223ADF8143061
S31500014FB09AF80430CBF3011B8DF816309AF80530B8
S31500014FC08DF812B003F00702C3F3C2038DF818304F
S31500014FD0003B18BF01238DF817209AF80620039984
S31500014FE08DF819209AF8092043EA8B1B120402EB6B
S31500014FF000229AF8070002449AF80A0005F1010A0C
S3150001500002EB0062079243BB04A80393FFF724FF58
S31500015010554B27201A78039B194610F099F801235E
S315000150209DF812E0169A08EB4E1E0DF1100C137046
S31500015030BCE80F00AEE80F009CE80F008EE80F00F9
S31500015040019B9A45BFF646AF02227319B244154435
S315000150509A70EDB28AF802B03CE7019B9A45BFF619
S3150001506039AF169B1970EFE7029A631C9342BFF69C
S315000150707FAF3846FFF7AAFD0234E4B200287FF479
S3150001508029AFCA449AF8013003F003035A0118F80C
S31500015090021071B943F0040301996A1C8A42BFF6F2
S315000150A019AF03207119324402358870EDB293703D
S315000150B010E708F80200EFE709EB040393F802A0F2
S315000150C0597841EA0A214FEA9A1A08EB4A135B78A2
S315000150D04FEA4A1B13F0010207D0092F37D0A7F177
S315000150E0040CDCF1000242EB0C02980704D50A2FEE
S315000150F02FD0052F08BF0122580704D50B2F2AD020
S31500015100062F08BF01221B0704D50C2F25D0072F18
S3150001511008BF01223846FFF759FD08B1002A44D0DD
S3150001512018F80B2008EB0B032AB1DA69023204BF27
S315000151304FF0FF32DA61C344DBF81C30E21C002B6E
S3150001514016DB9BF8064054FA82F2D4B2C2E601227B
S31500015150CBE70122D0E70122D5E70122DAE700BF3A
S31500015160324B0020404B00201C4B00209C4A002063
S3150001517001330DD150469BF806304A44C1F30D0167
S31500015180FFF77EFE0D4B002128201A780FF0E0FF75
S3150001519008EB4A13D969002907DBFF29A8BFFF21BC
S315000151A000220C20C9B20FF0D3FF08EB4A1A9AF875
S315000151B00630033453FA84F4E4B28BE61C4B002028
S315000151C0F0B5002485B00B9F8DF80F403C70194C4B
S315000151D00E462578284303D00025284605B0F0BDA4
S315000151E0657D002DF8D030780328F5D8124E305C55
S315000151F010700DF10F02009202462046FFF74EFE97
S315000152000028E9D1637C002BE6D09DF80F20002A07
S31500015210E2D19DF83020934205D94FF4CC71074A6B
S3150001522007481BF007FC627C06490A983A70FBF7AF
S3150001523099FCD2E71C4B0020D64303001743030019
S31500015240584303001E4B00201FB50023164C90F84F
S31500015250182121788DF80F300A4303D01A461046DB
S3150001526004B010BD637D002BF9D040F2C913B0F82C
S3150001527008119942F3D10278002AF0D00DF10F03FB
S31500015280009390F80A31411C2046FFF707FE637C24
S315000152903BB19DF80F30184310F0FF0001D1FFF725
S315000152A0D7FC0122DBE700BF1C4B0020F0B50478D8
S315000152B085B02CB140F27311224A23481BF0BAFB88
S315000152C04FF48876102200216846FBF758FC032329
S315000152D01E4D8DF8083006FB0456B38830795BBA4B
S315000152E0ADF80030FDF726F9022806D196F80C3103
S315000152F0032B04BF002386F80C314FF4887606FB96
S315000153000456B379A3B1737B4FF47A7793B11BF04B
S31500015310D3F8F38907FB030045F824004FF47A72AA
S3150001532055F824306846B3FBF2F301930EF0A4FD61
S3150001533005B0F0BD55F82430728907FB023345F8F4
S315000153402430EBE7DA43030051440300444B0020C9
S315000153502DE9F041067886B02EB140F23311424A6A
S3150001536042481BF067FB1BF0A7F84FF48873404CCB
S315000153700A3003FB06435A7B44F826001AB1002281
S315000153805A7313F0DBF84FF488777743E5192879D8
S31500015390FDF7D0F80228014611D0032385F80C3118
S315000153A04FF4887303FB06442079FDF7C3F80228FE
S315000153B044D0207906B0BDE8F041FEF7B7BB95F8B9
S315000153C00C31022B1BD0032BEAD0012B95F80CC014
S315000153D037D1BCF1000F18BF04212A7E2D7907F1C0
S315000153E01903039554F826500092003ACDE90115A8
S315000153F018BF0122E02123440FF046FA13E095F885
S315000154000D811BF059F807F5877300272A7939466C
S31500015410CDE90202CDE900873A46032023440FF085
S3150001542033FA85F80D7148B94FF4887303FB0644C6
S3150001543094F80C31032B18BF84F80C0106B0BDE8B3
S31500015440F081BCF1000F18BF04210A4B012205931C
S315000154502B79039354F82630CDE901130423114621
S31500015460009305ABC8E700BFDA43030029440300F4
S31500015470444B0020111213142DE9F04F90F81861D6
S31500015480834691B0002E40F03583AA4D2B79002B2F
S315000154900CBF3346FF23FF2B8DF81E302BD04FF464
S315000154A0887404FB03539B792BB390F8133193B1A2
S315000154B00EF0FAFC9DF81E3090F8F02004FB035321
S315000154C05B799A4203D00DF11E00FFF7EFFE012131
S315000154D00020FFF70DF89BF80A310D2B40F0BC8038
S315000154E04FF488779DF81E40674305EB070999F845
S315000154F0153023B90126304611B0BDE8F08FBBF94E
S31500015500063199F8041001939BF9063109A8029313
S31500015510BBF904319BF810A103930BF10108DBF8E9
S315000155200CB1FDF779FC0D9B1937EE1923B9B9F8C2
S3150001553016300133A9F816304FF4887909FB045463
S3150001554008AA237950460DF11F01FDF7CBFC9DF802
S315000155501F10404604F070FC9DF81F100590404650
S3150001556005F032F804902079FDF7DCFC4121BBFB04
S31500015570F0F04FF0010B84F818B0E955217E019B3C
S3150001558001EB0B07277606F801B0217EE78A01EBCE
S315000155900B0C84F818C07754277EE18A07EB0B0CB5
S315000155A0090A84F818C0F155217E01EB0B0727760D
S315000155B07054217E01EB0B072776070A7754217E6B
S315000155C0000C01EB0B0727767054217E01EB0B00D3
S315000155D0207606F801A0217E01EB0B00207673549C
S315000155E0207E029B00EB0B01217619123154217E9C
S315000155F0039B01EB0B0020767354217E049A01EB89
S315000156000B0020767254227E059B02EB0B0121765C
S31500015610B354227E404602EB0B012176190AB1549E
S31500015620227E02EB0B012176190CB154227E9B0BD3
S3150001563002EB0B012176B354227E9DF81F103244F2
S3150001564004F0C6FF237E073323769DF81E3009FB3F
S31500015650035585F80CB14DE79BF811319BF80911FB
S315000156603BB900293FF447AF9BF80831002B3FF4C3
S3150001567042AF4FF488729DF81E9002FB09F205EBCA
S315000156800208B8F808300133A8F8083000293FF4B9
S3150001569032AF9BF80831002B3FF42DAFE02B7FF49E
S315000156A029AF00209BF8004088F81800D4B39BF876
S315000156B001301932222B05EB020726D8222B31D8CD
S315000156C0DFE813F09700AB00B000BC00CC00EB00A4
S315000156D0F90007011C014B01610130003000300067
S315000156E03000300030003000300030003000300033
S315000156F03000300030003000300030003000300023
S31500015700300030006B01810195017D2B00F0BC81D9
S3150001571012D8422B00F09281432B00F0AB81402B33
S3150001572000F07E814FF4887303FB095585F80C61FF
S31500015730E0E600BF444B00207E2B00F0D1817F2B99
S31500015740F0D1012CEED14FF4887404FB0954207971
S31500015750FCF79EFF0C28E5D9237E5A1C22767F2270
S31500015760FA542079FDF768FA08902079FDF77EFA58
S31500015770237E5A1C22760422FA54237E5A1C227650
S315000157800522FA54237E5A1C22760022FA54237EDD
S31500015790591C2176FA54237E5A1C22769DF8202024
S315000157A0FA54237E5A1C22769DF82120FA54237E30
S315000157B05A1C22769DF82220FA54237E5A1C227600
S315000157C09DF82320FA54237E5A1C2276F854237E10
S315000157D05A1C2276C0F30722FA54237E5A1C2276DB
S315000157E0C0F30742FA54237E000E5A1C2276F8545F
S315000157F011E0012C96D14FF48873002103FB095364
S315000158001C76A9541A7E511C19760621B9541A7EA2
S31500015810511C1976BC54012684E7012C82D11AF059
S3150001582033FE7FE7012C7FF47DAF2879FCF79AFEE2
S3150001583000202979FCF712FF032673E7022C7FF477
S3150001584071AF9BF8021002293FF66CAF4FF48873D3
S3150001585003FB0953187912F0D8FA63E7022C7FF497
S3150001586061AF9BF802302F7993B909AC2246A24B5E
S3150001587003F1100C264618685968083303C66345B8
S315000158803446F7D10321384612F053F8002649E78A
S3150001589039460020FCF77EFE44E7022C7FF442AF36
S315000158A09BF802701FB920460AF060F8EEE7012066
S315000158B00AF05CF836E7022C7FF434AF4FF48873B4
S315000158C09BF8021003FB09538C4A32F811205A81C6
S315000158D028E7F22C3FF626AF9BF802204FF4887397
S315000158E0012A04D1002203FB09531A731AE7022A7B
S315000158F07FF418AF012203FB0953F6E7F22C3FF6BA
S3150001590011AF4FF4887606FB09563079FCF7C0FED5
S31500015910337EC01A844205D33079FCF7B9FE347E52
S31500015920001BC4B24FF4887303FB09531A7E013C72
S31500015930511C19760821B9540022E4B20BF1010B6E
S31500015940D1B28C427FF667AF1BF8011F187E013179
S31500015950461C1E7601323954F2E7012C7FF4E2AE81
S315000159604FF48873092103FB09531C76A9541A7E47
S315000159701989501C1876B954197E1A89481C120ABD
S3150001598018767A5447E7012C7FF4CCAE4FF488732E
S31500015990002203FB09531A81C4E6012C7FF4C2AE2F
S315000159A04FF4887303FB095393F80D21022A3FF63E
S315000159B0B9AE4FF0020B511C83F80D11134483F855
S315000159C00EB10226AEE6012C7FF4ACAE4FF488731D
S315000159D003FB095393F80D21022A3FF6A3AE511C8E
S315000159E083F80D1113440D2283F80E21E9E7022CE9
S315000159F07FF498AE4FF4887707FB09579BF80200AE
S31500015A003979FDF73DFA97F80D31022B3FF68AAE4B
S31500015A105A1C87F80D211F44102387F80E31D0E751
S31500015A20022C7FF47FAE4FF488739BF8022003FBB0
S31500015A300953003A18BF01225A7573E6022C7FF406
S31500015A4071AE4FF0010B88F818B0AB5498F81830C6
S31500015A50B8F8162003EB0B0188F81810FA5498F8D9
S31500015A601820B8F8163002EB0B011B0A88F818103B
S31500015A70BB54D0E6012C7FF455AE4FF48873002257
S31500015A8003FB0953DA824DE6072C7FF44BAE012363
S31500015A9088F80D309BF803209BF80230287903EB38
S31500015AA00223A8F80E309BF805309BF806201B024E
S31500015AB003EB02439BF80420134464225343C8F8C2
S31500015AC010309BF8073088F81430FCF74BFD12F0C4
S31500015AD065FC98F91410D8F8100012F089FC21E63B
S31500015AE0012C7FF41FAE98F8041088F80600FDF724
S31500015AF02BF894E60026FEE4F54303009E440300DA
S31500015B002DE9F0439846037806460D46914685B041
S31500015B1023B1CF21234A24481AF08CFF4FF488720F
S31500015B203778224C5743381D00212044FBF727F8CC
S31500015B300F211F4B1F4AC9F800301F4B3C44C8F8C0
S31500015B4000300C9B00271A600D9B1E606571B5FB2A
S31500015B50F1F528462571FDF711F8002814BF012338
S31500015B6000234FF00306A3714FF0050327736381EA
S31500015B7084F80C6113D0284613F0A4FE102239468E
S31500015B806846FAF7FCFFA3888DF808605BBAADF8A2
S31500015B9000301AF08FFC019068460EF06DF905B0E1
S31500015BA0BDE8F0830644030079440300444B00201A
S31500015BB079540100AD520100515301007FB5164DD4
S31500015BC00B462C79044303D00124204604B070BD52
S31500015BD0AA798A42F9D018462146AB71FCF7B4FF7F
S31500015BE0052303266B81AB792C7385F80C61002B99
S31500015BF0EBD0102221466846FAF7C1FFAB888DF833
S31500015C0008605BBAADF800301AF054FC01906846A2
S31500015C100EF032F9D9E700BF444B00200023037090
S31500015C2001230B70E123137070470000F0B50446A1
S31500015C30181F032887B006D9093B032B03D9354B17
S31500015C401E78A64244D000253FE005230224324FA8
S31500015C508DF804008DF8053001AE57F8043B0DF1BF
S31500015C6003020DF102010DF1010098479DF8013083
S31500015C700334B3709DF80230112CF3709DF8033094
S31500015C8006F103067370E8D139E04E7883F8876030
S31500015C908A7893F8801083F88400B1429CBFFF2173
S31500015CA083F88410964284BFFF2183F884107D2AED
S31500015CB083F8882002D97D2283F8882022460C9811
S31500015CC001A9FAF74FFF0D9B1C70284607B0F0BDDE
S31500015CD0002CB8D19D78002DF7D008780228B2D8CB
S31500015CE00E4E0128365C1670AFD00228CDD00123A6
S31500015CF08DF804408DF8054003248DF806309DF893
S31500015D003830A342DAD240F2F521054A05481AF0A5
S31500015D1091FED3E7584C0020284503002345030094
S31500015D20B4440300D8440300F0B590F88230044629
S31500015D30DB07A5B05ED50078FCF7AAFC94F88430A1
S31500015D40C6B2FF2B2FD102258DF811308DF81050D8
S31500015D5094F8832005F190036B4403F8802C1AF024
S31500015D60ABFB4FF4FA61074600201AF08FFE384468
S31500015D700290022023780135EDB203930122E1213D
S31500015D800190009504AB0EF07FFD98BB94F884302A
S31500015D90FF2B37D184F8840094F8823023F0010375
S31500015DA084F8823026E094F88150B21EAA4201DDC1
S31500015DB0012B21D194F8851094F886200123521ADB
S31500015DC0AA4228BF2A46033EF5B2AA4228BF2A465E
S31500015DD084F8843002238DF81110033121440DF12A
S31500015DE01200D6B28DF81030FAF7BCFEB51CEDB232
S31500015DF0002DADD125B0F0BD2A46E11C04A8FAF765
S31500015E00B1FEF5E7012BC7D194F8853094F88100EE
S31500015E103344861BDBB2F6B284F8853084F88160A0
S31500015E201EB194F886209A42E4D8002384F884307F
S31500015E30B2E700007FB505460E4614460021102242
S31500015E406846FAF79CFE032368468DF800608DF8D4
S31500015E5001508DF8083001940EF00EF828B140F289
S31500015E601B21034A03481AF0E5FD04B070BD00BFCB
S31500015E706A420300F444030038B590F882300446C0
S31500015E80DB070DD51AF016FB0221054600201AF094
S31500015E90FDFD61782A182078BDE83840FFF7CABFB2
S31500015EA038BD00002DE9F04F594E90F8184133786E
S31500015EB093B0A34252D000244CE039573A5D0029F1
S31500015EC006DA9146691C01343544EA70E4B2CDB272
S31500015ED0002209F07F0104298DF826208DF827205C
S31500015EE037D896F889200DF1280A013286F88920DB
S31500015EF0049A307803921E2202920DF12602019233
S31500015F00444ACDF800A052F821B00DF12702391903
S31500015F100793D847E8B19DF82620079B05EB020BAE
S31500015F20BBF17C0F09DC1E2A07D8E81C5146304418
S31500015F30FAF718FE079B5FFA8BF59DF827201444A4
S31500015F40E4B22AE0059B84F8843094F88230002B71
S31500015F5056D10124204613B0BDE8F08F002CAAD1FA
S31500015F60B378002BF6D040F2E113B0F808219A423B
S31500015F70F0D10746A1462546D0F8002117F8018B36
S31500015F80049296F8842090F80A31059208F1FF32BE
S31500015F9086F8844086F889400692069AA2428CDCED
S31500015FA01B4C94F88430022B0DD194F88930012BC7
S31500015FB0C8D184F8843094F8873084F8853094F811
S31500015FC0883084F8863094F884306BB9474417F8E2
S31500015FD0012C84F8853002F0030284F883207D22A7
S31500015FE084F8805084F8862094F88020134384F83E
S31500015FF08120AAD094F8823043F0010384F88230DC
S315000160001AF058FA617802462078FFF713FFA0E7E5
S31500016010584C00203C4503002DE9F8439846037887
S3150001602005460C4691462BB14FF4AE71134A1448FE
S315000160301AF000FD8A272D78124E3A4605FB0763B2
S3150001604000211846FAF79BFD0F4A1049C9F80020AE
S315000160500F4A7D43C8F80020089A73191160099AFE
S315000160600F21106001225C709A70B4FBF1F47F225B
S31500016070745583F88620BDE8F88300BF7A42030091
S3150001608001450300584C0020A55E0100795E010020
S31500016090295D0100F0B5836A044613F0010687B055
S315000160A01CD0867C1AF008FAA18C054600201AF04D
S315000160B0EDFC2346284413F8032B02900220039299
S315000160C0C8210122CDE900600EF0DEFB0023A37496
S315000160D0A36A23F00103A36207B0F0BD9A0705780E
S315000160E0C3F3400114D50D23C6748DF814301AF08C
S315000160F0E3F90123CDE902050093324605AB3146AA
S31500016100032001960EF0C0FBA36A23F00203E2E727
S3150001611013F03C0FC3F383022DD08F1C23FA07F033
S3150001612010F00100CEB221D00122BA4023EA0203C7
S31500016130A362002228461146FDF798FB2946012055
S31500016140FCF7B2FB56492B4601EB46110A7F304656
S315000161508969FCF759FC2A4631460F200EF0F8FFF3
S3150001616000233444237501232377B5E7013104293C
S31500016170D3D10646DDE713F4707FC3F383112CD028
S31500016180901D23FA00F111F00101D6B220D00122AF
S31500016190824023EA0203A36229463046FCF754FCF7
S315000161A00021264404F11403317718341E4632784F
S315000161B0307A013302441144A342C9B2F6D100290F
S315000161C08AD12A460D2007B0BDE8F0400EF0C0BFC7
S315000161D00132042AD4D10E46DEE713F4705FC3F30D
S315000161E083222DD001F10A0723FA07F010F00100EE
S315000161F0CEB220D00122BA4023EA0203A362284686
S31500016200FCF758FE00283FF467AF2549009501EBDE
S3150001621046114B7F0A7F30468969FCF731FC2A46D5
S31500016220314610200EF094FF0023344423760123D7
S3150001623084F8203050E701310429D3D10646DEE740
S3150001624013F4703F3FF448AF02F10E0023FA00F158
S3150001625011F00101D6B21ED00122824023EA0203C7
S31500016260A36229463046FCF731FC0021264404F19D
S31500016270180386F820101C341846027A0078013378
S3150001628002441144A342C9B2F6D100297FF424AFD6
S315000162902A460E2097E70132042AD5D10E46E0E7B9
S315000162A0104D002030B5044685B00D461022002160
S315000162B06846FAF764FC23885BBAADF8003003231D
S315000162C08DF808301AF0F6F8A36A0544ABB10DF063
S315000162D0EBFD637800EB031043689D4294BF019583
S315000162E0019368460DF0C8FD28B14FF44F71044A79
S315000162F004481AF09FFB05B030BD0195F1E700BFD8
S315000163006A420300C045030001232DE9F3470678DD
S31500016310C37404463046FCF7DBFC054600283DD035
S315000163201AF0CAF83346694601AAFCF7B1FC002304
S31500016330E3740020DFF8C4A18046D4466FF000451F
S31500016340009904F1140E1EF8013B73B1DCF810300C
S31500016350A3EB0109A94508DADCF8142013445B1AFA
S31500016360002BC4BF4D465FFA80F8013004280CF1BA
S31500016370200CE8D16FF000439D4224D0204625EA47
S31500016380E571FFF78FFF002D1ADC08F102080123E2
S3150001639003FA08F8A36A43EA080310E0694630469F
S315000163A0FEF7CAF8002814BF01230023E374C0D006
S315000163B029462046FFF776FFA36A43F00203A3624C
S315000163C002B0BDE8F0870020A84681464B4A04F199
S315000163D01C0E1EF8013B43B1D2E904373B445B1A5C
S315000163E04345BCBF98465FFA80F90130042802F1A3
S315000163F02002EED16FF00043984510D0204628EADE
S31500016400E871FFF74FFFB8F1000F08DC012309F12E
S31500016410060903FA09F9A36A43EA0903A3620020FC
S3150001642080460099354A04F1180E1EF8013B63B106
S315000164301369A3EB0109A94507DA57693B445B1ABE
S31500016440002BC4BF4D465FFA80F80130042802F1E3
S315000164502002EAD16FF000439D4226D03046FCF778
S3150001646029FD68B93146FCF71FFAB5F5807F2A4642
S31500016470B8BF4FF4807201213046D2B2FDF7F6F96A
S315000164803046FCF717FD08B9862D0CDD872DB8BF00
S315000164908725873D29462046FFF704FF002D8FD12A
S315000164A008F10A0873E71E25F4E70022164604F1EF
S315000164B0200C1CF8013B3BB1DAE9043003445B1ABA
S315000164C0AB42BCBF1D46D6B20132042A0AF1200AEC
S315000164D0EFD16FF000439D423FF472AF204625EAAB
S315000164E0E571FFF7DFFE002D3FF76AAF01230E3698
S315000164F003FA06F6A36A334361E700BF104D002095
S315000165002DE9F04F8BB001921A1F032A06468846E1
S3150001651001D8012016E0093B032BFAD90024847423
S315000165202046FCF7B5F80E280FD82046FCF7B0F840
S31500016530C3B200242546924F0093019BAB4206D875
S315000165400020B4740BB0BDE8F08F0F23F1E718F803
S315000165500530052BDDD8DFE813F006001A007600BA
S31500016560DC001501BC01009AA31C01359342EDB272
S31500016570E3DA00213219D1700221621C56FA82F245
S31500016580033456FA83F3D170E4B2D970D5E7019A90
S315000165906B1C9342BDDA4FF0010B08EB05035B78E8
S315000165A0774803F00F030293631CDBB2039333199D
S315000165B083F803B000239A4619460234E4B20278FE
S315000165C05FFA83FC92B3029A01311A41D207C9B22A
S315000165D02CD5009A04F1050E964527D80BFA03F23D
S315000165E042EA0A0A321982F803C0426804F1010C30
S315000165F056FA8CFC8CF8032004F1020C4FEA12299E
S3150001660056FA8CFC8CF8039004F1040C033456FA08
S3150001661084F44FEA124956FA8CFC120E84F8039060
S315000166205FFA8AFA5FFA8EF48CF803200133042BA1
S3150001663000F12000C3D1039B4AEA01113344D9700A
S315000166400235EDB279E7019A05F11D039342BFF6D2
S3150001665060AF08EB0503D8789A7893F8019002EBBE
S315000166600022187909F0030902EB0042587907EB79
S31500016670491102EB00624A600DF1180E9A1D03F1F1
S31500016680160AF446106851680832ACE80300524510
S31500016690E646F6D1DA7D997D07EB491B01EB02212E
S315000166A01A7E4FEA491A01EB02415A7E1E3501EB69
S315000166B00261CBF80810D87E9A7EEDB202EB002279
S315000166C0187F5B7F02EB004202EB0362CBF80C20E2
S315000166D000234846FCF75AF90022DBF80410484625
S315000166E0FCF718F90022484606A9FCF76FF90123C1
S315000166F0009A07F80A30E3189342BFF61EAF02214B
S31500016700321956FA83F30C44D170E4B283F803903C
S3150001671013E7019A6B1C9342BFF6FBAE08EB050328
S315000167205878009A631C00F0030093424FEA401226
S315000167300FDA4FF0030C311981F803C0B95C02344A
S31500016740002914BF0021042156FA83F30143E4B260
S31500016750D9704FF0000ABB1806EB0009C3F814A064
S3150001676099F81C3007F802A089F814A0002B3FF411
S3150001677067AF5146FCF768F989F81CA060E700BFCE
S31500016780104D0020019A05F10A039342BFF6C1AEEE
S3150001679008EB0503D8789A7893F8019002EB00226A
S315000167A0187909F0030902EB0042587907EB491100
S315000167B002EB00620A619A794FEA491A02F00F0068
S315000167C0012282404A61187ADA7902EB0022587A6C
S315000167D002EB0042642042438A619B7A03F00F0375
S315000167E00B77002318460593FCF772FA83460028B7
S315000167F065D019F061FE002306AA05A9FCF748FA3F
S3150001680007EB0A031969059A0020914294BF4FF0DC
S31500016810200B4FF0000B17F80A209969002A0CBFCC
S315000168204FF0100A4FF0000A0293FCF7B7FB013054
S315000168300CBF08220022029B0020197F0392FCF75D
S31500016840C1FB009B013004F104000CBF04210021AF
S31500016850984280F2EC804FF0040C039A4BEA090B44
S315000168604AEA0B0A4AEA02020A43311981F803C0CD
S3150001687004F1010CA11C56FA8CFC9145029BC9B28C
S315000168808CF8032017D11B69059A31449B1A6FF0C6
S315000168907F42934228BF1346E21CCB7056FA82F21E
S315000168A0190A30441B0CD170C3700123611DB14418
S315000168B0C9B289F814300B350C46EDB23DE606A98E
S315000168C00690FDF739FE10B90698059098E75846E7
S315000168D0FBE7019A05F10A039342BFF61AAE4FF0A0
S315000168E0800C08EB0503D8789A7893F8019002EBAF
S315000168F00022187909F0030902EB0042587907EBE7
S31500016900491102EB00620A61A81D18F800204FF038
S31500016910000B02F00F020CFA02F24A6118F800208D
S315000169204FEA491AC2F302124A77187ADA79CDF890
S3150001693014B002EB0022587A02EB00426420424373
S315000169408A619B7A584603F00F030B77FCF7C0F96F
S31500016950002862D019F0B0FD5B4606AA05A9FCF72E
S3150001696097F907EB0A031969059A0020914294BF2A
S315000169704FF0200B4FF0000B17F80A209969002AF7
S315000169800CBF4FF0100A4FF0000A0293FCF706FB0A
S3150001699001300CBF08220022029B0020197F0392BE
S315000169A0FCF710FB009B013004F104000CBF04212D
S315000169B0002198423BDA4FF0050C039A4BEA090B8A
S315000169C04AEA0B0A4AEA02020A43311981F803C06C
S315000169D004F1010CA11C56FA8CFC9145029BC9B22B
S315000169E08CF803207FF467AF1B69059A31449B1A23
S315000169F06FF07F42934228BF1346E21CCB7056FAD2
S31500016A0082F2190A30441B0CD170C3700123611D37
S31500016A10B144C9B289F818304DE706A9069002902B
S31500016A20FDF78AFD029B00B9069B059399E721466E
S31500016A3041E700BF10B5134C90F818212378934213
S31500016A4001D000221CE0002AFBD1A378C3B1B0F823
S31500016A500831B3F5E47F13D102788AB1411C90F86D
S31500016A600A312046FFF74CFD014640B9A37C33B1FC
S31500016A702046FFF717FCA36A43F00103A362012234
S31500016A80104610BDE44C00202DE9F84F9846DDE98B
S31500016A900ABA037805460C4691462BB14FF4AA7102
S31500016AA0164A174819F0C6FF2C222D78154F15FBEB
S31500016AB002F6BB1900211846FAF761F812492C2291
S31500016AC0C9F8001011495543C8F8001010497B193F
S31500016AD0CBF800100F21CAF8000001225C70B4FB4C
S31500016AE0F1F4002106F114009A707C55D9743844EA
S31500016AF01022BDE8F84FFAF742B800BF7A42030008
S31500016B00E8450300E44C0020356A01009560010068
S31500016B1009630100022303700B70C82313707047C9
S31500016B20F8B50024079F0E463C70184C257885421F
S31500016B3002D000252846F8BD002DFAD1A578002DF2
S31500016B40F7D030780528F4D8114E305C1070024623
S31500016B502046FFF7D5FC0028EBD1A37C002BE8D01B
S31500016B609DF82020934205D94FF43F71094A0A48FE
S31500016B7019F060FFA27C094906983A70F9F7F2FF0D
S31500016B8000210248FFF78EFBD4E700BFE44C00204A
S31500016B901D4603005045030094450300E74C0020C1
S31500016BA00C291BD8DFE801F0070707070717140EA2
S31500016BB00E090E1A0E0001207047A0F10C0358426F
S31500016BC0584170470B3801288CBF002001207047BF
S31500016BD00A380228F8E709380328F5E70020704744
S31500016BE0036E006818470000F8B58C21044690F83A
S31500016BF0085ED0F85C0E01FB0541D0F80031483142
S31500016C00984728B140F2C311194A1A4819F012FFE0
S31500016C108C21D4F85C0EFFF7E3FF28B14FF4E27143
S31500016C20154A144819F006FF182707FB0547D7F838
S31500016C30E46819F041FC301A0028F8DC19F047FF26
S31500016C40002019F048FF8C2202FB0545D4F85C3E72
S31500016C50696F5A6A1868904728B14FF4E771074A75
S31500016C60044819F0E7FE19F027FCC4F8B40DF8BD85
S31500016C7023460300914F030070460300EC460300D0
S31500016C80F8B58C21044690F8085ED0F85C0E01FB3D
S31500016C900541D0F804314831984728B14FF4D671EF
S31500016CA01C4A1D4819F0C6FECC21D4F85C0EFFF72C
S31500016CB097FF28B140F2AD11184A174819F0BAFEEC
S31500016CC0182707FB0547D7F8E46819F0F5FB301AD2
S31500016CD00028F8DC19F0FBFE002019F0FCFE8C22DE
S31500016CE002FB0545D4F85C3E696F5A6A18689047FD
S31500016CF028B140F2B7110A4A074819F09BFE19F06C
S31500016D00DBFBFF22C4F8B40D0021BDE8F8402620C4
S31500016D100EF01EBA46470300BE4F03009347030019
S31500016D20EC46030070B58C21044690F8085ED0F855
S31500016D305C0E01FB0541D0F800311C31984728B1A2
S31500016D404FF4BD71214A224819F074FE0221D4F88C
S31500016D505C0EFFF745FF28B140F27B111D4A1C4826
S31500016D6019F068FED4F85C0E05F25C5205F2962322
S31500016D70C66C34F8122054F823100068B04728B1C5
S31500016D804FF4BE71144A124819F054FE182303FB3E
S31500016D900545D5F8E46819F08FFB301A0028F8DCB0
S31500016DA019F095FE012019F096FED4F85C3E1A6A98
S31500016DB01868904728B140F28511084A044819F02D
S31500016DC039FE19F079FBC4F8B00D70BD26480300F1
S31500016DD0704E030073480300C34803002D490300A6
S31500016DE070B58C21044690F8085ED0F85C0E01FB64
S31500016DF00541D0F804311C31984728B140F263119E
S31500016E00244A254819F016FE0221D4F85C0EFFF734
S31500016E10E7FE28B14FF4B271204A1F4819F00AFE65
S31500016E20D4F85C0E05F25C5205F29623C66C34F872
S31500016E30122054F823100068B04728B140F26511BA
S31500016E40174A154819F0F6FD182303FB0545D5F831
S31500016E50E46819F031FB301A0028F8DC19F037FE26
S31500016E60012019F038FED4F85C3E1A6A186890477A
S31500016E7028B140F26F110B4A074819F0DBFD19F0F2
S31500016E801BFBFF22C4F8B00D0021BDE87040252090
S31500016E900EF05EB9604903009D4E0300734803007E
S31500016EA0C34803002D4903002DE9F3418C2690F8D0
S31500016EB0085ED0F85C3E15FB06F606F11C07074492
S31500016EC004463946D3F8C4201868904728B140F2E1
S31500016ED08F11324A324819F0ADFD8C2303FB05436D
S31500016EE0D4F85C0E9A6AD0F8488093F9301000689D
S31500016EF0C04728B140F291112A4A294819F09AFD52
S31500016F0040F20241D4F85C0EFFF76AFE28B14FF455
S31500016F10CA71254A224819F08DFD8C2303FB0543CE
S31500016F2005F25C5134F811105B8E019105F2962140
S31500016F3054F82110D4F85C0E009106F18A02394604
S31500016F40D0F8C86022440068B04728B14FF4CB712D
S31500016F50164A134819F06EFD182303FB0545D5F8AB
S31500016F60E46819F0A9FA301A0028F8DC19F0AFFD27
S31500016F70012019F0B0FDD4F85C3E1A6A18689047F2
S31500016F8028B140F2A3110A4A054819F053FD19F038
S31500016F9093FAC4F8B00D02B0BDE8F081AD49030023
S31500016FA0404E03001B4A0300D04A0300364B030040
S31500016FB02D49030038B500254FF0FF33C0F8605363
S31500016FC0C0E90953A0F85A53044619F073FAA4F814
S31500016FD05853C4F85403C4F8445384F8A95184F8A7
S31500016FE0385184F8995184F8435384F8E25284F86D
S31500016FF0B5532562C4F8D05119F05EFA84F8BD5331
S31500017000C4F8D401A4F8E05384F8E253A4F8C453B5
S3150001701084F8025584F8365084F88A5538BD002321
S31500017020012210B50446C0E9F233C0E9F43380F811
S31500017030343080F87233C0F85C3380F8863380F8D8
S31500017040B43380F83010C27380F8BF33C0F8883388
S31500017050A0F8D831A0F84E3380F87133C0F8D83390
S315000170601946202200F56370F9F789FD4FF0FF33C9
S315000170702046C4F8DA31A4F8DE31BDE81040FFF746
S3150001708099BF00F5A26200680BF07EBA70B504469E
S3150001709000680BF0BDFA94F830202368012A44D128
S315000170A094F81815002940D094F81915A17394F88D
S315000170B01A15617394F8281500293ED0D4F82C15B9
S315000170C0616194F82915217694F82A15A17494F82A
S315000170D0301500293CD094F83115A17694F8321573
S315000170E083F8351194F8331583F8361194F834156D
S315000170F099B394F83535637694F8383593B32068A7
S315000171000CF045F970B3002504F23C56B4F83A3553
S31500017110EAB22B41DB0704D556F8251020680BF09F
S31500017120E9FD0135102DF1D11CE093F87610012A05
S31500017130A17393F8A9106173BCD0D3F89010012AFA
S3150001714061614FF00001217693F89C10A174BED0C5
S3150001715093F87610012AA176C8D093F87530012AE2
S315000171606376C9D00023C4F8E433236893F8E13089
S3150001717084F8EC33072384F8ED3370BDF8B590F845
S3150001718031600446002E4BD090F8A95194F8363060
S3150001719094F84C231B0103EB821394F84D2394F8C6
S315000171A0331003EBC21394F8022503EB421305F0E7
S315000171B00F021344002284F8022594F83420DBB22E
S315000171C002F0030202EB411284F83530A18D84F8F6
S315000171D0392084F83E30E26A636A618784F83F3079
S315000171E0110C1B0A120E84F83C1084F83D2084F819
S315000171F04030BEB194F8A97104F5D5713A4604F14F
S315000172004100FBF70DF894F8323073B994F8373032
S3150001721094F83220083313441D4484F83850F8BDDD
S315000172203546B3E784F84160F0E7274487F84160C3
S31500017230ECE700001FB590F831300446002B3BD037
S31500017240E22B14BF0722062290F8A90194F83230E6
S3150001725094F837101844413094F80C352044CDE9A0
S315000172600203636A019300230093E36A11F086FB2C
S3150001727028B140F24711124A124819F0DBFB94F883
S315000172800C3506220293636A94F8381001930023A1
S3150001729004F139000093E36A11F0AAFC28B140F227
S315000172A05911094A074819F0C5FB94F838300433D7
S315000172B084F8383004B010BD18460622C6E700BF70
S315000172C04D4C0300CA4E0300754C0300F0B5BBB02C
S315000172D017AF04468C2200213846F9F750FC1822D4
S315000172E0002600210DEB0200F9F749FC217B2068FD
S315000172F004960BF025FF0546002840F0928005AB69
S31500017300217B20680DF10F020BF044FF2946142260
S315000173100CA8F9F734FCD4F8683320680F930CF005
S315000173204BF8D4F8682394F90E10237B8DF84100AD
S3150001733020680BF0D9FF9DF80F308DF840008DF8CD
S3150001734030309DF8143020688DF831300CF02BF870
S315000173509DF830209DF831108DF832001046FFF768
S315000173601FFC11468DF8330020680BF097FE94F848
S3150001737038308DF836508DF837300123ADF83400AA
S31500017380ADF8383018AD0CAE8DF85C300FCE0FC5A8
S3150001739033680CA92B60D4F874330DA8D3F85C3E7E
S315000173A0D3F8A030984702238DF81930834B049007
S315000173B007932146D4F874030CAA0FF07DFE28B179
S315000173C040F253217E4A7F4819F034FB9DF8303054
S315000173D08DF81830049B0B93D4F8B833099394F8BD
S315000173E0BC33002B00F0E78019F073FB099B181AD8
S315000173F00023099084F8BC338DF822300223D4F897
S31500017400740384F87233009794F8383004F1390222
S3150001741006A90FF06BFE10B1062384F872333BB058
S31500017420F0BD012853D1217B206805AA0BF0DEFEB1
S3150001743031462C220CA8F9F7A2FBD4F86823237B4A
S3150001744094F90E10206814920BF04EFF8DF85A0035
S3150001745020680BF0B5FF5C4B4FF47A72159340F23E
S31500017460FF13ADF8583094F838308DF84550ADF823
S315000174704630564B139010934FF48273ADF8483053
S315000174809DF814308DF85C60534346F2A8120C93B4
S315000174904F4B18ADCDE90D2304230CAE8DF83C30CE
S315000174A00FCE0FC50FCE0FC596E80700D4F874337B
S315000174B085E80700D3F85C3E0CA9D3F8A43010A8E0
S315000174C09847032304908DF81930424B70E7022840
S315000174D06AD10DF10F03217B20680DF10E020BF02D
S315000174E09BFE182231460CA8F9F749FB237BD4F8F9
S315000174F0682394F90E1020680BF0F6FED4F8743365
S315000175008DF84400D3F85C3E0596D3F8D850186838
S3150001751005AA0CA9A84728B140F232212E4A2948CA
S3150001752019F088FA05990020013919F0AFFA0025FA
S315000175309DF80E30ADF8460020688DF834508DF870
S3150001754035300BF09BFE01238DF838309DF80F3056
S315000175508DF836009DF80E008DF837300BF07AFE67
S315000175608DF8390020680BF041FFD4F868338DF8A7
S3150001757040500C900F9318AD0CAE0FCE0FC596E888
S315000175800300D4F8743385E80300D3F85C0E94F84D
S315000175903820D0F8D45004AB00680CA9A8470423BE
S315000175A08DF819300D4B03E740F24D210C4A054881
S315000175B019F040FAFDE601231EE700BFE16D010067
S315000175C005440300744F03000F1D21102800021803
S315000175D0A0860100256D01009A4C0300A96E0100E9
S315000175E0234D03002DE9F0474FF0000A90F8709300
S315000175F0B2B00E460446494600681746CDF80CA0BF
S315000176000BF09EFD0DF13C0805468C225146404685
S31500017610F9F7B5FA012E84F8716300F08D80022E18
S3150001762000F08C80002E40F09180D4F86C330393E7
S31500017630002D40F092800DF10B03494620680DF1B3
S315000176400A020BF0A7FD2946102205A8F9F797FAB9
S3150001765020680BF0B1FEB4F884338DF821008DF863
S315000176602230039B206807930BF09DFE9DF80A507C
S315000176709DF80B108DF8120028468DF810508DF8E4
S315000176801110FFF78DFA012249468DF81300206883
S315000176900BF002FF0126053029468DF817002068F8
S315000176A08DF819600BF0FAFC1BADADF814008DF8DE
S315000176B03C6004AE0FCE0FC533682B60D4F87C3323
S315000176C026932146D4F874030DF10B020FF0F4FC56
S315000176D028B140F2CE21454A454819F0ABF91422AA
S315000176E0002104A8F9F74BFA9DF80B30414A8DF8B1
S315000176F010309DF83C30D4F87403012B14BF0123DC
S3150001770000238DF811303C4B18BF13460593D4F86E
S315000177108033CDF80080099304F2F132FF2304A9E6
S3150001772007970FF0E3FC00280CBF0423062384F817
S31500017730723332B0BDE8F087636978E75246217B40
S3150001774094F80C0503AB08F021F871E740F28221A9
S315000177502A4A274819F06EF96AE7012D3FD14946B1
S3150001776020680DF10B020BF041FD2022002107A834
S31500017770F9F705FA039B20680C930BF021FE204BC9
S315000177804FF47A720D9340F2FF13ADF838301D4B6A
S315000177908DF825500893FF23ADF826304FF48273F8
S315000177A0ADF828309DF80B300B90534346F2A812E2
S315000177B00493154B1BADCDE9052304238DF81C302D
S315000177C0002304AE8DF83C300FCE0FC50FCE0FC58A
S315000177D096E8070085E80700D4F8803370E74FF490
S315000177E032710A4A024819F025F96AE7054403008D
S315000177F0574F0300E96B0100816C0100404D030006
S315000178000F1D211028000218A0860100264D030035
S31500017810F7B5044601460DF10302D0F874030FF0E3
S315000178204BFC04F287339DF80310D4F8740301AAC4
S315000178300FF00EFD94F88733042B18D0052B51D089
S31500017840032B02D1019BC4F8883394F87233022BBF
S3150001785000F08780042B00F0928094F887330A2B7E
S3150001786040F09480062384F8723303B0F0BD8C2275
S31500017870019BD4F87413C4F8F0349DF8033002FB6D
S31500017880031203F24C5331F81330B2F88200B2F806
S31500017890802084F8F03394F8F133A4F8F6245A09D9
S315000178A0D523D340DB07A4F8F40414D494F8863323
S315000178B0022BCAD194F8F32394F8F23303EB022393
S315000178C094F8F42303EB024394F8F52303EB0263E4
S315000178D0E26A9342B9D0052384F88733002384F8FA
S315000178E0F033B2E794F87133019E33BB677ED4F867
S315000178F08023D4F88833D4F8AC531344F61A94F899
S315000179007033761B04EB4303B3F98C5319F0E1F89A
S31500017910761B4FF47A75301A05FB170519F0E1F855
S31500017920281A002813DA94F8703304EB4303B3F8EA
S315000179308C23013AA3F88C2387E7012B02D1657EBC
S315000179406F1CD4E7022B14BF00271227CFE73FF4A1
S315000179507CAF94F8703304EB4303B3F88C23013204
S31500017960E8E70323FF2200212A2084F872330DF071
S31500017970EFFB94F887330A2B7FF477AF72E7052381
S31500017980FF2200212B2084F87233F0E740F26A319E
S31500017990024A034819F04EF8EBE700BF054403001D
S315000179A03D4F03002DE9F0430E4687B0044618F01B
S315000179B083FD012E804661D0022E65D0002E6DD149
S315000179C0227E217B2068657E0AF02CFF84F87003F5
S315000179D094F8701320680BF0B3FB002868D194F873
S315000179E0701320680DF116030DF115020BF0D2FB91
S315000179F019F06FF8814619F074F894F87033022E75
S31500017A0004EB4303B3F98C23D4F8C07302EB0903E7
S31500017A1003EB000904D194F80C0507F0D9FE0744DD
S31500017A204FF47A7203970027554304F55F73019368
S31500017A3004F560732A4694F8701320680093029740
S31500017A4004F561730BF0D0FE04F56B7300934FFAE6
S31500017A5089F2B4F8843394F8701320680BF00DFFA3
S31500017A60D4F88823D4F8AC331A44A2EB080252198D
S31500017A702FD50523012084F8723316E0657EA37C99
S31500017A80013584F87033A3E70023217B94F80C05B4
S31500017A9004F55C7207F07AFE122599E710484FF457
S31500017AA06471104A18F0C6FF002007B0BDE8F083E4
S31500017AB0012807D194F8701320680DF117020BF015
S31500017AC095FB95E740F2A931074A054818F0B2FF40
S31500017AD08EE7204631464244FFF784FD3846E4E707
S31500017AE01C4F0300404D0300264D03004FF6FF7265
S31500017AF0B0F85A33934205D090F84E2312B10133B0
S31500017B00A0F85A334FF6FF72B0F8583393421CBFB0
S31500017B100133A0F8583390F8E033012B04BF022358
S31500017B2080F8E03390F8E133012B01BF022380F89E
S31500017B30E133D0F88833C0F8D43390F8E233012B1F
S31500017B4004BF022380F8E23300680AF051BE000048
S31500017B502DE9F04F002604464FF0130B85B080F84F
S31500017B60B56380F8436380F8386180F8996194F8C9
S31500017B70E23294F8B5138B4203D8002005B0BDE874
S31500017B80F08F94F83821602A00F20A84621892F87C
S31500017B90F0010238112800F2F383DFE810F0120039
S31500017BA02C00FF002A019601BF0142027B02CD0291
S31500017BB0F103F1032F03F103F10362037703F103E9
S31500017BC0C303881C984205DB84F8E262033184F81A
S31500017BD0B513CCE794F8E033022BF7D1032384F8ED
S31500017BE0E03392F8F131204484F8C43390F8F0314F
S31500017BF084F8C533EAE70025EFB2B800019007EB38
S31500017C00870002EB000C9CF8F0C1BCF1030F05D113
S31500017C1005300844984205F10105EDDD2FB905311E
S31500017C2084F8B51384F8E272A1E74FF0000807253E
S31500017C3094F8B53308EB88021344234493F8F311FF
S31500017C4093F8F221206802EB012293F8F41192B223
S31500017C50C1F302110AF096FE08F10108831C5FFACE
S31500017C6088F308BF06259F42E2D894F84E330130C7
S31500017C7008BF0625002B41D0072D33D0002594F8E7
S31500017C803030012B05D1002322461946072018F072
S31500017C909BFD019B94F8B5A33B449A4494F8E232C8
S31500017CA05FFA8AFA534584F8B5A3FFF460AF94F8F6
S31500017CB03831780003EB4702602A3FF758AF0021BD
S31500017CC04FF0030EE21801315FFA81FC674582F835
S31500017CD039E182F83A5102F10202F4D8034484F8F8
S31500017CE0383144E720680BF0DBF90130C6D00125B5
S31500017CF020680AF0DBFD84F8BD53C0E707F1FF39C0
S31500017D0094F8B53309EB8909A1444B4493F8F18101
S31500017D104FEA1818B8F10F0F08D001224146206822
S31500017D200AF0ECFE013008BF05F0050594F8B533FD
S31500017D304B4493F8F11101F00F0ABAF10F0F08D075
S31500017D40514620680BF0EFFC013002D105F0030526
S31500017D5095E7072D93D194F8B5332068994499F89E
S31500017D60F4910AF0A3FDBAF10F0F05D05146A27E98
S31500017D7020680AF07FFDA07309F00F09B9F1010F20
S31500017D8038BF4FF001090123B8F10F0F84F80F90A6
S31500017D9018BF84F80D8084F8BD3370E74A1C9A42F7
S31500017DA001DB023129E0224492F8F03103F00F039E
S31500017DB0236294F83030012B05D10023224619465F
S31500017DC0082018F001FD94F8B53394F8E222023345
S31500017DD0DBB29A4284F8B533FFF4C9AE94F8383170
S31500017DE05F2B3FF6C4AE0421E21882F83911013344
S31500017DF075E7081D984205DB053184F8B51384F84B
S31500017E00E262B4E692F8F1912068C9F30219494693
S31500017E100AF020FE94F8B5330130234493F8F1813A
S31500017E20206808F00F0841460CBF062507250AF011
S31500017E3019FE94F8B513013001F5F9712144206852
S31500017E4008BF05F005050BF0BDFB01460746206896
S31500017E500BF0C3FB013026D105F0030594F8B533C9
S31500017E6094F8E2220533DBB29A4284F8B533FFF483
S31500017E707EAE94F838315E2B08D80521E21802331C
S31500017E8082F8391182F83A5184F8383194F89931E7
S31500017E900D2B3FF66CAE0521E21882F89A1182F895
S31500017EA09B510233F3E0072DD8D194F8303084F892
S31500017EB01890012B84F812806761CFD100232246E6
S31500017EC01946092018F080FCC8E702AA2146D4F811
S31500017ED074030FF0F1F894F8B53394F8E222013304
S31500017EE0DBB29A4284F8B533FFF441AE94F83851C7
S31500017EF05D2D3FF63CAE0623254485F8393118F051
S31500017F00EEFD85F83A0194F83831B4F8F424E11815
S31500017F1002F03F0281F83B210333E0E64A1D9A4213
S31500017F2001DB063169E720680BF031FA94F8B533C5
S31500017F3018B9063384F8B53319E6234493F8F18169
S31500017F40206841460AF05AFE94F8B513013001F54E
S31500017F50F971214420680CBF002503250BF032FB83
S31500017F600146074620680BF047FB94F8B53301300C
S31500017F70234493F8F591206809F00F09494608BF93
S31500017F8005F002050AF082FD94F8B5330130234469
S31500017F9093F8F5A120684FEA1A1A514608BF05F071
S31500017FA001050AF073FD01301BD1D14505F001052C
S31500017FB019D894F8B53394F8E2220633DBB29A4223
S31500017FC084F8B533FFF4D3AD94F838315E2B3FF620
S31500017FD0CEAD0721E21882F8391182F83A510233FF
S31500017FE07DE6D14502D905F00105E2E7032DE0D191
S31500017FF04246394620680AF05BFE42463946206809
S315000180000AF078FE4A465346414620680AF09CFE2D
S31500018010424627B9394620680AF0D4FEC9E701214C
S31500018020F9E74A1C9A42BFF6BCAE224492F8F031F7
S3150001803013F00F0308BF0123637694F83030012B48
S3150001804005D10023224619460B2018F0BDFB94F8F2
S31500018050B53394F8E2220233DBB29A4284F8B5339F
S31500018060FFF485AD94F838315F2B06D80821E21864
S31500018070013382F8391184F8383194F899310E2B8D
S315000180803FF675AD0821E21882F89A11013384F89A
S3150001809099316CE54A1C9A42BFF683AE20680BF013
S315000180A073F994F8B53308B9023343E7234493F8D7
S315000180B0F111BD4A01F00F032068D35C90F87620D8
S315000180C0023BDBB2934228BF1346C1F30011A376EC
S315000180D00BF072FA94F8B5332068234493F8F11142
S315000180E0C1F340110BF06BFA94F83030012B05D136
S315000180F00023224619460A2018F066FB94F8B53388
S3150001810094F8E2220233DBB29A4284F8B533FFF4E3
S315000181102EAD94F838315F2B06D80921E2180133C8
S3150001812082F8391184F8383194F899310E2B3FF6DB
S315000181301EAD0921E218A7E70A1D9A42BFF65CAEF9
S3150001814020680BF024F994F8B53308B90533F1E644
S31500018150234493F8F181206841460AF05FFE94F8C2
S31500018160B513002801F5F9712144206814BF0325D0
S3150001817001250BF027FA0146074620680BF02DFA78
S31500018180013021D105F0020594F8B53394F8E222C5
S315000181900533DBB29A4284F8B533FFF4E8AC94F8C0
S315000181A038315E2B08D80A21E218023382F83911D8
S315000181B082F83A5184F8383194F899310D2B3FF60B
S315000181C0D6AC0A21E21868E6032DDDD142463946CE
S315000181D020680AF08FFD94F83030002818BF00257A
S315000181E0012BD1D1032DCFD100230C20194602AA90
S315000181F003978DF8088018F0E7FAC5E7481D9842FD
S3150001820001F10601C9B2BFF6F8AD94F8E133022BCC
S315000182107FF4DDAC032384F8E13392F8F33192F86D
S31500018220F2511B0443EA052392F8F15192F8F42125
S315000182302B4343EA02634FF47A72C4F8C8332044ED
S3150001824090F8F03184F8B51353431B0AC4F8CC33C4
S31500018250D4F8D433C4F8D03318F02CF9C4F8D803C1
S3150001826085E494F8E2330131022B09BF03234FF071
S31500018270FF3384F8E233002384F8B513002B7FF42F
S3150001828076AC94F8ED3384F8EE3370E40A1D9A4225
S31500018290BFF6B2AD01F2F111206821440BF092F95B
S315000182A0074628B1014620680BF097F901302FD017
S315000182B0032594F8B5332068234493F8F48108F034
S315000182C00F0841460AF0CEFB013023D105F0010526
S315000182D094F8B53394F8E2220533DBB29A4284F876
S315000182E0B533FFF444AC94F838315E2B08D811212C
S315000182F0E218023382F8391182F83A5184F838319A
S3150001830094F899310D2B3FF632AC1121E218C4E5F0
S315000183100225CEE7032D12BF0225C4F8E87384F8BF
S31500018320EC83D5E7CA1C9A4201DB043165E501F20B
S31500018330F111206821440BF045F90546C0B9012128
S31500018340C4F8E45394F8B53394F8E2220433DBB26B
S315000183509A4284F8B533FFF40AAC94F838315E2BAF
S315000183603FF605ACE21882F839B182F83A1136E6E1
S31500018370014620680BF031F90130E0D10021E1E737
S31500018380204607F0C9FA00287FF4F1AB204606F033
S3150001839063FD00287FF4EBAB84F8E202FFF7E7BB4D
S315000183A04FF0FF30FFF7EABBEB4F030030B5044651
S315000183B087B090F80C1504A811F072FA94F80C1510
S315000183C002A811F04BFA4FF6FF72B4F8D8310DF14D
S315000183D0170193421CBF0133A4F8D831002384F856
S315000183E0333001232374E37394F834300DF10F0213
S315000183F003F0030384F8393004F1420004F13A032F
S3150001840011F8015903F8015B12F801598342DD7134
S31500018410F6D11321B4F8D83184F83810A4F84A30CB
S3150001842001AA94F80C3504F1390010F01BFB28B1B0
S3150001843040F21461074A084818F0FCFA94F83830FB
S315000184400199E2180433C2F8391084F8383007B0BC
S3150001845030BD00BF534D03001F4E030073B50446E4
S31500018460B4F8F62394F8DB61ADF8042094F8DC2126
S31500018470D0F8F20394F8DA51120442EA06222A43AA
S3150001848000F47F4300F47F05C1B22B430B439A42AC
S31500018490009003D14FF0FF3002B070BDBDF804303B
S315000184A0B4F8D8210DF10301C4F8DA01A4F8DE31DC
S315000184B0684694F80C3510F0FBFA2046FEF77AFD73
S315000184C020680AF0CFF894F8F0330D2B3CD904F567
S315000184D0F0710A4604F2FE3304F20E4053F8045BCF
S315000184E0834242F8045BF9D120680BF0A5F894F8B1
S315000184F0F92394F8F833206803EB022394F8FA235E
S3150001850003EB024394F8FB2303EB0263E36294F863
S31500018510FC33C3F3021103F00F03A37494F8FD3384
S31500018520217613F00F0308BF012363760AF092FA4E
S315000185300028AFD1A17C20680AF094FA0028A9D1BD
S31500018540022384F88633A7E7D4F86823217B2068C1
S315000185500AF0FEF9CBE7D0F8D03110B504460BB9D5
S31500018560002010BD17F0A8FF0346D4F8D4019842A5
S315000185708ABFC0431B1A1B18D4F8D0019842EFD307
S31500018580C01AEEE770B50026017B8EB0044600687E
S3150001859002960AF0D5FD054600283ED10DF10703E6
S315000185A0217B20680DF106020AF0F4FD142229460A
S315000185B003A8F8F7E4FA9DF8063020688DF80C3028
S315000185C09DF807308DF80D300AF0EDFE9DF80C2070
S315000185D09DF80D108DF80E001046FEF7E1FA012305
S315000185E0ADF8143094F8383011468DF80F00206834
S315000185F08DF813300AF052FDD4F874338DF8125009
S31500018600D3F85C3EADF81000D3F8A03003A904A856
S315000186109847029002980EB070BD01283AD1217B8D
S3150001862020680DF107020AF0E1FD2C22314603A86C
S31500018630F8F7A5FAD4F8683320680B930AF0C0FE60
S315000186402B4B4FF47A720C9340F2FF13ADF8343092
S3150001865094F838308DF82150ADF82230254B0A9028
S3150001866007934FF48273ADF824309DF8073003A9C0
S31500018670534346F2A81203931F4B07A8CDE90423DF
S3150001868004238DF81830D4F87433D3F85C3ED3F84C
S31500018690A430BDE7022824D10DF10703217B206810
S315000186A00DF106020AF0B8FD3146182203A8F8F7C3
S315000186B066FA01239DF806008DF814308DF8110035
S315000186C00AF0C8FDD4F874338DF81500D3F85C0EA2
S315000186D094F83820D0F8D45002AB03A90068A84713
S315000186E098E740F2DA61054A054818F0A3F991E7DF
S315000186F00F1D211028000218A0860100234D03003A
S315000187000D4E030073B5B0F8483304465BBAA0F8C2
S315000187104A33002380F8B43390F88633012B20D1F5
S3150001872017F0C8FED4F8603305460133C4F8603348
S315000187302046FFF727FF0A26B0FBF6F0D4F864338C
S31500018740284403F561639842204680F0DA80FFF7FA
S3150001875019FFB0FBF6F00544C4F85C53002384F816
S315000187608633D4F8443394F84A239342B4BF0023A2
S31500018770012384F84C33237C012B00F2D88001239A
S315000187802374636A0133636294F83030012B05D197
S31500018790002322461946062018F016F8D4F8443369
S315000187A00133C4F8443394F84B2394F84A33134401
S315000187B0D4F844239A4226DB94F8B4332068032B79
S315000187C040F0BB80617B0AF0E7F994F8A9310146D4
S315000187D0009394F83720002320680AF037FA90B9FD
S315000187E004F10F0394F84E132068009304F10D026F
S315000187F004F10E030AF07FFB94F84A33C4F84433BC
S31500018800012384F88A35D4F84433B4F850239342CB
S3150001881006DB2AB140F24351524A534818F00AF98D
S3150001882094F8383194F899219342C0F09080002B46
S3150001883000F08D801A4684F8433304F2391104F2AC
S31500018840E320F8F78FF9012384F8B433E37B23742B
S31500018850002394F8861384F83831022917D194F845
S31500018860B433032B7CD004F24D330193637B206830
S31500018870009304F24E3204F10C030AF097FB013027
S3150001888005D14FF4AC61394A374818F0D3F894F85A
S31500018890B433012B64D194F8A93194F8432300939E
S315000188A0217B002320680AF0D1F904F2E32570B197
S315000188B00022217B206894F843630AF0EDFD083815
S315000188C0C2B23146284601F025F884F84303294609
S315000188D094F8432304F14200F8F744F994F843333A
S315000188E0204684F83730002384F8313040F20123E2
S315000188F06386FEF743FC204602B0BDE87040FEF7F2
S3150001890099BCFFF73FFED4F86433284403F51A43B4
S31500018910B0339842204605D2FFF734FE2844C4F806
S315000189205C031BE7FFF72EFE06FB0050F7E7032269
S31500018930013B84F8B423237435E704F10F03009354
S3150001894094F84E1304F10E0304F10D0252E784F874
S31500018950A92104F5CD7104F5D570F8F703F977E788
S3150001896002B070BD7D4D0300E94E0300A74D030023
S31500018970D0F8C003704780F80215704790F80205D9
S31500018980704710B500680C46114601220AF084FDB5
S315000189900530C0B2A0424FF0FF3028BF002010BD05
S315000189A00023F0B504468BB090F8F003099300F06C
S315000189B03DFF94F87023054694F8F0132046FFF71F
S315000189C0E0FFC54203D0002528460BB0F0BD04F2F6
S315000189D0F13630460DF1210308AA0DF11F0100F011
S315000189E02BFF05460028EED19DF81F7094F8F01371
S315000189F0012F35D13246304694F80C3510F041F846
S31500018A0090B9C4F8580317F055FD94F8F0330425CE
S31500018A10043B84F8F03394F8B633C4F85403022BBC
S31500018A2018BF022784F87C7500269DF81F30C4F80C
S31500018A30446384F8B9319DF82030C4F8586384F84A
S31500018A40BA319DF8213084F80235099BA36217F0EB
S31500018A5031FD84F8A961C4F8540384F89961B3E738
S31500018A60A36A04F2BD17099304F2BB13039304F23C
S31500018A70F943029304F59F630193E36AADF822007B
S31500018A800093304604970DF1220304F5DE7200F0DF
S31500018A90EEFE002897D1BDF8220009A900F020FFBB
S31500018AA0002890D1012594F8F01394F80C35043977
S31500018AB0C9B2039384F8F0136318D3F8F13306228D
S31500018AC00293099B304601930095E36A10F042F840
S31500018AD000287FF478AF94F8BB3125749A0605D542
S31500018AE094F83320042A08BF84F80155C3F3001310
S31500018AF084F8FB3494F87133002B48D1D4F86C33E5
S31500018B00C4F8FC3494F8703394F8BC5184F80035F9
S31500018B10236893F83D2184F8042593F83E3184F8BF
S31500018B20053594F8F934002B6BD094F8F01394F8CA
S31500018B30F8340939491BC9B284F8F013002B46D120
S31500018B40002D7FF440AF94F80C3504F5F877CDE9A4
S31500018B500273099B06220193012304F2FA30009362
S31500018B60E36A0FF075FF28B14FF48E61274A284852
S31500018B7017F060FF94F8F023F22A3FF655AF394615
S31500018B80304684F8E222F7F7EDFF03254CE7012B87
S31500018B9001D16369B4E7022B08D10022217B94F845
S31500018BA00C0504F2FC4306F0F1FDABE740F2464149
S31500018BB0184A174817F03EFFA4E72A46394604F536
S31500018BC0F870F7F7CFFF84F8E25202252CE7E22B83
S31500018BD0B6D094F80C3505F2FA30CDE90263099B5B
S31500018BE007220193012320440093E36A0FF030FF2B
S31500018BF028B140F28E41054A054817F01BFF94F84B
S31500018C00BC51002DD9D101250EE700BFE54D03006A
S31500018C10FE4E0300D24D030070B5044690F8B6032C
S31500018C200E4628BB94F83030012B03D1022384F879
S31500018C30863370BD17F03EFCC4F8B8630126C4F84C
S31500018C40B003054684F886632046FFF7AFFB20682C
S31500018C500AF0A0FB607620680AF09FFBD4F8603327
S31500018C60A0740BB9C4F86453002084F8B663E0E736
S31500018C704FF0FF30DDE790F8860370472DE9F347A3
S31500018C80B2F100089DF8287008BF00271E4690F82B
S31500018C90A931044600930D460023017B3A4600683C
S31500018CA09DF82CA009F0D2FF013004D14FF0FF301E
S31500018CB002B0BDE8F087BAF1040F02D0BAF1020F93
S31500018CC0F4D194F830301BB994F88633022BEDD1E8
S31500018CD094F8B633002BE9D12046FFF73CFC8146D8
S31500018CE00028E3D117F0E6FB0C9BC4F8B003C4F8E7
S31500018CF0B83384F8315084F8328084F833A084F88C
S31500018D000195EEB184F837700DB194F8A95105EBD0
S31500018D10080041303A4631462044F7F723FF204602
S31500018D20FEF72CFA2046FEF785FAE37B0020237432
S31500018D300123A4F8F80484F8FA0484F8B633B7E7F3
S31500018D4084F83760EBE72DE9F04F05461F460E46DE
S31500018D5000244FF00109C3B001EB020800F5D57AF2
S31500018D60B0450CD102230122CDE90043002128465A
S31500018D70029705ABFFF782FF43B0BDE8F08F95F888
S31500018D80E0B3BBF1010F10D095F8E133012B0CD004
S31500018D9095F8E233012B08D095F8A9212AB114449C
S31500018DA0514605A8E4B2F7F7DDFE33780D2B16D050
S31500018DB0102B1BD0022B35D1BBF1010F0DD0002397
S31500018DC085F8E093A5F8C43304F58472631C0DEBB2
S31500018DD00204327804F8F42CDCB20136C0E795F8C7
S31500018DE0E133012BF9D085F8E193EDE795F8E2330C
S31500018DF0012BF2D085F8E293317804F584726A4446
S31500018E00631C02F8F41C42AA52FA83F395F8ED2387
S31500018E10023402F0070203F8F42C0023E4B285F8C9
S31500018E203630DAE74FF0FF30A6E72DE9F043044686
S31500018E3090F84E730D4680F84E1385B0006899BBC5
S31500018E400AF01EF8607304F10F08294642462068AD
S31500018E5009F024FC627B04F24E3604F24D3904F12A
S31500018E600C03009294F8861332462068CDF80490DC
S31500018E7003930AF09BF8431C054611D14246394635
S31500018E80206884F84E7309F009FC627B039B00920B
S31500018E9094F8861332462068CDF804900AF086F8D5
S31500018EA0284605B0BDE8F0830AF01EFBA073CAE7A9
S31500018EB0C06A704790F83030012B06BFC1620020AE
S31500018EC04FF0FF3070472DE9F0430446BFB07C22D6
S31500018ED000216846F7F753FE94F80C157C23C1EB85
S31500018EE041116A460220890017F002FBB4F8D891B5
S31500018EF0BDF8023094F8BF734B45266804F5ED784A
S31500018F000ED10622414601A8F7F71CFE40B99DF88D
S31500018F100A30BB4204D19DF80B2033789A4230D0F7
S31500018F200025D4F8DA01B8F8043001908DF8005024
S31500018F30ADF80290ADF808308DF80A7033787821D3
S31500018F4068468DF80B3000F0EFFB94F80C157C2386
S31500018F50C1EB41116A461E908900022017F034FCCC
S31500018F607C2229460DEB0200F7F709FE7C2394F8D3
S31500018F700C150220C1EB41110DEB0302890017F01C
S31500018F80B7FA3FB0BDE8F083002337B580F87233F6
S31500018F9080F8033590F8CC310446042B15D1FFF740
S31500018FA05DFA90B9012394F84F1384F8F00384F81D
S31500018FB0F90484F80335206884F84E1304F10F028E
S31500018FC009F06CFB2046FFF77EFF94F8CC31023B9B
S31500018FD0012B02D82046FEF7BBFD2046FFF792FB88
S31500018FE094F8E03394F8CC11022B04BF002384F8E3
S31500018FF0E03394F8E133022B04BF002384F8E13314
S3150001900094F8E233022B04BF002384F8E23349B912
S315000190104FF48E7204F57C70F7F7B1FD94F80C35B8
S3150001902084F80835D4E90130984794F8B43303F04D
S31500019030FD03012B35D104F111030093217B206837
S3150001904004F55B7304F55A7209F074FB98B10023B9
S3150001905084F8B63394F8B433032B07D1636A01332A
S315000190606362D4F844330133C4F84433002384F8EB
S31500019070CC3103B030BD84F8B40317F01DFA40F6C5
S31500019080B83105464FF47A7017F000FD05232844E0
S31500019090C4F8B80384F8B63317F00CFAC4F8B00371
S315000190A0E4E7002384F8B633E0E7000073B504462D
S315000190B001460DF10502D0F874030DF0FDFF94F899
S315000190C0BE63EEB994F88633012B19D1D4F85C53FB
S315000190D017F0F0F9281A002812DD84F8B66394F81F
S315000190E07233062B02D12046FFF74EFF94F8B633B2
S315000190F0052B00F2C680DFE803F0231E728DA41B48
S3150001910094F8B633002BEAD017F0D4F9D4F8B0337B
S31500019110C01AA0F596700028E1DD94F8B633CE2189
S315000191205B4A5C4817F086FC072384F8B633D6E71A
S31500019130012384F8B63394F872332BB1032B22D072
S3150001914094F8B60302B070BD0123217B206884F830
S31500019150723309F0F5FF58B9217B20680DF1070339
S315000191600DF106020AF016F82046FEF7AFF8E7E71A
S315000191700228F9D1217B20680DF107030DF10602C2
S315000191800AF04AF8F0E7022384F8B633D4F88833B4
S31500019190D4F87423C4F8D4319DF8053003F2E623DC
S315000191A052F82320236A02FA03F39B1AC4F8D0313A
S315000191B094F88633012B02D12046FFF784FE204620
S315000191C0FEF794FC94F80D351BB194F88633022B07
S315000191D053D000212046FEF7E5FB0028B0D094F8D5
S315000191E07233052BACD194F88733042B09D10125B1
S315000191F0204684F8FA54FFF7D3FB84F8CC01002803
S315000192003BD103230121204684F8B633FEF7CAFB7E
S31500019210002895D094F87233052B91D194F88733B1
S31500019220042B20D094F80C0506F090F828B30423FB
S315000192300221204684F8B633FEF7B4FB00283FF43A
S315000192407FAF94F87233052B7FF47AAF94F88733A6
S31500019250042B12D10E23204684F8FA34FFF7A0FB23
S3150001926084F8CC0109E00223204684F8FA34FFF79A
S3150001927097FB84F8CC010028D4D02046FFF784FE62
S315000192805EE740F2CD11044A024817F0D3FB57E7D7
S31500019290FB4F0300475003002550030010B5044659
S315000192A0A0B07C22002101A8F7F769FC94F80C15FF
S315000192B07C23C1EB4111022001AA890017F018F99C
S315000192C0782101A800F030FA1F9B984256D1BDF8CB
S315000192D006300298A4F8D831BDF80C309DF80F205D
S315000192E0A4F8DE319DF80E30C4F8DA0184F8BF33F4
S315000192F0236804A91A7004F5A2606C22F7F732FC00
S315000193009DF81230012B84F8303035D1D4F814355C
S315000193102246E362022384F8863300230620194697
S3150001932017F0E6F800230720194604F5A36217F0A3
S31500019330DFF800230820194604F2265217F0D8F860
S3150001934000230920194604F5A56217F0D1F8002378
S315000193500A20194604F5A66217F0CAF800230B2065
S31500019360194604F2345217F0C3F800230C201946AB
S3150001937004F5A76217F0BCF8002001E04FF0FF30BA
S3150001938020B010BD30B57C24BFB005462246002171
S315000193906846F7F7F4FB4FF0FF33782168460193EF
S315000193A0ADF8083000F0C0F995F80C152346C1EB6D
S315000193B041116A461E908900022017F005FA2246DD
S315000193C000210DEB0400F7F7DAFB95F80C1523469F
S315000193D0C1EB411102200DEB0402890017F088F858
S315000193E03FB030BDF8B504460F46154600214FF48F
S315000193F0B2621E46F7F7C3FB079B20461B78314630
S31500019400DA1C84F87823069A84F80C35626004F530
S315000194107C72A2600A22C4F8C023224A2760C4F8DB
S31500019420DC2384F80835FDF7FAFD2046FFF736FF01
S3150001943088B32046FFF7A6FF2046FFF72FFF0E222F
S31500019440236820461A70FFF73EFD4FF41663164A4D
S3150001945094F87813A4F8503328462346C4F8745375
S315000194600DF0ECFD236820461978FDF70AFE20462B
S31500019470FDF70CFE206809F09CFF84F8490320687B
S3150001948009F094FF94F8BF3384F84803012B08BF11
S3150001949084F8BE33F8BD2368187809F065F800280A
S315000194A0C7D1D2E7805101001178010010B50446F9
S315000194B0017B0022006809F0EFFF94F8A931C01A78
S315000194C0083810BD90F83000704780F830107047AA
S315000194D0D0F85C03704703681878704737B50546BE
S315000194E00846019109F040F8044670B901992846E9
S315000194F0FDF7C7FD2846FDF7C9FD2846FFF7E3FC42
S315000195002046C5F8604303B030BD4FF0FF30FAE79F
S315000195100023A0F85A33704790F8BD3313B10022E7
S3150001952080F8BD231846704790F88A3513B100229A
S3150001953080F88A251846704790F8BE03704780F870
S31500019540BF13003918BF012180F8BE13FFF7BBBC5A
S3150001955090F8BF03704700220123104663F307000A
S3150001956062F30F20042262F3174082B063F31F6097
S3150001957002B0704710B5044616F09CFFD4F8D833F4
S315000195802BB1D4F8DC231344C31AD80F10BD1846E7
S31500019590FCE770B44FF47A76D0F8CC53D0F8C843D0
S315000195A02944D0F8D053491BB1FBF6F506FB15113A
S315000195B02C441460196070BCFFF7DCBFD0F8D803E7
S315000195C0704707290BD890F8E233013B012B06D9E6
S315000195D0002380F8ED1380F8E233184670474FF008
S315000195E0FF30704790F83600003818BF01207047E9
S315000195F090F8E033032B07D190F8C4330B7090F841
S31500019600C53300201370704700234FF0FF300B70F5
S315000196101370704790F8E103033818BF4FF0FF301D
S31500019620704790F8E203033818BF4FF0FF307047D8
S3150001963037B50446FDF72AFD94F84E33042B02D1C3
S31500019640D4F8602352B984F84F330421206804F119
S315000196500F0209F023F8042384F84E3304F24D3344
S315000196600193637B04F10C0594F88613009304F2CD
S315000196704E322B46206809F099FC04F1110301933F
S3150001968004F1140300932946206804F55B7304F57D
S315000196905A7209F07DF803B030BD07B500F1110328
S315000196A00093017B00F55B7300F55A72006809F0BF
S315000196B041F803B05DF804FBD0F8B8037047C0F871
S315000196C0B813704780F8BC13704780F8861370474B
S315000196D038B500250446294680F8CC5180F8B453A4
S315000196E04FF48E7200F57C70F7F749FA94F80C3551
S315000196F094F8781384F808350123D4F87403237495
S3150001970084F8B653BDE838400DF06EBD38B5002576
S31500019710044680F88653FFF7DBFF206809F0FEF860
S31500019720C4F8605338BD00006FF0050330B50A4D2B
S3150001973001440A1A002A02DCC3F1020030BD10F806
S31500019740012B5340082243F300042C40013A84EADA
S315000197505303F8D1EDE700BF2083B8ED4B1F072B6C
S315000197600BD80D2A09D84FF47A735843044B884015
S3150001977033F81210B0FBF1F070470020704700BFBC
S315000197805C500300CB08C05C01F00701084100F002
S31500019790010070470123CA0801F0070103FA01F12C
S315000197A0835C1943815470470123CA0801F00701FC
S315000197B08B40815C21EA030181547047D30701D5AF
S315000197C0FFF7E8BFFFF7F0BF0144884201D101204E
S315000197D0704710F8013B002BF7D0002070470B09AA
S315000197E030F8130001F00F01084100F00100704745
S315000197F001230A0901F00F0103FA01F130F81230D1
S31500019800194320F81210704701230A0901F00F01CC
S315000198108B4030F8121021EA030120F8121070472C
S31500019820D30701D5FFF7E4BFFFF7EEBF0B284FF0D3
S31500019830FF3088BF0020704710B5047864090C70AA
S31500019840007800F0030010700A78072A03D8D521A2
S31500019850D140CC0708D4003818BF01204042511F1F
S315000198604A424A411A7010BD4FF0FF30F7E72DE921
S31500019870F8430446DDE90987164689468278457824
S315000198800B9905EB0225C27805EB0245027905EB3A
S315000198900265089AAD1A427918BF4FF0FF350A7072
S315000198A0A279C07902EB00221A800A780C9802F09C
S315000198B00F0204F108013270F7F754F9307800F11C
S315000198C00C039945C5BF2418237A002388F8003074
S315000198D0CCBF012388F8003028463B70BDE8F883E9
S315000198E00A6810B594B2130C84424FEA034304D3B9
S315000198F0013206D10860002010BD0132FAD01844A9
S31500019900F8E7844202D900F58030F8E74FF0FF30DE
S31500019910F2E700009142034628BF114670B5064D95
S315000199201C1A8C4205DA1E78AE5D33441E1A964225
S31500019930F6DDE0B270BD00BF7850030008B5A0F1B6
S315000199400803DBB2042B02D8054AD05C08BD0346E6
S315000199504FF410710348044A17F06CF80020F5E73C
S3150001996054510300595103008C50030070B505464C
S31500019970002041F221060246AB5C80EA032008235F
S315000199804400A4B2000403F1FF3354BF204684EA25
S31500019990060013F0FF03F3D101328A42ECD370BD06
S315000199A0F8B590F8085E044605F2BA2350F823206C
S315000199B0182303FB050393F8D938112B04D1294643
S315000199C0BDE8F8400DF010BC9368D3F8E40318B96C
S315000199D0D16A186809F0A8FD8C2101FB05431946D7
S315000199E05865D4F85C0E4831D0F80431984728B14F
S315000199F040F287111A4A1B4817F01CF8D4F85C3E4E
S31500019A00CC211A6E1868904728B14FF4C471164AD2
S31500019A10144817F00FF8182707FB0547D7F8E4682D
S31500019A2016F04AFD301A0028F8DC17F050F800202D
S31500019A3017F051F88C2202FB0545D4F85C3E696F9C
S31500019A405A6A1868904728B140F29111074A0548A9
S31500019A5016F0F0FF16F030FDC4F8B40DF8BD00BFE6
S31500019A60464703006B51030093470300EC4603008E
S31500019A7007B50DF107030DF1060209F08BFB9DF801
S31500019A80060003B05DF804FBF0B50446B3B0182236
S31500019A90002109A8F7F773F81422002104A8F7F7A3
S31500019AA06EF8D4E91723A168134491F80C1594F8BC
S31500019AB04C20521AB3FBF2F102FB113323B194F895
S31500019AC05830002B18BF11238DF82530237B8DF8D4
S31500019AD0243016F0FEFF054617F003F8A368064684
S31500019AE01F68384609F003FDAA190FAD0146238EFA
S31500019AF0384652B2009509F0C0FE0F9AA36C134482
S31500019B000C93A3681E68304609F0F1FC0146304605
S31500019B1009F022FEB0F57A7F6BD3A3681E68304642
S31500019B2009F0E5FC0146304609F016FE4FF47A735A
S31500019B30B0FBF3F04E4B627B0A939DF8253001266C
S31500019B40A3F111014B424B41002A08BF1346278E50
S31500019B508C22784300210E9028468DF82D30F7F798
S31500019B600EF8A3688DF83C608DF82270186809F02C
S31500019B7023FCA3688DF82100186809F014FC8DF800
S31500019B801660A6688DF81200306809F0B0FC01462F
S31500019B903068FFF76DFFFFF7D1FE0023A6688DF849
S31500019BA017003068ADF8183009F0A1FC014630689D
S31500019BB0FFF75EFFA6688DF81000306809F097FC84
S31500019BC00DF10F0301460DF10E02306809F0E2FABC
S31500019BD09DF80F209DF810308DF811200C2A44D8DD
S31500019BE0DFE802F00909090909403D3737323743F1
S31500019BF0370001209EE701238DF813300A231BAE9F
S31500019C00ADF8143004AF0FCF0FC63B6804A933601B
S31500019C1040F6B8332693636805A8D3F85C3ED3F8BB
S31500019C20A0309847192360630095606804F110021B
S31500019C3009A90DF05BFA28B140F26F110D4A0E48E1
S31500019C4016F0F8FE33B0F0BDA3F10C0253425341B6
S31500019C50D2E70B3B012B8CBF00230123CCE70A3B48
S31500019C60022BF8E7093B032BF5E70023C4E700BF06
S31500019C70A1990100A1500300945103002DE9F04779
S31500019C8004460F461546002168220C301E469DF8F3
S31500019C902080DDF82490F6F772FF4FF4FA336364FF
S31500019CA00123A56005F57C75414684F84C303046A4
S31500019CB0666084F80C802760C4F8509065650DF0E5
S31500019CC0DFF92346217B6068024ABDE8F0470DF0C3
S31500019CD0B5B900BF7D9E0100807B7047837B10B5BF
S31500019CE0044653B10023017BC37340680DF07CFA2F
S31500019CF02068BDE8104001F041B810BD38B50546F1
S31500019D000C4609B9FFF7EAFFAC7338BDF0B585B06B
S31500019D10044616F0D1FB00260DF107020546214641
S31500019D206068CDE902660DF0C7F9227B9DF8073020
S31500019D3084F858609A4205D040F21D11364A3748D8
S31500019D4016F078FEA37B002B62D005F57A763146B4
S31500019D50A06803AB02AAFFF71CFC00285AD0029D9B
S31500019D60039B05F07F02C3F5FA352D4B03FB025524
S31500019D70A36835441E68A564304609F0B8FB014660
S31500019D80304609F0E9FCB0F57A7F11D2F8200123BB
S31500019D9029462086E37302AA03ABA068FFF7F9FB05
S31500019DA0029B2046E362FFF76FFE002005B0F0BD7F
S31500019DB0A3681E68304609F09AFB0146304609F051
S31500019DC0CBFC4FF47A764FF4FA63B0FBF6F0B3FBB3
S31500019DD0F0F0F728DAD8A3681F68384609F087FB40
S31500019DE00146384609F0B8FCB0420FD3A3681F6894
S31500019DF0384609F07CFB0146384609F0ADFCB0FB5C
S31500019E00F6F04FF4FA63B3FBF0F0C0E70120F8E790
S31500019E100120CBE70320C9E724510300A651030023
S31500019E2018FCFFFF00F15803743053F8042B8342EA
S31500019E3041F8042BF9D1704738B5441814F8023C9F
S31500019E4014F8035C033905EB032589B2ADB211B1F0
S31500019E50FFF78CFD01468D4205BF14F8063C14F848
S31500019E60070C002000EB032001BF14F8053C00EBB2
S31500019E70034014F8043C00EB036038BD2DE9F041C2
S31500019E80C37B044686B0002B00F09B834268037BAC
S31500019E90D11803F2D62352F82350836891F8286B20
S31500019EA01F68384609F023FB0146384609F054FC81
S31500019EB0B0F57A7FC0F0CF80A3681F68384609F0F5
S31500019EC016FB0146384609F047FC4FF47A73B0FB9E
S31500019ED0F3F040080023042EA5EB0005637320D19F
S31500019EE0A668306809F003FB01463068FFF7C0FD3C
S31500019EF0A668306809F0FBFA01463068FFF7B8FD3D
S31500019F00616B05AB04AAA068691AFFF742FB01233E
S31500019F106373237B626803F24C5332F8133084F87F
S31500019F202930607B68B194F85830002B40F0958059
S31500019F304FF4FA32C4E90E332364636B6264EB1A9D
S31500019F40A364E36BD4E9111283EAE376A6EBE37625
S31500019F500A2E04DD002BB4BF6FF009030A230A445D
S31500019F601344A364002840F0CB80A368268E1F68A3
S31500019F70384609F0BCFA0146384609F0EDFBB0F562
S31500019F807A7F80F08A80F820864280F0BB80A36EBB
S31500019F90382B8CBF0023012384F858300023A66890
S31500019FA086F8FB3486F8F834306809F0A0FA86F8AA
S31500019FB00005A368D3F8E40318B9E16A186809F043
S31500019FC0B3FA0D22A36804F11001C3F8FC0483F867
S31500019FD0FA2494F8292003F2F13083F8F023F6F7F6
S31500019FE0C1FDD4E90132617B002900F08D808C200E
S31500019FF0C2F8F054217B00FB0133B3F88210B3F8A9
S3150001A0008030A2F8F414A2F8F6342368E566C3F8A2
S3150001A0108C50E36D0133E365636E013363660023A0
S3150001A020A36694F87030032B28BF0323013384F809
S3150001A030703094F858301568002B7DD1284609F008
S3150001A04056FA0146284609F087FBB0F57A7F80F07B
S3150001A0508182F8204BE100203CE7012B7FF471AFB0
S3150001A060626BA66CE36B3244AA1AC3EBC3039B185B
S3150001A07048BF0733A263226CDB10E3631344202B32
S3150001A080616C236404DD013100236164236458E7B4
S3150001A0902033BFF656AF0139F6E7A3681F68384685
S3150001A0A009F025FA0146384609F056FB4FF47A774E
S3150001A0B04FF4FA63B0FBF7F0B3FBF0F0F7283FF685
S3150001A0C062AFA368D3F80080404609F010FA014652
S3150001A0D0404609F041FBB84210D3A368D3F800808B
S3150001A0E0404609F004FA0146404609F035FBB0FB4B
S3150001A0F0F7F04FF4FA63B3FBF0F045E70120F8E718
S3150001A100012349E7002347E7206EC2F8F414013022
S3150001A110C4E918011820A16E0131A166217B00FB5B
S3150001A120013393F8D938112B83D094F87030002B72
S3150001A1303FF47FAF013B7AE72846A66C09F0D7F9D1
S3150001A140A368E26ED3F8C03301460393002302935A
S3150001A15005AB019304AB0093284604F13003B21A10
S3150001A16009F042FBA36E002B40F0C28094F87050B8
S3150001A170238EC5F105055D43A3681E68304609F0C7
S3150001A180B6F90146304609F0E7FAB0F57A7F11D201
S3150001A190A3681E68304609F0AAF90146304609F05F
S3150001A1A0DBFAB0F57A7F44D201204FF4FA67B7FBA8
S3150001A1B0F0F713E0A3681E68304609F098F90146E6
S3150001A1C0304609F0C9FA4FF47A73B0FBF3F04FF455
S3150001A1D0FA63B3FBF0F00628DAD80627A3681E68EF
S3150001A1E0304609F084F90146304609F0B5FAB0F572
S3150001A1F07A7F2CD2F820A36887421E68304680F009
S3150001A200B28009F074F90146304609F0A5FAB0F5B5
S3150001A2107A7F4ED2A3681E68304609F068F9014676
S3150001A220304609F099FAB0F57A7F80F08A800120EC
S3150001A23094E0A3684FF47A771E68304609F057F91F
S3150001A2400146304609F088FAB0FBF7F0ADE7A3689E
S3150001A2501E68304609F04BF90146304609F07CFA92
S3150001A2604FF47A764FF4FA63B0FBF6F0B3FBF0F0F5
S3150001A270F728BFD8A368D3F80080404609F037F91C
S3150001A2800146404609F068FAB04210D3A368D3F8F4
S3150001A2900080404609F02BF90146404609F05CFA78
S3150001A2A0B0FBF6F04FF4FA63B3FBF0F0A3E701203D
S3150001A2B0F8E7A3681E68304609F019F901463046E9
S3150001A2C009F04AFA4FF47A73B0FBF3F04FF4FA63EC
S3150001A2D0B3FBF0F006289DD80620854279D294F882
S3150001A2E07000C0F10503208E10FB03F080B22086BA
S3150001A2F094F858302068012B40F05881A36893F8F0
S3150001A300E233032B40F05281E36A616C019340F61C
S3150001A310B833A26C0093511A40F6480300F080FC52
S3150001A320206800F03BFDE36A20468033E36294F83F
S3150001A3305830002B40F03D8106B0BDE8F041FFF7F3
S3150001A340E5BCA3681E68304609F0D1F801463046DF
S3150001A35009F002FA4FF47A73B0FBF3F04FF4FA63A3
S3150001A360B3FBF0F0B9E709F0C2F80146304609F04F
S3150001A370F3F9B0F57A7F01D2F820AEE7A3681E683B
S3150001A380304609F0B4F80146304609F0E5F94FF4D4
S3150001A3907A764FF4FA63B0FBF6F0B3FBF0F0F728E8
S3150001A3A0EAD8A3681F68384609F0A1F8014638467D
S3150001A3B009F0D2F9B042FFF43AAFA3681F683846F4
S3150001A3C009F095F80146384609F0C6F9B0FBF6F0F2
S3150001A3D0C4E7A3681D68284609F089F8014628469E
S3150001A3E009F0BAF9B0F57A7F11D2A3681D6828463B
S3150001A3F009F07DF80146284609F0AEF9B0F57A7FF5
S3150001A40043D201204FF4FA66B6FBF0F613E0A368D7
S3150001A4101D68284609F06BF80146284609F09CF9A3
S3150001A4204FF47A73B0FBF3F04FF4FA63B3FBF0F039
S3150001A4300628DAD80626A3681D68284609F057F8C3
S3150001A4400146284609F088F9B0F57A7F2BD2F82023
S3150001A450A36886421D682846BFF4F1AD09F047F8A6
S3150001A4600146284609F078F9B0F57A7F4BD2A36800
S3150001A4701D68284609F03BF80146284609F06CF9A3
S3150001A480B0F57A7F54D201205FE0A3684FF47A7663
S3150001A4901D68284609F02BF80146284609F05CF9A3
S3150001A4A0B0FBF6F0AEE7A3681D68284609F01FF871
S3150001A4B00146284609F050F94FF47A754FF4FA63CC
S3150001A4C0B0FBF5F0B3FBF0F0F728C0D8A3681F681E
S3150001A4D0384609F00CF80146384609F03DF9A8421C
S3150001A4E00FD3A3681F68384609F001F801463846BC
S3150001A4F009F032F9B0FBF5F04FF4FA63B3FBF0F073
S3150001A500A6E70120F8E7A3681D68284608F0EFFFD3
S3150001A5100146284609F020F94FF47A73B0FBF3F0AF
S3150001A5204FF4FA63B3FBF0F00628A0D80620DEE666
S3150001A530A3681D68284608F0DAFF0146284609F097
S3150001A5400BF94FF47A73B0FBF3F04FF4FA63B3FBF4
S3150001A550F0F0CCE6A3681D68284608F0C8FF01465E
S3150001A560284609F0F9F84FF47A754FF4FA63B0FB0F
S3150001A570F5F0B3FBF0F0F7283FF66BADA3681E6864
S3150001A580304608F0B4FF0146304609F0E5F8A84226
S3150001A590FFF479AFA3681E68304608F0A8FF0146AC
S3150001A5A0304609F0D9F8B0FBF5F0CEE700F0E6FB4E
S3150001A5B0B9E6FFF769FAD4E9143006B0BDE8F0410F
S3150001A5C0184706B0BDE8F081014411F8080C704740
S3150001A5D02DE9F843054608460C469046FFF7AEF9C5
S3150001A5E0284410F8026C2046FFF7A8F9284410F811
S3150001A5F0013C204606EB0326FFF7A0F9671EC4F1CE
S3150001A60001040444A1B2B6B205EB070919B14846E3
S3150001A610FFF7ACF901468E4206D00020C8F80000CB
S3150001A620C8F80300BDE8F883EB590120C8F80030EB
S3150001A630B9F80430A8F8043099F8063088F80630DD
S3150001A640F0E70C291BD8DFE801F007070707071712
S3150001A650140E0E090E1A0E0001207047A0F10C030C
S3150001A6605842584170470B3801288CBF0020012001
S3150001A67070470A380228F8E709380328F5E7002069
S3150001A680704770B51E2600F15405683055F8043B35
S3150001A6901A784AB98542F9D170BD013A83F8262064
S3150001A6A09A8C06FB02449C629C6A621A002AF1DCBF
S3150001A6B093F82620002AF0D1ECE70000F8B58C21AA
S3150001A6C0044690F8085ED0F85C0E01FB0541D0F80F
S3150001A6D004314831984728B140F2A2411A4A1B4831
S3150001A6E016F0A8F9D4F85C3ECC211A6E186890478A
S3150001A6F028B140F2A341164A144816F09BF91827CF
S3150001A70007FB0547D7F8E46815F0D6FE301A00288E
S3150001A710F8DC16F0DCF9002016F0DDF98C2202FBDC
S3150001A7200545D4F85C3E696F5A6A1868904728B1A6
S3150001A73040F2AC41074A054816F07CF915F0BCFE1B
S3150001A740C4F8B40DF8BD00BF464703009A52030092
S3150001A75093470300EC46030010B500680C4611460A
S3150001A76008F0FAFF6043B0F57A7F2ABF4FF47A7199
S3150001A7700120B0FBF1F010BD2DE9F84304460D466A
S3150001A78016460021942204309DF82480DDF820909D
S3150001A7901F46F6F7F4F90A9B256023610B9B05F525
S3150001A7A07C7563610C9B4146A3614846C4F80890D9
S3150001A7B084F80480E5610CF063FC23464146134AA4
S3150001A7C0A0680CF03BFC012384F82430022384F8B2
S3150001A7D0503006230021A4F842304FF0FF33C4E97C
S3150001A7E00C1340F20673238704F12403636526B133
S3150001A7F030225834CBB29F4201D8BDE8F88302FB20
S3150001A8000163013144F8043BF4E700BFE1B1010003
S3150001A8102DE9F041044696B001460DF12302806808
S3150001A8200CF04AFC04F10C039DF82310A0680AAA57
S3150001A8300CF00EFD237B042B4BD194F8203004EB56
S3150001A84083035D6D2B78002B40D000238C21C4F847
S3150001A85094300A9A2368A068C3F8F0249DF823204F
S3150001A86001FB020102F24C52B1F8826010F81200AB
S3150001A870B1F880101A68A3F8F614A3F8F46483F803
S3150001A880F00392F83F2183F8042593F8F123510947
S3150001A890D722CA40D24393F8861302F00102022955
S3150001A8A01AD1CAB193F8F31393F8F22302EB0122FA
S3150001A8B093F8F41302EB014293F8F51302EB0162EC
S3150001A8C069688A420DD0002283F8F023002384F8B8
S3150001A8D0743016B0BDE8F081052184F82010002AF5
S3150001A8E0F1D0FEF7A3FF94F82030054604EB83036D
S3150001A8F020685B6D90F8F0131A7FFEF742F8C542A7
S3150001A900E4D120680DF1250200F2025309A900F2F3
S3150001A910F130FEF791FF0028D8D194F82030206855
S3150001A92053B190F802251AB99DF82420042A03D1BF
S3150001A930002380F80235C9E7816A626D04EB83035F
S3150001A940916000225B6DADF826209A680B9204F1A6
S3150001A950790290F8F013049204F17802039200F25E
S3150001A960F942029200F59F6201925B6804F1880246
S3150001A970009300F2F1300DF12603FEF778FF00286F
S3150001A980A4D1BDF826000BA9FEF7AAFF00289DD188
S3150001A99094F820300B9D04EB83035B6DDA68AA42C1
S3150001A9A094D81A69954291D8206890F8F01390F8D6
S3150001A9B00C650439C9B280F8F0131A7D039646185E
S3150001A9C0D6F8F16300F2F130CDE901560126009681
S3150001A9D05B680EF0BFF800287FF478AF94F820107A
S3150001A9E0DDF82CC004EB81035B6D626DC3F808C012
S3150001A9F092682568AA6294F87820C2F3001285F855
S3150001AA00FB24002940F0A08002B1022283F82C2009
S3150001AA1095F8F924002A00F09D8094F8880095F8AD
S3150001AA20F01395F8F874091A0939C9B285F8F013C3
S3150001AA30E7B195F80C655A7D039605F2F136CDE935
S3150001AA4001C6012600F2FA3000965B6828440DF033
S3150001AA50FFFF28B140F23441574A584815F0EAFF42
S3150001AA6094F88830002B7FF431AF01279DF824300C
S3150001AA70012F84F876309DF8253084F8747084F8B7
S3150001AA8077307FF423AF94F82030256804EB8303F5
S3150001AA905B6DA268197F2379286803F24C530791ED
S3150001AAA032F8138008F04CFB07990646002854D16A
S3150001AAB00DF1260328680DF1250208F06BFB14221F
S3150001AAC031460BA8F6F75BF89DF825308DF82C304A
S3150001AAD09DF826308DF82D30286808F064FC8DF835
S3150001AAE02E009DF82C10286808F0D8FA9DF82D1034
S3150001AAF0ADF830009DF82C008DF832608DF833806A
S3150001AB008DF83460FFF79DFD8DF82F00D5F874336D
S3150001AB100BA9D3F85C3E0CA8D3F8A030984794F85B
S3150001AB202030C4F8940004EB8302516D2268087F3B
S3150001AB30083382F80005896982F8FA34C2F8FC14F0
S3150001AB40D4E906309847C1E60AB103225EE783F8E5
S3150001AB502C605DE785F8F02382E7012824D12826B9
S3150001AB6028680DF1260208F041FB324600210CA8A7
S3150001AB70F6F705F84FF47A729DF826308DF8417094
S3150001AB8053430B9304238DF84430D5F874335FFA9D
S3150001AB9088F8D3F85C3EADF83C60D3F8A430ADF844
S3150001ABA042800BA90FA8B9E7054840F29741054A2B
S3150001ABB015F040FF0020B2E7E54D03007752030090
S3150001ABC053520300234D03007FB50D46194600235A
S3150001ABD00446CDE900331046CDE902336A469DF8B5
S3150001ABE02430BDF820600EF0C3F828B140F24F21A1
S3150001ABF0094A0A4815F01EFF9DF801009DF800302C
S3150001AC002C4403EB0023B3FBF6F006FB10331E20A6
S3150001AC1000FB034004B070BDBE5103003152030076
S3150001AC202DE9F74F064604464FF001084FF0000A9A
S3150001AC30C0E91A239B4602680C9B0F460367D16A3B
S3150001AC4056F8543F00F16809596092F8EE2383F8EB
S3150001AC50202056F8045B95F82D30EBB185F82DA030
S3150001AC6085F8008095F820205946C2F1070308FAB5
S3150001AC7003F3053285F8263008FA02F292B2236808
S3150001AC80AA8493F80C353846CDE900230D9A6B68F2
S3150001AC90FFF79AFFA86202E02B78002BE2D1B145BB
S3150001ACA0D7D103B0BDE8F08FF8B51E46437B074602
S3150001ACB015469BB1032913D84C1CE4B200EB84045E
S3150001ACC0636D1A7872B993F82D305BB90368186809
S3150001ACD055B908F00FFC60B90420F8BD0620FCE761
S3150001ACE00120FAE70220F8E7294608F076FC002859
S3150001ACF0F2D13B683146186807F0B4FE0028EBD163
S3150001AD00636D9DF818209D6183F820204FF0FF3276
S3150001AD109A6001221E7783F82D20DEE7032938B5D4
S3150001AD2005461DD800224C1CE1B200EB8104636D7F
S3150001AD301A7083F82D20DA604FF0FF321A6190F80D
S3150001AD4020308B4206D1017980680CF04DFAA86853
S3150001AD500CF01CFB0020FF22636D98611A7738BD49
S3150001AD600120FCE738B5054600242846E1B2FFF785
S3150001AD70D5FF10B90134042CF7D138BD38B5437B62
S3150001AD80044653B100254573FFF7ECFF2179A0680E
S3150001AD900CF02AFA236883F8365038BD2DE9F04FB6
S3150001ADA003690446C1B023B9FA216A4A6A4815F013
S3150001ADB041FE236893F8E233032B05D0204641B0C8
S3150001ADC0BDE8F04FFFF7DABF1DAF8C2200213846F0
S3150001ADD0F5F7D5FE182200210CA8F5F7D0FEDFF80D
S3150001ADE07C8115F069FB014682462046FFF749FC46
S3150001ADF0616D0B78002B3CD0206806AAC36A4B60B4
S3150001AE0007AB896AFEF7C5FB2368D3F8E80328B9BF
S3150001AE10626D06995268186808F0AAFB626D23688C
S3150001AE20906193F8EC13117793F8362012B9012249
S3150001AE3083F83620052384F82030002304F15405D5
S3150001AE4055F8042B1178B9B1916AA06E226F121AC6
S3150001AE500A44002A10DCA1EB0A0100290CDD84F862
S3150001AE60203094F82050052D13D194F82030052B6D
S3150001AE7076D141B0BDE8F08F0133DBB2052BDFD1CE
S3150001AE80EFE704D1DCF804204B689A422AD3013556
S3150001AE90EDB2042D94F820C0E7D86545F7D004EB50
S3150001AEA08509D9F854100A78002AF0D08E6AA6EBE3
S3150001AEB00A02002A03DA91F82620002AE7D0226F37
S3150001AEC0A06E121AF242E2D504EB8C0CDCF854C0E7
S3150001AED0DCF828B05E4508D19CF82C2091F82C307E
S3150001AEE09A42CED284F82050D1E7A6EB0B02002A73
S3150001AEF0206818DA0A7FC98BFFF72EFC94F8202008
S3150001AF0004EB8202526D916A761AC642EAD492F82D
S3150001AF102C00D9F8543093F82C108842E2D3B6D1DC
S3150001AF2052685B68B1E79CF81C20BCF81E10FFF75D
S3150001AF3013FCD9F854309A6AABEB020B1BEB000FEA
S3150001AF40A5D494F8202004EB8202526D92F82C00CD
S3150001AF50E1E700BF0E520300C7520300264D03006E
S3150001AF60012204EB8303596D627307AB896A20687A
S3150001AF7006AAFEF70EFB94F8203004EB83035B6D03
S3150001AF809E6936B920685A680699006808F0F0FA91
S3150001AF90064694F820304FF0000B04EB83035B6DFB
S3150001AFA093F81CA023685146186808F0C9F80546AD
S3150001AFB094F82030206804EB83035B6DD0F8C0233E
S3150001AFC00DF1240ED3F828C0197F0392CDF804E0C1
S3150001AFD0D4F88C200DF1200ECDF808B0CDF800E0A4
S3150001AFE000681E33ACEB020208F0FEFB002D40F0B8
S3150001AFF0A38020680BAB514600680DF1170208F0DB
S3150001B000C9F82946102213A8F5F7B9FD236818686F
S3150001B01008F0D2F994F820308DF8590004EB830337
S3150001B0205B6DDB8B15968DF85A30236801261868FF
S3150001B03008F0B9F99DF817509DF82C108DF84A00C3
S3150001B04028468DF848508DF84910FFF7FAFA23681B
S3150001B0508DF84B0001225146186808F01DFA236845
S3150001B06005308DF84F00294618688DF8516008F0B3
S3150001B07015F829ADADF84C008DF8746012AE0FCEFF
S3150001B0800FC533682B60099B349301264FF0000AE4
S3150001B09023798DF83AA08DF830308DF8396015F0A6
S3150001B0A018FD054615F01DFD94F82030284404EBE3
S3150001B0B083035A6DD38B117F0AAA009242B220688C
S3150001B0C0006808F0DAFB94F820300A9904EB830350
S3150001B0D05B6D20689A6A0A440F92D98B1A7FFFF733
S3150001B0E03BFB9DF874302268B3420CBF364B374B9D
S3150001B0F011900D93A0684FF0FF03009702F2F13211
S3150001B1000CA90CBF8DF831A08DF831600BF0EEFF64
S3150001B11003283FF466AE00287FF4ABAE94F82030E6
S3150001B1200B9004EB8303596D1290896A206812AB68
S3150001B1300BAAFEF72EFA9CE6012D3DD12368514656
S3150001B14018680BAA08F052F82022594615A8F5F7F7
S3150001B15016FD23681A96186808F032F91C4B4FF44D
S3150001B1607A721B9340F2FF13ADF87030194B8DF8CC
S3150001B1705D501693FF23ADF85E304FF48273ADF840
S3150001B18060309DF82C301990534346F2A812129361
S3150001B190114B29ADCDE91323042312AE8DF854309A
S3150001B1A00FCE0FC50FCE0FC596E807008DF874B008
S3150001B1B085E80700089B67E742464FF4CC710748CC
S3150001B1C015F038FC61E700BFBDA60100E96B01007F
S3150001B1D00F1D211028000218A0860100C752030086
S3150001B1E010B5836802790446134493F8283B042B6F
S3150001B1F009D1D0E904309847637BEBB12046BDE81D
S3150001B2001040FFF7CBBD0A2BF6D190F8203000EBAA
S3150001B21083035B6D187820B11A7FD98B2068FFF7FD
S3150001B2209BFA94F8203004EB83035B6D996A014421
S3150001B2302046FFF726FADFE710BD0000F0B54369A7
S3150001B2400446B3B023B9BB21914A924815F0F2FBEB
S3150001B2506268A36DD16A5960917C197752699A61C6
S3150001B260052384F82430002304F1580252F8040B14
S3150001B270D9B20078002863D084F824100FAF8C224D
S3150001B28000213846F5F77BFC834B269394F824304E
S3150001B290163354F823206368117F186807F050FFAE
S3150001B2A00546002840F0A08094F8243060681633E3
S3150001B2B054F8231000680DF10F03097F0DF10E02FA
S3150001B2C007F068FF1022294605A8F5F758FC6368C0
S3150001B2D0186808F071F894F824308DF821001633B7
S3150001B2E054F8233060689A6900680792197F012231
S3150001B2F008F0D2F8012305308DF8193063688DF80E
S3150001B30017002946186807F0C9FE6368ADF81400EE
S3150001B310186808F048F89DF80F308DF812009DF86E
S3150001B3200E008DF811308DF810000C2B12D8DFE8C5
S3150001B33003F0101010101058554F4F4A4F114F007F
S3150001B3400133052B92D1CF21544A524815F072FB95
S3150001B35094E7012501238DF8135004AE1BAD8DF83A
S3150001B3603C300FCE0FC533682B6001251822002112
S3150001B37004A8F5F704FC237A8DF81A508DF81030DD
S3150001B38015F09AF8142309939DF83C306268AB4294
S3150001B39009BF0023424B8DF81130424B00F10400E6
S3150001B3A007900593E0684FF0FF03009702F2F13230
S3150001B3B004A918BF8DF811500BF098FE08B90123A6
S3150001B3C0637033B0F0BDA0F10C014D424D41C1E7B0
S3150001B3D00B3801288CBF00250125BBE70A38022856
S3150001B3E0F8E709380328F5E7012849D194F824300C
S3150001B3F00DF10F02163354F823106368097F18689C
S3150001B40007F0F4FE2022002107A8F5F7B8FB94F80F
S3150001B410243004AE163354F823309B690C936368C9
S3150001B420186807F0CDFF204B4FF47A720D9340F266
S3150001B430FF13ADF838301D4B8DF825500893FF23C7
S3150001B440ADF826304FF48273ADF828309DF80F30F1
S3150001B4500B90534346F2A8120493154B1BADCDE94D
S3150001B460052304238DF81C3000238DF83C300FCEC4
S3150001B4700FC50FCE0FC596E8070085E8070074E7EC
S3150001B48040F217110B4A034815F0D4FA6DE700BFD5
S3150001B490DC52030038530300C0D40100FD520300FF
S3150001B4A0E96B0100816C01000F1D211028000218B3
S3150001B4B0A0860100264D030010B5C368027A044632
S3150001B4C0134493F8283B042B02D1D0E90530984761
S3150001B4D0637833B1237823B12046BDE81040FFF7E6
S3150001B4E0ADBE10BD2DE9F74F0446DDE90FBA1F4683
S3150001B4F00E9B0D46164600218422DDF830809DF80C
S3150001B50034900193F5F73BFB019B6560C4E9053B6C
S3150001B510012384F828304FF0FF33A36340F206730A
S3150001B52005F57C75A38704F12803C4F80C8084F81B
S3150001B5300890C4F81CA02562A36536B1002130200D
S3150001B54004F15C03CAB297420CD8494640460BF057
S3150001B55097FD2346064A217AE06803B0BDE8F04F1D
S3150001B5600BF06CBD00FB0162013143F8042BE9E7E6
S3150001B570B9B4010042781AB903780BB1FFF75EBE80
S3150001B58070470000F0B504468BB001460DF11B0271
S3150001B590C0680BF091FD04F110039DF81B10E068E3
S3150001B5A008AA0BF055FE237C042B32D18C2163684B
S3150001B5B0089AE068C3F8F0249DF81B2001FB0201FC
S3150001B5C002F24C52B1F8825010F81200B1F8801014
S3150001B5D01A68A3F8F614A3F8F45483F8F00392F862
S3150001B5E03E2183F80525052284F8242093F8F123CA
S3150001B5F05109D722CA40D24393F8861302F00102B9
S3150001B600022954D13AB9002283F8F023002384F8A1
S3150001B6106C300BB0F0BD93F8F32393F8F21304F1F9
S3150001B620580501EB022193F8F42301EB024193F84B
S3150001B630F52301EB0261002255F8046B7768B942E4
S3150001B6402ED1367866B384F82420FEF7EFF894F805
S3150001B650243005461633606854F8233090F8F01309
S3150001B6601A7FFDF78EF9C542D0D160680DF11D0232
S3150001B67000F2025307A900F2F130FEF7DDF80028C7
S3150001B680C4D194F824306068A3B190F802251AB9A0
S3150001B6909DF81C20042A0DD1002380F80235B5E758
S3150001B6A00132D2B2052AC7D184F82420ABE7002A99
S3150001B6B0CBD1A8E7816AA26D16339160002254F8B6
S3150001B6C02330ADF81E209A6890F8F013099204F120
S3150001B6D07102049204F17002039200F2F94202929D
S3150001B6E000F59F6201925B6804F18002009300F20B
S3150001B6F0F1300DF11E03FEF7BAF8002886D1BDF828
S3150001B7001E0009A9FEF7ECF800287FF47FAF94F834
S3150001B7102430099D163354F82330DA68AA423FF6DD
S3150001B72075AF1A6995423FF671AF606890F8F013EC
S3150001B73090F80C650439C9B280F8F0131A7D0396A6
S3150001B7404618D6F8F16300F2F130CDE9015601262B
S3150001B75000965B680DF0FEF900287FF457AF94F868
S3150001B7602430DDF824C0163354F82370A36DC7F8CE
S3150001B77008C065689B68AB6295F8F934002B48D020
S3150001B78094F8800095F8F01395F8F834091A0939F8
S3150001B790C9B285F8F013DBB195F80C357A7D0393C0
S3150001B7A005F2F133CDE901C300F2FA3000967B6868
S3150001B7B028440DF04DF928B140F2DE21164A17480A
S3150001B7C015F038F994F88030002B7FF41FAF012370
S3150001B7D09DF81C20012B84F86E209DF81D2084F80D
S3150001B7E06C3084F86F207FF411AF94F8243003F1A4
S3150001B7F0160254F822106268087F033382F80005A6
S3150001B800896982F8FA34C2F8FC14D4E907309847FA
S3150001B810FCE685F8F033D5E7E54D03001553030043
S3150001B820F8B51F46037805461646002B3AD003297C
S3150001B8303AD84C1CE4B200EB8404A36D1B78002BB0
S3150001B84034D143681146186807F0C7FE08B10420D1
S3150001B850F8BD6B683946186807F004F90028F6D177
S3150001B86005F15C0205F16C0152F8043B1878F8B950
S3150001B8708A42F9D14FF0FF32A36D9A6001221F77F8
S3150001B8809E611A70AB6D9A69B2424FF0000202D105
S3150001B890197FB94204D01A70297AE8680BF0A4FC22
S3150001B8A00020D5E70620D3E70120D1E70220CFE724
S3150001B8B09A69B24202D11B7FBB42DBD00520C7E7A2
S3150001B8C0032910B523D8FF220131C9B2163150F828
S3150001B8D0213000241A774FF0FF321C701A619C61E7
S3150001B8E0DC6000F16C0200F15C0353F8041B09787B
S3150001B8F009B10134E4B29A42F7D154B90122836DF8
S3150001B9001A70017AC0680BF06FFC204610BD012445
S3150001B910FBE70024F9E738B5054600242846E1B2DD
S3150001B920FFF7CEFF10B90134042CF7D138BD0378E7
S3150001B93010B504464BB100234370FFF7ECFF217AA3
S3150001B940E068BDE810400BF04FBC10BD38B50546A8
S3150001B9500C4609B9FFF7EBFF2C7038BD012337B54B
S3150001B9600B700C460546F7F77BFC206195F82D30E8
S3150001B97023752B68186807F01FFD607528680DF19F
S3150001B980060295F8361000680DF1070307F002FC70
S3150001B9909DF8063023719DF8073063712B6818688E
S3150001B9A007F001FD62792379A0710C2A29D8DFE815
S3150001B9B002F0070707070725221C1C171C281C0075
S3150001B9C00123E3712B689DF80610186807F066FBE2
S3150001B9D04FF48853638101232081A38103B030BDD5
S3150001B9E0A3F10C0253425341EBE70B3B012B8CBFF6
S3150001B9F000230123E5E70A3B022BF8E7093B032B6A
S3150001BA00F5E70023DDE730B5836C0446A7B0ABB19B
S3150001BA104FF47A71828E01FB0233836103AD2946AD
S3150001BA202046FFF79BFF11236068009504F154023D
S3150001BA3004F10C010BF05AFB27B030BD14F03CFDAC
S3150001BA400A30A061EAE72DE9F04190F8086E054653
S3150001BA5006F2BA2350F8234086B094F82430002B1E
S3150001BA604ED000234022CDE901320DF1170304F136
S3150001BA705407009304223B46206804F1500100F06C
S3150001BA8070FA8C2101FB0651236DD5F85C0E01334A
S3150001BA9023651C31D0F804319847D5F85C3E022164
S3150001BAA01A6E1868904739461827D5F85C3E9DF8F6
S3150001BAB01720D3F84C801868C04707FB065714F0C7
S3150001BAC0FBFCD7F8E43806461B1A002BF7DC14F00A
S3150001BAD0FEFFD5F85C3E1A6A186890470122314686
S3150001BAE0206CA664C5F8B06D00F0A5FBD4E9110180
S3150001BAF0012200F08EFD236894F8362083F87D2517
S3150001BB0006B0BDE8F08190F824300BB1FFF77BBF9A
S3150001BB10704700002DE9F04104461D461646A4B0C3
S3150001BB200F46DDF8A880642200210430F5F727F8D6
S3150001BB304FF00A0EC4E910654646D7F874C304F1FE
S3150001BB40280584F808E00FCEC4F804C027600FC5A5
S3150001BB5096E8030085E80300714660460BF090FA0B
S3150001BB602346124A217A60680BF068FA104B23616A
S3150001BB70022363730023A3756375237A237398F8ED
S3150001BB8002301BB998F80E3087F87D35204601A999
S3150001BB90FFF7E4FE636802A9D3F85C3E03A8D3F875
S3150001BBA0A0309847E06424B0BDE8F08107BB0100EE
S3150001BBB047BA010090F8242032B90122036C80F8BB
S3150001BBC02420D964FFF71FBF704790F8243010B5C1
S3150001BBD004467BB10023017A836480F824304068EF
S3150001BBE00BF002FB206C00F01BFB606CBDE8104003
S3150001BBF000F022BD10BD000030B5036D0446ADB0A6
S3150001BC00002B41D114F058FC0A30E06101238DF874
S3150001BC10243094F86D30012B6BD1636CDB6C1B699E
S3150001BC20209300238DF866302368186807F0C4FB5B
S3150001BC308DF86500F7F714FB189020680DF11602D0
S3150001BC4094F83A1000680DF1170307F0A3FA9DF86E
S3150001BC5016308DF854309DF817308DF8553023681D
S3150001BC60186807F0A0FB9DF855209DF854308DF813
S3150001BC7056000C2A79D8DFE802F04848484848754A
S3150001BC80726C6C676C786C0090F86D20012A27D174
S3150001BC900023006807AACDE90233019206AA0092A1
S3150001BCA094F83A101A46006807F09EFD14F011FF49
S3150001BCB0054614F016FF08AA2844256800920023B9
S3150001BCC042B294F83A10286807F0D7FD089AE36C57
S3150001BCD01344228F4FF47A7101FB0233E36195E736
S3150001BCE090F83C20002A8DD090F83D20002A89D07A
S3150001BCF0F0E794F83C3013B194F83D200AB91C4B97
S3150001BD008EE74FF47A7253438AE701238DF8573051
S3150001BD104FF47F432546ADF85A300023ADF85C3029
S3150001BD2055F8543B9DF81610186807F0B7F909AB9A
S3150001BD30ADF8580000932A461923606804F11001F2
S3150001BD400BF0D4F92DB030BDA3F10C02534253418F
S3150001BD50DCE70B3B012B8CBF00230123D6E70A3B13
S3150001BD60022BF8E7093B032BF5E70023CEE700BFDB
S3150001BD70C0D4010070B590F8283004468EB0002B6F
S3150001BD8048D04268037BD11891F8281B042943D176
S3150001BD9003F2D62103F24C5352F8215012F8132024
S3150001BDA00DF1170302930DF1160301930DF115031E
S3150001BDB0009300F1540107AB006800F000F958BB8D
S3150001BDC094F86D309BB9226C8AB18C20217B636813
S3150001BDD000FB0133B3F88010B3F882308DF81910E7
S3150001BDE08DF81A30012306A88DF8183090470126E0
S3150001BDF0A36884F86D60D96C3246691A606CE16497
S3150001BE0000F019FAD4E91201324600F002FC20468C
S3150001BE10FFF7F2FE0EB070BD226C42B1002306A8F8
S3150001BE208DF818308DF819308DF81A3090470023A7
S3150001BE30606C84F86D30E36400F0F2F9A06C00F0F8
S3150001BE40FBFBE4E72DE9F04190F8085E044605F2B4
S3150001BE50BA2350F8238014F03AFE8C2101FB0541E8
S3150001BE60D4F85C0E4831D0F8043118279847D4F835
S3150001BE705C3ECC211A6E1868904707FB054714F003
S3150001BE801BFBD7F8E43806461B1A002BF7DC8C227D
S3150001BE9002FB0545D4F85C3E696F5A6A18689047FB
S3150001BEA014F00AFBC4F8B40DC8F85060BDE8F0817F
S3150001BEB0F8B504460E461D46174600217022F4F7D2
S3150001BEC05EFED6F874C34FF00C0EC4E91175254613
S3150001BED0069B84F80CE0C4F804C0A36045F82C6BFB
S3150001BEE0079E0FCE0FC596E8030085E8030071464D
S3150001BEF060460BF0C5F82346064A217B60680BF0C5
S3150001BF009DF8054B636100236374A3766376237BF7
S3150001BF102374F8BD75BD010045BE010090F82820C7
S3150001BF2042B980F86D200122436C80F82820D9643B
S3150001BF30FFF762BE704790F8283010B504467BB112
S3150001BF400023017BC36480F8283040680BF04CF96C
S3150001BF50606C00F065F9A06CBDE8104000F06CBBA8
S3150001BF6010BD70B51D46002380F8A93180F8353023
S3150001BF70012380F8313040F20123044616464386F8
S3150001BF809DF814009DF8183043EA0023636204F11A
S3150001BF904200F4F7E7FD204684F83760FBF7EEF838
S3150001BFA02046FBF747F994F83820284604F1390171
S3150001BFB0F4F7D8FD94F83820049B1A7070BDF0B5DB
S3150001BFC01F4600230D4614468BB00493ADF8263068
S3150001BFD00DF12503039309AB02930DF1230301939D
S3150001BFE0C36A06460093214628460DF126030DF144
S3150001BFF02202FDF73CFC00B240BBBDF82630119A87
S3150001C000190A1170129A211F1370CAB21146AA5841
S3150001C0100390CDE90132009006222846F36A079182
S3150001C0200CF098FD079978B9BDF82630CDE9027074
S3150001C030CDE900030722F36A05F109000CF008FDBA
S3150001C04010B9109B0D3C1C700BB0F0BD1220FBE724
S3150001C050012373B50B70C36C05469B680C46CB6513
S3150001C060002381F8423003681646186807F0A4F9E0
S3150001C07084F8410095F84000F7F70AF9E06328686B
S3150001C0800DF1060295F82B1000680DF1070307F074
S3150001C09081F89DF8063084F830309DF8073084F831
S3150001C0A031302B68186807F07EF994F8312094F83E
S3150001C0B0303084F832000C2A2CD8DFE802F007076A
S3150001C0C007070728251F1F1A1F2B1F00012384F8A6
S3150001C0D03330002384F83630012384F83760238710
S3150001C0E02B689DF80610186806F0D8FFA08602B0E6
S3150001C0F070BDA3F10C0253425341E8E70B3B012B00
S3150001C1008CBF00230123E2E70A3B022BF8E7093B38
S3150001C110032BF5E70023DAE7F8B590F8085E044645
S3150001C12005F2BA2350F8236014F0D1FC8C2101FBEF
S3150001C1300541D4F85C0E4831D0F8043118279847E8
S3150001C140D4F85C3ECC211A6E1868904707FB054768
S3150001C15014F0B2F9D7F8E438181A0028F8DC8C2262
S3150001C16002FB0545D4F85C3E696F5A6A1868904728
S3150001C17014F0A2F9C4F8B40D96F84030013386F8EC
S3150001C1804030F8BDF0B51746A5B00D464FF415720F
S3150001C19000210446F4F7F3FC4FF00D0E3E46D5F8A8
S3150001C1A074C3256084F808E004F12805C4F804C0C6
S3150001C1B00FCE0FC596E8030085E8030000257146FA
S3150001C1C060460AF05DFF2346217A134A60680AF049
S3150001C1D035FF124B65732361237AA5752373657544
S3150001C1E03A7920460D32D2B201A9FFF731FF6368D1
S3150001C1F00DA9D3F85C3E0EA8D3F8A0309847236862
S3150001C20060642A4694F82B10186807F045F90D3832
S3150001C21084F8480025B0F0BDFBC2010019C1010038
S3150001C22090F8243033B10023017A80F82430406835
S3150001C2300AF0DABF70470123F0B51746ABB007AE77
S3150001C24004460D4680F824308C2200213046F4F74E
S3150001C25096FC27B10023C4F8505184F8403094F875
S3150001C260403094F82810B3FBF1F201FB123294F836
S3150001C2702A10D2B2914204BF013384F8403094F8B7
S3150001C280402094F829309A4235D2002305AACDE9F7
S3150001C29002330192206804AA009294F82B101A46E0
S3150001C2A0006807F0A1FA14F014FC054614F019FC15
S3150001C2B006AA284425680092002342B294F82B105E
S3150001C2C0286807F0DAFA94F84020D4F85011E06CA7
S3150001C2D000F06CFA069BFF2218443146A061204605
S3150001C2E0FFF7B6FEFF236068009604F5AA7204F113
S3150001C2F00C010AF0FBFE2BB0F0BD30B54368027AA3
S3150001C3000446991891F8281B89B0042937D102F2FD
S3150001C3104C5213F812200DF1170302930DF1160377
S3150001C320019300F24F1300F15005009300F5AA7135
S3150001C3302B460068FFF743FE08BB9DF8173094F8BB
S3150001C3402A209A4201D0402B19D1216BB9B18C20F8
S3150001C350237A6268069500FB0322B2F8803006A8AC
S3150001C3608DF81E30B2F882308DF81F3094F84F31B7
S3150001C3708DF81C309DF816308DF81D30884794F8DD
S3150001C380243023B1002220461146FFF754FF09B09D
S3150001C39030BD30B590F8502190F8293004469342CB
S3150001C3A0A7B05DD9D0E9100100F000FA0123A06120
S3150001C3B094F850018DF80C3094F84751F6F768FF60
S3150001C3C094F82D3007908DF820302368186806F010
S3150001C3D0F3FF8DF8210020680DF10A0294F82B1065
S3150001C3E000680DF10B0306F0D5FE9DF80A308DF8B5
S3150001C3F010309DF80B308DF811302368186806F05F
S3150001C400D2FF9DF811209DF810308DF812000C2AEC
S3150001C41039D8DFE802F0070707070735322C2C2742
S3150001C4202C382C0001238DF8133023689DF80A104F
S3150001C430186806F033FE00238DF816300123ADF897
S3150001C440183003ABADF814000093606894F84731D7
S3150001C45004F1480204F10C018DF817500AF046FE6A
S3150001C46027B030BDA3F10C0253425341DBE70B3B2E
S3150001C470012B8CBF00230123D5E70A3B022BF8E7EA
S3150001C480093B032BF5E70023CDE7F8B590F8086ED5
S3150001C490054606F2BA2350F8234094F82430002BBF
S3150001C4A042D094F84931002B3FD000238C2184F8E7
S3150001C4B0493101FB0603194694F84721D0F85C0E71
S3150001C4C083F823201C31D0F804319847D5F85C3E17
S3150001C4D002211A6E18689047D5F85C3E94F84721F8
S3150001C4E0DF6C186804F14801B847182303FB0656A8
S3150001C4F013F0E2FFD6F8E43807461B1A002BF7DCE7
S3150001C500002384F8473114F0E2FAD5F85C3E1A6A42
S3150001C51018689047C5F8B07D94F82A3023B9236886
S3150001C52094F82B2083F87D25F8BD217A6068BDE853
S3150001C530F8400AF059BE90F8242042B190F85021F3
S3150001C54090F828100A4480F85021FFF722BF70475F
S3150001C5502DE9F04198460F46154600214FF4AA727F
S3150001C5600446F4F70CFB4FF00B0E4646D7F874C39E
S3150001C57084F808E0256404F128050FCEC4F804C048
S3150001C58027600FC596E8030085E8030071466046FB
S3150001C5900AF076FD23460B4A217A60680AF04EFDC1
S3150001C5A0094B2361022363730023A3756375237A01
S3150001C5B0237398F802301BB198F8033087F87D355C
S3150001C5C0BDE8F08137C501008BC4010030B50446D2
S3150001C5D01D4694F8243085B0BBB1236C1B7B934276
S3150001C5E015D394F82A302068019304F24713009377
S3150001C5F0029504F14803FFF7B4FC0123002084F8F7
S3150001C600485184F8493105B030BD0320FBE70220CB
S3150001C610F9E7012380F8243032B190F82A304164D9
S3150001C62080F85031FFF7B5BE90F8503190F82820C8
S3150001C630134480F85031F5E790F824304BB10023CC
S3150001C640017A436480F8243080F8493140680AF061
S3150001C650CBBD70472DE9F0472DED028BB3F80C8069
S3150001C6609A469DF828308260037301610F46914610
S3150001C6700646F6F701FE0546F6F704FE9AF800307F
S3150001C6809842C0F08B809AF80100B0FBF3F203FBED
S3150001C6901202D2B2002A7FD1B3683269643364329E
S3150001C6A000FB03234FF47A7404FB05F0984238BF6C
S3150001C6B0184600284AD007EE900A9FED3A8AF8EE0E
S3150001C6C0677AC7EE887A17EE900A14F073FB41EC8D
S3150001C6D0100B16F091F951EC100B14F0EBFBA8B30B
S3150001C6E04443314A48F6A041B2FBF4F293B21A46EA
S3150001C6F0306942438A4208D9B1FBF0F29B1A9BB2D8
S3150001C7006343B3FBF2F31C44134648F6A042B168F7
S3150001C71001FB03F0904207D9B2FBF1F29B1A9BB2DF
S3150001C7206343B3FBF2F31C4407EE904AF8EE677AD3
S3150001C730C7EE887A17EE900A14F03CFB41EC100B19
S3150001C74016F05AF951EC100B14F0B4FBBAF80C3090
S3150001C75080B28342F08123D310B34FF47A7303FB83
S3150001C76008F8A8EB0707B8451AD96FF063029AF8DB
S3150001C770013009FB13294F444FF0640903FB197774
S3150001C780B8450DD90133B7FBF3F700204F44776065
S3150001C790BDEC028BBDE8F087002383E70020D5E7D7
S3150001C7A00120F5E700007A4480EE360010B50369F2
S3150001C7B04468234419441AB183681C4402FB0411DA
S3150001C7C0084610BDF0B50446002085B0C3B29A42B2
S3150001C7D001D8002043E00E4694F8B5330130E51840
S3150001C7E095F8F07135780C31AF42EFD194F8E252F9
S3150001C7F00133DBB204F5F87284F8B533ED1A13444C
S3150001C800009394F838317278234403F59D730293AB
S3150001C8100023EDB28DF80C30B378AA428DF804509E
S3150001C8208DF805208DF80D301BD8694620467368B2
S3150001C8309847B0B194F8B5339DF804209B1A1D446E
S3150001C84084F8B55394F838313178E21882F8391101
S3150001C8509DF80C200132134484F83831012005B0CB
S3150001C860F0BD94F8E23284F8B533F7E738B50546FA
S3150001C8700078049C152813D00AD80E280AD00F2850
S3150001C8800ED040F2C111194A194814F0D3F804E048
S3150001C8901A28F6D1F1B1012924D04FF0FF3015E065
S3150001C8A0012914D813490020196001F5433101F516
S3150001C8B0A0712160032111701A68D5F898100A44F5
S3150001C8C01A602368D5F898201344236038BD4FF0C9
S3150001C8D0FF30F1E708491960084B23600A2300205D
S3150001C8E01370F3E706491960064BF6E705440300A2
S3150001C8F04E53030080040D3760BBA3366025BC365A
S3150001C900608FD43660F9EC36F0B587B00D46064631
S3150001C9101F4611460C9C52B100228E200CF0B2F932
S3150001C92028B140F22F21144A144814F083F800224A
S3150001C9301021CDE90222CDE90422009238468E2249
S3150001C94002AB0CF06BFE28B14FF40E710C4A0B488A
S3150001C95014F070F80023DAB2AA4203F1010301DBF5
S3150001C96007B0F0BD02F118010DEB010010F8100C33
S3150001C970B15C4140A154EEE774530300D258030061
S3150001C980E953030070B515461A4664236C690026FF
S3150001C990B4FBF3F3012486B08DF808408DF80B4003
S3150001C9A02C688DF809608DF80A60260A8DF80C400E
S3150001C9B08DF80D60260C240E8DF80F406C688DF8ED
S3150001C9C00E60260A8DF810408DF81160260C240E93
S3150001C9D08DF813408DF814301C0A1B0C8DF8163097
S3150001C9E02B7C009103F00F038DF81730032102AB66
S3150001C9F08DF812608DF81540FFF786FF06B070BD01
S3150001CA0070B564241D6886B0B5FBF4F401258DF874
S3150001CA10085000258DF809508DF80A508DF80B50F5
S3150001CA209568D2682E0A8DF80C508DF80D602E0C83
S3150001CA302D0E1B798DF80F50150A8DF810208DF8E3
S3150001CA401150150C120E8DF8132003F00F03220A54
S3150001CA508DF814408DF815208DF8173000910A9A3B
S3150001CA600421240C02AB8DF80E608DF812508DF85E
S3150001CA701640FFF749FF06B070BD00007FB50C46B2
S3150001CA8015461E46014650B100228D200CF0FAF8DB
S3150001CA9028B140F24A210C4A0C4813F0CBFF00237F
S3150001CAA0019303AB009332468D23294620460CF0B1
S3150001CAB08FFD28B14FF41471054A044813F0BAFFEB
S3150001CAC0039804B070BD00BF61540300B958030058
S3150001CAD0D65403002DE9F0410446104600224923AD
S3150001CAE088B08DF811208DF812208DF813208DF85D
S3150001CAF014208DF815208DF81E200E228DF8103089
S3150001CB00236864685FFA83FEC3F3072CC3F3074700
S3150001CB101B0E8DF819308DF807300B68E6B2C4F399
S3150001CB2007254FEA14488DF81F200293240E0A2385
S3150001CB3001AA04A98DF816E08DF817C08DF81870B2
S3150001CB408DF81A608DF81B508DF81C808DF81D40EC
S3150001CB508DF804E08DF805C08DF806708DF80C602F
S3150001CB608DF80D50FFF78AFF08B0BDE8F08100008F
S3150001CB7070B50A7805460C4688B082B94B686421BF
S3150001CB80B3FBF1F30270227A837002F00F02427056
S3150001CB901A0A1B0CC2700371052008B070BD012A68
S3150001CBA036D1642349680026B1FBF3F30270E268CB
S3150001CBB08DF815304270E268411D120A8270E289D1
S3150001CBC00391C270E27B0271226942722269120AE2
S3150001CBD08272227A05A802F00F028DF814201A0A31
S3150001CBE01B0C8DF816208DF81730221D04F1180341
S3150001CBF00096FFF705FFE36832460693236903991A
S3150001CC0006A80793FFF766FFC5F80B000F20C4E7D8
S3150001CC100348A521034A13F00DFF0020BDE700BF1D
S3150001CC20E75803006255030013B514460A4601A9E5
S3150001CC30FFF7A8FE9DF805309DF806201B0203EBC1
S3150001CC4002439DF804201344C3F30A026280C3F32E
S3150001CC50C2226271C3F381322271C3F3034222708D
S3150001CC609A0DC3F30153A271E37102B010BDD0F85E
S3150001CC700300704710B5037803F00F0313708BB9E7
S3150001CC80052926D1437803F00F031372C37801797E
S3150001CC901B0203EB0143817801200B4464214B43C2
S3150001CCA0536010BD012B16D10F2914D1D0F80510F0
S3150001CCB05161C1780479090401EB0461847801EBBF
S3150001CCC0042144782144D160847A417A01EB04211C
S3150001CCD011611846E5E70020E3E7D0F80B0070473D
S3150001CCE02DE9F0430446656889B0C5F3072E5FFA5E
S3150001CCF085F84FEA15492D0E8DF80D50104607257A
S3150001CD00002249238DF801208DF802208DF8032099
S3150001CD108DF804208DF80E208DF80F5007920D889E
S3150001CD208A7864218DF800308DF812200123E2689B
S3150001CD308DF80530B2FBF1F2217A236801F00F017B
S3150001CD405FFA83FCC3F30727C3F307468DF8131075
S3150001CD501B0E8DF81420110A120C8DF806C08DF8E1
S3150001CD6009308DF80BE08DF815108DF816208DF829
S3150001CD7018E069468DF807708DF808608DF80A800D
S3150001CD808DF80C90ADF810508DF8178004AA8DF827
S3150001CD9019C08DF81C300D238DF81A708DF81B60A3
S3150001CDA0FFF76CFE09B0BDE8F083F7B505461646F8
S3150001CDB01F460C794B79A403DB02A4B203F460533A
S3150001CDC023434C88C4F30A0423430C78240404F453
S3150001CDD070242343CC79240504F4401423438C792D
S3150001CDE00146A40504F440041C43230A8DF80440BB
S3150001CDF08DF8053001A8089B240C8DF80640FFF735
S3150001CE00C1FD3A4629463046FFF76AFFC5F80300D9
S3150001CE10072003B0F0BD00001FB50346084C01AA68
S3150001CE2020686168052B03C2A06810608FBF0020CF
S3150001CE3004AA02EB430333F80C0C04B010BD00BF87
S3150001CE4088580300032888BF0020064B82B001934F
S3150001CE509EBF00F108030DEB030010F8040C02B0AD
S3150001CE60704700BF0A141E28032888BF0020064BFE
S3150001CE7082B001939EBF00F108030DEB030010F889
S3150001CE80040C02B0704700BF02040608F0B585B075
S3150001CE901022002104466846F3F771FE01238C2215
S3150001CEA08DF800300621002368460CF054FC28B1A9
S3150001CEB040F2A511204A214813F0BCFD01220023AE
S3150001CEC0E7B2C4F30726C4F307458DF80020240E04
S3150001CED08D228C216846CDE9013303938DF80170CB
S3150001CEE08DF802608DF803508DF804400CF033FC88
S3150001CEF028B14FF4D871124A104813F09BFD022253
S3150001CF0000238DF800208C218E226846CDE901335D
S3150001CF1003938DF801708DF802608DF803508DF83A
S3150001CF2004400CF018FC28B14FF4DD71054A0348A2
S3150001CF3013F080FD05B0F0BD72550300A45803003F
S3150001CF40FC550300895603001FB50C460093134692
S3150001CF500A4603A9FFF754FD9DF80C309DF80E20F3
S3150001CF6003F00F0323719DF80D3003EB02239DF8A7
S3150001CF700F2003EB024364225343236004B010BD28
S3150001CF8070B50C461646014686B000228C201D4619
S3150001CF900BF078FE28B14FF4E671284A284813F0C1
S3150001CFA049FD012200238DF80820220A8DF80A2066
S3150001CFB0220CCDE9033305938DF809408DF80B203A
S3150001CFC0240E00938C223346102102A88DF80C40C2
S3150001CFD00CF024FB28B140F2D7111A4A184813F075
S3150001CFE029FD02238DF8083000238C22009310219D
S3150001CFF02B4602A80CF012FB28B14FF4EE71124A2F
S3150001D0000F4813F017FD002231468D200BF03AFE32
S3150001D01028B14FF4F0710D4A094813F00BFD0022B7
S3150001D02029468E200BF02EFE28B140F2E311084A64
S3150001D030034813F0FFFC06B070BD00BF165703008E
S3150001D040945803008D5703000A58030061540300E6
S3150001D050745303000C291BD8DFE801F00707070703
S3150001D0600717140E0E090E1A0E0001207047A0F1C3
S3150001D0700C035842584170470B3801288CBF0020D9
S3150001D080012070470A380228F8E709380328F5E72E
S3150001D0900020704770B58C21044690F8085ED0F8E0
S3150001D0A05C0E01FB0541D0F804311C31984728B1CB
S3150001D0B04FF4C971224A234813F0BCFCD4F85C3EF4
S3150001D0C002211A6E1868904728B140F293111E4A40
S3150001D0D01C4813F0AFFCD4F85C0E05F25C5205F265
S3150001D0E09623C66C34F8122054F823100068B04712
S3150001D0F028B14FF4CA71154A124813F09BFC182344
S3150001D10003FB0545D5F8E46813F0D6F9301A002873
S3150001D110F8DA13F0DCFC012013F0DDFCD4F85C3EF8
S3150001D1201A6A1868904728B140F29F11084A0548C3
S3150001D13013F080FC13F0C0F9C4F8B00D70BD00BF48
S3150001D14060490300255A030073480300C3480300DE
S3150001D1502D4903008C21F8B590F8085E044601FBC1
S3150001D16005031B7E012B3FD101FB0541D0F85C0E67
S3150001D1704831D0F80431984728B140F2AB11244A1E
S3150001D180244813F057FCD4F85C3ECC211A6E18687B
S3150001D190904728B14FF4DB711F4A1E4813F04AFC31
S3150001D1A0182707FB0547D7F8E46813F085F9301A05
S3150001D1B00028F8DC13F08BFC002013F08CFC8C2289
S3150001D1C002FB0545D4F85C3E696F5A6A18689047B8
S3150001D1D028B140F2C111114A0E4813F02BFC13F08D
S3150001D1E06BF9C4F8B40DF8BD6BB901FB0541D0F874
S3150001D1F05C0E4831D0F8003198470028C3D040F280
S3150001D200AF11074ABCE740F2B311064AB8E700BFBF
S3150001D210464703000B5A030093470300EC460300FD
S3150001D22023460300054403002DE9F041ACB00DF19E
S3150001D230240814460D4607468C2200214046F3F782
S3150001D2409EFC01238DF8243008238DF83A30E37CC7
S3150001D250E17B8DF839306368607C0D93A37C8DF892
S3150001D26029108DF83830237C8DF828008DF82A3066
S3150001D270FFF7F0FEA37B8DF82B008DF82F3040F2DF
S3150001D2800113ADF83030A3890AA9ADF82C30D5F8D1
S3150001D2905C3E0BA8D3F8A03098471422064600211D
S3150001D2A003A8F3F76CFC02238DF80D300C4B2846CE
S3150001D2B00493237DA26883F001038DF81630236859
S3150001D2C0CDF80080069303A9A37B8DF80C70089610
S3150001D2D009F00CFFB0FA80F040092CB0BDE8F081EE
S3150001D2E095D001002DE9F3470B9C05468846174664
S3150001D2F099469DF828A005F023FF064690BB4146B6
S3150001D3000DF106020DF10703284605F043FF2846F5
S3150001D31006F052F808236075A3752846276106F0C2
S3150001D320E3F8434641B23A46284605F0DDFF20754B
S3150001D330284606F038F89DF80710A0719DF80600FA
S3150001D34061712071FFF786FE40F20113A38101236B
S3150001D350E071A67284F80BA0A4F80890237002B0BD
S3150001D360BDE8F0877E21034A034802B0BDE8F047D5
S3150001D37013F060BB264D0300A75A03002DE9F347BE
S3150001D3800B9C05460F46914698469DF828A005F048
S3150001D390D7FE0646002840D10DF107033946284637
S3150001D3A00DF1060205F0F6FE9DF807209DF8061020
S3150001D3B00120FCF7D3F90A23074684F842302846B0
S3150001D3C005F0FAFFC4F83C9084F84100284605F0C0
S3150001D3D0EAFF9DF8071084F832009DF8060084F8EC
S3150001D3E0311084F83000FFF735FE40F2011384F85E
S3150001D3F033002387404684F8366084F837A0FFF768
S3150001D4000BFD4FF47A734343B3FBF7F001231E3050
S3150001D410A086237002B0BDE8F087A421034A044820
S3150001D42002B0BDE8F04713F005BB00BF264D03006F
S3150001D430935A03002DE9F0438BB090461E460DF139
S3150001D4400E020DF10F038946139D05F0A3FE344A22
S3150001D45004AB106851689DF80F7003C31A46314B2F
S3150001D46003C2186859680B2F03C29DF80E4019D1E3
S3150001D470042C2DD904F128030DEB030414F80D3CFB
S3150001D4806B700A234046AB70FFF7C6FC129B18442B
S3150001D49000EB1010686026B30023EB702B700BB005
S3150001D4A0BDE8F083092F08D1042C11D904F1280312
S3150001D4B00DEB030414F8153CE2E7072F08D1042C01
S3150001D4C006D904F128030DEB030414F81D3CD7E734
S3150001D4D04B46CA21CDE90047134A144813F0AAFA6C
S3150001D4E0CFE70123EB709DF80F300B2B06D19DF88A
S3150001D4F00E300C2B0CBF03230223CFE7092B07D1D8
S3150001D5009DF80E30092B38BF032328BF0223C5E738
S3150001D510072BC4D19DF80E30092B38BF0123F4E740
S3150001D5200959030012590300F8580300825A0300EF
S3150001D5302DE9FF4789461146054698460C9C0192FE
S3150001D54005F0FEFD01990746002841D10DF10F03B3
S3150001D55028460DF10E0205F01DFE9DF80E109DF8F0
S3150001D5600F200120FCF7FAF88246284605F024FF31
S3150001D57084F8410013F0ADFA4FF47A7202FB00F61B
S3150001D580B6FBFAF20A3284F842202846C4F83C80F7
S3150001D59084F8379005F007FF9DF80E209DF80F10CF
S3150001D5A084F8320084F83020104684F83110FFF7F1
S3150001D5B051FD012684F833001146284684F8367059
S3150001D5C0268705F06BFD2670A08604B0BDE8F087BE
S3150001D5D001282BD10DF10F02284605F007FE28463A
S3150001D5E005F0EEFE164B46F2A812C4E91483282371
S3150001D5F0A4F84030182384F84330FF23A4F84630BA
S3150001D6004FF48273A4F848300E4BE064C4E90D234D
S3150001D61004234FF47A7284F83C309DF80F3084F875
S3150001D62045705343236300232370CEE74FF4927171
S3150001D630054A064804B0BDE8F04713F0FBB900BF40
S3150001D6400F1D2110A0860100264D03006E5A03000E
S3150001D6502DE9F7430A9C054688461746994605F083
S3150001D6606FFD0646B0BB41460DF107030DF10602FB
S3150001D670284605F08FFD2846276105F035FF3A4615
S3150001D68041B24346284605F02FFE2075284605F08F
S3150001D69093FE9DF80630607523719DF80730284684
S3150001D6A0637105F080FE22796179A0711046FFF75A
S3150001D6B0D1FC1146E071284605F0F0FC40F2011359
S3150001D6C0A38101232081A67284F80B90237003B0F5
S3150001D6D0BDE8F08340F24711034A044803B0BDE8B0
S3150001D6E0F04313F0A7B900BF234D03005A5A0300B4
S3150001D6F02DE9F0411446ACB009AF06460D468C2221
S3150001D70000213846F3F73BFA237D617C8DF86530BD
S3150001D7100A238DF86630A368E07C1893A37C8DF804
S3150001D72055108DF856308DF85400FFF793FC237C85
S3150001D730D4F804808DF85B3040F20113ADF85C300B
S3150001D740E38A8DF85700ADF85830012314220021E1
S3150001D75003A88DF82430CDF88080F3F710FA0A4B30
S3150001D760284604932368E26806930097FF2303A9DA
S3150001D7708DF80C60CDF8208009F0B8FCB0FA80F085
S3150001D78040092CB0BDE8F08155D1010070B58C255A
S3150001D790044690F8086ED0F85C0E16FB05F505F107
S3150001D7A04801D0F804312144984728B14FF4BC719F
S3150001D7B01D4A1E4813F03EF9D4F85C3E4FF47371CE
S3150001D7C01A6E1868904728B140F27911184A17481D
S3150001D7D013F030F905F178011825D4F85C3E21449F
S3150001D7E0D3F880201868904705FB0645D5F8E4680C
S3150001D7F012F062FE301A0028F8DC13F068F90020F6
S3150001D80013F069F9D4F85C3E9A6B1868904728B111
S3150001D8104FF4C471074A054813F00CF912F04CFE97
S3150001D820C4F8B40D70BD00BF464703003F5A03005C
S3150001D8301B590300D25903002DE9F04107460E4654
S3150001D8403F4C86B002AA04F11005134620686168B0
S3150001D850083403C3AC421A46F7D1FF230024DFF88C
S3150001D860E4808DF80730D8F800308DF80640394647
S3150001D870186805F065FC054600285ED1D8F8000059
S3150001D8800DF107030DF106023946006805F082FC29
S3150001D8909DF80730B21C092B92B232D00B2B05D062
S3150001D8A0072B3DD0284606B0BDE8F08104269DF839
S3150001D8B0063006A901EB430333F81A1C890803391C
S3150001D8C09DF806400131601C072C00FA00FC38BFA8
S3150001D8D004234FF0010028BF0623C4EB420200FADD
S3150001D8E004F71344601B93FBF0F200FB1233502044
S3150001D8F04343781E053360441844F040084400B29F
S3150001D900D1E79DF8063006A901EB430131F81A1C4F
S3150001D9100C2B4FEA510108BF022503260C31CFE734
S3150001D9209DF8063006A901EB430131F81A1C0A2BB2
S3150001D93088BF022502262631C2E72046B3E700BF8B
S3150001D940E25B030084520020037A1BB903680BB122
S3150001D950013B03607047000070B5044612F0ACFD50
S3150001D960334B34491A78B0FBF1F1334812B1002236
S3150001D97001601A700268314D91420FD1287A08B9B7
S3150001D9802B6853B12E4B1B78002B35D195F82C0003
S3150001D99018B9686A003818BF012070BD8BB20160E2
S3150001D9A04FF0000192B29BBFC2F5956201329B1AFC
S3150001D9B09B18224A9BB2D6881068033103FB0600E6
S3150001D9C09688864294BF42F80C6B42F80C0B0C29E0
S3150001D9D0F1D100211B4A107840B1568ED06A03FB63
S3150001D9E00600168E864294BFD662D0620131102996
S3150001D9F002F13802EFD1C1E7012B16D1287D10B90A
S3150001DA00EB68002BC9D0102C09D038230D4803FB35
S3150001DA10040494F834000028BFD1E06ABAE795F807
S3150001DA2020000028B9D1A869B4E70120B5E700BFF5
S3150001DA30AC0F002080EE36008052002050520020AC
S3150001DA40EC530020904D0020014B187A704700BF1F
S3150001DA50EC5300202DE9F041464CACB094F8088017
S3150001DA60B8F1000F75D0002007F0BEF9054612F097
S3150001DA7023FD414F00F10A06002D3878C8BF7619FB
S3150001DA80FFF7CAF93D7F4FF0000EB0FBF5F0626972
S3150001DA9094F84531921B591C002A06EB020CC9B2B7
S3150001DAA05ADDBEF1000F01D084F8453194F84531B5
S3150001DAB0C4E905CCB3FBF5F205FB1233DDB284F8FC
S3150001DAC04551002D4CD097F8008009AE8C220021DB
S3150001DAD03046F3F754F80C2303FB05750F23206832
S3150001DAE0009301966A68297B43460068FFF746FC66
S3150001DAF021AB019394F8453120680A3354F8233059
S3150001DB0042460093297B01230068FFF793FC182204
S3150001DB10002103A8F3F733F840F20973ADF80C308E
S3150001DB20164BA569049301238DF8153012F0D1FF28
S3150001DB3044F62063281A0690206800960893104A36
S3150001DB40FF23D0F8740303A909F0D0FA50B90323CF
S3150001DB5063722CB0BDE8F0810B46C64602449AE7D3
S3150001DB60A846B2E740F28641064A074812F062FF2C
S3150001DB70EFE700BF84520020305200208DD701000C
S3150001DB80C2520020BB5A03001C5C030070B58C23F3
S3150001DB90044690F8085ED0F85C0E03FB054103FBD2
S3150001DBA005431B7E1C31012B4AD1D0F8043198471D
S3150001DBB028B140F27661274A274812F03BFFD4F894
S3150001DBC05C3E02211A6E1868904728B140F27D61C9
S3150001DBD0224A214812F02EFFD4F85C0E05F25C525F
S3150001DBE005F29623C66C34F8122054F82310006807
S3150001DBF0B04728B140F27E61194A174812F01AFF60
S3150001DC00182303FB0545D5F8E46812F055FC301AD4
S3150001DC100028F8DC12F05BFF012012F05CFFD4F85B
S3150001DC205C3E1A6A1868904728B14FF4D1610D4AD3
S3150001DC30094812F0FFFE12F03FFCC4F8B00D70BDAA
S3150001DC40D0F8003198470028B9D040F27A61064AE7
S3150001DC50B2E700BF60490300F25B030073480300AB
S3150001DC60C34803002D490300264803002DE9F0436C
S3150001DC70ADB00646FFF7E8FE394D3A4B8046D3F87C
S3150001DC8004902B680022197B186805F005FC1328FF
S3150001DC904CD92B68A0F1130400224146186805F0FF
S3150001DCA0FBFBE4B2844206D92B6800224146186880
S3150001DCB005F0F2FB044609AF8C2200213846F2F743
S3150001DCC05EFF286800974B46424621460068FFF7EB
S3150001DCD02FFC1822002103A8F2F751FF09238DF822
S3150001DCE00C30214B049312F0F4FE9DF82430301AC7
S3150001DCF0012B06901CD100238DF80D306B6815A9F8
S3150001DD00D3F8A03016A898470890089B2868009772
S3150001DD102093164AFF23D0F8740303A909F0E6F904
S3150001DD20B8B906236B722DB0BDE8F0830024C2E7B3
S3150001DD3043B901238DF80D306B6815A9D3F8A430CA
S3150001DD4019A8E0E740F2CB41094A0A4812F072FEEF
S3150001DD50DBE740F2D741084A064812F06BFEE2E7DC
S3150001DD6084520020EC53002055D10100C2520020FC
S3150001DD70E85A03003F5C03000B5B03002DE9F04FFB
S3150001DD80824CD7B0637A0E46013B0490052B00F214
S3150001DD900883DFE813F045000B0006004A00000285
S3150001DDA005027B4D2B6801332B6026B957B0BDE8C0
S3150001DDB0F04FFFF74FBE94F8453100207549002B0F
S3150001DDC031D00A78CDE916000C2000FB03110A3385
S3150001DDD054F82330206816AE009301960023097B80
S3150001DDE00068FFF727FB63683146D3F8802018687F
S3150001DDF0904728B140F29441674A684812F01AFEEA
S3150001DE0063689A6B1868904728B140F29741644A53
S3150001DE10624812F00FFE042363726B6801336B6074
S3150001DE2057B0BDE8F08F1A46CCE726B1584A936839
S3150001DE3001339360F4E722B9554A938901339381FB
S3150001DE40B4E7584D94F83C102A465748FEF712FF9E
S3150001DE500028ABD04E4ADFF83CA1D3890133D381E8
S3150001DE600C2294F8453102FB03A35A681B7BAA6175
S3150001DE702B776389EB83E3682B62102384F84431A3
S3150001DE802B78012B38D00027DFF8188198F800305D
S3150001DE9013B1012B13D197B1FFF7D6FD23680146C4
S3150001DEA018686D6804F0F2FD00287FF47FAF2368DF
S3150001DEB02946186805F091FB00287FF477AF94F89E
S3150001DEC04401FFF749FD00283FF470AF94F845215E
S3150001DED098F8005002F11C0334F91390049BA3EB4C
S3150001DEE00909C4F81C90002D66D109F1320057B01A
S3150001DEF0BDE8F04FFFF7BABE2B48FEF7EEFEB1467E
S3150001DF002A4A059005F1140112F80C7C5FFA89F38F
S3150001DF1006939FB352F8080CEB6898422ED152F83B
S3150001DF20043CD5F810B01FFA83FCE3459CBF03F50A
S3150001DF307F43FF331B0C1B049B44CDE9160B16A82C
S3150001DF400792FEF7C7FD4FF03808059B08FB09F855
S3150001DF5083421749079A11D1069B84F84431154B20
S3150001DF6003EB0802C2F808B008F11C080A1D434475
S3150001DF70A2F11401101FFEF7E7FF85E709F1010978
S3150001DF80B9F1100F02F13802BED17CE784520020AC
S3150001DF90D453002030520020175B0300685C030055
S3150001DFA06A5B0300EC530020C25200209C4D002006
S3150001DFB000540020904D0020012D40F0E3800A32EC
S3150001DFC0636954F822201344A9EB0303A4F84631EC
S3150001DFD0002F00F09180754A0020938A94F84451ED
S3150001DFE00133938206F000FF002803DC2846FFF781
S3150001DFF0B3FC06462368002E1B7B4FF038028DF8D2
S3150001E0002030B4F8463194F84511ADF8223094F831
S3150001E010493109F132098DF82430654B1B788DF8A9
S3150001E020253094F848318DF8263014BF0023022399
S3150001E0308DF827305F4B02FB053250689268C5EBBD
S3150001E040C5050B920C2202FB01AA9AF80C20ED00E1
S3150001E0508DF830208DF83820DAF80820DAF8041027
S3150001E0600F9205F10C021C351D440A9013440D91C3
S3150001E07000950AAA08A95048FEF797FE05468C2284
S3150001E0800021A08716A8F2F77AFD206816AB009347
S3150001E090DAF808202B469AF80C100068FFF7D8FA30
S3150001E0A01822002110A8F2F76AFD40F20923ADF803
S3150001E0B04030424B119312F00CFD6368A9EB00004E
S3150001E0C0D3F8A030139017A918A8984716AB159046
S3150001E0D020680093384AA38FD0F8740310A909F079
S3150001E0E005F810B9052363729AE640F21C51344AC9
S3150001E0F0344812F09FFC93E63348FFF725FC1830AD
S3150001E100FFF722FC6FF00E03B8F91E206FF08D01A8
S3150001E1109A42A8BF1A46B8F920300B2BA8BF0B2389
S3150001E1208A42B8BF0A466FF013018B42B8BF0B464D
S3150001E130C2F1F1021433D2B2DBB243EA42134622F0
S3150001E1408DF85820D8F80C208DF85D30110A8DF81D
S3150001E15059208DF85A101B0A110C120E8DF85B10FE
S3150001E1608DF85C208DF85E3012F0A6F9022314308A
S3150001E17001900093294607233846029716AAF4F719
S3150001E18077F913E640F20141104A114857B0BDE84C
S3150001E190F04F12F04FBC049B636203F13200A6E616
S3150001E1A0024BBAB95A8A01325A82FFE5D45300208A
S3150001E1B030520020904D0020C252002095D001001F
S3150001E1C0AA5B0300555C030050520020054403007E
S3150001E1D07D5C0300198A01311982744B93F800E0C2
S3150001E1E0BEF1000F40F0C7804FF0010C704B1D7857
S3150001E1F0691E4D424D41997C059181B393F82300E7
S3150001E20070452CD30828814611464FF0000628BFD9
S3150001E2104FF00809DFF8BC8103F112071FFA86FAED
S3150001E220D14500F29F80D1B1082813D90027A0F16A
S3150001E2300806DFF8A48103F11B09F6B219F801BB40
S3150001E24018F801A90137BFB2D34518BF0021B7425B
S3150001E250F4D321B1059986468D1E18BF01250CF10F
S3150001E260010CBCF1100F03F11203C4D12368002283
S3150001E270197B186805F010F980B2132894BF0020A5
S3150001E2801338A18F88BF80B2814288BF0025FFF76E
S3150001E290DBFBFFF7D1FA4FF47A7390FBF3F0049BA3
S3150001E2A000B2181A2062002D3FF480AD3F4D2B7845
S3150001E2B0002B62D13F48FFF747FB6FF00E023E4845
S3150001E2C0FFF742FBB4F90A306FF08D019342A8BF04
S3150001E2D01346B4F90C200B2AA8BF0B228B42B8BFF8
S3150001E2E00B466FF013018A42B8BF0A461432C3F1D6
S3150001E2F0F103D2B2DBB2120142EA432294F845316C
S3150001E3002E491B0403F440331A43FFF79DFB00F02B
S3150001E3100F0002438DF85820130A120C8DF85A206B
S3150001E32064228DF859306B682E78B3FBF2F3B6FA96
S3150001E33086F6A58F1A0A8DF85B308DF85C201B0CCA
S3150001E3402A460DF15E008DF85D30F2F70BFC236A6B
S3150001E350AA1D7609002000963233D2B216A905F01D
S3150001E36015FC5DE518F801A917F801BF0136D3457B
S3150001E37018BF002152E7154678E7012B0AD138224A
S3150001E3800F48FFF7E1FA94F844310E4802FB030007
S3150001E3902C3090E740F252510B4A0C4812F04AFBDE
S3150001E3A08BE740F245410A4AEFE600BFEC530020F5
S3150001E3B0105100207452002050520020C2520020F9
S3150001E3C05C520020904D002005440300345C03009C
S3150001E3D0D05B0300CA520020D252002013B51E4C56
S3150001E3E0092120680DF10103D0F8740301AA08F090
S3150001E3F02FFF9DF8011004290AD00A2927D00022EF
S3150001E4004B1E594259410198FFF7B8FC02B010BDA5
S3150001E4100C2294F845311149206802FB031100686A
S3150001E420097B0DF103030DF1020204F0B3FE23682B
S3150001E4300021D3F87433B3F8AA2AD3F86C05B3F8DC
S3150001E4407035A287C4F80A000122E381DBE70223C3
S3150001E450002263721146D6E7845200203052002012
S3150001E460F8B5002304460E4615460921234AD0F87D
S3150001E470740308F0E3FD034600283DD10121204A3B
S3150001E480D4F8740308F0DAFD0346002834D138279E
S3150001E4901C4A07FB03F10133102B8854F9D10123E0
S3150001E4A01227002218490B7007FB03F00133102BCA
S3150001E4B00A54F9D1154BD4F874135A720822D1F8BB
S3150001E4C05C1E1C60596083F8496183F84851104B02
S3150001E4D0DA805A820422DA835A8500221046D988C4
S3150001E4E0033219600C2A4FEA41019980187203F12F
S3150001E4F00C03F4D10120F8BD0020FCE7DDE30100A7
S3150001E500A1E50100904D0020105100208452002009
S3150001E5105052002038B50023124D04462B722B6849
S3150001E5200921D3F8740308F05FFE10B100242046D8
S3150001E53038BD2B680121D3F8740308F055FE002875
S3150001E540F4D16B7A0BB101236B720CB90124EEE79E
S3150001E55001F01AFA02282874F8D0002001F006FA10
S3150001E560E5E700BF8452002038B50B4D6B7A012BCD
S3150001E5700FD101F009FA10B9287C01F0F7F901244D
S3150001E580064B2C721B7F85F84531FFF763FA20464F
S3150001E59038BD0020FCE700BF845200203052002025
S3150001E5A007B5074B0121186801AA0DF10303D0F83D
S3150001E5B0740308F04DFEFFF7D7FF03B05DF804FBC7
S3150001E5C0845200202DE9F04F9046804DB1B005F1FF
S3150001E5D03E00F2F7C7FA1FFA88F30393AB872B685D
S3150001E5E000221E68FFF730FA0146304604F01AF998
S3150001E5F00C21774A95F84531074601FB03235B68F1
S3150001E60001463046049304F09BFD4FF0180A4FF083
S3150001E610010B0DF134098C22002104464846F2F71C
S3150001E620AEFA5246002107A8F2F7A9FA694B8DF80E
S3150001E6301CB008932B6A059312F04BFA059B03F560
S3150001E6408C435033181A0A90002C6BD139460DF1C0
S3150001E6501A0230460DF11B0304F09CFD049B304663
S3150001E660119304F0A9FE8DF84900304604F03CFFF1
S3150001E6703B4641B2119A304604F036FE9DF81B30F6
S3150001E6808DF848009DF81A008DF839308DF838005C
S3150001E6908DF83AB00C2B09D8DFE803F00707070716
S3150001E6A007413E3838333808380001240823ADF8CD
S3150001E6B03C3000238DF83E3040F20113ADF8403076
S3150001E6C001238DF8343002238DF81D306B688DF8E7
S3150001E6D03B40D3F8A0308DF83F800EA90FA898478C
S3150001E6E00C902868CDF80090AB8F3B4AD0F87403A4
S3150001E6F007A908F0FBFC08B1FFF736FF31B0BDE80A
S3150001E700F08FA0F10C014C424C41CFE70B380128A8
S3150001E7108CBF00240124C9E70A380228F8E7093822
S3150001E7200328F5E7012C4AD1394630460DF11B0283
S3150001E73004F05CFD294B0C21179340F2FF13244A88
S3150001E740ADF8603095F84531304601FB03235B682F
S3150001E750169304F035FE1590304604F0C5FE3B468F
S3150001E76041B2169A304604F0BFFD039B46F2A81249
S3150001E770ADF84E302823ADF848304FF48273ADF82A
S3150001E7805030174B8DF86200CDE90F2304234FF467
S3150001E7907A728DF844309DF81B308DF84D40534305
S3150001E7A00E9300238DF8343003238DF81D306B68EA
S3150001E7B08DF84BA0D3F8A4300EA912A88FE740F22A
S3150001E7C01A21084A084812F035F98AE784520020CE
S3150001E7D0305200208DDB0100C25200200F1D211096
S3150001E7E0A0860100264D03000F5C03002DE9F04FC2
S3150001E7F00546A7B018B9002027B0BDE8F08F037809
S3150001E800052BF8D8037F013B012BF4D800274FF0E5
S3150001E8100C082F4CFEB208FB06562368317B18689C
S3150001E82004F08EFC0028E6D123687168186804F0AC
S3150001E830D4FE0028DFD12368B168186804F0CDFE44
S3150001E84006460028D7D12A7F0137FBB29A42E1D882
S3150001E850AC464FF00C09BCE80F004FF00F0B1D4FF3
S3150001E8600FC79CE80F0087E80F00A7F1100A2B7F5E
S3150001E870F7B2BB4205D8637A0120002BBCD1607286
S3150001E880BAE709FB07A803ABCDE900B3206800236B
S3150001E890D8F8042098F80C100068FEF723FD0F2124
S3150001E8A098F80C00FEF7C8FF4FF47A7290FBF2F06D
S3150001E8B007F11C0324F81300636804A9D3F8A030F8
S3150001E8C005A898470A3744F827000136CFE700BF65
S3150001E8D084520020305200202DE9F0470F280446CB
S3150001E8E0154699469DF820801AD8082A18D8B8F1F5
S3150001E8F0080F15D84FF0120A0A4F0AFB04F40AFB57
S3150001E900007601363046F2F72DF97019424649462E
S3150001E910F2F728F945443B195D749DF824303B55BF
S3150001E920BDE8F087105100202DE9F84304460F2C6D
S3150001E930884610461F469DF820509DF8249023D8FE
S3150001E940C4EBC40C114E4FEACC0C0CF11C030CF1B8
S3150001E9500C0C334406EB0C02FEF712FB3820444341
S3150001E96001200A9B321993601FFA89F3538615FB1E
S3150001E97003F315FB09F5C2F80480305582F83470AB
S3150001E9801386D562BDE8F8830020FBE7904D002091
S3150001E9900F2807D838234343034AD05C18B1002116
S3150001E9A0D154704700207047904D00200F2809D898
S3150001E9B038225043044B1A18185C20B119B19368D8
S3150001E9C00B60704700207047904D002070B50328FA
S3150001E9D09DF810600FD80C256843094C012904EBFA
S3150001E9E000052A7216FB03F2EB80AA8005D00229E4
S3150001E9F002D001B9215070BD73432350FBE700BF1C
S3150001EA0050520020014B1870704700BFD0530020B0
S3150001EA10014B1878704700BFD053002073B5002111
S3150001EA20044601250D4E0170057704F1080330688F
S3150001EA3000930068231D04F10C02FDF717FF58B976
S3150001EA4004F11403306800932946006804F11003A9
S3150001EA5004F11802FDF70AFF02B070BD84520020CE
S3150001EA60837842781B0403EB02230278C0781344AF
S3150001EA7003EB0060704700002DE9F7430C46096877
S3150001EA8000250846FFF7ECFF064691F80480134F70
S3150001EA90C0F301796A00C5EBC50348FA02F226FA0A
S3150001EAA003F302F0030217F8122003F07F03A3F128
S3150001EAB07F0100924A424A41E8B249460135FFF7D1
S3150001EAC085FF042DE6D12379627901209B1A2371F2
S3150001EAD00023237303B0BDE8F08300BFD05C0300BD
S3150001EAE0F7B50B680C461F78002307F00F064D7B20
S3150001EAF0304601A90193FFF759FF10B905F0FE054C
S3150001EB0006E0FB0604D53046FFF742FF0028F5D0A4
S3150001EB102379627901209B1A2371A3681D70A3686A
S3150001EB20019A5A70019BA2681B0A9370A368BDF8EB
S3150001EB300620DA70A3689DF807201A71052323734E
S3150001EB4003B0F0BD2DE9F0470C6888B0A01CFFF7B3
S3150001EB5087FF8146A01DFFF783FF0DF1100C0D46BF
S3150001EB608646624694F80080677804F10A0608F042
S3150001EB700F0807F03F0A1A34634630687168083691
S3150001EB8003C3A6429C46F7D10C4BBF0913F81730B5
S3150001EB90AAF13F01CDE900A34B424B41404649460C
S3150001EBA0CDF808E0FFF7C0FE2B796A7901209B1AA0
S3150001EBB02B7100232B7308B0BDE8F087D05C0300EE
S3150001EBC02DE9F04F0B680D465A781C7887B004EB97
S3150001EBD002244A79A7B2097904F01F0422448A4221
S3150001EBE064DC697B102C98BF0E46C7F3411288BFBF
S3150001EBF001F0FD06032A08BF06F0FE0617F4F06FC2
S3150001EC00C7F3C31008D10CB106F0FB06571E012F3E
S3150001EC1005D906F0FB0602E00CB9002AF9D18E42AD
S3150001EC202AD1082CA64628BF4FF0080E082CA44668
S3150001EC3038BF4FF0080C0DF108094FF0000849469E
S3150001EC40ACF1080C671C5FFA8CFC03EB070A5FFA50
S3150001EC5088FBDE451CD8A7EB0E070DF110091F44F2
S3150001EC604FF000084B465FFA88FAD44517D8CDE92C
S3150001EC7000C27246FFF730FE01202B796A799B1A92
S3150001EC801C1BAB682C711E70287307B0BDE8F08F92
S3150001EC901AF801B908F1010809F801BBD7E717F815
S3150001ECA001A908F1010809F801ABDCE70020ECE74E
S3150001ECB007B50DF107030DF1060204F06BFA012009
S3150001ECC09DF8063098409DF80730073B062B08D87B
S3150001ECD0DFE803F004070A070C0F12007D23B0FBDF
S3150001ECE0F3F003B05DF804FBFA23F8E74FF4FA7387
S3150001ECF0F5E74FF44873F2E74FF4C863EFE7000016
S3150001ED002DE9F0430A680D464C7B13785178064687
S3150001ED1003EB01239FB2C3F340309B048BB00CD4A9
S3150001ED20FFF7F8FB01202B796A799B1A2B71AB68E7
S3150001ED301C7028730BB0BDE8F0832022002102A8C5
S3150001ED40F1F71DFFC7F382200528C7F3C1198DF816
S3150001ED50080020D94FF47A7804F0DF0404AB00935D
S3150001ED60306803AB05AAC7F34021FDF77FFDB8B1B3
S3150001ED7004F0EF04B9F1000F1ED101238DF8243000
S3150001ED806B7BA342CED102A8FFF730FD00285FD0EE
S3150001ED90FFF7EAFBC6E7FEF73FF840FA09F8DDE7B9
S3150001EDA09DF814103068FFF783FF0530B8EB400F6C
S3150001EDB038BF04F0DF04DDE7B9F1010F45D10223C5
S3150001EDC08DF824302B683068DA7899781B7901EB55
S3150001EDD0022101EB034164235943069104F0FDFB33
S3150001EDE008B104F0FE04C7F3C30130688DF82010A2
S3150001EDF003F04CFEB0B104F0FB0407F00707052F42
S3150001EE000DD84FF47A72134B069933F817303068E0
S3150001EE1002FB0311079104F0E0FB0028B0D004F0D7
S3150001EE20FD04ADE79DF82010306804F089F900284B
S3150001EE30E1D19DF820103068FFF73AFF0530B8EBB5
S3150001EE40400F38BF04F0DF04D7E704F0F70497E773
S3150001EE50044667E7145D030010B50446FFF7D8FDC5
S3150001EE6030B12046BDE8104005220249FDF7AABC93
S3150001EE7010BD00BFD85C030010B48424094B04FB09
S3150001EE8000331C7E8C4209D00024024683F8604080
S3150001EE9022205DF8044B197606F05AB95DF8044B49
S3150001EEA0704700BF105400202DE9F04F84270478E5
S3150001EEB0C04D04F10E0607FB04578DB0F6B20DF1F5
S3150001EEC00B033146786803AA08F0C2F99DF80B30A6
S3150001EED0042B00F0C880052B00F04781032B40F07E
S3150001EEE03E81039B2046FB6597F86030DFF8C882B8
S3150001EEF0013387F8603097F86130013387F8613064
S3150001EF00F3F718FB022840F0A780182200210DEB29
S3150001EF100200F1F734FE97F83C2004EB44139B0002
S3150001EF20002A40F0918003F11C0B4FF0840A0AFB82
S3150001EF3004FA05EB0A07D7F85C90019311F0C9FDB5
S3150001EF40019B97F83C1041332B440993072304EBAB
S3150001EF5044120A4405EB8202526DAB4409F13209AF
S3150001EF60A9EB00000792DBF80420069055F80A0089
S3150001EF7008928DF8283004F016FA8DF82A0055F813
S3150001EF800A0004F019FA0DF129030DF12B029BF881
S3150001EF9008108DF82C0055F80A0004F0FBF89DF8CE
S3150001EFA02B1055F80A0004F079F87968ADF82E00AF
S3150001EFB006AA3046FEF79CFB4FEA4419064600288E
S3150001EFC045D197F8612097F87D309A4242D987F862
S3150001EFD0610001260746842202FB045292F83C1086
S3150001EFE009EB04030B44D26D05EB83035B6D6432BD
S3150001EFF01344C8F800304FF0840808FB045898F809
S3150001F000803098F860209A4212D38BB198F8183064
S3150001F010012B40F0B78000212046FFF72DFF00238A
S3150001F02088F8633088F82E3040F62803A8F83E3079
S3150001F030002F00F0AF808423002003FB0454636992
S3150001F04098470DB0BDE8F08F03F1700B6DE700270F
S3150001F0503E46C0E70127BEE70027039B3233C8F8C7
S3150001F06000300126C7E77B6804F25A5213F81230C2
S3150001F070072B87F840300CD0842303FB045393F805
S3150001F080611093F87D20914269D9002783F8617058
S3150001F090E7E797F83C3004EB4416B600002B61D144
S3150001F0A006F11C081822842700210DEB0200F1F756
S3150001F0B066FD2046F3F704FB07FB04573B6DA844A6
S3150001F0C0079398F8083041368DF820302E44D8F849
S3150001F0D0003000223146069006A80993FDF700FE8E
S3150001F0E081463046FDF7C3FD8145C5D1D8F80430C8
S3150001F0F00DF1100842463046099306A90023FDF793
S3150001F10093FD98E8030000230126A7F8603007F174
S3150001F110640383E8030087F8636002212046FFF752
S3150001F120ABFE9DF815309DF8140087F82E30BB8F85
S3150001F130BB85FDF787FE87F83E009DF81600FDF7B3
S3150001F14093FED7E90D231344BDF8122087F83F003B
S3150001F1509B1ABB629DF81770002F3FF44CAF012735
S3150001F160002648E706F170089CE797F8612097F8B2
S3150001F1707D3000269A4203D987F86160374670E7E9
S3150001F180012738E7022B7FF453AF01212046FFF711
S3150001F19073FE4DE7002E3FF454AF074B8DF819402F
S3150001F1A01B688DF818700793842303FB045406A883
S3150001F1B0E36845E710540020985400202DE9F04FEC
S3150001F1C09B46494BA9B093F800A00746894602928F
S3150001F1D0BAF1000F00F08580444D00EB4010860027
S3150001F1E08422002105EB8000F1F7C9FCBBF1000F79
S3150001F1F001D0359B23B9B6213D4A3E4811F01AFC90
S3150001F20011F067FC312804D9BA213B4A394811F07B
S3150001F21011FC07F10E01C9B24846039107F030FF10
S3150001F22006F1080303994846344A2B4407F006FFC2
S3150001F2300146002852D14FF0840808FB07F8029BCB
S3150001F24005EB080445F80830339B27722361359B8B
S3150001F25003276361012384F83D3040F62803607675
S3150001F26084F82E0006F170001422E387C4F80CB06E
S3150001F270C4F80490A77628440291F1F780FC08238C
S3150001F28006F1240284F8803006F11C0320362E4450
S3150001F290029984F87E702B442A4455F8080000969A
S3150001F2A0FDF7E4FA05AB8C2218460299F1F767FCE3
S3150001F2B000900723E26994F8241055F80800FEF738
S3150001F2C0C7F9636806A9D3F85C3E07A8D3F8A0304E
S3150001F2D098476065504629B0BDE8F08F4FF0000AA7
S3150001F2E0F8E74FF0010AF5E7945400201054002086
S3150001F2F0205D0300695D03003D5D0300A9EE010089
S3150001F300014B1870704700BF94540020014B1878C8
S3150001F310704700BF945400208422044B02FB003046
S3150001F320437E0BB100234376704700BF1054002083
S3150001F3308422054B02FB0030437E1BB9837E0BB151
S3150001F34001234376704700BF105400208422024BEC
S3150001F35002FB0030407E704710540020F0B50C4689
S3150001F360897B05463B4EA7B041B9842303FB006365
S3150001F370024699762120597605F0EAFE237B002B79
S3150001F38048D1A37B032B5DD00827842303FB0563A8
S3150001F39004F1100C70331A4620686168083403C200
S3150001F3A064451346F7D1842303FB05632068106087
S3150001F3B093F87E109A7E83F880708A4204D02A469A
S3150001F3C02120997605F0C4FE842202FB056355438C
S3150001F3D093F87E10741994F87C70012908BF597648
S3150001F3E0002F35D003AB8C2200211846F1F7C7FB5D
S3150001F3F000900723226F94F878107059FEF728F9C8
S3150001F400636804A9D3F85C3E05A8D3F8A0309847F1
S3150001F410A06507E084276F432168F05904F0DDF801
S3150001F42018B10027384627B0F0BD6168F05904F0DD
S3150001F430D4F80028F5D1217AF05903F081FE00288D
S3150001F4409FD0EEE7842303FB056393F880709CE766
S3150001F4500127E7E71054002030B599B184220A4B01
S3150001F46002FB00300B4600F1700500F180022C46CC
S3150001F47003CC944218605960254603F10803F6D17E
S3150001F4802068186030BD00BF105400202DE9F04FF0
S3150001F49084264643934C8FB004EB0608074698F83A
S3150001F4A02E009A4691460391FDF7B6FC834611F06C
S3150001F4B003F8039B181AB0F57A7F03D500200FB025
S3150001F4C0BDE8F08FD8F8283007EB471502930023E3
S3150001F4D088F83C3098F81830AD00B3B998F83D106B
S3150001F4E005F12000B1FA81F105F11C03490905F185
S3150001F4F02402204488F83D10234400902244A05958
S3150001F500FDF7B4F901300FD1D8E798F87C30002B1C
S3150001F51000F09A80012388F83C3098F82C301BB90A
S3150001F520029BA3EB5B030293842303FB07431A7E2F
S3150001F530022A13D193F83E60D9F80830029A1E4484
S3150001F540039B5B449B1A5E43674B7600B6FBF3F65F
S3150001F550B34504D801213846FFF78EFC5E46842365
S3150001F56003FB074393F83C30002B7AD105F11C08C5
S3150001F57099F80D104135A0442544002974D124225F
S3150001F58005A8F1F7FCFAD9F804302846069399F84C
S3150001F5900C3005A98DF81C30FDF7EAFA8423012207
S3150001F5A003FB074383F8400083F86C2084207843EB
S3150001F5B00DF11303251898F80810205805AA03F031
S3150001F5C0E9FD9DF813209DF814100120FAF7C6F8FD
S3150001F5D04FF47A7101FB06F2B2FBF0F295F83F3077
S3150001F5E0073313442B634343B3FBF1F301336B63DB
S3150001F5F02B7E022B6FD101238AF80830DDE9022325
S3150001F600981A3044B0FBFBF0A2EB560602300BFB16
S3150001F6100060A86384204743D8F80030CAF8043054
S3150001F620E3199D6B11F055FA281ACAF8000098F8EB
S3150001F63008100AF10B038AF80910E0590AF10A02C7
S3150001F64003F0A8FD01203AE705F12001214405F167
S3150001F6501C0305F12402009198F83D10234422442D
S3150001F6604DE705F1700883E7842303FB07431A6D11
S3150001F67001321A6593F86C2032B10022D9F80000E4
S3150001F68083F86C20FDF702FC2422002105A8F1F77E
S3150001F69076FA01238DF81430D9F8043028460693FA
S3150001F6A099F80C3005A98DF81C30D9F800304FF0C7
S3150001F6B0840909FB07490893D9F850300993D8F80A
S3150001F6C000300B9398F808308DF83030FDF750FA7A
S3150001F6D089F840006AE700238AF80830039BAB6388
S3150001F6E098E700BF1054002040420F002DE9F04377
S3150001F6F087B00E6805460C4610F0DEFE301A00286B
S3150001F70040DB842303FB05F81F4E226806EB08073E
S3150001F7103B46413302933B6BBA63ADF80C3097F825
S3150001F720403000928DF80E306268E37A56F8080090
S3150001F73001928DF80F3003F036FE56F80890A37A41
S3150001F7408DF8100048468DF8113003F0CDFE637A2E
S3150001F75041B26268484603F0C7FD8DF8120056F8BB
S3150001F760080003F029FE237A8DF8130005F10E0037
S3150001F7706A467968C0B28DF81430FDF755FD07B0B9
S3150001F780BDE8F0830020FAE71054002070B5044666
S3150001F7901D4616463AB1842343430C480022C058FD
S3150001F7A003F040F830706DB18420084904EB44122F
S3150001F7B000FB041494F83C30920023B91C320A442D
S3150001F7C013682B6070BD7032F9E700BF105400203A
S3150001F7D08422034B02FB003090F83E00704700BFC5
S3150001F7E0105400208422044B02FB00331B7E13B904
S3150001F7F00121FFF741BB704710540020024BC36043
S3150001F80001230374704700BF000401052DE9F0438D
S3150001F810D1F8009087B099F8023099F80180142246
S3150001F82008EB03284C7B1FFA88F706460D4601A80C
S3150001F8300021F1F7A4F9C7F345238DF8113099F8A2
S3150001F8400030C8F3C118C3F381038DF8123099F85B
S3150001F850003003F00302082393408DF81330B8F10A
S3150001F860000F3ED0B8F1010F51D18DF8108099F8F3
S3150001F870043099F80310306801EB032199F805303B
S3150001F88001EB034164235943019103F0A6FE08B13C
S3150001F89004F0FE04C7F3C30130688DF80C1003F0C1
S3150001F8A0F5F810B104F0FD0406E09DF80C1030687F
S3150001F8B003F046FC0028F5D107F00707052F02D90A
S3150001F8C004F0F7040DE04FF47A72124B019933F804
S3150001F8D01730306802FB0311029103F07EFE002807
S3150001F8E0EED16B7BA34207D196F80C0501A9FFF770
S3150001F8F035FD002808BF002401202B796A799B1A5F
S3150001F9002B71AB681C70287307B0BDE8F08304F057
S3150001F910FB04E6E7A65D030010B50446FFF7F6FC17
S3150001F92030B12046BDE8104001220249FCF74ABF2A
S3150001F93010BD00BFB45D0300002370B54578DCB28D
S3150001F940A54201D8002007E046688E4205D88668A0
S3150001F9508E4202D90120147070BD01335030EEE79A
S3150001F9600022014B1A6070479C540020054B1B680E
S3150001F97033B1022801D05A7812B1187000207047AD
S3150001F980012070479C540020034B1B680BB118786B
S3150001F99070470220704700BF9C540020F7B5394FCD
S3150001F9A004463B680D46002B4DD05A78002A4AD0B2
S3150001F9B01B78022B47D010F07FFD3F680646214693
S3150001F9C038460DF10702FFF7B7FF00283BD050225A
S3150001F9D09DF807002C4902FB0072137D12694EF651
S3150001F9E06024B2FBF1F202FB11623E21B2FBF4F498
S3150001F9F0B4FBF1FC01FB1C441E2103EB540404F08F
S3150001FA00FF04B4FBF1FC01FB1C44012D1F498ABF15
S3150001FA106D08012501358A42E4B216D3502303FB52
S3150001FA2000703C2200211630F1F7A9F828239DF831
S3150001FA30072003FB024307EB4303DD82502303FB4D
S3150001FA4002773E613C7503B0F0BDA3420FD0282278
S3150001FA50002150430133DBB21E2B28BF0023C218FD
S3150001FA60083207EB4202A342D180F3D1DEE7084B0D
S3150001FA709A42DBD8282303FB004007EB4000C38AE8
S3150001FA801D44D3E79C540020C0D4010080EE36000B
S3150001FA90BFD401002DE9F84FDFF8B480D8F8003063
S3150001FAA083B15B7873B110F007FD00270546DFF8D7
S3150001FAB0A490DFF8A4A0D8F800005FFA87FC437889
S3150001FAC0634501D8BDE8F88F502101FB0CF14618BA
S3150001FAD032694EF66024B2FBF9F202FB19524FF07D
S3150001FAE03E0EB2FBF4F4B4FBFEFB0EFB1B444FF0DF
S3150001FAF01E0E337D03EB540404F0FF04B4FBFEFB3E
S3150001FB000EFB1B44DFF854E0E4B2724515D22821FE
S3150001FB10002601FB0CFCA34218D00133DBB21E2BDD
S3150001FB2028BF0023A34201D15245F4D90CEB0301AE
S3150001FB30083100EB4101CE80EDE701F116033C22CD
S3150001FB4000211844F1F71BF8356134750137B2E726
S3150001FB509C540020C0D40100BFD4010080EE3600C1
S3150001FB60114B30B51B68DBB10378012B18D14278F4
S3150001FB70C2B100245023224603FB0103163301328E
S3150001FB8033F8025BD2B21E2A2C44F8D1502303FB70
S3150001FB90010083890548B0FBF3F0A0EB440030BDBA
S3150001FBA00120FCE71846FAE79C54002080EE360057
S3150001FBB008B5094B1B685BB10378012B08D1427864
S3150001FBC042B1FFF7CDFF0028D4BF0020012008BDB8
S3150001FBD00120FCE71846FAE79C5400202DE9F04F76
S3150001FBE0DFF8CCA18146DAF800300C468BB023B998
S3150001FBF0002420460BB0BDE8F08F1A78012AF7D110
S3150001FC005B78002BF4D000274FF0FF333D46FF26EB
S3150001FC100DF1180806930DF1200BA8F8043008938E
S3150001FC20ABF80430FFF736FF04EB89030093009B22
S3150001FC30A34213D1002F4CD1002DD9D00026344632
S3150001FC40DAF8007018F806103846FFF789FF013612
S3150001FC50F3B29D42A4EB0004F4D8CAE7DAF80090A7
S3150001FC6054F8041B48460DF11702FFF765FE0028FC
S3150001FC70DDD09DF81710B142D9D04846FFF798FF5D
S3150001FC8099F8012058B95B46C6B296421BD307F1D3
S3150001FC9028036B44013703F8081CFFB20BE040460A
S3150001FCA00023DEB2964208D305F128036B440135E1
S3150001FCB003F8101CEDB20E46B9E710F8016B0133DB
S3150001FCC0B142EED1B3E713F8016B0130B142DBD19A
S3150001FCD0ADE7002DB2D110F0EFFBDFF8D8808146F9
S3150001FCE0B0FBF8F308FB1303A8EB030301934FF0F2
S3150001FCF0FF332D4A2D4800935024DAF800301BF8C3
S3150001FD0005104EF6602604FB0134237D2469B4FBFD
S3150001FD10F8F404FB1894B4FBF6F43E26B4FBF6FCA7
S3150001FD2006FB1C441E2603EB540404F0FF04B4FB3B
S3150001FD30F6FC06FB1C444FF0280C00260CFB01F1D7
S3150001FD40E4B203910134E4B21E2C08BF0024DAF8B0
S3150001FD5000100291039901EB040C029901EB4C018D
S3150001FD60C98A79B99C421BD00136F6B21E2EE9D951
S3150001FD7040F2FF11029310F05DFE029B0B489C427C
S3150001FD80094ADFD1019B013508FB0636009BB342C8
S3150001FD9028BF33460093EBB29F42ADD8009C28E7BB
S3150001FDA01E2EE5D8EEE700BF05440300C05D030043
S3150001FDB09C540020C0D4010013B5044601460DF140
S3150001FDC00302006807F078F90DF102039DF80310AC
S3150001FDD0206801AA07F03CFA9DF80230062B04D1EF
S3150001FDE0D4E90630984702B010BD072B01D1237D17
S3150001FDF013B1D4E90A30F5E7D4E90830F2E7000097
S3150001FE002DE9F347044690F8085E10F060FE0020E5
S3150001FE1010F061FE8C2303FB0543D4F85C2E197E9A
S3150001FE20966E1068B04720B16E21434A434810F0E0
S3150001FE3001FE8C2303FB0543D4F85C2E996E566EA6
S3150001FE401068B04720B170213D4A3C4810F0F2FDE0
S3150001FE508C2101FB0541D4F85C3E48311A6F1868C4
S3150001FE60904720B17221374A344810F0E3FDD4F8A7
S3150001FE705C3E00211A6E1868904720B17421324AFF
S3150001FE802E4810F0D7FDD4F85C3E4FF0FF315A6A88
S3150001FE901868904720B175212C4A284810F0CAFDF0
S3150001FEA010F00AFB0746861C10F006FB301A0028E4
S3150001FEB0FADC4FF08C0810F0FFFA08FB0548DFF872
S3150001FEC09090DFF878A0C4F8B40DD4F85C3E0DF13B
S3150001FED00601D3F89C201868904720B14A467F2135
S3150001FEE0504610F0A7FD05F2BA2354F82330BDF9A8
S3150001FEF00620596B1A8611445963996B013199632E
S3150001FF00B8F9883093420CDC07232544204685F84E
S3150001FF10283B07F0CFFB204607F038FA02B0BDE8D0
S3150001FF20F087D8F87430FE1810F0C6FA301A002897
S3150001FF30CBDC06232544E9E7E65D030062600300A6
S3150001FF403E5E0300A25E03000C5F0300595F0300DF
S3150001FF50AC5F03002DE9F74F1646DDE90D9BDDE9A0
S3150001FF600F8A0C9A04460D461F4601922BB1B9F130
S3150001FF70000F02D0B8F1000F04D13521144A1548FB
S3150001FF8010F058FD019B3146C4E907390023C4E945
S3150001FF900D332386237584F83C300523A3604FF681
S3150001FFA0B073A3810C4B28462361C4E909B82560C7
S3150001FFB02671A761C4F82CA007F062F823463146E2
S3150001FFC02846064A03B0BDE8F04F07F037B800BF30
S3150001FFD0F15F030082600300400D0300B9FD0100DB
S3150001FFE010B500240231C0E90D4404868160828186
S3150001FFF0036110BD10B58468023C0C60B0F90C10A9
S31500020000118002691A6010BD80F83C10704790F8A2
S315000200103C0070472DE9F0431F46836904460E46AD
S315000200209146B9B002751BB1036A0BB1836A23B953
S315000200309A21334A334810F0FDFC0DF154088C2204
S3150002004000214046F0F79BFD1822002104A8F0F794
S3150002005096FD202200210DA8F0F791FD01238DF8CF
S315000200604130236912965A080A929A08CDE90B235F
S31500020070042321AD8DF834300AAE0FCE0FC50FCE54
S315000200800FC596E80700A36885E807002C93A389A5
S315000200902146ADF8C4300DF10F02206807F00CF8C6
S315000200A020B1B421184A174810F0C4FC9DF80F304D
S315000200B0A1688DF81030409B0B4409930C238DF8F0
S315000200C01130124B0593B9F1000F16D07F1A10F0BA
S315000200D000FD0023381A07908DF81A300023206895
S315000200E01A46CDF8008004A907F000F810B1D4E949
S315000200F00A30984739B0BDE8F08301230797EBE74A
S31500020100FF5F03004A6003001C60030001FE01005A
S315000201100028024818BF0020704700BFA0540020E4
S3150002012010B50446D0E902309847002394F82E20F1
S3150002013084F8283084F82F2084F82D3010BD37B586
S315000201400446002501460DF10302006806F0B4FFDD
S315000201500DF102039DF80310206801AA07F078F852
S315000201609DF8023084F82A50022B1FD1A37943B19D
S315000201702046FFF7D5FF94F8283084F8293003B0DB
S3150002018030BD94F82930012B02BF94F82D3003F1CB
S31500020190FF3384F82D3094F82D30002BE8D001235C
S315000201A084F82830D4E906309847E4E7012B01D1D8
S315000201B0A2795AB1D4E90830984794F82E3084F8D7
S315000201C0285084F82F3084F82D50D4E794F82F3035
S315000201D0002BCDD0013B84F82F3084F82820D4E9B7
S315000201E00430E1E710B504468C2394F8081ED0F8D3
S315000201F05C0E03FB0141D0F80C314831984728B117
S3150002020040F26311124A134810F014FCD4F85C3E13
S315000202104FF440711A6E1868904728B14FF4B271C4
S315000202200D4A0C4810F006FC10F051FCD4F85C3E66
S315000202309A6B1868904728B14FF4B471074A05487B
S3150002024010F0F8FB10F038F9C4F8B40D10BD00BF79
S315000202509060030091610300D3600300D25903004A
S315000202602DE9F04F85B01646DDE90EBA109A04461E
S3150002027001920D46DDE911921F460292DDE91382D3
S31500020280039243B1BAF1000F05D0B9F1000F02D0C3
S31500020290B8F1000F04D18021144A154810F0CAFBA8
S315000202A030220021201DF0F76AFC019B3146C4E989
S315000202B00539029B2846C4E90738039BC4E9027B39
S315000202C06362062384F82C3040F204432560E385FA
S315000202D02671C4F810A006F0D3FE234631462846FE
S315000202E0044A05B0BDE8F04F06F0A8BE356103002A
S315000202F0DA6103003F010200407970472DE9F04FB1
S31500020300984690F82A30B5B004468A4691469DF83A
S31500020310F870409D002B66D1836887712BB1036903
S315000203201BB183690BB1036A23B9D821664A6748B0
S3150002033010F080FB1422002106A8F0F720FC8C2284
S31500020340002111A8F0F71BFC182200210BA8F0F7D8
S3150002035016FC94F82F309DF80821934228BF1346C5
S3150002036084F82F3094F82830002B3FD194F82930A6
S3150002037063B994F82B304BB194F82D3033B9012080
S3150002038094F82C1010F082FB84F82D004FF47A704A
S31500020390AE00B6FBF0F64FF0020B94F82D3063B1C7
S315000203A04FF47A725D436D00B5FBF2F5039310F0DC
S315000203B090FB039B2E4400FB036600238DF8163048
S315000203C023684246D3F85C0E0DF116030093D0F86B
S315000203D0FC505B4649460068A84788B1012809D106
S315000203E02046FFF79DFE35B0BDE8F08F4FF0010BBA
S315000203F00026D2E74FF48B71354A344810F01AFBC7
S315000204009DF8162094F830308DF818B013448DF804
S3150002041019300A238DF81A304FF47A7301220793A2
S315000204209DF80C318DF820908DF828308DF82180BA
S31500020430CDF824A00DF1740C06AD8DF844200FCD35
S31500020440ACE80F002B68214620680DF11702CCF8A4
S31500020450003006F031FE28B140F227111D4A1B4832
S3150002046010F0E8FA9DF8173000258DF82C30052398
S315000204708DF82D30419B3F9833441093164B861BC3
S315000204800C938DF8355010F024FB11AB301A0E90F8
S3150002049087F0010700932A462B4620680BA98DF8A0
S315000204A0367006F023FE58B1D4E90830984794F81E
S315000204B02E3084F8285084F82F3084F82D5092E795
S315000204C0012384F82A308EE746610300BA610300ED
S315000204D00544030063610300E501020000280248A7
S315000204E018BF0020704700BFE0540020F8B504464C
S315000204F00D46C4220021F0F742FB00272570204654
S3150002050004F1C0014FF0FF3206250124084BC0E971
S31500020510032742615E780333467613F8016C80F84E
S3150002052020200676458400F8304F8842EFD1F8BD88
S31500020530F0610300032910B50DD801EB410300EB6E
S3150002054003131C794CB9302404FB010090F83100E6
S3150002055018B99A6010BD0120FCE70220FAE70329C8
S315000205609FBF302303FB01008368002094BF136002
S3150002057001207047032910B508D89A4208D83024BA
S3150002058004FB01010020C1E9042310BD0120FCE7A0
S315000205900420FAE770B50C46032C054611461E46A2
S315000205A018D8302000FB04500379ABB990F83130EB
S315000205B093B90A4804EB440404442A78A07808F064
S315000205C061FB28B931462A78607808F05BFB00B1F6
S315000205D0032070BD0120FCE70220FAE7F061030068
S315000205E070B50C46032C054611461BD804EB44068F
S315000205F000EB06163379BBB9302303FB040393F8E9
S3150002060031308BB90278094804EB4403C05C08F028
S3150002061039FB28B920462A78B16808F05BFB00B19D
S31500020620032070BD0120FCE70220FAE7F061030017
S31500020630D0F8D931C0F8D031D0F8DD31C0F8D43194
S3150002064090F8E13180F8D831D0F8D931C0F8E231EA
S31500020650D0F8DD31C0F8E63190F8E13180F8EA31C0
S3150002066090F80B32013380F80B32704740F648039C
S31500020670A0F87030092380F8733040F20513A0F811
S31500020680743090F905302DE9F041002BC0F2B680A6
S31500020690DAB2D10748BF013380F8762080F8772096
S315000206A0C3F3470380F87930162380F878304FF485
S315000206B00153A0F87A305E4B5E49C3675E4B5F4AD0
S315000206C0C0F88030022380F884305D4BC0F8F01009
S315000206D0C0E922135B4B3F21C0F89030642380F8B7
S315000206E0943041F20823A0F89C30342380F89E30DF
S315000206F0554B564CC0F8A430052380F80431544BB0
S31500020700C0F8D440C0E92A234FF48473514A524CAC
S3150002071080F8F8105149A0F8B230C0F8C42000237E
S315000207200122C0F8D840C0F8FC1040F6010440F29D
S3150002073002514B4DA0F8B43080F8B630A0F8E04034
S31500020740A0F8F630A0F8001180F8C820C0F8DC50F6
S3150002075080F8EC2080F8F420C0E94233C0F8EB318F
S31500020760C0F8EF31C0F8F331C0F8F7314FF0FF337C
S31500020770DFF8F08000F5E871C0F8101100F5A071FD
S31500020780C0F82011D8F8001000F2D914C0F8FB11F5
S31500020790D8F8041000F2EB17C0F8FF11296800F22E
S315000207A0F316C0F80312696800F2FB1EC0F80712BE
S315000207B0017900F2032CC0F81441C0F82471C0F884
S315000207C02861C0F82CE1C0F830C1C0F8D931C0F8B0
S315000207D0DD31C0F8E231C0F8E63180F8EA3180F85E
S315000207E0021189B980F8E131837980F80331002357
S315000207F080F80D3280F83E31BDE8F08141F2166391
S31500020800A0F876300E234DE701F5EC71435490F8CB
S3150002081002114C1E02FA04F401F2E11180F8E141E0
S31500020820435490F80231013B9A4080F8EA21DBE713
S315000208308364030000D88C36736403000002080741
S31500020840C01A4D37A0700837886303005C62030044
S315000208500D06FF3F6C620300646203008C620300B4
S31500020860546203004C6203002DE9F04190F80251F4
S315000208700446002D41D14FF03F0800F5A07600F561
S31500020880E877E9B2012238460135F8F797FF402D9D
S3150002089026F8028BF5D14FF0C00804F5E076E9B2EE
S315000208A0012238460135F8F789FF482D26F8028BD2
S315000208B0F5D1002384F80B3294F80331012B1AD1B7
S315000208C0D4F8D031C4F8D931D4F8D431C4F8DD31F2
S315000208D094F8D83184F8E131D4F8D031C4F8E23151
S315000208E0D4F8D431C4F8E63194F8D83184F8EA3130
S315000208F0032384F80B32BDE8F0810026013DEDB2F8
S3150002090000F5E87700F5A078C6F3C403AB42F1B26E
S3150002091006D101223846F8F751FF3F2328F8163050
S315000209200136402EF0D104F5E87704F5A078A6F159
S3150002093040039D42F1B206D101223846F8F73EFF46
S31500020940C02328F816300136482EF0D1B1E72DE93A
S31500020950F74F05460E46019322B300F2D91A4FF01D
S3150002096000094FF0FF3B4F4695F870405FFA89F851
S31500020970083CA04519DB95F87030E4B2A3422AD8A8
S31500020980052E03D8012F98BF4FF0FF3B019B2BB1D9
S3150002099095F8A930B34288BF4FF0FF3B584603B0E3
S315000209A0BDE8F08F00F5E87AD9E741465046F8F7F8
S315000209B0E9FE01280CD108F1A000314605EB400002
S315000209C0F8F70DFF012802BF4FF0000B0137FFB207
S315000209D009F10109C8E721465046F8F7D3FE012876
S315000209E001D00134C7E704F1A000314605EB40000F
S315000209F0F8F7F5FE0128F4D14FF0000BC0E790F8A6
S31500020A000C12002200F5F170F8F7D8BE08B5FFF710
S31500020A100FFE032380F80B3208BD000010B5144CFC
S31500020A20237863B190F8023100F5F1725BB94FF0A9
S31500020A30FF33C0F8E23153601372002323700023A0
S31500020A4080F80D3210BD0021C0F8E211516011721A
S31500020A50FF21013BDAB250FA83F383F8E211012354
S31500020A6003FA02F290F8EA31134380F8EA31E4E736
S31500020A70AD0F00202DE9F3410479064600F5E87032
S31500020A80F4B93F2706F5A075E1B2012201340190BF
S31500020A90F8F794FE402C019825F8027BF4D1C02584
S31500020AA006F5E076E1B2012201340190F8F786FEFE
S31500020AB0482C019826F8025BF4D102B0BDE8F08119
S31500020AC04FF03F08651EED00EDB2E700BD420ADBBE
S31500020AD03F34E4B221460122F8F770FEC023A03467
S31500020AE026F81430E9E7294601220190F8F766FE56
S31500020AF005F1A0030135019826F81380EDB2E5E76A
S31500020B00062808B50BD9A0F10803052B07D9072833
S31500020B1007D040F24331044A04480FF08BFF00200D
S31500020B2008BD0220FCE700BF05440300DB630300A7
S31500020B30062803D9A0F10803052B07D8064B1B5C30
S31500020B400B70064B53F820301370704740F2533146
S31500020B50034A04480FF06EBFF4640300B464030052
S31500020B6005440300B5630300F7B5054607230024D1
S31500020B7005F2D9160846C5F8D941C5F8DD4117462A
S31500020B8034720DEB03020DF106018DF806308DF875
S31500020B900730FFF7CDFF9DF80730072B19D1234CFD
S31500020BA0234B3C44B4FBF3F4E4B2082C22D895F868
S31500020BB00B3223BBFF222B1983F8D92121460122AE
S31500020BC005F2E110F8F7FAFD2846FFF731FD03B00A
S31500020BD0F0BD0B2B07D1174C154B3C44B4FBF3F479
S31500020BE004F00704E3E740F29321134A13480FF097
S31500020BF021FFDCE7234640F29921114AF6E7012B51
S31500020C000DD14FF0FF32A3400021DB43C5F8D921B5
S31500020C1072602A1982F8D91185F8E131D4E740F2D7
S31500020C20B221084A05480FF005FFCDE7002873C92F
S31500020C30006A1800A07968C9FC6103001264030007
S31500020C400A6203002B620300072804D103230B70F8
S31500020C5008231370704740F26231024A02480FF0CD
S31500020C60E9BE00BF054403008C63030090F87030B0
S31500020C70083B9942A7BF054B0548064B0648A8BF45
S31500020C8001F0070103FB0100704700BF006A18006C
S31500020C9060869736400D030000D88C362DE9F3475F
S31500020CA000230446154600F2D91607293CD8DFE888
S31500020CB001F0040404043819333526F811500025CE
S31500020CC0002794F87030F9B28B4230D809213046A9
S31500020CD0F8F77AFD012814BF28464FF0FF3002B01C
S31500020CE0BDE8F087B04600274FF0FF0900F2E11A8F
S31500020CF045FA07F212F0010216BF88F8009088F84A
S31500020D0000200122F9B250460137F8F757FD082FA5
S31500020D1008F10108ECD1D2E74FF0FF33C4F8D9311C
S31500020D20736084F8E151CAE76FF00105C8E73046FF
S31500020D300191F8F727FD0128019903D12046FFF713
S31500020D4095FF08B10137BCE74FF0FF35BEE700005B
S31500020D502DE9F04F04461F464FF009084FF00009EF
S31500020D6095B0CDE900121E9D00F5F17A94F80D3288
S31500020D70082B88BF84F80D9294F80D32234493F819
S31500020D80E2211AB993F8D02183F8E22185F800907E
S31500020D9094F80D1204F5E87BC900CEB294F80D3230
S31500020DA00133B6EBC30F0DDBDBB284F80D322978C3
S31500020DB0002948D1B8F10108D8D14FF0FF3015B05B
S31500020DC0BDE8F08F31465046F8F7DCFC01280DD11C
S31500020DD031465846F8F7D6FC012807D12B7803F19D
S31500020DE050026A44013302F8486C2B70711CCEB271
S31500020DF0D4E79DF80820472ADFD894F80D320099E7
S31500020E00082B8CBF0623022384F80C2220460B7083
S31500020E101146FFF72BFF019B02F0070118601348EA
S31500020E20134B00FB01333B60207984F83C2184F8A4
S31500020E303D110028C3D00138C1B204F5F570F8F7A8
S31500020E40A9FC0020BBE7082BD3D8002001390FF0FC
S31500020E501DFE2B78B0FBF3F202FB130000F15003E8
S31500020E600DEB030010F8482CC5E700BFC0270900A8
S31500020E70A07008372DE9F04F2DED028B00F5F177C2
S31500020E8095B004468946384608219046209E01932D
S31500020E90F8F79AFC01280AD194F80B32032B01BF0A
S31500020EA0D4F8D031C4F8E231D4F8D4317B6094F866
S31500020EB0EA313BB994F80B32032B04BF94F8D831CC
S31500020EC084F8EA3108213846F8F77EFC012802D078
S31500020ED094F8EA316BB994F80B32022B09D1FF214F
S31500020EE094F8732004F2D910EFF749FE2046FFF773
S31500020EF08DFD08213846F8F767FC012802D094F8E0
S31500020F00EA314BB994F80B32012B05D849462046F3
S31500020F10D8F80020FFF728FE002504F5E87308EE4E
S31500020F20103A357004F5A07A5FFA85FB59463846C1
S31500020F30F8F728FC012814D1594618EE100AF8F7DA
S31500020F4021FC01280DD149465046F8F748FC0128F4
S31500020F5007D1337803F150026A44013302F848BCE0
S31500020F6033700135482D0AF1020ADDD133782BB9E7
S31500020F704FF40571194A1A480FF05CFD31780020CA
S31500020F8001390FF083FD3378B0FBF3F202FB130055
S31500020F9000F150030DEB030010F8482C472A19D82C
S31500020FA01146204684F80C22FFF760FE0D4BC8F866
S31500020FB000000D4802F0070100FB013301980360AF
S31500020FC0002084F83C2184F83D1115B0BDEC028B5B
S31500020FD0BDE8F08F4FF0FF30F7E700BF3562030040
S31500020FE04D640300A0700837C0270900C90907EE3F
S31500020FF0901AF8EEE77AFCEEE77A17EE903A034A91
S31500021000034803F0070300FB03207047A07008376C
S31500021010C0270900C90907EE901AF8EEE77AFCEE36
S31500021020E77A17EE903A134403F0070280F83F215D
S31500021030024B034800FB0230704700BFA07008371E
S31500021040C0270900F8B57E4B0446036740F2051334
S31500021050A0F8743090F90530002B26DBDAB280F85E
S31500021060762080F87720D00748BF0133C3F34703C1
S3150002107084F879300E2384F878304FF40153A4F8BB
S315000210807A30704B0139E3676F4B704DC4F880308C
S31500021090022384F88430642384F89430032900F20E
S315000210A0C880DFE801F008A8B3C140F60E63A0F8D5
S315000210B076300723DCE70023C4F89830644BC4F883
S315000210C08850C4F88C30D4F89860624B05223344B9
S315000210D0C4F8903041F20223A4F89C30342384F8F9
S315000210E09E305D4B5D49C4F8A0305D4B84F8042107
S315000210F0C4E92A135B4BC4F8B820C4F8B030012304
S315000211004FF6B072A4F8B43084F8C83084F8EC30E4
S3150002111084F8F4302023A4F8BC20534A84F8F8302B
S31500021120C4F8C020514A524BC4F8C420514AC4F8EC
S31500021130FC30C4F8D420504A40F20253C4F8D820F6
S315000211404FF440720021A4F8003104F5A073A4F80C
S31500021150E020C4F80831494A04F5C0734848C4F887
S315000211600C3104F500733244C4F8103104F2022340
S31500021170C4E93922DFF828C1C4F8F05084F8B61061
S31500021180C4F8DC00A4F8F610C4F8143104F5E073D0
S31500021190C4F8203104F50173C4F83831DCF80030A4
S315000211A004F5F075C4F8F031DCF8043004F5F47295
S315000211B0C4F8F431036804F5F877C4F8F8314368E3
S315000211C004F5FC76C4F8FC314FF00133C4F8E03183
S315000211D0C4F8E4314FF48073C4F82451C4F82821CA
S315000211E0C4F82C71C4F83061C4F8E811C4F8EC11E3
S315000211F0A4F83E31F8BD234BC4F89830224BC4F80C
S31500021200883003F5371303F5D8635AE71F4BC4F842
S31500021210983003F15B5303F53A13C4F8883003F5AB
S31500021220B70303F558634CE7194BC4F89830194BCA
S31500021230E5E79021184A19480FF0FCFB43E700BF87
S3150002124010100202716603006166030000D88C3634
S31500021250C01A4D3700EA0637B465030000020007DC
S315000212600708FF003F000801400D03002465030044
S3150002127034650300146503001C65030040F7093753
S315000212800C650300C088E4FF0016D636C04A9BFFF1
S3150002129020F9A5FF404FA836054403004466030023
S315000212A0046503002DE9F34700250446A84600F528
S315000212B0A07600F5E07700F5007A00F5017994F85A
S315000212C07030AB420FDC00261D4F04F5007894F80F
S315000212D07230F5B2AB421BD84FF6FF73A4F8023256
S315000212E002B0BDE8F08746F8048BE9B20022504608
S315000212F0C6F83C800191F8F761FA00224846019946
S31500021300F8F75CFAB4F8B030013527F8023BD6E7B5
S31500021310D4F8982057F825302946134404EB850261
S31500021320C2F84031C2F8803140460122F8F746FA47
S315000213300122294604F50170F8F740FA0136C6E79C
S31500021340186703002DE9F04F2DED028B89B0CDE928
S3150002135001230023149E9B461D469946337000F5D1
S31500021360007308EE103A00F5017304460F4608EEC4
S31500021370903A94F870005FFA8BFA504518D8A9454E
S3150002138038D000254FF0000804F5017A04F5007BF9
S3150002139094F870205FFA88F94A4546D831780029D0
S315000213A064D14FF0FF3009B0BDEC028BBDE8F08F7F
S315000213B0514618EE100AF8F7E5F901280CD109F1A1
S315000213C00108514618EE900A5FFA88F8F8F7DAF93A
S315000213D028B9C1460135EDB20BF1010BC9E70AF195
S315000213E0E000394604EB4000F8F7F9F9002818BF87
S315000213F0C146F1E7DFF8D4A0B4F800329AF800103B
S31500021400A4F80432FF29BCD0B9F1010FB9D904F509
S3150002141001784046F8F7B6F901280546B1D14046AB
S315000214209AF80010F8F7C0F9ACE749465046F8F7C3
S31500021430A9F9012817D149465846F8F7A3F9012810
S3150002144011D109F1E000394604EB4000F8F7C7F97B
S31500021450012808D1327802F120030DEB0301013293
S3150002146001F8109C327008F1010891E70020013959
S315000214700FF00CFB3378B0FBF3F202FB130000F122
S3150002148020030DEB030010F8106C94F87030B34291
S3150002149087D904F50170314603900C4FF8F784F9A9
S315000214A0039815B13978F8F775F904EB8603D3F882
S315000214B04021019900200A60D3F88031029A3E70D9
S315000214C0136084F83D6184F83C616CE7AE0F00203E
S315000214D0FFF738BFF8B5044600F2022769B10629BC
S315000214E021D06FF0010402213846F8F76DF9012880
S315000214F014BF20464FF0FF30F8BD0D46A0F8022279
S3150002150094F87030EEB2B34201D80024EBE73146CC
S315000215103846F8F737F9012803D1503654F8263001
S31500021520A3B10135ECE70025A0F8025294F8703019
S31500021530E9B28B42E9D901F1500354F823301BB1C9
S3150002154001223846F8F73AF90135EFE74FF0FF3452
S31500021550C9E70000062808B507D9072807D04FF4BF
S31500021560D371044A04480FF065FA002008BD012031
S31500021570FCE700BF054403000A660300062807D8F5
S31500021580064B1B5C0B70064B53F8203013707047EA
S315000215904FF4DA71034A04480FF04CBA106703009D
S315000215A0F466030005440300E1650300072802D13F
S315000215B032230B7070474FF4E071024A02480FF073
S315000215C039BA00BF05440300B7650300F8B57E4B80
S315000215D00446036740F20513A0F8743090F905300B
S315000215E0002B26DBDAB280F8762080F87720D00747
S315000215F048BF0133C3F3470384F879300E2384F8D6
S3150002160078304FF40153A4F87A30704B0139E3670E
S315000216106F4B704DC4F88030022384F88430642303
S3150002162084F89430032900F2C880DFE801F008A8A4
S31500021630B3C140F60E63A0F876300723DCE7002339
S31500021640C4F89830644BC4F88850C4F88C30D4F887
S315000216509860624B05223344C4F8903041F202236B
S31500021660A4F89C30342384F89E305D4B5D49C4F85F
S31500021670A0305D4B84F80421C4E92A135B4BC4F8FD
S31500021680B820C4F8B03001234FF6B072A4F8B430D3
S3150002169084F8C83084F8EC3084F8F4302023A4F8B7
S315000216A0BC20534A84F8F830C4F8C020514A524B41
S315000216B0C4F8C420514AC4F8FC30C4F8D420504AB5
S315000216C040F20253C4F8D8204FF440720021A4F825
S315000216D0003104F5A073A4F8E020C4F80831494AA1
S315000216E004F5C0734848C4F80C3104F5007332445B
S315000216F0C4F8103104F20223C4E93922DFF828C102
S31500021700C4F8F05084F8B610C4F8DC00A4F8F61059
S31500021710C4F8143104F5E073C4F8203104F50173FA
S31500021720C4F83831DCF8003004F5F075C4F8F0314D
S31500021730DCF8043004F5F472C4F8F431036804F5F5
S31500021740F877C4F8F831436804F5FC76C4F8FC313E
S315000217504FF00133C4F8E031C4F8E4314FF480733A
S31500021760C4F82451C4F82821C4F82C71C4F8306195
S31500021770C4F8E811C4F8EC11A4F83E31F8BD234BC5
S31500021780C4F89830224BC4F8883003F5371303F5B2
S31500021790D8635AE71F4BC4F8983003F15B5303F53D
S315000217A03A13C4F8883003F5B70303F558634CE7D8
S315000217B0194BC4F89830194BE5E79121184A194894
S315000217C00FF038F943E700BF101002028D680300DC
S315000217D07D68030080F29236800D4A3700EA0637AA
S315000217E0D0670300000200070708FF003F00080158
S315000217F0400D030040670300506703003067030093
S315000218003867030040F7093728670300C088E4FFFA
S315000218100016D636C04A9BFF20F9A5FF404FA836D0
S315000218200544030060680300206703002DE9F347BF
S3150002183000250446A84600F5A07600F5E07700F5F7
S31500021840007A00F5017994F87030AB420FDC00267D
S315000218501D4F04F5007894F87230F5B2AB421BD8EE
S315000218604FF6FF73A4F8023202B0BDE8F08746F8DD
S31500021870048BE9B200225046C6F83C800191F7F784
S315000218809DFF002248460199F7F798FFB4F8B03059
S31500021890013527F8023BD6E7D4F8982057F82530C9
S315000218A02946134404EB8502C2F84031C2F880315E
S315000218B040460122F7F782FF0122294604F501700C
S315000218C0F7F77CFF0136C6E7346903002DE9F04FCE
S315000218D02DED028B89B0CDE901230023149E9B4690
S315000218E01D469946337000F5007308EE103A00F56E
S315000218F0017304460F4608EE903A94F870005FFAB8
S315000219008BFA504518D8A94538D000254FF0000863
S3150002191004F5017A04F5007B94F870205FFA88F9E1
S315000219204A4546D83178002964D14FF0FF3009B0D4
S31500021930BDEC028BBDE8F08F514618EE100AF7F7A0
S3150002194021FF01280CD109F10108514618EE900A2F
S315000219505FFA88F8F7F716FF28B9C1460135EDB2E6
S315000219600BF1010BC9E70AF1E000394604EB40002E
S31500021970F7F735FF002818BFC146F1E7DFF8D4A014
S31500021980B4F800329AF80010A4F80432FF29BCD049
S31500021990B9F1010FB9D904F501784046F7F7F2FE1D
S315000219A001280546B1D140469AF80010F7F7FCFE29
S315000219B0ACE749465046F7F7E5FE012817D14946F6
S315000219C05846F7F7DFFE012811D109F1E000394642
S315000219D004EB4000F7F703FF012808D1327802F141
S315000219E020030DEB0301013201F8109C327008F15D
S315000219F0010891E7002001390FF048F83378B0FB6F
S31500021A00F3F202FB130000F120030DEB030010F8C2
S31500021A10106C94F87030B34287D904F501703146E0
S31500021A2003900C4FF7F7C0FE039815B13978F7F714
S31500021A30B1FE04EB8603D3F84021019900200A6027
S31500021A40D3F88031029A3E70136084F83D6184F8BF
S31500021A503C616CE7AF0F0020FFF738BFF8B50446CC
S31500021A6000F2022769B1062921D06FF00104022192
S31500021A703846F7F7A9FE012814BF20464FF0FF307B
S31500021A80F8BD0D46A0F8022294F87030EEB2B342C9
S31500021A9001D80024EBE731463846F7F773FE0128F2
S31500021AA003D1503654F82630A3B10135ECE70025B0
S31500021AB0A0F8025294F87030E9B28B42E9D901F1EA
S31500021AC0500354F823301BB101223846F7F776FE4D
S31500021AD00135EFE74FF0FF34C9E70000062808B5E5
S31500021AE007D9072807D040F2A311044A04480EF08A
S31500021AF0A1FF002008BD0120FCE700BF054403004A
S31500021B0026680300062807D8064B1B5C0B70064B9B
S31500021B1053F820301370704740F2B311034A044859
S31500021B200EF088BF2C690300106903000544030008
S31500021B30FD670300072802D132230B7070474FF46A
S31500021B40E071024A02480EF075BF00BF0544030069
S31500021B50D3670300D0F8D93110B5C0F8D031D0F828
S31500021B60DD3100F2EB11C0F8D43190F8E13180F8A2
S31500021B70D83100F5F17313F8012B13F80A4C8B4296
S31500021B8002EA040203F8012CF5D190F80732013378
S31500021B9080F8073210BD000040F64803A0F8703006
S31500021BA0092380F8733040F20513A0F8743090F9D7
S31500021BB005302DE9F041002BC0F2BD80DAB2D10723
S31500021BC048BF013380F8762080F87720C3F34703B5
S31500021BD080F87930162380F878304FF40153A0F854
S31500021BE07A30624B624CC367624BC0F8F040C0F871
S31500021BF08030022380F884305F4B4FF0C162C0E927
S31500021C002243A3F14013A3F5B053C0F890306423E6
S31500021C1080F8943041F20823A0F89C30342380F8EF
S31500021C209E30564B1A24C0F8A4300323A0F8F6407F
S31500021C3080F804313F24524B80F8F840C0E92A2349
S31500021C400723504A504C40F60105A0F8B230C0F8BE
S31500021C50C4200023C0F8FC4001224FF440744B49D3
S31500021C604B4FC0F8D4104B4900F2F916C0F8D81001
S31500021C704949A0F8B43080F8B630C0F8DC10A0F8B4
S31500021C80E05080F8F430A0F8004180F8C820C0E99E
S31500021C904233D7F80080C0F82C610E6800F5E8746C
S31500021CA000F5A075C0F8EB31C0F8F231C0F8F98141
S31500021CB0C0F80062B7F804808E88BF798979C0F8C7
S31500021CC0EE31C0F8F5310379C0F81041C0F8205161
S31500021CD000F2D91400F2EB1E00F5F97C00F500754E
S31500021CE0C0F81441C0F824E1C0F828C1C0F8305148
S31500021CF0A0F8FD8180F8FF71A0F8046280F8061250
S31500021D0080F80231EBB94FF0FF33C0F8D931C0F891
S31500021D10DD3180F8E131C0F8E231C0F8E63180F811
S31500021D20EA31837980F80331002380F8093280F89A
S31500021D303E31BDE8F08141F21663A0F876300E23FB
S31500021D4046E7FF2403F5EC73C45490F80231591E9A
S31500021D5002FA01F103F2E11380F8E111C45490F89A
S31500021D600231013B9A4080F8EA21DAE7626B03000E
S31500021D706001C8355B6B0300E0864837706A030072
S31500021D800D047F3F6369030074690300556903000C
S31500021D90476903005C6903004E6903002DE9F041BF
S31500021DA090F802510446002D41D14FF00F0800F57C
S31500021DB0A07600F5E877E9B2012238460135F7F751
S31500021DC0FDFC402D26F8028BF5D14FF0700804F584
S31500021DD0E076E9B2012238460135F7F7EFFC482DE5
S31500021DE026F8028BF5D1002384F8073294F80331E2
S31500021DF0012B1AD1D4F8D031C4F8D931D4F8D43160
S31500021E00C4F8DD3194F8D83184F8E131D4F8D03110
S31500021E10C4F8E231D4F8D431C4F8E63194F8D831B2
S31500021E2084F8EA31032384F80732BDE8F0810026FC
S31500021E30013DEDB200F5E87700F5A078C6F3C403DC
S31500021E40AB42F1B206D101223846F7F7B7FC0F23AF
S31500021E5028F816300136402EF0D104F5E87704F55D
S31500021E60A078A6F140039D42F1B206D1012238467E
S31500021E70F7F7A4FC702328F816300136482EF0D165
S31500021E80B1E72DE9F0470446884632B300F2D91984
S31500021E904FF0000A4FF0FF36574694F870305FFA5B
S31500021EA08AF5083B9D421BDB402504F5E074294672
S31500021EB04846F7F767FC012827D00135EDB2482DD1
S31500021EC004F10204F3D1B8F1030F03D8012F98BF2E
S31500021ED04FF0FF363046BDE8F08700F5E879D7E7E0
S31500021EE029464846F7F74EFC01280BD105F1A0001A
S31500021EF0414604EB4000F7F772FC012802BF0026B8
S31500021F000137FFB20AF1010AC7E741462046F7F751
S31500021F1066FC0128D1D10026D5E790F808120022E6
S31500021F2000F5F170F7F74ABC10B5FFF713FE03236D
S31500021F3080F8073210BD000010B5144C237863B147
S31500021F4090F8023100F5F1725BB94FF0FF33C0F839
S31500021F50E2315360137200232370002380F80932A2
S31500021F6010BD0021C0F8E21151601172FF21013B40
S31500021F70DAB250FA83F383F8E211012303FA02F28A
S31500021F8090F8EA31134380F8EA31E4E7B00F002013
S31500021F902DE9F3410479064600F5E870F4B90F27F6
S31500021FA006F5A075E1B2012201340190F7F706FCAD
S31500021FB0402C019825F8027BF4D1702506F5E076CF
S31500021FC0E1B2012201340190F7F7F8FB482C01989F
S31500021FD026F8025BF4D102B0BDE8F0814FF00F089B
S31500021FE0651EED00EDB2E700BD420ADB3F34E4B206
S31500021FF021460122F7F7E2FB7023A03426F81430BB
S31500022000E9E7294601220190F7F7D8FB05F1A0037B
S315000220100135019826F81380EDB2E5E7042808B5E4
S315000220200CD9A0F10803052B08D90538012807D9D0
S3150002203040F23E31034A04480EF0FCFC002008BD83
S315000220400220FCE705440300C36A0300042803D9FF
S31500022050A0F10803052B07D8064B1B5C0B70064B39
S3150002206053F820301370704740F24E31034A044849
S315000220700EF0E0BCDC6B0300806B0300054403003A
S315000220809D6A0300F7B505460723002405F2D91613
S315000220900846C5F8D941C5F8DD41174634720DEB3D
S315000220A003020DF106018DF806308DF80730FFF7B1
S315000220B0CDFF9DF80730072B19D1234C234B3C4407
S315000220C0B4FBF3F4E4B2082C22D895F8073223BB0A
S315000220D0FF222B1983F8D9212146012205F2E110AC
S315000220E0F7F76CFB2846FFF735FD03B0F0BD0B2B67
S315000220F007D1174C154B3C44B4FBF3F404F0070428
S31500022100E3E740F28E21134A13480EF093FCDCE714
S3150002211023464FF42571114AF6E7012B0DD14FF0F4
S31500022120FF32A3400021DB43C5F8D92172602A1988
S3150002213082F8D91185F8E131D4E740F2AD21084A97
S3150002214005480EF077FCCDE7A0FE37CA006A1800F4
S3150002215040502DCAFC610300FA6A03000A620300BA
S315000221603C690300431F012B06D8064B53F8203067
S315000221700B7008231370704740F25D31024A034820
S315000221800EF058BCC06B030005440300746A0300DA
S3150002219090F87030083B9942A7BF054B0548064B9D
S315000221A00648A8BF01F0070103FB0100704700BF04
S315000221B0006A1800C0AFD235400D03006001C83571
S315000221C02DE9F34700230446154600F2D9160729DE
S315000221D03CD8DFE801F0040404043819333526F844
S315000221E011500025002794F87030F9B28B4230D88E
S315000221F009213046F7F7E8FA012814BF28464FF0BE
S31500022200FF3002B0BDE8F087B04600274FF0FF0965
S3150002221000F2E11A45FA07F212F0010216BF88F837
S31500022220009088F800200122F9B250460137F7F7EC
S31500022230C5FA082F08F10108ECD1D2E74FF0FF33B7
S31500022240C4F8D931736084F8E151CAE76FF0010529
S31500022250C8E730460191F7F795FA0128019903D1AB
S315000222602046FFF795FF08B10137BCE74FF0FF356F
S31500022270BEE700002DE9F04F04461F464FF009085D
S315000222804FF0000995B0CDE900121E9D00F5F17AD6
S3150002229094F80932082B88BF84F8099294F8093217
S315000222A0234493F8E2211AB993F8D02183F8E22164
S315000222B085F8009094F8091204F5E87BC900CEB2BD
S315000222C094F809320133B6EBC30F0DDBDBB284F8A7
S315000222D009322978002948D1B8F10108D8D14FF03E
S315000222E0FF3015B0BDE8F08F31465046F7F74AFA8F
S315000222F001280DD131465846F7F744FA012807D18D
S315000223002B7803F150026A44013302F8486C2B70B1
S31500022310711CCEB2D4E79DF80820472ADFD894F87C
S3150002232009320099082B8CBF0423002384F8082263
S3150002233020460B701146FFF72BFF019B02F00701A7
S3150002234018601348134B00FB01333B60207984F875
S315000223503C2184F83D110028C3D00138C1B204F5EE
S31500022360F570F7F717FA0020BBE7082BD3D8002041
S3150002237001390EF08BFB2B78B0FBF3F202FB130054
S3150002238000F150030DEB030010F8482CC5E700BF1F
S31500022390C0270900A07008372DE9F04F2DED028BFA
S315000223A000F5F17795B004468946384608219046ED
S315000223B0209E0193F7F708FA01280AD194F807320A
S315000223C0032B01BFD4F8D031C4F8E231D4F8D431AA
S315000223D07B6094F8EA313BB994F80732032B04BFC9
S315000223E094F8D83184F8EA3108213846F7F7ECF93F
S315000223F0012802D094F8EA316BB994F80732022B1D
S3150002240009D1FF2194F8732004F2D910EEF7B7FB35
S315000224102046FFF789FD08213846F7F7D5F9012846
S3150002242002D094F8EA314BB994F80732012B05D859
S3150002243049462046D8F80020FFF724FE002504F579
S31500022440E87308EE103A357004F5A07A5FFA85FB58
S3150002245059463846F7F796F9012814D1594618EE27
S31500022460100AF7F78FF901280DD149465046F7F7BA
S31500022470B6F9012807D1337803F150026A440133D1
S3150002248002F848BC33700135482D0AF1020ADDD143
S3150002249033782BB940F20D21194A1A480EF0CAFABE
S315000224A03178002001390EF0F1FA3378B0FBF3F2FD
S315000224B002FB130000F150030DEB030010F8482C49
S315000224C0472A19D81146204684F80822FFF760FEEB
S315000224D00D4BC8F800000D4802F0070100FB01335E
S315000224E001980360002084F83C2184F83D1115B060
S315000224F0BDEC028BBDE8F08F4FF0FF30F7E700BF6F
S3150002250035620300356B0300A0700837C027090047
S31500022510C90907EE901AF8EEE77AFCEEE77A17EEAB
S31500022520903A034A034803F0070300FB032070476F
S31500022530A0700837C0270900C90907EE901AF8EEFD
S31500022540E77AFCEEE77A17EE903A134403F00702B5
S3150002255080F83F21024B034800FB0230704700BF60
S31500022560A0700837C02709000E280BD00F2809D003
S31500022570152807D0162805D0172803D01A3818BFF1
S31500022580012070470020704770B5044608460D4684
S315000225901646FFF7E9FF20B1A6211B4A1B480EF09B
S315000225A049FA20466C22314600F8045BEEF7DAFA65
S315000225B09822002104F17000EEF7E1FA152D1ED0E3
S315000225C00AD80E2D0ED00F2D14D040F23D110E4A10
S315000225D00E480EF02FFA08E01A2DF6D12046FFF724
S315000225E0DBFA02E02046FEF741F894F89E3084F8C2
S315000225F0343170BD01212046FEF724FDF5E70121A5
S315000226002046FEF7E3FFF0E7054403006870030087
S3150002261010B503780446152B1DD00AD80E2B0DD003
S315000226200F2B15D040F2CD110C4A0D480EF002FACE
S3150002263006E01A2BF6D1FFF7B1FB01E0FEF714F91B
S3150002264094F8EC3084F83531002384F8363110BD25
S31500022650FEF728FEF4E7FFF7E9F8F1E70544030081
S315000226603870030002781A2A04D801239340054AD7
S31500022670134205D140F22F21034A04480EF0DAB97B
S31500022680704700BF00C02004054403001F7003000A
S3150002269090F8B220D0F83001EEF764BA38B50446A5
S315000226A001391546D0F8240194F8B220032922D81C
S315000226B0DFE801F0020F1E12D4F8D410EEF752FA38
S315000226C0D4E9491094F8B220EEF74CFA03232B70A2
S315000226D038BDD4F8D810F1E7D4F82C11EEF742FA47
S315000226E0D4E9491094F8B220EEF73CFA0123EEE75A
S315000226F0D4F83011F2E7D4F8DC10EFE708B5037826
S31500022700152B10D00BD80E2B0BD00F2B0BD0074846
S3150002271040F27631064A0EF08DF9FF2008BD1A2BDB
S31500022720F5D10520FAE70020F8E700BFF66F0300AF
S315000227300544030070B50578049C152D1ED00CD8EF
S315000227400E2D11D00F2D14D040F206410E4A0F481D
S315000227500EF070F94FF0FF3070BD1A2DF4D10494CB
S31500022760BDE87040FFF718BE0494BDE87040FEF75E
S3150002277081BB0494BDE87040FEF7E4BD0494BDE855
S315000227807040FFF7A3B800BF05440300DB6F0300E8
S3150002279070B50678059C152E1FD00CD80E2E11D0BA
S315000227A00F2E14D040F29B410F4A10480EF042F908
S315000227B04FF0FF3070BD1A2EF4D10494BDE870407C
S315000227C0FFF758BD0494BDE87040FEF7C1BA049401
S315000227D00978BDE87040FEF77BBE04940978BDE82F
S315000227E07040FFF739B900BF05440300BB6F030011
S315000227F00378152B10D009D80E2B0BD00F2B0BD02C
S3150002280040F2FD41054A06480EF014B91A2BF7D1DB
S31500022810FFF783BBFEF7F3B8704700BF054403001A
S31500022820986F030038B5054690F8AD0095F8B230BA
S3150002283000FB012113FB00F32A78DBB20F2ACCB28C
S3150002284001D0152A07D195F8362102FB034402FB73
S315000228500331E4B2CBB2A34205D840F22451034A73
S3150002286003480EF0E7F8EB6F185D38BD0544030028
S31500022870766F030090F879308B4225BFA2EB4102B6
S3150002288052B250B222EAE270704791F9003090F8E3
S315000228907720934204DD0A700B7880F87630704711
S315000228A0002BBCBF00230B70F6E7000010B50378BF
S315000228B00446152B12D00BD80E2B1FD00F2B0DD082
S315000228C040F2A951BDE810400E4A0F480EF0B2B8C8
S315000228D01A2BF5D1BDE81040FFF726BB94F87320FA
S315000228E0D4E94401EEF73EF994F87320D4F81411B2
S315000228F0D4F83801BDE81040EEF734B9BDE810400F
S31500022900FEF784B8054403005B6F030090F873205A
S31500022910FF21D0F81401EEF732B900000378152B27
S3150002292010D009D80E2B0BD00F2B0BD040F215610D
S31500022930054A06480EF07EB81A2BF7D1FFF7FCBA05
S31500022940FEF76CB8704700BF05440300316F030001
S315000229500378152B10D009D80E2B0BD00F2B0BD0CA
S3150002296040F27E61054A06480EF064B81A2BF7D18A
S31500022970FFF788BBFEF7F8B8704700BF05440300AF
S31500022980016F030008B50378152B1BD00CD80E2B4C
S3150002299010D00F2B12D040F2F7610C4A0C480EF001
S315000229A049F86FF0020008BD1A2BF4D1BDE80840C1
S315000229B0FFF706BCBDE80840FEF770B9BDE808405F
S315000229C0FEF788BDBDE80840FFF748B80544030096
S315000229D0C86E030070B503780446152B30D00BD8A9
S315000229E00E2B2FD00F2B2BD040F2AE71BDE87040CC
S315000229F0164A17480EF01EB81A2BF5D1BDE87040DC
S31500022A00FFF7C6BAD4F8083153F825308BB12946F8
S31500022A10D4F81001F6F7B6FE58B901222946D4F8C1
S31500022A201001F6F7CBFEB4F8B020D4F8203123F823
S31500022A301520013694F87030F5B2AB42E2D870BD7B
S31500022A400026F7E7BDE87040FEF714B80544030018
S31500022A50786E030090F8AD0088424FF0FF3088BFD1
S31500022A600020704708B590F8AA208A420BD890F841
S31500022A70AC208A4207D3AE30F6F7B1FE013818BF52
S31500022A804FF0FF3008BD4FF0FF30FBE708B590F876
S31500022A90A8208A420BD890F8AB208A4207D3AE30E0
S31500022AA0F6F79DFE013818BF4FF0FF3008BD4FF014
S31500022AB0FF30FBE708B590F8A8208A420BD890F8B9
S31500022AC004218A4207D3AE30F6F789FE013818BFD1
S31500022AD04FF0FF3008BD4FF0FF30FBE790F80031B2
S31500022AE08B4207D890F801314FF0FF308B4228BF56
S31500022AF0002070474FF0FF30704700002DE9F0418B
S31500022B0003780446152B0E46154611D00AD80E2B0D
S31500022B1038D00F2B0CD04FF406611D4A1D480DF01C
S31500022B2089FF11E01A2BF6D1BDE8F041FFF7A9B9EA
S31500022B30D4E94438002D08BF984694F8355175B14A
S31500022B4094F8A930B3421BD94FF0FF30BDE8F081AB
S31500022B5039464046F6F716FE012806D0013594F8A6
S31500022B607030EFB2BB42F3D8EEE7D4F8200131461B
S31500022B7000EB4700F6F733FE0128EFD10020E5E728
S31500022B800025ECE790F83531BDE8F041FDF7DFBEF0
S31500022B90054403005A6E03002DE9F04105460E4630
S31500022BA00C46144FDFF8508095F8A830A34201D3A3
S31500022BB034461CE095F8352195F8B21095F8AB30FD
S31500022BC001FB024402FB0333E4B29C4205DD3A46B2
S31500022BD04FF4E16140460DF02DFFD5F8803000221A
S31500022BE01C5D28462146FFF789FF0028DCD12046D6
S31500022BF0BDE8F08105440300A66E030008B502781D
S31500022C0003460E3A0C2A14D8DFE802F0190713130A
S31500022C101313130713191313190093F872208A4218
S31500022C200DD893F870304FF0FF308B4288BF0020EA
S31500022C3008BD40F62D11034A03480DF0FBFE4FF086
S31500022C40FF30F5E7054403000C6E0300F8B50546B0
S31500022C500C46164623BB90F8357195F8B33033B956
S31500022C602FB140F63911104A10480DF0E3FE95F8DF
S31500022C70B2102B7811FB07F10E2BC9B214BF09193A
S31500022C8004EB4101D5F8C430C9B2585C9DF818204E
S31500022C9007381644B0424FF0FF30C8BF0020F8BDD7
S31500022CA090F83671D9E700BF05440300EC6D0300C6
S31500022CB00378152B0BD007D80E2B07D00F2B06D077
S31500022CC040F6BC11094A09E01A2BF9D1704790F86F
S31500022CD07030934205D840F69711044A04480DF025
S31500022CE0A9BED0F8083143F8221070470544030004
S31500022CF0C96D030008B50378152B10D00AD80E2B20
S31500022D000AD00F2B0BD040F621210D4A0D480DF0AB
S31500022D1091FE01E01A2BF6D14FF0FF300AE090F84F
S31500022D207130934207D840F6FA11054A05480DF06C
S31500022D3081FE002008BDD0F80C3143F82210F8E7D6
S31500022D4005440300A56D03002DE9F04114460278FF
S31500022D500746152A98460CD007D80E2A07D00F2AFE
S31500022D6007D040F68A21154A0AE01A2AF9D1BDE8A7
S31500022D70F08197F870308B4207D84FF426610F4ADC
S31500022D800F48BDE8F0410DF055BE0AB24D000021D4
S31500022D90D7F8203107F1AE0623F812104445E6D8DB
S31500022DA021463046F6F71BFD0246D7F8200121469A
S31500022DB028440134F6F734FDE4B2EFE70544030094
S31500022DC08C6D030010B403780C46152B11460DD0FA
S31500022DD007D80E2B07D00F2B08D040F6ED210D4A4F
S31500022DE00BE01A2BF9D15DF8044B704790F870305E
S31500022DF08B4207D840F6C821064A07485DF8044BBD
S31500022E000DF018BE2246D0F810015DF8044BF6F715
S31500022E10D5BC00BF054403004F6D030038B50378E7
S31500022E200446152B0D4613D00CD80E2B1FD00F2B94
S31500022E300ED0114840F65B31104A0DF0FBFD4FF003
S31500022E40FF3013E01A2BF4D1BDE83840FFF7A0B9E2
S31500022E5094F87030AB4205D840F62B31074A064843
S31500022E600DF0E8FDD4F8083153F8250038BDBDE869
S31500022E703840FDF7FBBE00BF2C6D0300054403007E
S31500022E802DE9F04104464FF0000890F8AB6094F843
S31500022E9070305FFA88F7BB420AD894F8353123B10D
S31500022EA094F8A9309E4238BF1E463046BDE8F081EE
S31500022EB03946D4F81001F6F765FC01280AD194F8D0
S31500022EC0A8507F0094F8AB30AB4206D294F8A830F3
S31500022ED0B342E2D008F10108D9E7D4F82001294625
S31500022EE03844F6F77CFC012802D1AE4228BF2E46B2
S31500022EF00135EDB2E6E770B50546144631B990F8EC
S31500022F00762093F90010914201DA1A7070BD267884
S31500022F10FFF7B6FF864208D028462178FFF73CFE27
S31500022F202378834201D02070F0E70122049B2846D1
S31500022F301A70FFF74FFD28462178FFF72DFEF2E7BC
S31500022F40F8B5002504462E4694F87030EFB2BB421F
S31500022F5001D83046F8BD3946D4F81001F6F712FC0E
S31500022F60012808BFD4F8203105F1010504BF33F862
S31500022F7017301E43E8E737B50446FFF7E1FF94F83A
S31500022F803531ADF806007BB9BDF8060003B030BD99
S31500022F9000220DF10600F6F743FC013594F8A9303C
S31500022FA0E9B28B42F4D8EFE70025F7E72DE9F74FB0
S31500022FB00446894616461D46E0274FF0000A4FF0A2
S31500022FC0010B9DF83080327812B9B9F1020F28D080
S31500022FD00021084694F8B2205FFA81FC624555D872
S31500022FE018B9D4E94910EDF7BDFD94F8AB1094F881
S31500022FF0A8000DF04BFD94F8AB200132B0FBF2F1C4
S3150002300001FB1200D4F82821125C002AEDD02870A8
S31500023010D4F828110D9B0A5C013A0A5483F800A0E1
S315000230200BE094F835217AB394F8A920424538BFCB
S3150002303042460D9B2A7083F800B02A7894F8AB10AA
S3150002304020468A4228BF0A462A70FFF794FF29784B
S31500023050ADF806000DF10600F6F7C1FB01280FD008
S31500023060013FB0D1377094F8352122B194F8A920E6
S31500023070904538BF904601230D9A85F8008013705B
S31500023080002003B0BDE8F08F4246D2E7D4F82831DB
S3150002309013F801C001316044C0B29DE708207047B1
S315000230A02DE9F8430022044690F8A88090F8AB7008
S315000230B090F8B230934205DDD4F82411895CD9B177
S315000230C05FFA82F894F8352122B194F8A920904546
S315000230D038BF9046013B002B05DCD4F82421D25C94
S315000230E0002AF7D0DFB2002694F87030B34205DC2E
S315000230F04FF0FF30BDE8F8830132DBE7D4F8140164
S31500023100F1B2F6F73FFB012801D00136ECE794F85D
S31500023110A8504FEA460994F8AB30AB42F5D3D4F83F
S31500023120200129464844F6F75AFB012803D1A8454F
S3150002313001D8AF4202D20135EDB2ECE70020D9E761
S3150002314008B503461B780846152B1AD00BD80E2B4A
S315000231500FD00F2B11D040F6F9410C4A0C480DF056
S3150002316069FC002008BD1A2BF5D1BDE80840FEF720
S3150002317055BFBDE80840FDF7C3BCBDE80840FEF7F1
S31500023180E9B9BDE80840FEF7A9BC00BF0544030043
S31500023190006D030010B40446084611461A46237809
S315000231A0152B1AD00BD80E2B0FD00F2B11D040F6A1
S315000231B087510C4A0C485DF8044B0DF03BBC1A2BA8
S315000231C0F5D15DF8044BFEF741BF5DF8044BFDF700
S315000231D0AFBC5DF8044BFEF7D1B95DF8044BFEF7C0
S315000231E091BC00BF05440300E56C030003461B784F
S315000231F008460F2B114607D0152B07D040F6DF5194
S31500023200034A04480DF016BCFEF7D0B9FEF792BC8D
S3150002321005440300C96C030010B40446084611466F
S315000232201A4623780E2B09D01A2B0BD040F61961B9
S31500023230064A07485DF8044B0DF0FCBB5DF8044BEB
S31500023240FDF702BD5DF8044BFEF78CBF0544030093
S31500023250AB6C0300032808B508D0012807D005483F
S3150002326040F62961044A0DF0E5FB002008BD022064
S31500023270FCE700BF886C03000544030008B5037829
S315000232800E2B09D01A2B07D0044840F65761044A80
S315000232900DF0D0FBFF2008BD0020FCE76D6C03009B
S315000232A0054403002DE9F0410026054688463446CA
S315000232B095F87030F7B2BB4202D82046BDE8F081DD
S315000232C03946D5F81001F6F75DFA01280AD1D5F884
S315000232D02001414600EB4700F6F781FA012804BFB8
S315000232E00134E4B20136E3E710B502780C46152A3A
S315000232F0194603D004D80E3A012A11D8204610BD29
S315000233001A2A0DD1042B03D11A2CA8BF1A24F5E7C9
S31500023310FFF7C8FF3128F1D8152CA8BF1524EDE711
S3150002332040F6E361024A03480DF084FB0024E5E718
S31500023330054403003C6C03002DE9F04100240C70A7
S31500023340904690F8702005469A420E461AD895F88D
S315000233507030E7B2BB4202D80120BDE8F08139469F
S31500023360D5F81001F6F70EFA012809D1D5F8083179
S3150002337053F82720337848F8232033780133337003
S315000233800134E4E72046E8E790F8B300704790F886
S31500023390B400704790F87400704790F89C0070472C
S315000233A090F89400704790F8C800704790F87B0038
S315000233B0704790F87A00704790F834017047000021
S315000233C008B503780F2B01D0152B02D1D0F8A00037
S315000233D008BD044840F67771034A0DF02BFB002026
S315000233E0F6E700BFED7003000544030008B5037855
S315000233F00E2B01D01A2B02D1D0F8A40008BD044826
S3150002340040F6A371034A0DF015FB0020F6E700BF54
S31500023410CD7003000544030090F8B5007047000024
S3150002342010B590F8B64014B1D0F8B80010BD0448F3
S3150002343040F6B971034A0DF0FDFA2046F6E700BFE1
S31500023440AF7003000544030010B590F8B64014B1FE
S31500023450B0F9BC0010BD044840F6C371034A0DF032
S31500023460E9FA2046F6E700BF8F7003000544030021
S3150002347010B590F8B64014B1D0F8C00010BD04489B
S3150002348040F6CC71034A0DF0D5FA2046F6E700BFA6
S31500023490777003000544030070B505460C46DAB999
S315000234A090F8356195F8B33033B92EB140F6D5713F
S315000234B00B4A0C480DF0BEFA95F8B2102B7811FBA8
S315000234C006F10E2BC9B2D5F8C43014BF641804EB4A
S315000234D04104E4B2185D70BD90F83661E2E700BFC0
S315000234E0054403004970030090F87600704790F88F
S315000234F0E100704708B50378152B0AD00BD80E2BBE
S315000235000BD00F2B05D041F25B01054A05480DF0A1
S3150002351091FA002008BD1A2BF5D10120FAE700BF67
S3150002352005440300E56E030008B502780346152A32
S3150002353012D00BD80E2A12D00F2A0DD00A4841F209
S31500023540CB010A4A0DF076FA002007E01A2AF5D1D5
S31500023550BDE80840FEF7DCBFD3F8E40008BDBDE8CD
S315000235600840FDF743BD00BF6D6D0300054403002F
S3150002357010B504780346152C12D00BD80E2C12D097
S315000235800F2C0DD00A4841F23A110A4A0DF052FAAE
S31500023590002007E01A2CF5D1BDE81040FEF7CCBF9B
S315000235A0D3F8E80010BDBDE81040FDF733BD00BFFB
S315000235B01A6C03000544030080F83511704780F841
S315000235C0361170474A780B7890F8940003EB022381
S315000235D08A7803EB024358437047D0F88C308B420B
S315000235E007D3D0F8880088424FF0FF3098BF0020FA
S315000235F070474FF0FF30704708B50378152B10D08F
S315000236000AD80E2B0AD00F2B0BD040F6C401084A5B
S3150002361008480DF00FFA01E01A2BF6D14FF0FF30F1
S3150002362008BD19B1BDE80840FFF7D7BF0846F7E75E
S31500023630054403002D6E03002DE9F047CB7B90F87D
S31500023640E05004469D420E4602D125B1012D45D0D9
S315000236504FF0FF3532E02F4605EB45013144204657
S31500023660FFF7B0FF94F87280D4F808A1D4F80C31B1
S31500023670A84401464AF8280043F828002046FFF7E6
S31500023680BBFF5FFA85F994F87230D4F80811C0B915
S3150002369003EB050C51F82C209AB1B4F8B010D4F80B
S315000236A02021D4F8100122F81C1001224B44D9B271
S315000236B00135F6F783F8052DCED100252846BDE85B
S315000236C0F0875A1941F82270D4F80C114B4441F88C
S315000236D02270D4F810010022D9B2E9E7FFF70EF8FA
S315000236E0002780462046FFF711F93D4606F10109FB
S315000236F0F9B2414505D3002DDFD12046FFF7D6F8B2
S31500023700DCE719F8173016F81720204602EB0322D9
S3150002371092B2FFF737F9831CDBB2012B054607F19C
S315000237200107E5D8C9E790F8790088424FF0FF30E3
S3150002373028BF0020704700230122184662F30700C3
S3150002374063F30F20032363F31740022382B063F36C
S315000237501F6002B07047000037B504460D46FFF7FA
S31500023760EFFC70BBFF238DF806008DF80730294663
S315000237700DF1070320460DF10602FFF70BFD9DF83A
S315000237800730073B052B14D8DFE803F019130313A0
S315000237900D10FA234FF47A709DF806209040B0FB84
S315000237A0F3F003B030BD4FF4FA73F3E74FF4487306
S315000237B0F0E741F28D110A4A0A480DF03BF97D23E2
S315000237C0E8E70023204629460DF107028DF8073067
S315000237D0FFF70CFD4FF4FA509DF80730DFE700BF04
S315000237E0EC6B0300F96B03002DE9F84314469DF8D0
S315000237F028701E4680468946FFF7AEFF49460546B3
S315000238004046FFF79DFC4FF47A730B9A012802FBA0
S3150002381004F44FEA4404B4FBF3F44FF0060202FB4D
S315000238200544B4FBF3F214BF10371237BA4238BF5D
S315000238303A465A43B2FBF5F2062A38BF0622F82A5E
S3150002384028BFF82293B2D20713D4338044F26723F7
S31500023850308840F6B83245439D428ABF4FF47A70AB
S315000238601025B5FBF0F5089B1D60099B1A60BDE8A3
S31500023870F883F82B18BF0133E7E72DE9F041074635
S31500023880884615461C46FFF75BFC06464146384607
S31500023890FFF762FF012E0BD14042640844434FF406
S315000238A07A7094FBF0F0069B401B1860BDE8F0812D
S315000238B04FF47A72063C04EBD4746410C4F101042A
S315000238C0604390FBF2F0EEE7024600781A2807D82A
S315000238D0012383400348184003D0D2F8F000704712
S315000238E00020704700C0200402781A2A07D8012354
S315000238F09340044A134002D090F8F4007047002027
S31500023900704700BF00C0200402781A2A07D8012394
S315000239109340044A134002D0B0F8F60070470020E4
S31500023920704700BF00C0200402781A2A07D8012374
S315000239309340044A134002D090F8F80070470020E2
S31500023940704700BF00C02004024600781A280ED82D
S3150002395001238340074818400AD092F8F8308B4278
S3150002396098BF0021D2F8FC3053F82100704700209E
S31500023970704700BF00C0200402781A2A07D8012324
S315000239809340044A134002D090F977007047002012
S31500023990704700BF00C0200402781A2A07D8012304
S315000239A09340044A134002D090F8780070470020F2
S315000239B0704700BF00C02004704700207047000017
S315000239C0064B9A784AB193F80821013A012A04D89B
S315000239D0002283F80821FAF7C7BD70471455002064
S315000239E01FB5134CA37893B194F808315A1E012AD5
S315000239F00FD800230293D4F8043101210193022344
S31500023A00E220009394F80231E21CEEF731FD04B095
S31500023A1010BD032BFBD10CF04FFD0023022200F553
S31500023A20967001900092194618460293E21CECE742
S31500023A30145500207FB51E4E044696F80831013B08
S31500023A40012B33D8B0F80831B3F5F17F2ED10146F8
S31500023A5090F8180111F8012BFAF7B4FD96F80851FF
S31500023A60012D1ED1102200216846EDF788F87378E1
S31500023A708DF8003094F818318DF801300CF01AFDEB
S31500023A8003230130019068468DF8083000F0F4F9FE
S31500023A9000280CBF0323002386F80831284604B009
S31500023AA070BD0023012586F80831F7E70025F5E702
S31500023AB014550020704700002DE9F8430546DDE95C
S31500023AC0089800201E460C46174604F009FB2B7880
S31500023AD0002836D023B1C421224A23480CF0AAFF7B
S31500023AE00F20224BB4FBF0F03B60214B3360214B9D
S31500023AF00026C9F80030C8F8005001251E4B5C703C
S31500023B0018709D7083F80861EFF780F80446F4F7A1
S31500023B102FFF092811D9132811D91D288CBF03217B
S31500023B20022103222046FAF79BFCC8B9BDE8F843F6
S31500023B30E321124A0C480CF07DBF3146F1E72946D3
S31500023B40EFE723B1E821074A07480CF073FF0C4B55
S31500023B503B600C4B33600C4BC9F80030C8F8005080
S31500023B60BDE8F8830A710300D0710300353A0200FA
S31500023B70E1390200C1390200145500203B710300ED
S31500023B80BB390200B9390200B53A02002DE9FF41FC
S31500023B90884615461F46064620B1F3211B4A1C4895
S31500023BA00CF048FF1B4CA37863B310220021684631
S31500023BB0ECF7E5FF63788DF801608DF800300CF0C4
S31500023BC079FC0223019068468DF8083000F054F91A
S31500023BD020B1FE21104A0E480CF02CFF2A4641461F
S31500023BE00E48ECF7BFFF9DF828300120002B14BFCA
S31500023BF00123022384F80251C4F8047184F80831BF
S31500023C00FAF788FC04B0BDE8F08100BF83370300F1
S31500023C10B4710300145500207D710300175500206E
S31500023C20704700207047000070B5244B90F81821A9
S31500023C301C780546944286B02ED16CBB9B785BB34A
S31500023C402046EEF7E3FF14222146064601A8ECF7CA
S31500023C5096FF204601A9FBF7FFFB95F80A310E2BCA
S31500023C6002D12046FBF7BEFD9DF81230022B13D17E
S31500023C7095F80A0198B9B6F858239DF813309A4276
S31500023C800AD3FBF763FB38B9FBF752FB012196F81F
S31500023C900C25202001F05CFA002006B070BD0E282B
S31500023CA0FAD00020FBF752FB0028F5D00020FBF7E4
S31500023CB033FB002196F80C25EBE700BF20560020C7
S31500023CC0704700002DE9F84F0F27B1FBF7F70446BE
S31500023CD03846884616461D46DDF828A004F0F2F955
S31500023CE0DFF88C90DFF88CB070B3227822B1AF2166
S31500023CF01A4A1B480CF09EFE00202178194A01EB55
S31500023D004101505202EB010C17498CF80200316056
S31500023D10C5F80090CAF800B023780B9903EB430369
S31500023D2013440B60237803EB4303134483F80180A7
S31500023D30237803EB4303D754237803EB43031A4454
S31500023D4001239370BDE8F88F084A0B9B3260C5F8D1
S31500023D500090CAF800B01C60F4E700BFEF710300E0
S31500023D601C72030020560020293C0200233C02005C
S31500023D70213C0200C13C020070477047F0B4104D6E
S31500023D8000F14C0655F826406CB900F15A0405EBD1
S31500023D90840467683FB93C3005EB8000476817B971
S31500023DA009B102B12BB9F0BCB321064A06480CF0A0
S31500023DB041BE45F8261062604360F0BC704700BF02
S31500023DC024560020054403007F720300F4220021DA
S31500023DD010B51048ECF7D3FE00220E4B05201C4608
S31500023DE011461A7001320F2A18725970D97203F1EC
S31500023DF01003F6D1B42200210748ECF7C0FE0423D3
S31500023E0084F8F2300020BDE81040024B034A044910
S31500023E10FFF7B4BF24560020185700207B3D02004E
S31500023E20793D02000E289FBF044B052203EB0013C7
S31500023E30002096BF1A7201209872704724560020FD
S31500023E400F2938B5054613D8814211D304462046B8
S31500023E500134A4B2FFF7E6FFA142F8D2054B93F86C
S31500023E60F020AA4204D38A429CBF002283F8F020A3
S31500023E7038BD00BF2456002002780E2A10D8094BFE
S31500023E80416803EB02135960027A1A7242785A7039
S31500023E90427A5A7201229A72C27A0020DA72704704
S31500023EA001207047245600200048704724560020FF
S31500023EB02DE9F74F00F0DEFC054600F06BFF0646E3
S31500023EC060B10CF0F7FA361A002E09DC002000F079
S31500023ED067FFFF220021012001F03AF96FF0004648
S31500023EE045B14FF47A707043A84228BF284603B002
S31500023EF0BDE8F08F734C94F8F03004EB0313587856
S31500023F00EEF77CFB052808D100F01AFD4FF47A750E
S31500023F104FF47A7303FB06F0E6E718B1072801D0DF
S31500023F20694DF5E794F8F03004EB0313DB7A8BB1B5
S31500023F300CF0C0FA94F8F03004EB0312D268801A3F
S31500023F407838002840F3BC804FF48D715F4A604890
S31500023F500CF070FD94F8F0207AB104EB02135B7852
S31500023F60A3EB0313134404EB8302D2F86C31D2F8A9
S31500023F70F4009847002384F8F030002000F034FF64
S31500023F80DFF840810746C1464FF0000B4FF0050AA5
S31500023F90504E99F808105FFA8BF205291ED094F854
S31500023FA0F20088421AD394F8F110B9B9D9F804305C
S31500023FB0019200930CF07EFA009B181A00280DDC81
S31500023FC099F80810514509D8B04207DC002F019A2A
S31500023FD000DD19B906468A4684F8F0200BF1010B7A
S31500023FE0BBF10F0F09F11009D3D1BAF1050F25D193
S31500023FF04FF0000998F808305FFA89FB052B16D0B6
S3150002400094F8F2209A4212D394F8F1307BB9D8F898
S3150002401004A00CF04FFAAAEB0000B04207DA002F18
S3150002402002DD98F8083013B9064684F8F0B009F1B3
S315000240300109B9F10F0F08F11008DBD1002F16DDC7
S31500024040244B9E4213D10023B7423D46A8BF3546B4
S3150002405084F8F03000F09EFE044678B30CF02AFA9B
S31500024060201A20EAE0704FF47A7358433CE7002E98
S315000240701DDC94F8F0600CF01DFA94F8F02004EBC5
S31500024080061604EB02135B78F060A3EB03131344EA
S3150002409004EB83024C3354F82330D2F8F4009847E9
S315000240A094F8F03004EB031405232372D2E70023BD
S315000240B04FF47A7584F8F0307543CBE70648D2E7B9
S315000240C0014814E724560020C0D401003B720300C5
S315000240D067720300FFFF1F009BC42000024B1844B7
S315000240E090F8F100704700BF2456002010B5044C2A
S315000240F00922E11CA01CEEF793F80823E37210BD17
S31500024100CC5700204FF00832034BC3F80220C3F805
S3150002411006205A81704700BFCC5700200020704706
S3150002412008B5FFF7EFFF0122044B93F81C0183F851
S315000241302821BDE80840EEF74FBF00BFCC5700204C
S31500024140FFF7EEBF1FB50023164C94F81C01C4F806
S315000241501031FCF7C3F9FCF7CFF820B1D4F81031CF
S315000241600A33C4F8103194F81C01FBF7D1FFFBF7B0
S315000241704EFF90B194F81C01FBF7CAFF03AB0DF199
S31500024180060202A9FBF736FF0CF0A3FCD4F81021B5
S31500024190029B13440344C4F81031D4F8100104B04E
S315000241A010BD00BFCC57002010B50CF083F90A4BA6
S315000241B0D3F82C21801AA0F59670002806DCBDE8FB
S315000241C010409A78054B53F822301847FFF7A8FF9C
S315000241D04FF0FF3010BD00BFCC570020A072030085
S315000241E038B505460B4CFFF781FF6B68C4F80C31F6
S315000241F02378042B06D1FFF7A5FFD4F80C31181A41
S31500024200C4F80C01012384F81431BDE83840FFF7E5
S31500024210CBBF00BFCC57002010B5094CFFF766FF95
S3150002422094F8143123B1012194F81C01EEF706FF2C
S3150002423094F81C01D4F80C11EEF7F6FE002010BD1E
S31500024240CC570020F0B5364C87B0FFF74FFF2378E6
S31500024250013B032B61D8DFE803F00216562794F8D8
S315000242601C11D4F80C01EEF74BF9054694F81431FB
S3150002427023B1012194F81C01EEF7E0FE6B1C22D15A
S31500024280FFF74EFF1FE094F81C31264A0293D4F83A
S315000242900C31617D019394F80931207D009394F8E5
S315000242A00831EEF7E5F8E0E7D4F81851D4F80C61D6
S315000242B0FFF748FFC835AD1B281A002806DAFFF7B4
S315000242C02FFF4FF0FF35284607B0F0BD617D94F809
S315000242D00831D4F80C51267D94F80971059104939E
S315000242E0FFF730FF94F81C212844CDE90070049BA7
S315000242F0029230460B4A0599EEF7BAF801230546B3
S3150002430084F81431B2E794F81C31D4F80C2194F8ED
S3150002431008110448EEF7D6F8A7E74FF0FF35A5E7F0
S31500024320CC570020E2570020F0B5154E89B096F81A
S315000243301C01EEF76BFC044696F81C01FCF7CEF85E
S31500024340104905468A7ACB7A4F682068497A002452
S31500024350D6F80C6107920693FFF7FEF905210123B1
S31500024360CDE90204CDE90413DDE9063228463946D1
S31500024370CDE90046FBF7C2FF204609B0F0BD00BFFB
S31500024380CC570020FC5800207FB5154C94F81C0130
S31500024390EEF73CFC94F81461054694F81C01A6B1AC
S315000243A00A2384F81D31FBF7B3FED5F868130446D9
S315000243B003910CF081F800220346204603990092ED
S315000243C0FBF728FE002004B070BDD4F80C3103932D
S315000243D0FBF79EFE00963246039BD5F86813EFE77D
S315000243E0CC5700200A2337B50024094D95F81C0145
S315000243F085F81D31FBF78CFE064900942246D5F856
S315000244000C314968FBF706FE204603B030BD00BFFB
S31500024410CC570020FC58002008B5074B074993F8F3
S315000244201C01FBF763F920B9FFF77AFE4FF0FF3064
S3150002443008BD0020FCE700BFCC570020FC58002036
S315000244407FB51B4DFFF752FE95F81C01EEF7DEFB1A
S315000244500024C36AADF80E400093D0F86833154EB7
S315000244600193D0F8C033D5F80C110293037B8DF873
S315000244700C3090F8863395F81C019A1E534253412C
S315000244808DF80D306A463346FBF700F828B9FFF778
S3150002449047FE4FF0FF3004B070BD3668FFF752FE9C
S315000244A0301AC5F80C01FFF77FFE2046F3E700BF7E
S315000244B0CC570020FC58002070B5304CFFF722FE86
S315000244C094F81C01FAF742FF034694F81C01A3B3C1
S315000244D00023A370FCF702F8FBF70EFF48B3022590
S315000244E0E57094F81C01FBF713FEFBF790FD20B173
S315000244F001226B1C2544AA70DDB2032263196E1CCD
S315000245009A7094F81C01F6B2FBF702FEFBF77FFDE8
S3150002451020B1042326440235B370EEB2227B731C0B
S31500024520DBB226443AB90622B2701C440823A370B1
S3150002453070BD0125D5E70722F6E7FBF7CFFFFBF7AC
S31500024540DBFEB0B105230125A37094F81C01FBF72D
S31500024550DFFDFBF75CFD20B104226B1C2544AA702B
S31500024560DDB2227B6B1CDBB2254422B90622AA707D
S31500024570DBE70546E9E70722F9E700BFCC5700204B
S3150002458010B5044C94F814311BB90BF095FFC4F81E
S315000245900C0110BDCC57002008B5FFF7A7FDFFF7A9
S315000245A0EFFFBDE80840FFF7FFBD00002DE9F0412F
S315000245B01E4E8AB096F81C01EEF728FB017B0446D4
S315000245C00068D6F80C81FEF7BBFD054648BB217B89
S315000245D00DF127030DF126022068FEF7DBFD96F8A2
S315000245E01C01FBF77BFF9DF826209DF82730064627
S315000245F0217B2068D4F8687307920693FFF7ACF81C
S31500024600DDE906320595617CCDE90180CDE90351EC
S31500024610304639460095FBF771FE00200AB0BDE828
S31500024620F0810020FFF7B8FFF7E700BFCC57002064
S3150002463008B5FFF75BFD0022044B83F81D21FFF747
S315000246409FFFBDE80840FFF7AFBD00BFCC57002073
S3150002465010B5094B044693F81C01FAF777FE20B110
S315000246602046BDE81040FFF797BFFFF789FFBDE878
S315000246701040FFF799BD00BFCC570020074B9A7830
S31500024680013A012A08D993F81C011B78012B01D1A2
S31500024690EEF7ACBCEEF7B4BC00207047CC57002056
S315000246A010B5124C94F81C01FAF750FE90B194F82A
S315000246B01E310133DBB2042B84F81E3111D80BF004
S315000246C0FBFEC830C4F80C01FFF7F6FEBDE8104049
S315000246D0FFF76ABDFFF7D2FF0446FFF7EDFE002C97
S315000246E0F4D0BDE81040FFF71BBD00BFCC57002039
S315000246F010B5174C94F81C01FAF728FEB0B194F8DD
S315000247001E310133DBB2042B84F81E310AD80BF0BA
S31500024710D3FEC830C4F80C01FFF7CEFEBDE8104048
S31500024720FFF742BDBDE81040FFF7FABCFFF7A6FF50
S3150002473094F81D310133DBB2092B84F81D31F1D80F
S315000247400028EFD10BF0B8FEC830C4F80C01E5E73B
S31500024750CC570020FFF7E4BCFFF7E2BC70B5044675
S315000247603A4D8AB04FF4987200212846ECF707FAC0
S315000247702C6100240020FBF7CBFC354B0422CDE94B
S315000247800243344B2969CDE900430494324BFBF7CB
S31500024790E1FB2046EEF73AFA036893F8B6305BB3CC
S315000247A02046EEF733FA90F80C05FBF7B1FC064605
S315000247B02046EEF72BFA0068FEF732FE09902046F5
S315000247C0EEF724FA0068FEF73FFE08902046EEF761
S315000247D01DFA0068FEF74CFEDDE908210346304665
S315000247E0FBF7FEFB2046EEF711FA90F80C05FBF7F5
S315000247F08FFC0121FBF708FC00240020FBF76EFE6C
S31500024800164B0522CDE90443154B2969CDE902432E
S31500024810144B0694CDE90043134BFBF721FD29699E
S3150002482020460891EEF7F2F9104BCDE90044CDE9A6
S315000248300243049402680E4B20460899FAF7BEFC1E
S315000248400AB0BDE87040FFF75DBC00BFCC57002040
S3150002485041410200F1460200314602005947020078
S3150002486051460200A1460200994502005547020040
S31500024870E1410200034B42F210709B78052B88BF80
S3150002488000207047CC5700202DE9F74F0E9F0025D8
S31500024890064688469DF830B09DF834A09DF83C90B7
S315000248A0019200930BF006FE244CC4F82C012573EA
S315000248B084F8285184F81E5184F81D51C4F8105109
S315000248C0C4F8185126B3019A0099627504F11600CC
S315000248D05A46267084F8148084F81451ECF742F98B
S315000248E084F808B184F809A184F81C91FFF7E4FD65
S315000248F0042E12D1C4F81871FFF724FC381AC4F832
S315000249000C010BF0D9FDD4F80C31C01AA8420CDD0B
S315000249104FF0FF3003B0BDE8F08F4FF49671C82018
S315000249200CF0B4F83844C4F80C01FFF7A7FE0028CF
S31500024930EED103B0BDE8F04FFFF736BCCC570020EE
S3150002494070B500250126134C267384F81E5184F88F
S315000249501D510BF0AFFDC4F82C0194F81C01EEF7C3
S3150002496059FB0223C4E94305237084F81451FFF767
S3150002497085FE48B1FFF7C6FB94F81C0184F828614E
S31500024980BDE87040EEF728BBFFF796FDBDE8704024
S31500024990FFF70ABCCC570020034B1A7B12B993F8D7
S315000249A02801704700207047CC570020FFF7B8BB9C
S315000249B00023C0E90433C380038183818361838832
S315000249C04381704701608280FFF7F2BF704780899A
S315000249D070472DE9F84F0446DDE90A899B460F46E2
S315000249E092460BF076FDA389002B00F08A80E188BF
S315000249F0A2884B1CB3FBF2F602FB16332068455C19
S31500024A000231C65CB1FBF2F302FB131106EB05267B
S31500024A10B6B2455C002F45D1E388A28803339BB228
S31500024A20B3FBF2F102FB11339BB2E380B8F1000F44
S31500024A304DD1E388A2881FFA85F81D44ADB2B5FBB5
S31500024A40F2F302FB1355ADB2E5808FB186B1216850
S31500024A50AB199342294451DD521B3846ECF782F8D2
S31500024A60A088E3882168C01A321A3844ECF77AF82B
S31500024A70E388A28833449BB2B3FBF2F102FB113303
S31500024A80E380638903339844A3894644013BA381A7
S31500024A90636966810133636100240BF021FD2046C0
S31500024AA0BDE8F88FB8F1000FB6D0BAF1000F2AD0E0
S31500024AB0B9F1000F27D0B345AAF8006089F8005073
S31500024AC003D39DF83030AB42A6D20324E5E7002D8E
S31500024AD0AFD021685819904219440CDDD21A4046CB
S31500024AE0ECF740F8A088E3882168C01A2A1A4044E5
S31500024AF0ECF738F89DE72A464046F9E7324638464B
S31500024B00B4E70224C9E70124C7E72DE9F74F1546A2
S31500024B1004469DF830700193FE1C88462E440BF025
S31500024B20D8FCA288B6B2BBB29642009300F2BC8011
S31500024B30D4F800E0019963899E4271D823892A0A32
S31500024B400EF803202389A28801339BB2B3FBF2F04D
S31500024B5002FB103322689BB22381D5542389A28893
S31500024B6001339BB2B3FBF2F002FB103322689BB215
S31500024B702381D7542389A28801339BB2B3FBF2F077
S31500024B8002FB10339BB22381EFB1206803EB070CC3
S31500024B909445184440F38380D21A0191EBF7E2FF61
S31500024BA02289A38801999B1A2068FA1A1944EBF7FD
S31500024BB0D9FF2389009A1A4493B2A288B3FBF2F171
S31500024BC002FB11332381DDB12389A288206859199A
S31500024BD09142184465DDD21A4146EBF7C3FFA1881C
S31500024BE023892068C91A6A1A4144EBF7BBFF228956
S31500024BF0A3881544ADB2B5FBF3F203FB125525812A
S31500024C0063899E1BA38966810133A38123690133CC
S31500024C10236100240BF064FC204603B0BDE8F08F4C
S31500024C20B4F80C90B9F1000F35D0E088033300F1E7
S31500024C30010ABAFBF2FB02FB1BAA1EF800C01EF811
S31500024C400AA009F1FF390AEB0C2C00F1020ABAFBA1
S31500024C50F2FB033080B202FB1BAAB0FBF2FB02FBA3
S31500024C601B001EF80AA0A4F80C90504480B2B0FBB8
S31500024C70F2FB02FB1B0010FA8CF080B2B0FBF2FBD7
S31500024C8002FB1B009A4463691AFA8CFC0133E0802A
S31500024C90A4F80AC06361A3690133A3614BE73A46EC
S31500024CA085E72A464146A0E70324B3E7F0B5044662
S31500024CB089B01422002103A8EBF761FF94F818319A
S31500024CC08DF80C30B4F804318DF80E3094F80A31B0
S31500024CD08DF8193094F808318DF80F3094F80B31AD
S31500024CE08DF81030D4F80C31059394F810318DF804
S31500024CF0183094F814318DF81B3094F815318DF86C
S31500024D001C30B4F906313F2B2BDD7F230E250026FE
S31500024D10164F8DF80D30204657F8043B9847013D53
S31500024D20304415F0FF05C6B2F5D194F80A31B3B195
S31500024D30AEB994F8083193B114232146009311F8C1
S31500024D40012B0B4803ABFFF7E0FE40B904203146C6
S31500024D5094F8182100F0FCF90548FFF737FE09B070
S31500024D60F0BD13F1800FB8BF8023CFE7405C00206F
S31500024D70245A002000487047245A0020014B83F829
S31500024D80100170470C590020014B93F8100170472F
S31500024D900C590020014BD3F8140170470C5900201E
S31500024DA0014BC3F8140170470C590020014BD3F88C
S31500024DB0080170470C5900204FF0FF3330B5094DFA
S31500024DC001440A1A002A01DCD84330BD10F8012B2F
S31500024DD05340082243F300042C40013A84EA530369
S31500024DE0F8D1EEE72083B8ED30B593B00546EDF77E
S31500024DF043FD0446FAF7C8FD012818D100214022D6
S31500024E0002A88DF80710EBF7BAFE2B46102202A96C
S31500024E100DF10700EEF79EF820B19DF8070002A9F2
S31500024E20FAF7DCFE14B1A042B8BF2046044620467B
S31500024E3013B030BD38B505460BF0F6FD00282846FE
S31500024E400CBF00240224EDF775FB0228284608BF92
S31500024E5044F00804FFF742F908B144F0100428466A
S31500024E60EDF768FB012808BF44F04004204638BD30
S31500024E701FB5102200216846EBF781FE00211023A0
S31500024E806A4608460BF034FB0D4B009AD3F86C3396
S31500024E909A4211D00C2168460093FFF78DFF00213C
S31500024EA010236A46039008460BF08EFC002110235D
S31500024EB06A4608460BF01CFB05B05DF804FB00BF12
S31500024EC00C5900201FB5102200216846EBF757FE49
S31500024ED00021102308466A460BF00AFB0C2168469D
S31500024EE0FFF76AFF039B984206D10A4B009AC3F862
S31500024EF06C2305B05DF804FB00216A4608461023C0
S31500024F0000910BF061FC002110236A4608460BF063
S31500024F10EFFAEEE70C5900202DE9F0470D46514C09
S31500024F2086B0C4F8081100F0DFF8FAF719FD4E4A08
S31500024F3000212846EDF7E4F900210846EDF72AFBA1
S31500024F400020EDF70FFB0020EDF756FA0021EDF7F2
S31500024F506BFAFF210DF1140804AE084603AB04F503
S31500024F604D72CDF804800096EEF7BCFEDDE904230F
S31500024F7001200399FEF702FFFF2103AB084604F561
S31500024F804E72CDE90068EEF7BDFDDDE9042302208D
S31500024F900399FEF7F3FEFF2103AB084604F54F72B1
S31500024FA0CDE90068EEF7BCFCDDE904230320039992
S31500024FB0FEF7E4FEFF2103AB084604F55072CDE985
S31500024FC00068EEF793FADDE9042304200399FEF75D
S31500024FD0D5FEFF2103AB084604F55172CDE9006800
S31500024FE0EEF74AFBDDE9042305200399FEF7C6FE28
S31500024FF04FF006091D4F04F5527A79785246C1EBF5
S315000250000111494438467D6803ABC9B2CDE900684F
S31500025010A847DDE9042309F10105484603995FFA29
S3150002502085F9FEF7ABFEB9F10F0F07F108070AF192
S31500025030040AE2D1002384F810316FF000430C49D0
S315000250404FF40072A1F11C00C4F81431FFF7BAFC48
S31500025050FFF738FFD4F86C330133C4F86C3306B06B
S31500025060BDE8F0870C590020AD4C0200B40F0020B9
S31500025070405A0020014BD3F86C0370470C590020AC
S315000250802D2810B5044604D96021044A04480BF0C1
S31500025090D1FC0448044494F82F0010BD05440300D3
S315000250A0DB7203007C5C00202D2810B5044604D96F
S315000250B06A21044A04480BF0BDFC0448044494F8EF
S315000250C05D0010BD05440300C47203007C5C002031
S315000250D02D289FBF034BC01880F82F1080F85D2043
S315000250E0704700BF7C5C002038B5054600240022CC
S315000250F0E0B211460134FFF7EBFF2E2CF7D1024B3B
S315000251001A70C3F8BC5038BD7C5C00202D2810B53F
S315000251100BD8064B1C1894F82F201844FF2A1CBFE4
S31500025120013284F82F2080F85D1010BD7C5C0020CF
S31500025130034A13780BB1013BDBB21370704700BF11
S315000251407C5C0020014B1878704700BF7C5C002015
S3150002515073B50F4D04462B7816462D2B019115D8A3
S31500025160FFF78EFF019928B92B78EA18013382F8E6
S315000251708B402B702046FFF7C9FFD5F8BC302C4474
S3150002518066701BB102B0BDE87040184702B070BD30
S315000251907C5C0020084B1A7852B11A4492F88A2095
S315000251A01A44527802701A78134493F88A007047A8
S315000251B0FF230370184670477C5C0020CB08C94366
S315000251C0C05C01F00701084100F00100704730B5EC
S315000251D0CD08C943012301F0070103FA01F4435D37
S315000251E08A4023EA04031343435530BD2DE9F047B1
S315000251F0002406460F4625464FF0020A6FF00108C4
S31500025200DFF84C9021463846FFF7D8FF317809EB94
S3150002521041031AFB010101F00F01317004FB088101
S315000252201B5C01F00E018B40601C04F007041D4359
S31500025230072C29B2ADB206D113462D0A03F8025B3A
S31500025240517000251A4628280446DBD1BDE8F087AE
S315000252507476030083794BB1012B0AD1C379032BF0
S315000252608CBF4FF400704FF4C07070474FF4C0709B
S3150002527070474FF400707047C9004379163130B554
S3150002528089B2032B0FD8DFE803F0020A3638062369
S31500025290594305230431B1FBF3F189B203E001EB73
S315000252A04101C1F34F01302501F12F04B4FBF5F49E
S315000252B0437A1C441471B1FBF5F405FB141104EB9B
S315000252C0840303EB83035B0089B29BB211B1023103
S315000252D00B449BB2417AC1EBC10401EBC40103EB5F
S315000252E041039BB253800733DB101380037A0BB959
S315000252F00123137130BD4900CFE701EB4101CCE731
S3150002530030B5C57980792F4C012818BF342034F87E
S31500025310154014BFB4FBF0F0E0086328088027D0DC
S3150002532030D83C2849D01FD81E2809D8092805D9C3
S31500025330012404FA00F0244C04402CB9032012E0A4
S31500025340232801D02F28F9D10620108023FA00F253
S315000253501E48B3F5C07F825C4A8003F03F028A8012
S31500025360ECD20020CB8030BD3E2826D05628E5D18F
S31500025370062010801648DA09825C4A8003F07F0212
S315000253808A80EEE7B0F5C37F10D00BD8B92801D0DA
S31500025390C628D3D1062010800E481A0A825C4A809B
S315000253A0DAB2EDE740F29314A042C7D1062010808C
S315000253B04FF484728B804A80D3E7382010809A0992
S315000253C0C6E700BF0473030000044050687403007C
S315000253D06E74030072740300028853080380D207B6
S315000253E042BF4A88534003808B8802889A4218BF7C
S315000253F053400A889A42EFD3581E80B27047137AF6
S3150002540010B50C4643B1FFF7E7FF2388B0EB530F05
S3150002541028BFC01A00B210BDC8880B88B0FBF3F2D1
S3150002542003FB120080B2F0E72DE9F04F0026ADF53E
S315000254302B7D01900691144631464FF4177213A83C
S31500025440B49D02931296EBF79AFB3146FF2202981D
S315000254508BB2984200F2BC8029464FF6FF73A74EE4
S3150002546042198A424FEA132440F0C68002994FF04D
S31500025470020B6C54002188460E465370029BDFF8DD
S3150002548088A29C1CA4B2E70006379170BFB212AA8A
S315000254908BB29F4201F0070900F2B78004EB440485
S315000254A0E4001234A4B2B9F1000F04D0330C137025
S315000254B0330A53709670FF2200212846EBF75FFBF2
S315000254C0019B5F79032F2BD00DF1380A52468C4B84
S315000254D003F1080C164618685968083303C6634573
S315000254E03246F7D1186899889B79022FB37198BF13
S315000254F0844B306098BF13F807904FF00007B180D5
S3150002550088BF4FF000093E46B846BC4200F29F8073
S31500025510B4B2224607322946D20812A8EBF722FB7A
S31500025520019B00215E7A722316FB03F68AB21346AA
S315000255305343A34201F10101F8DB4FF0000853087F
S315000255405200079393B20393B3B21E46C34647462D
S315000255500FFA84F90493B9F1000F00F38F80002744
S31500025560049B3C46F61A029B01998DF83030019B4A
S31500025570C9791A795B79DFF894A1DB0003EB421350
S31500025580019AB6B2927903EB8203019ADBB2127ADE
S3150002559003EBD103002A14BF0222002213448DF822
S315000255A03130069B1B0903EB41138DF83230069B03
S315000255B019018DF83310019B5B7ABB4200F2A88079
S315000255C0A0190730C0F3CF000DF52B7DBDE8F08F93
S315000255D0635C5340180940EA03136B54131183EAC0
S315000255E0521383EAD20303F0010383EAD21343EA96
S315000255F04203DAB201312AE711F8010B604036F8AC
S31500025600100080EA03239BB22BE728460391FFF79B
S31500025610D5FD03990AEB480313F800C0CB431BFBE5
S31500025620080803F0070303EB43030CFA03F3B9F18B
S31500025630070F08F03F0846EA030606D1330C13703B
S315000256409670330A002653700332013120E71AF8A6
S3150002565008305BB1394612A8FFF7B0FD06F1010B1F
S31500025660024631462846FFF7B2FD5E4608F10108BA
S31500025670C14508BF4FF00008013746E74B46302BBD
S31500025680A8BF30234FF0000A002231462846059370
S31500025690FFF79DFD0022711CFFF799FDB31C0893CD
S315000256A0089B3946534412A80993FFF787FD099BC5
S315000256B0024619462846FFF78AFD039B1F44BFB2DE
S315000256C0BC420DD8079B5B449FB2039BBB429FBF64
S315000256D008F101081FFA88F84746C34688BFBB4649
S315000256E0059B0AF1010A9A45DADB1A460232A9F14A
S315000256F0300916440FFA89F9B6B22CE7747403001E
S31500025700F1720300007303009476030040740300F1
S315000257109DF83320013BDB1B22F00C02DBB242EA8E
S3150002572083038DF83330FF2200230CA810F8011BE7
S3150002573001334A409BB23149042B8A5CF6D14FF0C1
S3150002574000088DF834200CA90EAA0DF12F00CDE920
S315000257500E88ADF840808DF82F80FFF747FD0EAA20
S315000257600CA90DF12F00FFF741FD424621462846BE
S31500025770FFF72DFD4246611CFFF729FDDFF8808009
S3150002578004F1020B18F8011B0EA8FFF717FD594684
S3150002579002462846FFF71BFDC2450BF1010BF1D16C
S315000257A0DFF8608004F14A0B08F1280918F8011B9A
S315000257B00EA8FFF703FD594602462846FFF707FDE6
S315000257C0C1450BF1010BF1D14FF0000804F12A0992
S315000257D0019B41461868FFF7F1FC09EB080B0246EC
S315000257E05946284608F10108FFF7F1FCB8F1200FE7
S315000257F0EED17234A4B20137DDE600BF187303009E
S31500025800187403004074030007B56A46FFF734FDB7
S315000258107D20BDF802301B027C33B3FBF0F003B0EF
S315000258205DF804FB1FB584238DF80C3000238DF838
S315000258300D100222009303A90AF0C8FB05B05DF819
S3150002584004FB1FB580238DF80C3000238DF80D1054
S315000258500222009303A90AF0B9FB05B05DF804FB26
S315000258601FB5C1238DF80C3000230122009303A932
S315000258700AF0ACFB05B05DF804FB1FB583238DF877
S315000258800C300B0C8DF80D300B0A8DF80E30002300
S315000258908DF80F100422009303A90AF097FB05B0B6
S315000258A05DF804FBB1F5802F02D28901FFF7E5BF4F
S315000258B0022070471FB582238DF80C300B0C8DF831
S315000258C00D300B0A8DF80E3000238DF80F100422CE
S315000258D0009303A90AF07AFB05B05DF804FBB1F563
S315000258E0802F02D28901FFF7E5BF022070471FB55C
S315000258F09F238DF80C3000238DF80D1002220093A1
S3150002590003A90AF063FB05B05DF804FB1FB59423F7
S315000259108DF808300B0C8DF809300B0A8DF80A3019
S31500025920130C8DF80C30130A8DF80D3000238DF808
S315000259300B108DF80E200093072202A90AF046FBEF
S3150002594005B05DF804FB92018901FFF7DFBF1FB5C1
S31500025950C5238DF80C3000230122009303A90AF017
S3150002596035FB05B05DF804FB1FB5D1238DF80C306D
S3150002597000230122009303A90AF028FB05B05DF873
S3150002598004FB1FB5D2238DF80C30002301220093AD
S3150002599003A90AF01BFB05B05DF804FB1FB59623AD
S315000259A08DF80C3000238DF80D100222009303A906
S315000259B00AF00CFB05B05DF804FB1FB589238DF8D0
S315000259C00C3000238DF80D100222009303A90AF071
S315000259D0FDFA05B05DF804FB1FB598238DF80C306F
S315000259E000238DF80D108DF80E200093032203A9D3
S315000259F00AF0ECFA05B05DF804FB0332C2F3870243
S31500025A00C1F38701FFF7E8BF1FB595238DF808306C
S31500025A100B7805228DF809304B788DF80A308B7891
S31500025A208DF80B30CB7802A98DF80C300023009349
S31500025A300AF0CCFA05B05DF804FB1FB593238DF886
S31500025A400C3000238DF80D100222009303A90AF0F0
S31500025A50BDFA05B05DF804FB1FB50D248DF80E10D6
S31500025A608DF80C4000930C0A134603A903228DF805
S31500025A700D400AF0ABFA04B010BD1FB51D248DF817
S31500025A800E108DF80C400C0A002100938DF80F10B1
S31500025A90134603A904228DF80D400AF0C7FA04B092
S31500025AA010BD1FB50E248DF80D10009303A91346E1
S31500025AB002228DF80C400AF089FA04B010BD1FB517
S31500025AC08DF80D1000211E248DF80E10009303A9E7
S31500025AD0134603228DF80C400AF0A8FA04B010BD52
S31500025AE030B5082587B0BDF828408DF80C508DF8E2
S31500025AF00E1021FA05F58DF81020110A8DF81230D4
S31500025B001A0A230A8DF8133000238DF80F108DF828
S31500025B1011200093092203A98DF80D508DF8144027
S31500025B200AF054FA07B030BD1FB512230222ADF8AF
S31500025B30083000230C46ADF80C30009203AB02A9E4
S31500025B400AF074FA30B99DF80C209DF80D3003EB7B
S31500025B500223238004B010BD1FB502238DF80C303A
S31500025B600B0A8DF80D3000238DF80E1003220093D8
S31500025B7003A90AF02BFA05B05DF804FB002373B5FE
S31500025B800D460DF106010646ADF80630FFF7CCFFCD
S31500025B90044618B9BDF8061019B94DB9204602B027
S31500025BA070BD3046FFF7D8FF0028F6D00446F5E769
S31500025BB0BDF806302B80F1E71FB59D238DF80C301A
S31500025BC000238DF80D100222009303A90AF0FEF9B4
S31500025BD005B05DF804FB1FB597238DF80830130C4A
S31500025BE08DF80A30130A8DF80B3000238DF8091050
S31500025BF08DF80C200093052202A90AF0E7F905B0F8
S31500025C005DF804FB1FB586238DF808300B0E8DF860
S31500025C1009300B0C8DF80A300B0A8DF80B30002375
S31500025C208DF80C100522009302A90AF0CFF905B0EF
S31500025C305DF804FB1FB58A238DF80C3000238DF81E
S31500025C400D100222009303A90AF0C0F905B05DF80F
S31500025C5004FB1FB51122ADF80C2001220B4600925F
S31500025C6003A902220AF0E2F905B05DF804FB1FB5AA
S31500025C708E238DF80C3000238DF80D108DF80E2032
S31500025C800093032203A90AF0A1F905B05DF804FB0B
S31500025C908B2330B587B08DF810300B780C468DF813
S31500025CA011304B7805228DF812308B7805468DF827
S31500025CB01330CB7804A903F001038DF814300023C6
S31500025CC000930AF083F9E8B98DF80F00012340F634
S31500025CD0890128460DF10F026478FFF7CEFE88B9D6
S31500025CE09DF80F30062C0CBF03F0FB0343F00403B0
S31500025CF08DF80F3040F68901012328460DF10F0277
S31500025D00FFF7AAFE07B030BD7FB58C238DF80C30A5
S31500025D100B881A0A8DF80E308B788DF80D208DF8C7
S31500025D200F30CB780A228DF810300B798DF81130AE
S31500025D304B798DF812308B798DF81330CB798DF83B
S31500025D4014300B7A03A98DF81530002300930AF05C
S31500025D503DF907B05DF804FB8C2330B587B08DF8AA
S31500025D6010300B880C461A0A8DF812308B788DF893
S31500025D7011208DF81330CB7807228DF814300B7969
S31500025D8005468DF815304B7904A98DF81630002397
S31500025D9000930AF01BF9D0B98DF80F00012340F2E7
S31500025DA0367128460DF10F02FFF767FE78B9627960
S31500025DB09DF80F306AB103F0FB038DF80F3040F205
S31500025DC03671012328460DF10F02FFF745FE07B093
S31500025DD030BD43F00403F0E71FB588238DF8083081
S31500025DE00B788DF809304B788DF80A308B788DF860
S31500025DF00B30CB788DF80C304B681A0C8DF80D20D1
S31500025E001A0A8DF80E208DF80F30082200230DEBAA
S31500025E10020100930AF0DAF805B05DF804FB1FB53B
S31500025E208F238DF80C3000238DF80D108DF80E207F
S31500025E300093032203A90AF0C9F805B05DF804FB32
S31500025E40F829F0B50C4628BFF82405460F4600236C
S31500025E50013485B0C4F346041F2CDEB203F10103FC
S31500025E601FD8A0238DF80C307300013304FA03F314
S31500025E708DF80D30002302222846009303A90AF06A
S31500025E80A5F860B95FB106EBC404012340F20671BE
S31500025E9028460DF10B028DF80B40FFF7DDFD05B02C
S31500025EA0F0BD0334C4F38704D6E71FB5C02301222D
S31500025EB08DF80C3000230C468DF80F3000920DF150
S31500025EC00F0303A90AF0B2F838B99DF80F30C3F3ED
S31500025ED04202C3F302132270637004B010BD1FB5F1
S31500025EE013230222ADF8083000230C46ADF80C301D
S31500025EF0009203AB02A90AF099F828B99DF80C3072
S31500025F0023709DF80D30637004B010BD1FB51423C5
S31500025F10ADF80830174B0C461B880222ADF80C3040
S31500025F2000238DF80E30032302A9009303AB0AF077
S31500025F307DF8E8B99DF80C3003F001022270C3F334
S31500025F4040026270C3F38002A270C3F3C002E27021
S31500025F50C3F30012C3F3401363719DF80D3022712F
S31500025F605B425B10A3719DF80E305B425B10E371DE
S31500025F7004B010BD147703001FB51423ADF8083022
S31500025F80104B0C461B880222ADF80C3000238DF80C
S31500025F900E30032302A9009303AB0AF047F870B947
S31500025FA09DF80C305B425B1023709DF90D30023375
S31500025FB09B1063709DF80E305B425B10A37004B0B9
S31500025FC010BD00BF147703001FB51523ADF80C30C2
S31500025FD000238DF80B3001230C46009302220DF1AB
S31500025FE00B0303A90AF022F820B99DF80B305B4295
S31500025FF05B10238004B010BD0AF03EB80AF054B814
S3150002600010B580B10023094A52F83340844205D3C1
S31500026010002002EBC3031B790B7010BD0133152B55
S31500026020F2D10220F9E70320F7E700BFFC0F0020B8
S315000260300A289ABF024B53F820000020704700BF7F
S31500026040307703000279F0B5002A14BF102200222D
S315000260508B7886781F1DC378012E02EBC3020CBF14
S31500026060002314230C78A2EB8402062C4FEA840543
S315000260701A44A4F1020603DDCB78083203B1083DC7
S31500026080002AACBFAB182B1C013B93FBF5F203882D
S31500026090062C07FB0233CCBF0C330E339B000133B5
S315000260A003FA06F0F0BD38B5FFF7CCFF0446487890
S315000260B0FFF7BEFF4FF47A73421E03FB0423B3FBC2
S315000260C0F0F038BD42790388012A0CBF082200226B
S315000260D01344C278017913448279002918BF013228
S315000260E0C17906298EBF00200248405C104403EBAA
S315000260F0C00070472877030010B50C46FFF7E2FF91
S315000261004FF47A712268531E01FB0030B0FBF2F0A5
S3150002611010BD0023F7B50E4615468DF805308DF8ED
S3150002612006308DF8073040F6E20101230DF1050233
S315000261300446FFF7A2FC002845D19DF8053040F63B
S31500026140E20123F001038DF80730204601230DF109
S315000261500702FFF781FCB0BB012340F6E5012046AA
S315000261600DF10602FFF789FC68BB9DF8063040F682
S31500026170E50103F07F038DF80730204601230DF178
S315000261800702FFF769FCF0B96FF07F412046FFF77F
S3150002619091FBC0B90746AF4217D100212046FFF74F
S315000261A050FB80B9012340F6E20120460DF10502BB
S315000261B0FFF752FC38B9012340F6E50120460DF1FE
S315000261C00602FFF749FC03B0F0BD042340F61901AD
S315000261D0204606EB8702FFF750FC0028F3D1013771
S315000261E0D9E743F60952B0FBF2F141F6846302FBAA
S315000261F0110003EB8030B0FBF2F000EB8130704708
S3150002620010B504460846FFF7ECFF01462046BDE8F6
S315000262101040FFF7F7BC000070B50B68224E86B03F
S3150002622005464868B6FBF3F60C46FFF7DAFF8B2302
S315000262308DF80C30330C8DF80D30330A8DF80E3094
S31500026240237A8DF814008DF81030637A09228DF8BE
S315000262501130030C8DF81230030A8DF81330002327
S315000262602846009303A98DF80F6009F0AFFEC0B966
S315000262708DF80B00012340F6890128460DF10B0229
S31500026280FFF7FBFB68B99DF80B3040F6890143F036
S3150002629004038DF80B30284601230DF10B02FFF79C
S315000262A0DBFB06B070BD00BF0000093D80017047F0
S315000262B007B559B196238DF8043040F6AC01012397
S315000262C001AAFFF7C9FB03B05DF804FB9423F2E7CA
S315000262D0002313B5082A0446CDE900330BD86846D5
S315000262E0EAF740FC08236A464FF4D8612046FFF7D6
S315000262F0B3FB02B010BD0320FBE7002337B50D4602
S31500026300ADF804304FF4E861022301AA0446FFF710
S31500026310B4FBB8B99DF8043025F00F0203F00F0361
S3150002632013438DF804309DF80530204603F00F0321
S3150002633003EB05118DF8051002234FF4E86101AA5B
S31500026340FFF78AFB03B030BD07B50B0A8DF80430A0
S315000263508DF80510022340F2BC6101AAFFF77CFB0F
S3150002636003B05DF804FB07B50B0A8DF804308DF80F
S315000263700510022340F2BE6101AAFFF76DFB03B0CE
S315000263805DF804FB002337B50D468DF807304FF450
S31500026390D76101230DF107020446FFF76EFBD8B958
S315000263A09DF80730C5F3002223F0010313438DF84D
S315000263B007304FF4D761012320460DF10702FFF79C
S315000263C04BFB48B9012340F2B96120460DF10702A1
S315000263D08DF80750FFF740FB03B030BD002313B51D
S315000263E040F6D8018DF807300DF107020123044665
S315000263F0FFF743FB68B99DF8073040F6D80143F032
S315000264001E038DF80730204601230DF10702FFF720
S3150002641023FB02B010BD002313B540F602118DF81E
S3150002642007300DF1070201230446FFF715FBB0B949
S31500026430012340F6441120460DF10702FFF71DFB2A
S3150002644068B99DF8073040F6441143F002038DF80F
S315000264500730204601230DF10702FFF7FDFA02B0CD
S3150002646010BDFFF7D8BF07B501238DF807100DF150
S31500026470070240F6E701FFF7EFFA03B05DF804FB07
S3150002648007B502238DF804108DF8052040F6111188
S3150002649001AAFFF7E1FA03B05DF804FB00232DE938
S315000264A0F04F85B00D461746CDE901338DF80C3015
S315000264B040F29F21092301AA0646FFF7DEFA0028C9
S315000264C048D104464FF0020C4FF0010E9DF804101D
S315000264D0E2B297429DF8043033D94FF000080DF12D
S315000264E004090DE04A4699F801B0927835F814A0ED
S315000264F002EB0B22924508F1010809F102091ED0AE
S315000265005FFA88F29342EDD8032B01D9032021E0EA
S3150002651035F814200DF1100808EB43034FEA122850
S3150002652003F80B8C9DF804301CFB03E310336B4419
S3150002653003F80B2C9DF8043001338DF80430013436
S31500026540C6E7994206D0092340F29F21304601AAA6
S31500026550FFF782FA05B0BDE8F08F000013B50446D6
S31500026560064B0322D3F80E005B8A0090694620464A
S31500026570ADF80430FFF792FF02B010BD14770300A6
S31500026580002373B50D4614468DF806308DF8073094
S3150002659040F2497101230DF106020646FFF76DFA34
S315000265A090B9012340F26B7130460DF10702FFF7F5
S315000265B064FA48B99DF80630C3F302132B709DF8AE
S315000265C00730C3F30013237002B070BD10B5044642
S315000265D0154B88B01868596805AA03C21989D3F8F9
S315000265E00A001180D3F80E1002AA03C29B7C032173
S315000265F020461370FFF71EFBA0B9034600900A223D
S31500026600204605A909F0E2FC60B90346009009227A
S31500026610204602A909F0DAFC20B9024601462046C4
S31500026620FFF7FDFB08B010BD5C77030007B56A46AD
S31500026630FEF722FEBDF80200404200F00700C0024B
S3150002664000F60E6003B05DF804FB0B7A0021FFF73B
S3150002665028BA002307B540F285318DF807300DF1CF
S3150002666007020123FFF7F8F903B05DF804FB0123E3
S3150002667007B58DF804308DF805108DF80620032332
S3150002668040F2853101AAFFF7E7F903B05DF804FB92
S315000266900F2913B51AD8140A8DF801201A0E8DF88F
S315000266A0022001EB41011A0C8DF8032049001A0A57
S315000266B08DF804208DF805306A46062301F56271CD
S315000266C08DF80040FFF7C8F902B010BD0320FBE7C2
S315000266D070B50446024601F114000D46FEF78FFE20
S315000266E0A6792B88002E14BF0822342203F001015A
S315000266F0012E4FEA520301FB03330CBF4FF48051C4
S315000267004FF4D04194F910201A44E368A3EB4223D4
S3150002671001FB1030237A43B1AA7D637A9A4204D2EE
S315000267209B1ADB0758BF00F5807070BD2DE9F0415A
S315000267301D460E46114603F108020446FEF79CFD6D
S315000267402B89FF2B09D8A3794BB9227C1A32D2B2F4
S31500026750332A02D8E379052B08D8022619E0012B41
S3150002676004D1227C0432D2B2072AF6D8002305F1DC
S315000267701408AB754246334629462046FEF7C0FD4D
S31500026780064630B9237A93B929462046FFF7A0FF79
S3150002679028613046BDE8F08129464046FEF71CFED8
S315000267A00137637AC3F10403BB42F5DCECE7074623
S315000267B0F7E72DE9F84314460E46127B217A804606
S315000267C0FFF755FF054678B9337A83B962894046A1
S315000267D001322369A17D92B2FFF75AFF054618B925
S315000267E0A37D60810133A3752846BDE8F88394F83A
S315000267F00C90B9F1100F28BF4FF01009A17D894501
S31500026800F2D9737A8B4215D86789322F28BF32277D
S315000268103A4640462369FFF73BFF80B9A37D2146EE
S315000268200133A37563893046DB1B6381FFF750FF93
S315000268302061E3E7002914BF72277327E8E70546BC
S31500026840D2E72DE9F0410D46C2B0BDF824810646D5
S31500026850144619462846134642464A9FFFF766FFE4
S31500026860A8B90FB123693B6002AF489AE188434653
S3150002687028460097FEF7D8FD3A4621463046FFF7EE
S31500026880E4FE20B9224629463046FFF792FF42B07F
S31500026890BDE8F081F8B50E46137B917D14468B4216
S315000268A019D95789136901F00F013222FFF7F0FE59
S315000268B0054670B9A37D322F03F10103A3756389DF
S315000268C0214694BFDB1B323B30466381FFF700FF54
S315000268D020612846F8BD0025FBE7182190F8082E0E
S315000268E001FB0201D1F8DC1831B102F5667250F8EB
S315000268F02220C0F85C2E0847704700000F2905D9F0
S3150002690040F2D341074A08480AF094B800EB8101E5
S31500026910D1F8183E1BB94FF49B61024AF3E7D1F84E
S31500026920E80A184705440300DE7C03002DE9F84F08
S315000269300546064604464FF0100A4FF000084FF08F
S31500026940040B00F6BC5700F1100994F8E238032B49
S315000269501AD13B68711B01333B600A2384F8D8A81D
S31500026960C4F8E488C4F8E888C4F8EC8884F8E2B885
S3150002697084F8E18886F8283BD7F8A4302846C5F87B
S315000269805C3EC9B2FFF7BAFF01364E4504F1180460
S3150002699007F10407D9D1BDE8F88FF0B585B06A468C
S315000269A0034600F5C07193F8E04818338B4202F8AB
S315000269B0014BF8D1FF2700F6D82100F6E820002285
S315000269C06D46FF24134615F8016BA64298BFDAB24C
S315000269D003F1010398BF3446102BF4D102F11003E0
S315000269E001F8012B6B44884203F8107CE7D105B00D
S315000269F0F0BD2DE9FF4118234FF0000803FB010308
S31500026A0093F8D97804460D461646CDF80C808FBB0E
S31500026A1001F566738C2101FB054150F823003A46C5
S31500026A20D0F8EC8091F84910006803ABC0473846AD
S31500026A30182303FB054393F8D938A3F10802032A66
S31500026A4052D8D4F8B82D04EB8505D5F8983CB61A79
S31500026A503344C5F8983C0023D4F8A02DC4F8B03DC1
S31500026A601644C4F8A06DC4F8B43DC4F8B83D04B0E9
S31500026A70BDE8F081012F11D101F566738C2101FB6E
S31500026A80054150F8230003AB0093D0F8E8700A6D75
S31500026A904346896C0068B8474046C9E7022F10D1C1
S31500026AA08C2707FB014701F5667350F82300BA6A83
S31500026AB0D0F8E48097F92C10006803ABC047B86A97
S31500026AC0B6E7032FE8D18C2707FB014701F566736A
S31500026AD050F82300FA6BD0F8E48097F94610006864
S31500026AE003ABC047F86BA3E70E3B022BBFD9D4F822
S31500026AF0B07D039BEFB104EB850CDCF8182CF11B7F
S31500026B000A44CCF8981BCCF8182CD4F8982D0A44D1
S31500026B10C4F8982D4FF47A725943B1FBF2F1DCF8BE
S31500026B20D82C0A44CCF8D82CD4F8A42D1144C4F895
S31500026B30A41DD4F8B41DE9B104EB850CDCF8582C7D
S31500026B40711A0A44CCF8D81BCCF8582CD4F89C2DD0
S31500026B500A44C4F89C2D4FF47A725943B1FBF2F100
S31500026B60DCF8182D0A44CCF8182DD4F8A82D1144B7
S31500026B70C4F8A81DD4F8B82DDAB1B61A04EB85020A
S31500026B80D2F8981C73433144C2F8981CD4F8A01D5D
S31500026B9031444FF47A76B3FBF6F3C4F8A01DD2F86B
S31500026BA0581D1944C2F8581DD4F8AC2D1344C4F824
S31500026BB0AC3D0023C4F8B03DC4F8B43DC4F8B83DBA
S31500026BC0002F3FF454AF05F2E62554F82510F8F7E6
S31500026BD0E5FE4CE72DE9F74F04464FF0000809F0B1
S31500026BE06BFC274605462646C246DFF8C09300F5EB
S31500026BF0FA6B96F8E238012B16D1D6F8E438EB1A7E
S31500026C00002BC4BF05F10A03C6F8E438D6F8E83803
S31500026C10EB1A4B4508DD204686F8E2A8C6F8E4B82A
S31500026C2086F8E088FFF7B9FE08F10108B8F1100FFF
S31500026C3006F11806DDD1182394F8081E03FB01435A
S31500026C4093F8E228022A1DD193F8D938012B02D9EA
S31500026C500F3B012B16D8182303FB0143D4F8A02EB1
S31500026C60D3F8E4080232121A2A44C3F8EC2893F83D
S31500026C70E1283AB10022204683F8E12883F8E01899
S31500026C80FFF78BFE2346032104F5C07A93F8E22828
S31500026C9032B9D3F8E428521B002AB8BF83F8E218A7
S31500026CA018335345F2D104F6D828404600234FF054
S31500026CB0180C10F8012B01330CFB024696F8E21869
S31500026CC001297ED8D6F8E418491B00297BDB182651
S31500026CD006FB024292F8D8B8D2F8E408D2F8ECC819
S31500026CE0DBB20093009B0F2B77DDA64606FB0B4C0F
S31500026CF00CF6D80CBCE80F00AEE80F009CE80300C7
S31500026D00E3688EE803005B1B40F19F80A37A022BA7
S31500026D100AD0D4F8FC3D0133C4F8FC3D237806FBC7
S31500026D200346032386F8E238182394F8102E03FB51
S31500026D300243D3F8E408451B002D10DDD4F8A01E4B
S31500026D408D420CD294F8581E012908D1217891421D
S31500026D5005D093F8E22812B9032283F8E228182212
S31500026D6094F8083E02FB034393F8E238022B02D062
S31500026D702046FFF7DBFD09F09FFB2346032193F82C
S31500026D80E22832B9D3F8E428121A002AB8BF83F8E7
S31500026D90E21818335345F2D1002297F8E238D5B2F9
S31500026DA0012B05D8D7F8E438191A002980F2BA80DF
S31500026DB00132102A07F11807EFD1002384F8583E52
S31500026DC0E6E0022983D0DBB2102B7FF472AF2046B5
S31500026DD003B0BDE8F04FFFF7A9BD009B18F80320EA
S31500026DE006FB024191F8E2E8BEF1010F07D8D1F89D
S31500026DF0E418491B002905DA009B013371E7BEF14D
S31500026E00020FF9D106FB0242D2F8E4180191D2F838
S31500026E10EC180B4601991944A1EB0009B9F1000FD0
S31500026E2007DA491B0029E7DB9C4692F8D8B8019895
S31500026E30E2E7E1D0E145DFDABEF1010F02BF00EB86
S31500026E400C010A31C2F8E418D6E7D4F8A02E934210
S31500026E503FF66AAF94F8082E237806FB024191F8B2
S31500026E60E208022859D191F8D80898423FF45CAF5B
S31500026E70032302F5667281F8E23854F822300021C3
S31500026E809A691868904728B140F29F21424A4348BE
S31500026E9009F0D0FD94F8083E41F6FE7103F56673DB
S31500026EA054F823309A6D1868904728B140F2A12110
S31500026EB03B4A3A4809F0BEFD09F006FE94F8083E40
S31500026EC0012103F5667354F823305A69186890470E
S31500026ED028B140F2A521334A304809F0ABFD002023
S31500026EE084F8110E09F0F7FD09F0F2FD94F8081E78
S31500026EF0009109F0E1FA009902462046FFF779FD72
S31500026F001822237884F8083E02FB03430222204615
S31500026F1083F8E228FFF7E1FC06E784F8083E06FB61
S31500026F200343F3E7182101FB024191F8E268D7B265
S31500026F30012E0DD8D1F8E468A6EB030CBCF1000FC4
S31500026F4006DAA6EB000CBCF1000FA4BF33463D46A1
S31500026F500132D6B20F2E01F11801E6D901221B1A0F
S31500026F60D4F8A00E84F8105E9842C4F80C3E84F859
S31500026F70582E0BD2181A009009F0A9FA22460A498D
S31500026F80009803B0BDE8F04F09F098BA84F8122EC3
S31500026F9003B0BDE8F08F00BF6F770300EF7C0300FC
S31500026FA0B2770300F3770300B16F0200C0D4010089
S31500026FB0012380F8123EFFF70DBEF8B540F6A46233
S31500026FC00D4600210446E9F7DAFD00222346112781
S31500026FD010460426C4F85C5E04F5666183F8D82878
S31500026FE00132102A83F8D978C3F8DC0883F8E268FC
S31500026FF083F8E10841F8045B03F11803EED10B2193
S3150002700004F62830E9F7BBFD4022002104F6E82009
S31500027010E9F7B5FD4022002104F61860E9F7AFFD55
S315000270204FF41A7200216770A67204F69830E9F7D7
S31500027030A6FD0823C4F8A03EF8BD00000F2938B506
S3150002704006D9FF210C4A0D4809F0F4FC012038BD8F
S3150002705000EB8105D5F8184E04B91AB94FF48271BE
S31500027060054AF0E708440B2180F8281B2046C5F89C
S31500027070182EC5F8E83AEAE705440300A97C03009E
S315000270800F2908B507D90A4840F21111094A09F031
S31500027090D1FC012008BD002301F2863240F82230DD
S315000270A0182202FB010080F8E1381846F2E700BF19
S315000270B0997C030005440300002310B500F6E8207E
S315000270C050F8044B8C4202D10020137010BD0133DC
S315000270D0102BF5D103484FF49271034A09F0AAFC2A
S315000270E00120F3E78A7C0300054403002DE9F047FB
S315000270F00D7806460F2D0C469146984608D94FF450
S315000271009771354A354809F095FC0120BDE8F087AC
S315000271104B6823B100EB850ADAF8183E1BB940F238
S3150002712033112D4AEEE78B7A012B03D94FF49C716A
S315000271302B4AE7E709F0C0F9A27AE36812B91A1AEC
S31500027140002A45DD274A191A914201D9834241D8BC
S31500027150182707FB056797F8E2080228D6D00B2204
S31500027160731983F8282B07F6D80C0FCCACE80F005E
S315000271708C2294E803008CE8030002FB0560089960
S315000271801830E9F7EFFCCAF8589A05F25C5326F86C
S31500027190138097F8E138B3B105F11003182202FB08
S315000271A00565DBB285F8E038D5F8E4383046C5F82F
S315000271B0E838FFF7F2FB96F8114E14B93046FFF79E
S315000271C009FD0020A2E797F8E23805EB0313E5E78D
S315000271D003209BE7042099E705440300FF7C030094
S315000271E026780300005125020F2938B5044607D92F
S315000271F015484FF4B971154A09F01CFC012038BD37
S31500027200182303FB010191F8E238032B01D9002070
S31500027210F5E7022B0DD1012380F8113E90F8085EA6
S3150002722009F04AF905F2D62544F8250009F05BFC77
S31500027230EDE7032381F8E23890F8114E002CE6D1EF
S31500027240FFF7C8FC2046DAE7D07C030005440300BA
S315000272500F2910B407D940F29B11094A09485DF873
S31500027260044B09F0E7BB01F2D62450F82440084447
S31500027270146090F8282B5DF8044B1A70704700BF13
S3150002728005440300C27C03000029034B08BF002308
S31500027290C0F8143E704700BFEE4B0DF02DE9F041E9
S315000272A04B7804460D2B0D4602D10020BDE8F08135
S315000272B0112BFAD00E7800EB8607D7F8600E06F28D
S315000272C04C5306F25C51D0F85080D7F8582A34F85D
S315000272D01110006804EB4303C04728B140F2024193
S315000272E0264A274809F0A6FB6B780BB1072B16D165
S315000272F08C21012201FB064301FB06411A76D7F8CF
S31500027300603E8031D3F89420186890470028CCD08C
S3150002731040F20B411B4A1A4809F08CFBC5E7012BC8
S3150002732013D18C21002501FB064301FB06411D7684
S31500027330D7F8603E8031D3F890201868904700282D
S31500027340B3D040F21441104AE5E70F3B012B13D8A4
S315000273508C21002501FB064301FB06411D76D7F869
S31500027360603E8031D3F890201868904700289CD060
S3150002737040F21E41044ACEE7012097E73578030022
S31500027380657C0300DA780300687903002DE9F3418E
S31500027390044609F09EF8182294F8083E02FB0343BD
S315000273A093F8E228022A14D1D4F8141EB74A91425D
S315000273B00FD0D3F8E45809F07FF8281A10F5FA3FEF
S315000273C007D540F2B91194F8083EB14AB14809F01E
S315000273D031FB94F8113E6BB994F8122E22B902B021
S315000273E0BDE8F04109F07CB8204684F8123EFFF76A
S315000273F0F1FBF4E71823002294F8085E84F8112EB4
S3150002740003FB054393F8E218022900F2298193F857
S31500027410D938ADF804200C2B7DD004EB8506D6F8BE
S31500027420603E01A9DA6D18682FB2904728B14FF471
S315000274303C71994A994809F0FDFA182101FB054267
S3150002744092F8D928BDF80430102A04EB050222D19D
S3150002745013F0080003D0052382F8283B5BE013F003
S31500027460C00F02D082F8280B55E05B0740F1B980C5
S31500027470042301FB0541204682F8283B01F6D80188
S31500027480FFF70CFF012846D14FF44171824A834827
S3150002749009F0D0FA3FE004EB470713F00200A7F821
S315000274A0383B5CD0032382F8283B6378042B32D125
S315000274B08C2101FB0545D6F8603E1C350022294683
S315000274C0D3F8D0801868C04728B140F21731744A01
S315000274D0724809F0AFFA0023D6F8600EADF806300E
S315000274E0D0F8DC802946B7F8B82A00680DF1060301
S315000274F0C04728B140F21F316A4A684809F09AFA31
S315000275004FF47A72BDF80630B3FBF2F2D6F8583B66
S315000275109B1AC6F8583B94F8081E204601F2D62359
S3150002752054F82320FFF765FA94F8081E631893F8B7
S31500027530282B0C2A3FF453AF182303FB0143022ADC
S3150002754093F8D90801F5667354F823304BD106280F
S3150002755052D12046C4F85C3EFFF7D0F93FE713F05C
S31500027560C00F7FF47FAF1F073FF575AF58070FD5E2
S31500027570042301FB0541204682F8283B01F6D80187
S31500027580FFF78CFE0128C6D140F23531424A7EE72A
S31500027590990501D501235FE7DF0501D502235BE7E4
S315000275A0580516D58C210C2315FB01F582F8283BCC
S315000275B0D6F8603E05F18A021C35D3F8CC6018680D
S315000275C022446119B0470028A5D04FF45171364ABA
S315000275D05DE7190501D508233EE7DB0401D509233A
S315000275E03AE70A2338E7012A01D10728B0E710282B
S315000275F002D112F0FB0FACD0182202FB014110227D
S31500027600042081F8D828002281F8E208C1F8E4288B
S31500027610C1F8E828C1F8EC2881F8E12818680121A8
S315000276205A69904728B140F2FB11204A194809F0DD
S3150002763001FA94F8081E204601F5667354F82330C1
S31500027640C4F85C3EFFF75AF92046FFF76FF9204669
S31500027650FFF7C0FA002009F03EFA09F039FABEE651
S31500027660134E0C4F04F5666504F56A6455F8043B3F
S3150002767001215A691868904728B1324640F2092119
S31500027680384609F0D7F9AC42F0D1E3E7EE4B0DF0FC
S31500027690F6790300B67C030005440300787C0300F8
S315000276A0097A03008F7A0300457B0300F377030010
S315000276B0097C030038B5012380F8113E044690F890
S315000276C0085E08F0F9FE05F2D62544F82500BDE865
S315000276D0384009F008BA704770B515460C4606469A
S315000276E0002110222846E9F74AFA0023611E0F34C8
S315000276F011F8012F0F2A0BD846FA02F0C00704D55B
S31500027700A85C01330130DBB2A8548C42F0D10BB92C
S31500027710022070BD0020FCE72DE9F04385B0054646
S315000277200E46174698469DF83090FDF783FB00F00B
S315000277301C00082820D1B9F1F20F03D9022005B0A6
S31500027740BDE8F083731EDBB2DE2B0FD800249DF852
S3150002775034302846CDE9019301223B463146039453
S31500027760CDF80080ECF7D2FA2046E8E72846EBF798
S3150002777005FA0028EAD1E1E70420E0E738B5204C13
S315000277800546A3682068984720B1FC211D4A1E4879
S3150002779009F050F9E3682068984720B1FD211B4A99
S315000277A0194809F047F9012163692068984720B111
S315000277B0FE21174A144809F03DF9002009F08BF919
S315000277C00F491448FFF7F9FB1249134809F060F90B
S315000277D0104B124A18460021FFF730FC01F0E2FE78
S315000277E0FCF7F4FA28460B49FDF796FB0948FCF725
S315000277F0B5FFBDE838400021FF220846FDF7A8BCC8
S31500027800A41000200F7D0300E57D0300427D0300E6
S31500027810747D03003C5D0020B5760200D776020037
S3150002782008B50348FFF7B2FDBDE80840FCF740BBC8
S315000278303C5D002070B506460D46FDF7A5FA10B16F
S315000278400324204670BD6DB13046FDF7F3FA10F001
S315000278504804F5D131462846EAF77CFF002818BFCE
S315000278600424EEE70224ECE770B506460D46FDF762
S315000278708BFA10B10324204670BD6DB13046FDF778
S31500027880D9FA10F04804F5D131462846EAF74AFFFC
S31500027890002818BF0424EEE70224ECE770B506467A
S315000278A00D46FDF771FA10B10324204670BD6DB185
S315000278B03046FDF7BFFA10F04804F5D131462846A6
S315000278C0EAF760FF002818BF0424EEE70224ECE77B
S315000278D070B506460D46FDF757FA10B10324204649
S315000278E070BD6DB13046FDF7A5FA10F04804F5D12A
S315000278F031462846EAF75EFF002818BF0424EEE761
S315000279000224ECE770B505460E46FDF73DFA10B1C6
S315000279100324204670BD2846FDF78CFA10F0480471
S31500027920F6D129463046EAF77FFD002818BF022421
S31500027930EFE77FB504460D461646FDF725FAB8BBB6
S315000279402046FDF777FA030735D5032D02D126B96E
S3150002795002202EE06B1E022B02D82046EBF7D2F84D
S31500027960032DF5D8DFE805F0020A0D1021460020A6
S31500027970EAF710FE0130EBD000201AE02146012082
S31500027980F6E721460220F3E72046EAF745FF002301
S315000279906A463146CDE90033CDE90233FFF79CFE54
S315000279A038B921466846EAF70FFE21460320DFE78B
S315000279B0032004B070BD0420FBE738B50546FDF789
S315000279C0E3F910B10324204638BD2846FDF732FA02
S315000279D010F0480FF6D110F0140412D12846EAF737
S315000279E025FE012809D129462046EAF789FD2A46BD
S315000279F021460220FDF7ACFBE5E72846ECF796F8B0
S31500027A00E1E70424DFE730B585B005461C46CDE93B
S31500027A100221FDF7B9F960B96CB1DDE902219DF8E1
S31500027A2020300190009328462346FFF775FE05B0E5
S31500027A3030BD0320FBE70220F9E7000070B50E46D1
S31500027A40044686B0002800F0BD80002900F0BA8006
S31500027A50FDF778FB2E28054608D940F2EB215B4A52
S31500027A605B4808F0E7FF002006B070BD002800F072
S31500027A70AB800DF10700FDF78DFB9DF807306070B6
S31500027A802370FDF7FDFA013D0138A070357060786C
S31500027A902D281BD8DFE800F0171A4A221A651A1A8F
S31500027AA03237393B3D1A1A4446481A888C1A8F1ABD
S31500027AB01A1A1A1A1A1A1A1A3333336E6E1A1A72D3
S31500027AC079831A1A1A92FDF7D5FAA08000226078F5
S31500027AD01146FDF7FDFAFDF72BFBC4E70320FDF780
S31500027AE0E3FA207404A8EBF7D1FA9DF81430237157
S31500027AF09DF815302373049BA360E7E70820FDF782
S31500027B00D3FA2071E2E70920F9E70A20F7E70B200A
S31500027B10F5E70C20FDF7C8FAB0FA80F04009F0E765
S31500027B200F20ECE71020EAE71120E8E702A8EBF7BE
S31500027B30ADFA9DF80C3004A823769DF80E3084F831
S31500027B402030029BE361EBF7B1FA9DF81430E3743F
S31500027B509DF815302374049BE3609DF81630637418
S31500027B60B4E704A8EBF792FA9DF8143023719DF856
S31500027B701630BFE7201DECF7C5F9A7E7EDF70EF9BA
S31500027B80231D07C883E80700A0E7EDF70BF9251DBB
S31500027B90034607C885E8070000225A7296E7EDF702
S31500027BA005F90388A38091E7ECF740FF60608DE753
S31500027BB0ECF742FFFAE7ECF745FFF7E7201D00F086
S31500027BC0D3FE83E702204FE707204DE7B17D03008E
S31500027BD0D07D03002DE9F04786B080460F469146D8
S31500027BE01E46FDF7D1F8044630BBB8F1000F25D08A
S31500027BF027B3B9F1000F21D006B3FDF7BBF88246D1
S31500027C00FCF7E5FE0546D8B1142302930DF11503E0
S31500027C10CDE900934146F22350460DF11602ADF826
S31500027C201640FCF7D6FE2046BDF81630013D3B70E5
S31500027C30357006B0BDE8F0870320FAE70220F8E7C0
S31500027C400420F6E770B506460D46FDF79DF8044694
S31500027C5030B93DB13046FDF7EDF82860204670BDDB
S31500027C600320FCE70220FAE770B505460E46FDF74B
S31500027C708BF858B931462846EDF7A0FF044638B9C5
S31500027C8016B1284601F076FE204670BD0324FBE7B6
S31500027C900424F9E72DE9FF4105460E4617469846A4
S31500027CA0FDF772F808BB2846FDF7C4F800F01C0081
S31500027CB008281CD176B9002428464346324639465E
S31500027CC0CDE90244CDE90044ECF720F8204604B0A1
S31500027CD0BDE8F0817B1EDBB2DE2BECD92846EAF743
S31500027CE04DFF0028E7D10220F1E70320EFE7042049
S31500027CF0EDE770B506460D46FDF746F8044680B92F
S31500027D008DB13046FDF796F800F01C00082802D027
S31500027D1004202C7070BD3046EAF7BAFC2870204663
S31500027D20F8E70320F6E70220F4E738B50546FDF743
S31500027D302BF8044660B92846FDF77CF800F01C00D3
S31500027D40082807D128460121ECF7D2FB204638BD88
S31500027D500320FCE70420FAE738B50546FDF714F8D8
S31500027D60044628B901462846ECF7C2FB204638BD30
S31500027D700320FCE770B504460E46FDF705F80546F6
S31500027D8078B92046FDF756F800F01C0008280AD1FB
S31500027D902A4631462046EBF7BDFB002818BF0220D3
S31500027DA070BD0320FCE70420FAE7F8B505460E4647
S31500027DB01746FCF7E9FF044660B92846EAF7A0FF32
S31500027DC050B108F079FB2B463A463146EAF760FF96
S31500027DD02046F8BD0320FCE70520FAE770B5064603
S31500027DE00C461546FCF7D0FF58B964B15DB1324670
S31500027DF029462046EAF79CFF002814BF04200020EB
S31500027E0070BD0320FCE70220FAE770B506460C4671
S31500027E10FCF7BAFF054648BB3046FDF70BF80307E9
S31500027E2026D5012C0DD0022C16D01CBB214630467D
S31500027E302246EBF71BFD31462046EAF735FD204682
S31500027E4070BD31462846EAF72FFD2A4621463046BE
S31500027E50EBF70CFD2C46F2E7294630462A46EBF7AD
S31500027E6005FD31460120EAF71FFDF3E70324E6E7A5
S31500027E700424E4E70224E2E738B50546FCF784FF6A
S31500027E800446C0B901462846FFF7BFFFFCF78EFD40
S31500027E90C5EB05110E31C5EB051089B280B2FBF7B1
S31500027EA0CFFF2846EAF75EFB2C20FF222146FDF78C
S31500027EB04FF9204638BD0320FCE738B504460D4687
S31500027EC0FCF762FF68B92046FCF7B4FF00F01C001D
S31500027ED0082804D121462846EAF7D2FF00B1042039
S31500027EE038BD0320FCE7F7B5089F06460C461D463B
S31500027EF00192FCF749FFA0B9ADB1A7B132462046BF
S31500027F000199EAF707FD30B933463A462946204633
S31500027F10EAF7F0FC18B1012814BF0420022003B0CE
S31500027F20F0BD0320FBE70220F9E770B506460D46D1
S31500027F301446FCF729FF58B964B132462146284651
S31500027F40EAF706FD18B1012814BF0420022070BD0D
S31500027F500320FCE70220FAE773B506460D460192B6
S31500027F600093FCF711FF044680B9DDE90021334690
S31500027F702846EAF749FD01280AD00BD90438C0B2CF
S31500027F80022834BF0220042002B070BD0320FBE7A2
S31500027F900220F9E72046F7E738B505460C46FCF716
S31500027FA0F3FE48B929462046EAF74EFD18B10128E4
S31500027FB014BF0420022038BD0320FCE77FB5064625
S31500027FC00D4603920293FCF7DFFE044690B9DDE903
S31500027FD0022128469DF820300096EAF751FD012835
S31500027FE00AD00BD90438C0B2022834BF02200420BA
S31500027FF004B070BD0320FBE70220F9E72046F7E74D
S3150002800038B505460C46FCF7BFFE48B92946204658
S31500028010EAF75CFD18B1012814BF0420022038BD1E
S315000280200320FCE7F8B504460F4616461D46FCF744
S31500028030ABFE10BB0EB90220F8BD002DFBD02146C7
S315000280400120EAF70BFB21463846EAF751FB90B9C5
S3150002805022463146062001F079FB0028EBD1224662
S315000280602946072001F072FB0028E4D12046FFF7DB
S31500028070A4FC0028E0D00420DEE70320DCE770B58C
S3150002808005460E46FCF780FE044650B95EB13146FF
S315000280902846F7F763F940B12846F7F749F920462B
S315000280A070BD0320FCE70220FAE70420F8E708B5D2
S315000280B0F7F732F9002008BD08B50846F7F720F9A8
S315000280C0002008BDF7F722B908B50846F7F796FB70
S315000280D0002008BD08B50846F6F794FC002008BD46
S315000280E0F6F796BC38B50D46FCF74EFE044658B96F
S315000280F02846F6F77BFB08B9042038BDF6F734FAB2
S315000281000028F9D02046F8E70320F6E708B5084626
S31500028110F6F784FC002008BD0C291BD8DFE801F025
S31500028120070707070717140E0E090E1A0E0001207D
S315000281307047A0F10C035842584170470B3801288A
S315000281408CBF0020012070470A380228F8E7093858
S315000281500328F5E7002070477047000070B5044613
S31500028160ACB008F0A5F92368217A5A1892F8282BA0
S31500028170042A48D18C2000FB0133D4F80C21B3F831
S3150002818082100132B3F88030C4F80C21244A2D2023
S315000281905380D4F8093011805360D4F80D30002191
S315000281A09360FF22FCF7D4FF01261822002103A8C0
S315000281B0E8F7E5FC237A8DF816608DF80C3008F0A6
S315000281C07BF98C224FF4FA632568217A143002FB7C
S315000281D00151089309AB069018311846E8F7C2FC1C
S315000281E09DF8241004F10902B14210D100218DF844
S315000281F00D100C499DF85B3004910090284603A9A6
S31500028200FEF774FF01E00A2ACED12CB070BD0649F2
S31500028210BDF86A308DF80D6004910090EEE700BF5C
S31500028220346D0020816C0100E96B010038B5D0F88D
S315000282305C3E044690F8085EDA681868904728B1F2
S315000282404FF46871124A134808F0F4FB8C2101FBC3
S315000282500541D4F85C0E1C31D0F80431984728B198
S3150002826040F2A1310C4A0B4808F0E4FB012008F069
S3150002827032FCD4F85C3EDA6B1868904738B1BDE838
S31500028280384040F2A331054A024808F0D3BB38BD54
S31500028290F57D03005C7E030060490300267E030031
S315000282A0F0B50446ADB008F003F9257A23682B44ED
S315000282B093F8283B0A2B36D01822002103A8E8F7A8
S315000282C05EFC01238DF80C508DF8163008F0F4F898
S315000282D08C22237A2168143002FB031109AD069021
S315000282E018312846E8F73EFC9DF82430012B94F815
S315000282F0103129D102228DF80D20264A04920BBB99
S31500028300264656F8093B0AA9D3F85C3E0BA8D3F8D1
S31500028310A03098479DF82F30089000953246206885
S3150002832003A9FEF7E3FE2DB0F0BDFF21002008F001
S31500028330ADFB2644707201379DF82F30FEB2B34270
S31500028340F3D8DDE70027F7E703228DF80D20124A5E
S315000283500492EBB9264656F8093B0AA9D3F85C3EC5
S315000283600EA8D3F8A4309847BDF83E300890009581
S31500028370D4E7FF21002008F089FB3B4626447072B1
S31500028380BDF83E20DEB2964203F10107F1D3E1E7E2
S315000283900023F5E7E16D0100256D010038B5FCF714
S315000283A0F3FCE0B9EAF7C6F80446D0B90E4D01204F
S315000283B0FCF7E4FC4FF4AA7221462846E8F7DFFBF5
S315000283C0FCF7F4FC072128602972FEF759FE2B46BA
S315000283D0064A297A2868FEF731FE204638BD03246C
S315000283E0FBE70424F9E700BFE06B00205981020095
S315000283F0F0B5B1B004460D46FCF7C6FC002853D0D2
S315000284001422002102A8E8F7BAFB284B0C229C4250
S315000284104FF007039BBF8DF8093001238DF80A3010
S315000284208DF80A308CBF122334234FF001060DAFAC
S3150002843088BF8DF80920002105948DF818508DF813
S31500028440082038468C220EAD02AC8DF81930E8F7BA
S3150002845096FB0FCC0FC52368154C1822002107A8DE
S315000284602B608DF83460E8F78AFB237A8DF8266054
S315000284708DF81C3008F020F84FF4FA630C930223AF
S3150002848002308DF81D300B4B31460A902068089356
S31500028490FEF7FAFE002300971A46206807A9FEF7A0
S315000284A025FE002031B0F0BD0220FBE7FF170D8F3D
S315000284B0E06B00202D82020010B5FCF765FC08B3C4
S315000284C0114C2368D3F85C3E9A681868904710B13D
S315000284D00424204610BD2368D3F85C3EDA68186887
S315000284E090470028F4D123680121D3F85C3E5A69EB
S315000284F01868904704460028EAD108F0ECFA08F01A
S31500028500E7FAE6E70224E4E7E06B002010B5FCF7A1
S315000285103BFC78B1084C217A2068FEF765FE20689C
S31500028520FEF734FFFFF7C8FF20680021FEF7ACFE16
S31500028530002010BD0220FCE7E06B002038B5FCF7F6
S3150002854023FC88B1FFF7E2FF044678B9084D297A81
S315000285502868FEF795FD2046FCF710FC21462868A0
S31500028560FEF792FE204638BD0224FBE70424F9E713
S31500028570E06B00202DE9F04FBBB09A469DF814310E
S31500028580054603939DF818310E4604939DF8203153
S3150002859017469DF810910593FCF7F6FB002800F0AC
S315000285A0E880B9F1080F00F2E480039B062B00F283
S315000285B0E080049B062B00F2DC8018224FF00108B3
S315000285C000216E4C0DEB02000DF15C0BE8F7D7FAB9
S315000285D08C2200215846E8F7D2FA237A8DF82280B7
S315000285E08DF8183023680293B9F1000F6AD1202260
S315000285F049460FA8E8F7C3FA614B4CF2503213937F
S31500028600604B1497159340F2FF13ADF858305E4B4A
S315000286108DF85AA010934FF48273ADF8483046F2A3
S31500028620A813CDE90C23594B8DF845800E930423EC
S31500028630ADF846608DF83C3018AF0DF1300CBCE851
S315000286400F000FC7BCE80F000FC79CE80700032303
S3150002865087E807008DF819304D4B18A90793029B3E
S315000286601CA8D3F85C3ED3F8A43098470B90FFF7CA
S315000286704DFF074600287ED1059B2068217A002BF4
S3150002868061D1FEF7FDFC3D4B424A217A2068FEF796
S31500028690D5FC002D64D10123DFF8FC8084F810316B
S315000286A0AE4255D107F008FF1430099033463A4AD4
S315000286B02068CDF800B006A9FEF718FD38463BB093
S315000286C0BDE8F08F102200210DA8E8F758FA334AC8
S315000286D00F9797428CBF12273427479B039AADF810
S315000286E034302F4B8DF8417013F809002D4B8DF85D
S315000286F040A0995C049A2C4B8DF831109B5C8DF846
S3150002870037608DF832308DF838808DF83000FFF7FB
S3150002871003FD0CAF8DF833000DF1600C0FCFACE802
S315000287200F003B688DF85C80CCF8003002238DF890
S3150002873019301E4B18A90793029B19A8D3F85C3E61
S31500028740D3F8A03091E7FEF79BFC0C4B184A9CE746
S31500028750FF21002008F09AF9013508F8010B9FE77E
S315000287600023324629460C4884F81031E8F7FAF914
S3150002877098E70227A2E70427A0E700BFE06B0020E4
S31500028780907E03000F1D211028000218A08601000A
S31500028790256D010059810200E96B0020FF170D8F3C
S315000287A0877E0300797E0300807E0300E16D01006F
S315000287B0A18202002DE9F047B6B005460C46924664
S315000287C09846FCF7E1FA002800F0AF80082C00F288
S315000287D0AC80BAF1060F00F2A880B8F1060F00F2DB
S315000287E0A4800021534E13AF8C223846C6F80C11D2
S315000287F0E8F7C5F94FF0FF334FF0010900211822BF
S3150002880002A82A93E8F7BBF9337A00218DF80830DB
S315000288108DF81290002C52D1214620220BA8E8F79F
S31500028820AEF9454B4CF250320F93444B10951193CF
S3150002883040F2FF13ADF84830414B8DF835900C935A
S31500028840FF23ADF836304FF48273ADF8383046F276
S31500028850A813CDE908233B4B1FAC0A93042308ADAA
S315000288608DF82C300FCD0FC40FCD0FC495E807003D
S31500028870354B84E807008DF809900393FFF746FE0F
S315000288800446002853D1317A3068FEF7F9FB294BAA
S315000288902E4A317A3068FEF7D1FB07F00DFE4FF40F
S315000288A0FA63143005900793294AFF23306800972C
S315000288B002A9FEF71BFC204636B0BDE8F08714225B
S315000288C008A8E8F75CF9234B0B959D4228D9122399
S315000288D08DF83130631F012B25D80C23ADF82430D7
S315000288E0FF238DF827301C4B1FAD185D1B4B8DF8EF
S315000288F0200013F80A101A4B8DF8211013F80830CD
S3150002890008AC8DF82230FFF707FC01238DF823000F
S315000289108DF84C300FCC0FC523682B60114BACE79A
S3150002892034238DF831300823D8E70224C3E7042420
S31500028930C1E700BFE06B0020907E03000F1D2110EF
S3150002894028000218A0860100E96B01005D81020081
S31500028950E96B0020FF170D8F877E0300797E0300E7
S31500028960807E0300816C0100034A1368036053682A
S315000289704360936883607047346D00202DE9F04FA1
S315000289808DB00F46DDE9176A80469DF864B000286F
S315000289905AD0BAF1000F57D000210124CDE90811AF
S315000289A00B91CDE90411CDE906119DF858108DF809
S315000289B026308DF82510190A8DF82710190C1B0E72
S315000289C08DF82930330A8DF82A608DF82B30330C56
S315000289D0360E3DB28DF820408DF828108DF82C30D9
S315000289E08DF82D60AEB2A7EB0609002D1FFA89F9A4
S315000289F003DC00200DB0BDE8F08F8DF82F4010216A
S31500028A000134CDF800B004AB08A8A4B2039200F07A
S31500028A1005FED8B9102DA8BF1025039AC3B2AB42E2
S31500028A2000F1010003DBA6F110052DB2DAE709EB2E
S31500028A30030130336B4418F801C013F8203C8CEA6A
S31500028A4003030AF80130E9E70920D3E70E20D1E74C
S31500028A5030B49DF808409DF814500294059530BC38
S31500028A60FFF78CBF07B5CDE900230A46012301466D
S31500028A70002000F0ADFD002818BF0E2003B05DF8FF
S31500028A8004FB10B5002486B00393C9B20DF1170397
S31500028A90CDE901230091034622462146FF208DF8A7
S31500028AA0174000F078FE002818BF0E2006B010BD51
S31500028AB02DE9FF410C460021CDE9021102218DF874
S31500028AC0001001785FFA82F88DF801104178160AD3
S31500028AD08DF80210817805468DF803102178072259
S31500028AE08DF80410617868468DF80510A1781F4646
S31500028AF08DF8061001218DF807808DF8086000F0C8
S31500028B002AFE18B10E2004B0BDE8F08101212B78AF
S31500028B10CDE902008DF801306B7806228DF802301D
S31500028B20AB7868468DF8033023788DF800108DF8FF
S31500028B30043063788DF807808DF80530A3788DF8B8
S31500028B4008608DF806303B4600F005FE002818BF87
S31500028B500E20D8E72DE9F041C6B00C4690461D46D8
S31500028B6007464D9E00283FD0B1F5807F3ED80021B2
S31500028B704FF4867203A80291E8F701F849238DF8AB
S31500028B8008309DF830318DF80E508DF80D302B0AD5
S31500028B908DF80F302B0C8DF810302D0E330A22462D
S31500028BA039468DF811508DF81330350E330C06A860
S31500028BB08DF814308DF812608DF815508DF8174027
S31500028BC0E7F7D0FF9DF83C3104F1100100934E9A6D
S31500028BD0434689B202A800F007FD10B1012818BF6A
S31500028BE00E2046B0BDE8F0810920FAE70D20F8E72D
S31500028BF0F0B589B00D4607460F9E00283ED0B1F566
S31500028C00807F3DD849218DF8101000219DF838004B
S31500028C108DF816308DF81500180A8DF817001C0EFF
S31500028C20180C330A8DF81B30330C8DF81C309DF866
S31500028C3040308DF81110019303AB8DF812108DF8A8
S31500028C4013108DF814108DF818008DF81A608DF82F
S31500028C501E10009339461346360E2A4604A88DF88E
S31500028C6019408DF81D608DF81F5000F0B1FC0028E8
S31500028C7018BF0E20039B7B5109B0F0BD0920F9E70E
S31500028C800D20F7E730B587B00546019200F05EFD8C
S31500028C900446E8B9019BC5B908220146CDE902009E
S31500028CA0CDE904000DEB020000F055FD80B9082164
S31500028CB07F22019B0DEB0100CDE90244CDE904447C
S31500028CC000F049FD041E18BF0E24204607B030BD31
S31500028CD00E24FAE7F0B513468BB0002944D00328D8
S31500028CE037D80025214C14F8252082422ED10020A7
S31500028CF001220227CDE90300CDE90700CEB2059095
S31500028D0009908DF80820C1F30720C1F3074204EB4E
S31500028D108504090E8DF80A008DF80B208DF80C10CB
S31500028D208DF81A008DF81B208DF81C106278E178F8
S31500028D3002A801938DF809608DF818708DF81960F4
S31500028D4000F009FD019B30B10E200BE00135042D28
S31500028D50C9D10B2006E0A278E17806A800F0FBFC58
S31500028D600028F1D10BB0F0BD0920FBE7B4110020B9
S31500028D70F0B50C46002187B005461746CDE902112B
S31500028D80CDE904111A468F2002A91E4600F0DEFC28
S31500028D90E8B92B0A8DF809302B0C8DF80A30230A14
S31500028DA08DF80D30230C8DF808508DF80C402D0EE1
S31500028DB08DF80E30240E3B468F221021009602A813
S31500028DC08DF80B508DF80F4000F028FC00B10E20F4
S31500028DD007B0F0BD0A780378534003704A784378A7
S31500028DE0534043708A78837853408370CA78C37835
S31500028DF05340C3700A790379534003714A79437920
S31500028E00534043718A79837953408371CA79C3790E
S31500028E105340C3710A7A037A534003724A7A437AF9
S31500028E20534043728A7A837A53408372CA7AC37AE8
S31500028E305340C3720A7B037B534003734A7B437BD3
S31500028E40534043738A7B837B53408373CA7BC37BC2
S31500028E505340C373704710B50B78147863400370A0
S31500028E6054784B786340437094788B786340837070
S31500028E70D478CB786340C37014790B79634003715D
S31500028E8054794B796340437194798B79634083714A
S31500028E90D479CB796340C371147A0B7A6340037237
S31500028EA0547A4B7A634043728B7A947A6340837224
S31500028EB0D47ACB7A6340C372147B0B7B6340037311
S31500028EC0547B4B7B63404373947B8B7B63408373FE
S31500028ED0CB7BD27B5340C37310BD0000A1F11003BC
S31500028EE02DE9F047DCB2102C06D80123A34003F08B
S31500028EF0013323F080732BB90023FF2082F8F03070
S31500028F00BDE8F087531E4418A04252D101F11C035A
S31500028F109B005FFA83F8C3F30313013B82F8F03038
S31500028F204FF001090B462A4CB3FBF1F001FB10305E
S31500028F3002EB030C10F0FF001CF804AC1CF8037CD7
S31500028F401CF8026C1CF8015C38D114F807E0A75D26
S31500028F5089EA0E0E665D14F80A50F2464FEAD910F7
S31500028F6000EB400000EBC00080EA49005FFA80F99E
S31500028F70581AC0B212F800E010448AEA0E0A02F841
S31500028F8003A090F801A003F1010E87EA0A075FFA2F
S31500028F908EFE02F80E70877804337E408CF80260EB
S31500028FA0C078DBB2454098458CF80350BCD8002007
S31500028FB0A6E710F8015B03F8015FA5E71829D7D9E0
S31500028FC0102801BF14F80AA0E75DA65D655DCFE72C
S31500028FD0938003002DE9F04F92F8F03091B007EE3E
S31500028FE0901A0B92002B00F0458101460CA8FFF760
S31500028FF032FF0123A04CA14DA14E00930B9B009A78
S31500029000009903EB02129DF831309DF830900193DE
S315000290109DF832309DF8358002939DF833309DF8E5
S3150002902039E003939DF834309DF83AC004939DF8D5
S3150002903036309DF83E7005939DF837309DF83F0017
S3150002904006939DF8383007939DF83B3008939DF8B8
S315000290503C3009939DF83D300A930B9B93F8F03010
S315000290608B4246D814F809300CA98DF83030049B8F
S31500029070E35C8DF83430079BE35C8DF83830099B4E
S31500029080E35C8DF83C3014F808308DF8313014F872
S315000290900E308DF835300A9BE35C8DF83930019B32
S315000290A0E35C8DF83D3014F80C308DF83230029BBB
S315000290B0E35C8DF83A30E35D8DF83630059BE35C70
S315000290C08DF83E30089BE35C8DF83F30069BE35CEF
S315000290D08DF83B30039BE35C8DF83730235C17EE4B
S315000290E0900A8DF83330FFF7B6FE002011B0BDE8C6
S315000290F0F08F16F808B015F809A014F80C10235CC6
S315000291008AEA0B0A81EA0A0A83EA0A0A8DF830A079
S3150002911014F809A015F808B083EA0A038BEA0303D8
S3150002912016F80CB015F80CC083EA0B038DF8313033
S3150002913014F808308AEA030A4B4016F809108AEA3C
S315000291400C0A59402B5C16F800C04B4004998AEA77
S315000291500C0A695C16F80EC08DF83330039BE05D8D
S31500029160E35C81EA0C01414059408DF834100499C0
S3150002917015F80EC0615C8DF832A04B408CEA0303F1
S3150002918016F807C0EF5D83EA0C038DF8353014F844
S315000291900E3059407940039F4340F75D79408DF880
S315000291A0361004990A9F705C07995840039BF75D35
S315000291B0EB5C695C43408DF83730029B7940E05C9A
S315000291C0069B4140E35C0A9F59408DF83810079987
S315000291D0EF5D615C4B407B40029FF75D7B408DF803
S315000291E039300A9B029FE35CEF5D59407940069F46
S315000291F04340F75D79408DF83A100799705C0699FD
S315000292004340685C43408DF83B300899019F605C9F
S315000292100999059BF75D695CE35C794059404140D9
S315000292208DF83C100999019F615CEF5D48407840DA
S31500029230059FF75D78408DF83D000198059F205CFB
S31500029240EF5D41407940089F4340F75D0CA87940A5
S315000292508DF83E100999715C4B400899695C4B4048
S3150002926011468DF83F30FFF7B5FD009B0133DBB2A7
S315000292700093C3E6FF2039E793800300937E030041
S31500029280937F030010B5102204460021F130E7F760
S3150002929076FC00212046C4F81411F022BDE81040E5
S315000292A0E7F76DBC024608461021FFF717BE2DE907
S315000292B0FF470446D0F814010E46154604F201197A
S315000292C000283DD0C0F110079742BA4628BF924601
S315000292D048445246E7F746FCD4F8143153440F2B60
S315000292E0C4F8143137D9AF4235D204F1F1031F461F
S315000292F013F8012BD97B4B4582EA010203F8012CB4
S31500029300F6D16A463B469046944618685968083331
S31500029310ACE803004B456246F6D12246414640463A
S31500029320FFF758FE3B4604AF424603CABA421860EC
S315000293305960904603F10803F6D15644A5EB0A0597
S315000293400DF1100A102D09D82A4631464846E7F78C
S3150002935009FCC4F8145104B0BDE8F08704F1F10326
S315000293601F46711E1A7811F8010F424003F8012BAD
S315000293704B45F7D16A463B4690469446186859686B
S315000293800833ACE803004B456246F6D12246414615
S315000293904046FFF71FFE3B46424603CA5245186047
S315000293A05960904603F10803F6D11036103DC9E71D
S315000293B0F0B50C4689B01022002105466846E7F74B
S315000293C0DEFB224669466846FFF704FE9DF9003039
S315000293D06A46002B4FF0000141DA137812F8010FAA
S315000293E001315B0043EAD0130F2902F8013CF4D1A4
S315000293F09DF80F305B0083F087038DF80F30D4F8A9
S315000294001431102B3AD1694604F2011304F21110F9
S315000294101A7811F8016B724003F8012B9842F7D1C2
S3150002942004F1F102134604F2011712F8011BD07B74
S31500029430BA4281EA000102F8011CF6D104AA944656
S31500029440164618685968083303C6BB423246F7D136
S31500029450224629466046FFF7BDFD09B0F0BD1378E6
S3150002946012F8010F01315B0043EAD0130F2902F80B
S31500029470013CF4D19DF80F305B00BEE79DF9002058
S315000294806946002A4FF0000034DA0A7811F8016FB3
S315000294900130520042EAD6120F2801F8012CF4D10B
S315000294A09DF80F20520082F087025F1C102FC3F135
S315000294B00F064FF0800188BF00268DF80F20E218B4
S315000294C003F5817382F80111E01832460021E7F7AD
S315000294D056FB6B463E44C4F8146104F2011204F2D0
S315000294E01110117813F8016B714002F8011B9042BA
S315000294F0F7D195E70A7811F8016F0130520042EA76
S31500029500D6120F2801F8012CF4D19DF80F20520033
S31500029510CBE700002DE9F043CBB006461746994645
S315000295200D46DDF84881002937D0B8F1000F34D056
S3150002953004A8FFF7A7FE4FF4E7729DF84C411849BD
S31500029540624300248818037D4B4516D104EB0414AC
S3150002955014441534214404A8FFF7A4FEB6B93A46CA
S31500029560294604A8FFF7A3FE684604A9FFF720FFD1
S31500029570009B0020C8F8003005E001341A2C00F1E7
S315000295801100E0D103204BB0BDE8F0831022314632
S315000295900DEB0200FFF78BFEE1E70220F3E700BFC7
S315000295A0406D002000B5F5B04FF4E77268460649F3
S315000295B0E7F7D8FA4FF4E77269460448E7F7D2FAB2
S315000295C0002075B05DF804FB93810300406D002016
S315000295D030B48E2B9DF80C5003D8039530BCFFF7A0
S315000295E099BF032030BC704730B50D46144601467C
S315000295F085B080B100209DF820200390019203AA35
S3150002960000922A46FFF786FF18B90398001B18BF77
S31500029610012005B030BD0220FBE700002DE9F04134
S315000296200D4690461F460646BEB090B38BB311F068
S315000296300F0430D12146F12201A8E7F7A0FA4FF430
S31500029640E7709DF810114143144843181A7D4245AC
S315000296500ED104EB04140C4415342044102101AA43
S31500029660FFF73CFC2C46281BC0B254B9204605E045
S3150002967001341A2C03F11103E8D103203EB0BDE8F0
S31500029680F081391801AA3044103CFFF7A3FCA4B2BA
S31500029690E9E70220F2E70520F0E700BF406D00206F
S315000296A0F0B54FF4E77400260346084604FB02F1C0
S315000296B0254D174687B06A18147D9C423BD183F02C
S315000296C08002092A4FEA061426D840F24923D340DB
S315000296D0DB4313F001031FD1CDE90233CDE9043395
S315000296E07F2202AB10210097FFF798FF34444FF414
S315000296F0E776844606FB07442C4402AB153406ADD6
S315000297001A4603CAAA4220606160134604F108049D
S31500029710F6D1604607B0F0BD34440C4415342C44EF
S3150002972000F1100350F8042B984244F8042BF9D1A7
S315000297304FF0000CEDE701361A2E02F11102BBD1F1
S315000297404FF0030CE5E700BF406D002009B1FFF7BB
S31500029750A7BF0220704730B514461D4687B0B0B188
S3150002976000237F2ACDE90233CDE9043301D108294A
S315000297700FD10A460095102102ABFFF74FFF20B921
S315000297802A46204602A9FFF78BFF07B030BD02200A
S31500029790FBE70320F9E72DE9F3479846DDE90B5984
S315000297A09DF828409DF83470002B3DD0002D3BD00B
S315000297B0B9F1000F38D0212C38D8FF280CBF4FF052
S315000297C0010A4FF0030A194622462846E7F7CAF964
S315000297D0611E524600976B1C89B208F10100A6B2BF
S315000297E0FFF71CFF20BBEB7ADB0989F800300BBBC5
S315000297F02C4414F8012C14F8023C120642EA0342E5
S3150002980014F8043C14F8030C1A43311F42EA0022EE
S3150002981001232846009789B2FFF7E6FE003818BFF3
S31500029820012002B0BDE8F0870220FAE70520F8E73A
S315000298300720F6E70420F4E710B550B14FF4E773BA
S315000298405943054A0368541853504368002063601D
S3150002985010BD0220FCE700BF406D002050B14FF45E
S31500029860E7725143044B5A185B58036053684360CE
S315000298700020704702207047406D002010B558B195
S315000298804FF4E7735943054A036808315350436856
S3150002989000205418636010BD0220FCE7406D0020D2
S315000298A058B14FF4E7725143054B08315A185B58C9
S315000298B0036053684360002070470220704700BF70
S315000298C0406D002070B505464FF4E7764FF4EA7313
S315000298D00E4CF6B006FB05441A46002101A8E7F72E
S315000298E04EF93246214601A8E7F73CF94FF4EA73EE
S315000298F001AA03FB05F1042006F0FAFD32462046D2
S3150002990001A9E7F72FF9002076B070BD406D00205F
S315000299104FF4E77330B50A4C03FB004300241D7D68
S31500029920E0B28D420ABF107006200020192C05D025
S31500029930062804F1010403F11103F0D030BD00BF83
S31500029940406D00204FF0FF3330B5094D01440A1A2D
S31500029950002A01DCD84330BD10F8012B53400822FF
S3150002996043F300042C40013A84EA5303F8D1EEE7AC
S315000299702083B8ED4FF4EA7310B5F6B004461A46E2
S31500029980002101A8E7F7FBF84FF4E7720C4901A89A
S3150002999002FB0411E7F7E6F84FF4E87101A8FFF7B6
S315000299A0D1FF4FF4EA73759003FB04F101AA042078
S315000299B006F00AFF2046FFF785FF002076B010BDAD
S315000299C0406D00207FB5002603AB01AA0DF105010B
S315000299D00446039606F0CEFA9DF805507DBB122387
S315000299E020460DF107020DF106018DF806308DF8BD
S315000299F0073006F0C7FA9DF80630122B03D19DF800
S31500029A000730122B11D0204602A9FCF74EFA58B99C
S31500029A109DF80930022B0BD020469DF807209DF8B1
S31500029A200610FCF72DFD00B10546284604B070BDB0
S31500029A3001212046FBF705FF0028EDD0F4E7354665
S31500029A40F3E7000007B5014601900848E7F784F9F5
S31500029A5048B101990648E7F77FF9B0FA80F0400964
S31500029A6003B05DF804FB0120FAE700BF618303003F
S31500029A7068830300FCF7C0BA1FB5002304468DF8BD
S31500029A8009300393FCF76AFD50BB204602A906F093
S31500029A9043FA20469DF80810FBF780FF00BB2046DC
S31500029AA00DF1090106F03BFA20469DF80910FCF774
S31500029AB083F8A8B903AB20460DF107020DF10A019E
S31500029AC006F058FA9DF80A30012B0BD020460DF10C
S31500029AD00B0106F058FA20469DF80B10FCF7E8FB3E
S31500029AE004B010BD2046039A9DF80710FCF773F8E0
S31500029AF00028F5D17F212046FBF75FFF0028E5D03D
S31500029B00EEE7FCF77BBA002914BF04210021FBF71C
S31500029B1089BE09B1012901D1FBF793BE0220704724
S31500029B20FBF79EBE10B50446FFF74CFF014620B96F
S31500029B302046BDE81040FBF7B5BE10BD38B5054658
S31500029B400C46FFF73FFF88B9631C06D12846BDE8DD
S31500029B5038406FF07F41FBF7ADBEB4F5802F05D2DA
S31500029B6021462846BDE83840FBF7B9BE032038BD7A
S31500029B70FCF79EBB022905D80901203101F0F0014C
S31500029B80FBF75BBF02207047FBF7B1BEFBF7DBBEFC
S31500029B9010B50446FFF716FF20B92046BDE810406F
S31500029BA0FBF7D5BE10BD10B50446FFF70BFF20B973
S31500029BB02046BDE81040FBF7D7BE10BD10B50446DF
S31500029BC0FFF700FF20B92046BDE81040FBF7D9BEDB
S31500029BD010BDFBF712BF10B586B08DF810100592B6
S31500029BE004A902AA044606F09DF99DF80A3033B18B
S31500029BF0204602A9FBF708FF38B106B010BD204681
S31500029C00FCF7ECFB0028F3D0F7E79DF80A30204674
S31500029C10002B0CBF382318230DF107018DF80730EE
S31500029C2006F0B4F99DF80A305BB99DF80730382B77
S31500029C300DD120469DF80C209DF90D10FCF717F862
S31500029C40DBE7012BF5D19DF80730182BF0E720460C
S31500029C509DF80710FCF707FC0028EAD0CDE770B59F
S31500029C60164600220D4611460446FCF7D8F8014670
S31500029C7030B92A462046F3B2BDE87040FBF711BF61
S31500029C8070BD7FB50E4603A905461C460192FCF738
S31500029C9026F960B99DF80C30019A194604B1238061
S31500029CA08E4206D328469DF80D10FBF708FF04B036
S31500029CB070BD0320FBE7FCF7A3BA09B1012901D164
S31500029CC0FBF7B8BF0220704713B50C460DF107012A
S31500029CD0FBF7BFFF28B99DF8073023B1012B04D04B
S31500029CE0022002B010BD2070FBE72370F9E7F829C5
S31500029CF002D8C9B2FCF7A4B8022070470120704707
S31500029D000120704713B50C466946FCF7FFF858BBAD
S31500029D109DF801209DF90030002A14BF022200227C
S31500029D2013439DF80220002A14BF04220022134383
S31500029D309DF80320002A14BF0822002213439DF82F
S31500029D400420002A14BF1022002213439DF8052086
S31500029D50002A14BF20220022134323809DF90630D5
S31500029D6063809DF90730A38002B010BD13B50C467F
S31500029D7001A9FCF701F940B99DF9043023809DF948
S31500029D80053063809DF90630A38002B010BD012024
S31500029D907047FCF719B901207047FCF799BAFCF72E
S31500029DA0ACBA0120704738B504461546FCF7CCFA22
S31500029DB028B929462046BDE83840FCF7D4BA38BD52
S31500029DC001207047FCF7DEBA30B5054687B08DF83C
S31500029DD01010059204A902AA1C4606F0A3F828460A
S31500029DE00DF1070106F098F89DF80A00012818D12E
S31500029DF09DF90E200F2A10DC12F1110F0FDB113222
S31500029E00D2B200209DF80730012B0CBF124B134B28
S31500029E1053F82230236007B030BD2022F1E700223A
S31500029E20EFE7B0B99DF90E20162A0EDC12F1090FE2
S31500029E300DDB0932D2B29DF80730012B0CBF084B5D
S31500029E40084B53F822302360E5E71F22F3E7024668
S31500029E50F1E70220DFE700BFF0830300F48403008A
S31500029E60708303007484030037B50DF107011C46A5
S31500029E70069D06F051F89DF80730012B09D1002CFA
S31500029E8041F2680318BF4FF4965300202B6003B0CB
S31500029E9030BD002C42F2544308BF4FF4FA53F4E7A4
S31500029EA037B50DF1070115461C4606F035F89DF843
S31500029EB007300020012B07BF41F2B44341F2F812EA
S31500029EC042F2747342F2B022002D08BF1346236099
S31500029ED003B030BDFCF71DB9FCF7C3BA00207047CA
S31500029EE00846114610B50A291A46029B1ED9441F76
S31500029EF0072C0DD8DFE804F0040E101214141618FD
S31500029F001324022A1C7031D033D9D41E012C34D921
S31500029F10022031E01424F4E71524F2E71624F0E7D0
S31500029F201724EEE71A24ECE71E24EAE70629EFD9FE
S31500029F30441F072CECD80FF2080C5CF824F000BF83
S31500029F40019F0200159F02001D9F02001D9F020035
S31500029F50619F0200659F0200259F0200699F020021
S31500029F601824CEE71924CCE71D24CAE71C78013C45
S31500029F701C7006F00EF8002010BD1C78023CF7E7B4
S31500029F80024610F0010018BF0220910748BF40F0B8
S31500029F900400930544BF40F0080398B212F0180F6C
S31500029FA01CBF40F0200398B2910644BF40F0400324
S31500029FB098B2530644BF40F0800398B2110644BFDC
S31500029FC040F4807398B2D30544BF40F4007398B24C
S31500029FD0510744BF40F0100398B2530444BF40F403
S31500029FE0806080B27047002337B50D460DF1060139
S31500029FF0ADF80630FBF798FD044620B9BDF8060019
S3150002A000FFF7BEFF2880204603B030BD002337B5D8
S3150002A0100D460DF10601ADF80630FBF7AFFD04461D
S3150002A02028B925B1BDF80600FFF7AAFF2880204609
S3150002A03003B030BD0346C0F34000590748BF40F0A5
S3150002A04002001A0748BF40F40070990648BF40F064
S3150002A05018005A0648BF40F02000190648BF40F0D3
S3150002A0604000DA0548BF40F08000990548BF40F439
S3150002A0708070DA0648BF40F004005B0548BF40F432
S3150002A0808040704710B504460846FFF7D3FF0146E5
S3150002A0902046BDE81040FBF75FBD13B504460846EF
S3150002A0A0FFF7C8FF0023024644F2FF312046009321
S3150002A0B0FBF716FD02B010BD002337B505460C4668
S3150002A0C080680DF107018DF80730FBF799FF88B913
S3150002A0D02B6823606B6863609DF8073063722B7B85
S3150002A0E0042B12D8DFE803F003080B0D0F00002241
S3150002A0F01846227203B030BD08232372FAE70923F9
S3150002A100FBE70A23F9E70B23F7E70220F2E71FB57D
S3150002A11000230446084601A9CDE901330393FFF75C
S3150002A120CBFF18B9204601A9FCF776F804B010BD9A
S3150002A13003880B808378042B13D8DFE803F003141B
S3150002A14016181A0000238B70C378CB700379012B83
S3150002A15002D0022B00D023B90B7143795BB1012BDC
S3150002A16009D0022070470423EDE70523EBE7062317
S3150002A170E9E70723E7E74B71C3888B71037A042B60
S3150002A180EFD8DFE803F0030C0E1012000123CB71A7
S3150002A190407A60B10128E4D108720020704700239A
S3150002A1A0F5E70223F3E70423F1E70623EFE7087254
S3150002A1B070471FB500230446084601A9CDE90133BD
S3150002A1C0ADF80C30FFF7B4FF10B92046FBF79CFD43
S3150002A1D004B010BD10B5044686B0084603A9FFF7C1
S3150002A1E06BFF69462046FFF7A3FF684603A9FBF704
S3150002A1F083FF06B010BD03780B7043780B2B21D872
S3150002A200DFE803F0060E10121416181A201C201E80
S3150002A21000234B7083788B70C3780020CB70704715
S3150002A2200823F6E70123F4E70923F2E70223F0E71E
S3150002A2300A23EEE70323ECE70423EAE70523E8E72C
S3150002A2400623E6E70220704713B50446084601A92D
S3150002A250FFF7D1FF10B92046FBF71AFD02B010BD79
S3150002A26010B503880B8083781BB1012B01D0022025
S3150002A27010BD8B70C478027943790020CC700A71C4
S3150002A2804B71F5E7002313B5044608466946009369
S3150002A290ADF80430FFF7E4FF10B92046FBF75CFD8A
S3150002A2A002B010BD1FB50446084601A9FFF7A3FF79
S3150002A2B002A92046FFF7D4FF01A902A8FBF7F3FE85
S3150002A2C004B010BD013803280DD8DFE800F00206FD
S3150002A2D0080A012300200B7070470223FAE70323C2
S3150002A2E0F8E70423F6E70220704713B50C460DF192
S3150002A2F00701FCF745F920B921469DF80700FFF74B
S3150002A300E1FF02B010BD10B503780C46042B04D849
S3150002A310DFE803F005191B1D1F00022010BD0023F4
S3150002A3202370437863708378A370C378012B03D0BC
S3150002A330022B10D0002BF0D1E3704068FBF7B6FF7A
S3150002A34060600020EAE70123EAE70223E8E7032345
S3150002A350E6E70423E4E71023EEE713B504460846CE
S3150002A3606946FFF7D0FF18B969462046FBF734FD68
S3150002A37002B010BD70B50546C0680C46FBF731FF4A
S3150002A380064695E8070095F9103084E80700E6606E
S3150002A390237470BD10B5044686B0084601A9FFF7BE
S3150002A3A0E9FF204601A9FCF711F906B010BD10B568
S3150002A3B08CB00446084607A9CDE90432FFF7DAFF56
S3150002A3C0DDE9043200210291BDF83C1020460191DC
S3150002A3D00E99009107A9FCF734FA0CB010BD10B51E
S3150002A3E0044688B0084603A90192FFF7C3FF204638
S3150002A3F0019A03A9FCF74EFA08B010BD10B504463F
S3150002A40088B0084603A90192FFF7B4FF2046019AD5
S3150002A41003A9FCF71EF908B010BD30B5154687B082
S3150002A420084601A91C46FFF7A5FF294601A8FBF726
S3150002A430EBF92060002007B030BD10B586B00846A3
S3150002A44001A91446FFF796FF01A8FAF703FF206059
S3150002A450002006B010BD30B5154687B0084601A9E2
S3150002A4601C46FFF787FF294601A8FCF7DFF8208084
S3150002A470002007B030BD70B5036B05460C46006878
S3150002A4800021984730BB0146AB6E2868984708BB47
S3150002A4906B6E216A28689847E0B9AB6C226A94F918
S3150002A4A02A1028689847A8B921462B6F286898472A
S3150002A4B080B96B6F286804F11001984750B9237E62
S3150002A4C04BB9E27CD5F8AC300732E1692868D2088C
S3150002A4D0984748B170BDD5F8B830E28CA18C28688F
S3150002A4E098470028EDD0F5E7607E0028F2D0D5F82F
S3150002A4F0C030218D2868BDE87040184770B5036BDF
S3150002A50005460C4600680021984738BBD5F88430CA
S3150002A510A17C2868984708BB0121AB6E286898473A
S3150002A520E0B96B6EE16828689847B8B9AB6CE26827
S3150002A53094F910102868984780B92146AB6F2868AD
S3150002A540984758B9EB6F2868211D984730B9D5F856
S3150002A550B030617C2868BDE87040184770BD0120A4
S3150002A5607047002330B585B0ADF8063002938DF8FA
S3150002A5700C304B7A04468DF805300B7A0D468DF871
S3150002A58004300B7C01218DF80D30836E00689847EC
S3150002A59098B9636EE9682068984770B9A36F206816
S3150002A5A001A9984748B9E36F206802A9984720B9DC
S3150002A5B02946D4F880302068984705B030BD08B5E2
S3150002A5C005F03AFC08BD38B500F0D2FE044605F0A7
S3150002A5D0EDFA042810D002284FF0000508BF012426
S3150002A5E0E4F7B0F8042809D0022808BF0124002D98
S3150002A5F018BF0024204638BD0125F1E70024F9E7FB
S3150002A600BFF34F8F0549064BCA6802F4E062134353
S3150002A610CB60BFF34F8F00BFFDE700BF00ED00E048
S3150002A6200400FA0500239B6AB3F5C04F03D21968EA
S3150002A630064A914203D000230370836070470122C9
S3150002A64002709A689B694260F7E700BF07B0CD5E69
S3150002A65030B50024A36A87B0B3F5C04F0546019111
S3150002A6600FD2012303A88DF80C30CDE90444FFF77D
S3150002A670D9FF059B5B0504D5A36A28461B6C019985
S3150002A680984707B030BD704773B55B4B04461A78DE
S3150002A6901AB102221A7002B070BDCDE9002200285A
S3150002A6A0F9D001261E70E0F714FE544D544B186083
S3150002A6B0FFF7E9FF2B785BB9E3F7B6F840B95148E3
S3150002A6C00823514A51490068E5F7B4FC00B92E70D7
S3150002A6D04F4B5A6E22619B6E4E4A63614FF40043A2
S3150002A6E0936603F188435968A1614B499960196ED3
S3150002A6F02160596E6160196CA160596CE16047492D
S3150002A700086C1864496C5964012151664FF4005172
S3150002A71091661A6E560448D54149CA68D407FCD4D4
S3150002A7205B6E5A0446D53F4AD36B13F0430FFBD1F7
S3150002A7303D4B1A68531C43D04FF4001393403B4AD7
S3150002A74013660423394C23664FF48063236600F0B4
S3150002A7505FF901300BD000F05BF940F20113984229
S3150002A7601FBF4FF4804323664FF400432366102332
S3150002A7702E4C684623664FF4005323664FF08043FF
S3150002A78023664FF4804301A96366FFF761FF009BCE
S3150002A7902366019B63662B78002B3FF47CAF1A4B32
S3150002A7A01A6822665B68636675E72149CA68D0073C
S3150002A7B0FCD4B5E71F4AD36B13F0430FFBD1B7E7BF
S3150002A7C01D4B1B78002BBCD14FF48072114B5A667D
S3150002A7D01A4A52681AB94FF40011144A11664FF414
S3150002A7E000725A66164B5B68002BAAD14FF48002A0
S3150002A7F00E4B1A66A5E700BF366F0020346F0020A5
S3150002A800386F00200C0F00202C6F0020007108000A
S3150002A810008000500090005055CEAC0000C000549D
S3150002A820000004400000024CC411002000900044C5
S3150002A830000004500000025C356F002000C0055085
S3150002A8400000065070470000F8B5274D04462F78E1
S3150002A850012F02D001232B70F8BD0028FCD000F096
S3150002A860D7F80130214E0AD000F0D2F840F2011397
S3150002A870984204D01E4A7766D368DF07FCD44FF4A9
S3150002A88000531C49B366CA6B12F04302FBD121681E
S3150002A890194B196661685966A1681964E1685964B9
S3150002A8A0A169C80748BF9A60144B1A6801320DD1D4
S3150002A8B0134A127852B913494968C90748BF1A6040
S3150002A8C0114A5268D20744BF01221A6022690F4B0D
S3150002A8D05A6662699A66FFF7B5FF0D4B1868E0F78C
S3150002A8E0FEFC0023B7E700BF366F00200090004051
S3150002A8F0000004400000024C00800044C411002005
S3150002A900356F002000C00550000006500080005040
S3150002A910386F002070B50024A36AB3F5C04F1ED26B
S3150002A920104E337813F0FD0517D10F48FFF7ACFE32
S3150002A93008214FF480330D4A0D48C2F88011C360D6
S3150002A94011600C4A1361AB6ADB69984704460648F4
S3150002A950FFF77AFF0CB901233370204670BD4FF41E
S3150002A9608174FAE7356F0020106F002000E100E0E5
S3150002A97000A000440090004413B51F4B1B7803B996
S3150002A980FEE700231D4CCDE900336A4608231C4925
S3150002A9902068E5F74FFBF0B91A4AD2F84031D2F8EF
S3150002A9A040211F2B4FF0010310D9203A9340019A00
S3150002A9B01343019308236A4611492068E5F7F0FA22
S3150002A9C04FF00053104A1A60FFF71AFE9340009A9E
S3150002A9D013430093EEE70D4B9842F1D1094AD2F8A0
S3150002A9E04031D2F840211F2B4FF0010302D9203A01
S3150002A9F09340DEE79340ECE7366F00200C0F002011
S3150002AA0000710800008000440B020FF00BE000F01A
S3150002AA101FB500239A6AB2F5C04F04D340F2011063
S3150002AA2005B05DF804FB126BB2F5C04FF6D20122F7
S3150002AA3001A8CDE902338DF80420FFF7F3FD039B4D
S3150002AA40DB03EBD5029B1A0EE8D0012A03D1C3F32E
S3150002AA5007430A2BE2D900239B6A1B6B1B6C9847A0
S3150002AA60DEE70000234B244A30B5196814680868EB
S3150002AA7014B1002830D11A602049214A08681568A5
S3150002AA8004680DB16CBB0A601B681A6872B31D4874
S3150002AA909C88826F1C4B22F0FF7203EA044322F465
S3150002AAA08032134383674FF050234FF000429A6679
S3150002AAB00B681A68E2B113499B888A6FC3F30803CD
S3150002AAC022F4FF7222F0010213438B674FF05023E8
S3150002AAD04FF080429A6630BD908889888842CAD8EB
S3150002AAE0CAE7948880888442CDD3CDE7074BDCE75A
S3150002AAF0064BEDE7406F0020506F0020446F0020A8
S3150002AB00586F0020004000500000FF010060005016
S3150002AB10012210B500240D4B1A700D4B0D4AC3E9E4
S3150002AB2000440D4BC3E900440C4B13600C4A1360FE
S3150002AB304FF040420B4B5A669A6640220A4BC3F8C4
S3150002AB4080211A60FFF78EFF204610BD3C6F002061
S3150002AB50506F0020406F0020586F0020486F002081
S3150002AB60446F00200060005000E100E008B5E0F705
S3150002AB70B7FDDFED117AB4EEE70AF1EE10FA18D45A
S3150002AB80DFED0E7AB4EE670AF1EE10FA37FE800AAE
S3150002AB9010EE100A06F00EF90022094B05F0ACFF82
S3150002ABA00022084B05F0A8FF06F05CF9803840B297
S3150002ABB008BDB0EE670AEBE7000000C30000FE42E4
S3150002ABC00000E03F00006040154A38B5936E526EB1
S3150002ABD0134013F0804212D0124B1B681D6835B128
S3150002ABE000241C605C60FFF7C1FF2146A8474FF0B6
S3150002ABF080420D4B5A66BDE83840FFF733BF002B43
S3150002AC00F9DA0A4B1B681C682CB11A605A60FFF706
S3150002AC10ADFF0121A0474FF00042034BEAE700BF18
S3150002AC2000400050446F002000600050406F00203A
S3150002AC30FFF7CABF30B50A4D87B001AC0FCD0FC4BE
S3150002AC402B6801A823603F238DF80530DFF7B8FF94
S3150002AC504FF4FA70E0F716F8002007B030BD00BFD7
S3150002AC60C885030000F078B838B5DEF7DDFB044688
S3150002AC70E0B9DEF7D9FC4FF4167343430C4803F5EB
S3150002AC80742303F23F23B3FBF0F30A4A0A49136023
S3150002AC900A220D680948013A12F0FF0240F8043B05
S3150002ACA0F9D103EBC3022B4413440B60204638BD93
S3150002ACB040420F009C6F0020686F00206C6F0020DE
S3150002ACC0012208B5034B1A70DEF7A2FC024B18608C
S3150002ACD008BD00BF646F0020986F0020F8B5144CC1
S3150002ACE0237823B3DEF794FC124B134D1B68134EE5
S3150002ACF0C01A012838BF0120114B124F18602B7859
S3150002AD0056F8232046F82300111A3A680E48521ABA
S3150002AD100A213A600932B2FBF1F20133DBB2026078
S3150002AD20B3FBF1F201FB12332B7000232370F8BD43
S3150002AD30646F0020986F0020946F00206C6F0020D3
S3150002AD40606F0020686F00209C6F0020014B18681E
S3150002AD50704700BF9C6F002020234FF400220A494F
S3150002AD6081F82C33094B5A66094A03F5405303F519
S3150002AD700050426702674FF48050C1F88401486070
S3150002AD8003445A67704700BF00E100E0009000509C
S3150002AD90010000A0044B9A6DD20702D40028FAD112
S3150002ADA070470120704700BF00C000500C4B10B521
S3150002ADB01C6FE20707D5012203F500531A67FFF756
S3150002ADC08DFF00F0E5FA14F000521CBF054B1A671E
S3150002ADD0002CBEBF4FF00042024B1A6710BD00BFE7
S3150002ADE000C0005000E00050FFF7E0BF034B1B78A5
S3150002ADF0002B14BF01200220704700BFD06F002035
S3150002AE000329F8B505460E4607D8174B5C5C032D99
S3150002AE1019D8DFE805F0090F121540F2063113487A
S3150002AE20E3F70EFB0024F2E744F00204104B1F681E
S3150002AE307FB9F8BD44F00804F8E744F02004F5E7CA
S3150002AE4044F08004F2E740F21B310848E3F7F8FACF
S3150002AE50ECE77B681A68144203D0314628465B68E1
S3150002AE6098473F68E4E700BF25860300DC850300B8
S3150002AE70CC6F002038B5104D2B78ABB10F4C237830
S3150002AE801BB100F09FFB00232370002000F0BCFBE7
S3150002AE900B4C50B100F0C2FB0023012120782B702D
S3150002AEA0FFF7AEFF0123237038BD0122054B1A704E
S3150002AEB02278054B1A70F7E7CA6F0020C56F00208B
S3150002AEC0BC6F0020C96F0020DC6F002010B5E0F7D0
S3150002AED0F9F9064B04461B781BB1BDE81040E0F7B2
S3150002AEE0F5B9FFF7C7FF2046F7E700BFC46F00209A
S3150002AEF038B5134D04462B78FF2B05D160B140F2CD
S3150002AF007B311048E3F79CFA2B782BB924B940F22F
S3150002AF107D310C48E3F794FA002C14BF0122FF227C
S3150002AF202B7813442B700AD0074B1B78012B06D9BA
S3150002AF30064B1B781BB9BDE83840FFF79BBF38BDEF
S3150002AF40D06F0020DC850300BC6F0020C96F002093
S3150002AF5070B5E0F7B7F9114E054633788BB9DEF7CF
S3150002AF6063FA044620B12846E0F7B0F9204670BDE0
S3150002AF700B48E3F766FA0B4B1C60DEF755FB0A4BF0
S3150002AF80186000F059FA00F083FB084B00241860A1
S3150002AF90012328463370E0F799F9E7E7C66F0020E8
S3150002AFA0CC6F0020E06F0020D86F0020C06F002019
S3150002AFB02DE9F341441EE3B2012B0D4604D940F2BA
S3150002AFC089113148E3F73CFA304E335DFF2B05D148
S3150002AFD065B14FF4C6712C48E3F732FA335D2BB9EB
S3150002AFE025B94FF4C7712848E3F72AFA002D14BF92
S3150002AFF00122FF22335D134433553AD0244E327870
S3150002B000012A36D9FFF7F2FE0128044634D8214F29
S3150002B010E0F758F93B781BB31F4D2B781BB9012279
S3150002B0202A701E4A1370DFF8788098F8003033B120
S3150002B030019000F0C7FA0023019888F80030E0F783
S3150002B04045F9012000F0E0FAE0F73CF92B782BB144
S3150002B050019000F0E3FA002301982B7000233B7065
S3150002B060E0F734F93078A04203D02146FFF7C8FE54
S3150002B070347002B0BDE8F081032AF3D10228F1D17F
S3150002B08000F01AFBEEE700BFDC850300D06F00205C
S3150002B090BC6F0020CA6F0020C46F0020C96F002059
S3150002B0A0C56F002068B5E0F70DF9094B06461B7817
S3150002B0B0012B04D8E0F70AF90025284668BD054B9E
S3150002B0C01D6800F0E9FA05443046E0F7FFF8F4E7B8
S3150002B0D0BC6F0020E06F002007B5E0F7F3F801909F
S3150002B0E0FFF7C8FE019803B05DF804EBE0F7EEB88F
S3150002B0F038B541600446E0F7E5F8054621460448BE
S3150002B100E3F7A2F92846BDE83840E0F7DFB800BF0A
S3150002B110CC6F002013B50190E0F7D4F804460199EC
S3150002B1200448E3F7A1F9204602B0BDE81040E0F773
S3150002B130CDB800BFCC6F0020054B1B685843054BAA
S3150002B14000F5742000F23F20B0FBF3F0704700BF19
S3150002B150D86F002040420F002DE9FF47E0F7B2F812
S3150002B160044600E000BFFFF72AFA002800F0A98093
S3150002B170714E724F337823B10020FFF7B9FE0023D8
S3150002B1803370FFF733FE012812D00AD90238C0B253
S3150002B190012840F29E804FF459716948E3F750F94D
S3150002B1A006E0337823B10020FFF7A2FE00233370B6
S3150002B1B0FFF71CFE0128804604D9624B1B780BB9A7
S3150002B1C000F0BEF9604DDFF8A0912878DFF89CA167
S3150002B1D040450AD0002389F800309AF8003013B9A6
S3150002B1E04146FFF70DFE85F8008099F800303BB125
S3150002B1F02B78022B04D1002389F8003000E000BF2F
S3150002B200B8F1010F0FD9DFF83C8198F8003053B935
S3150002B2104E4B1B7823B900F0CFF901224C4B1A7022
S3150002B220012388F80030287800F016FA9AF80030E0
S3150002B23013B1484B1B782B7000E000BF2046E0F7A5
S3150002B24045F8E0F73FF8444B04461A7852B100221B
S3150002B2501A70404B28781B78984203D10121297035
S3150002B260FFF7CEFD3846DEF719F9FFF7ACF980464F
S3150002B27000287FF47FAF334F89F800003B789BB1FB
S3150002B280DFF8CC908AF8000099F800301BB100F084
S3150002B29099F989F80080002000F0B6F9002841D01B
S3150002B2A000F0BCF900233B70337823B10020FFF78E
S3150002B2B01FFE0023337000212878FFF7A1FD00232B
S3150002B2C02B7000E000BF204604B0BDE8F047DFF770
S3150002B2D0FDBF002003A9DEF763F900287FF468AFFB
S3150002B2E01E4B039A1B689A4204D80120FFF700FE00
S3150002B2F001235CE71A4B1D6800F0CEF92D1804D520
S3150002B30040F251310E48E3F79BF803998D42ECD295
S3150002B310002302223846CDE90032491B114ADEF7E4
S3150002B320E5F845E7012000F097F92046DFF7CEFF62
S3150002B330DFF7C8FF0446AEE7D46F0020A06F0020F7
S3150002B340DC850300CA6F0020BC6F0020D36F00208B
S3150002B350C56F0020DC6F0020C86F0020C06F002080
S3150002B360E06F0020CDAE0200D26F0020C96F002030
S3150002B37010B5DFF7A7FF0022044B1C781A70DFF71F
S3150002B380A5FFDEF731FA2043C0B210BDC76F002019
S3150002B39010B5094B1B786BB1084C237853B100F0FA
S3150002B3A03DF90023064A237013700123054A1370E0
S3150002B3B0054A137010BD00BFBC6F0020C96F002084
S3150002B3C0CA6F0020C76F0020C86F002038B5054637
S3150002B3D0DFF778FF0446284600F006F82046BDE867
S3150002B3E03840DFF773BF000073B5114E0446337859
S3150002B3F0834212D000238DF8043080B102238DF8E7
S3150002B400053001A8E0F714F80A4D402054B1FFF7C1
S3150002B41093FE2B68181A2860347002B070BD8DF83E
S3150002B4200500EEE7FFF788FE2B681844F3E700BF36
S3150002B430C8110020EC6F0020002373B54FF40024DE
S3150002B44001A88DF80430E0F7C5F80120FFF7CCFF1C
S3150002B4503449354B0A6F02F007021A60D1F82031DF
S3150002B460D1F8240101F580514C664FF400344C6644
S3150002B47001F598318969032A00F0070001F00201FB
S3150002B4803BD003F003039C1E63426341022808BFBC
S3150002B49043F001032548264D0370002939D0214A7D
S3150002B4A03BB9D2F8003103F00303591E4B424B411C
S3150002B4B00370D2F8003103F00303022B1FD0032BD3
S3150002B4C020D0012B21D1E3F783F810B3194B411E8B
S3150002B4D0DC680023024608461946C4F30B04164EDE
S3150002B4E0013404EB8404E4FB0601E5F763F9FFF794
S3150002B4F023FE2B68184428600BE00123C6E7E3F716
S3150002B50079F8E2E7E3F76AF8DFE7D1210B48E2F7D9
S3150002B51097FF6420FFF710FE2B681844286002B0DC
S3150002B52070BD00BF00800050E46F0020EA6F00206B
S3150002B530EC6F002000C0015040420F002986030034
S3150002B540DFF7C8BF074B1A7852B100221A70064AB3
S3150002B550136F23F0070343F001031367E3F722B8DF
S3150002B560704700BFE86F0020008000500E4B10B5F8
S3150002B5701B7883B10220DEF7D3F960B1DEF742F819
S3150002B58048B10A4B9A6DD20306D5DB6D9B0703D5EC
S3150002B5900122074B9A6210BD0124064B1C70FFF76D
S3150002B5A08FFB034B9C62F6E7EA6F002000C0005057
S3150002B5B000D00050E96F00200122014B1A7070473B
S3150002B5C0E86F002038B50C4B1B786BB10B4C237817
S3150002B5D07BB90B4B0B4D9A6D12F4803F05D0DB6D98
S3150002B5E09B0702D50123AB6238BDFFF769FB012336
S3150002B5F0AB6200232370F7E7EA6F0020E96F0020B1
S3150002B60000C0005000D00050034B1B780BB1FFF76F
S3150002B610C1BB0120704700BFEA6F002008B5DFF703
S3150002B6205BFF094A0949136F096823F007030B43B5
S3150002B6301367074B1B7813B10122064B9A62BDE8CA
S3150002B6400840E2F7AFBF00BF00800050E46F002061
S3150002B650EA6F002000E0005002280AD003280BD02F
S3150002B66001280CD1084A136923F00403136130BF81
S3150002B67070470020DFF7EABE0020DFF70BBF40F27B
S3150002B680CB110248E2F7DCBE00ED00E0298603009A
S3150002B6904FF4C870FFF750BD08B5054B187818B1BE
S3150002B6A0FFF754FB00EBD000024B1B68184408BDA1
S3150002B6B0EA6F0020EC6F0020704721B9BF288CBFCB
S3150002B6C0002001207047012901D11D28F7E700203B
S3150002B6D07047000020B10128024818BF00207047B9
S3150002B6E00148704784C00300849C03002DE9F04F93
S3150002B6F0ADF5457D00F0C8F9E2F796F80446002854
S3150002B7003ED1BF23DFF8A8800093C022034604A9D6
S3150002B710D8F80000E4F722FD0646002844D0A346E6
S3150002B7204FF0FF37DFF88C9004AD02AB55F8041BDF
S3150002B730D8F8000003AAE4F7CBFC039BC3B94FF089
S3150002B740300A55F8041C02980AFB0192D368834218
S3150002B7500ED15268D8F80000E4F76CFC10B355F825
S3150002B760043C0AFB03935868D3E90212E5F7FAF997
S3150002B7704FF0010B0134A642D7D1BBF1000F01D025
S3150002B7804FF0FF371E25094C6068D4E90212E5F72F
S3150002B790E9F9013D04F13004F6D138460DF5457D4F
S3150002B7A0BDE8F08F0746E5E70746EBE784C00300EE
S3150002B7B00C0F0020849C030008B503460846FFF7D9
S3150002B7C089FF18B1302202FB0300007C08BD2DE977
S3150002B7D0F8430D469DF82410044616469946DDF8B0
S3150002B7E02080FFF76AFF40B30846FFF773FF20B3D6
S3150002B7F0302303FB0404A37CFBB1237CAB4201D0C0
S3150002B8000C2D1AD100234A4631462046A769B8476D
S3150002B81088B9237CAB4201D00C2D11D101234A46B3
S3150002B82031462046A569A847B8F1000F03D094F81F
S3150002B8302C3088F80030BDE8F8834FF0FF30FAE785
S3150002B8404FF0FF30F0E710B50446FFF736FF80B140
S3150002B8500846FFF73FFF60B1302303FB040460682C
S3150002B860D4E90212E5F77EF90123E06884F82C3068
S3150002B87010BD6FF02600FBE7F8B50E4607461C46DC
S3150002B880002130461546E5F77AF921463846FFF794
S3150002B89014FFC8B12046FFF71DFF0446B8B1302099
S3150002B8A000FB0744E37C93B1E36913B19847002890
S3150002B8B00CDBE0686168854228BF054630462A46A9
S3150002B8C0E5F750F9284601E06FF02600F8BD4FF083
S3150002B8D0FF30FBE708B50346FFF7EFFE38B108462F
S3150002B8E0FFF7F8FE18B1302202FB0300C06808BD5C
S3150002B8F038B50446FFF7E1FE68B12046FFF75CFF64
S3150002B9000B2808D10846FFF7E5FE20B1302303FBDA
S3150002B9100400006A38BD4FF0FF30FBE738B5044635
S3150002B920FFF7CBFE68B12046FFF746FF0B2808D18A
S3150002B9300846FFF7CFFE20B1302303FB0400406A1E
S3150002B94038BD4FF0FF30FBE710B50346FFF7B5FEF3
S3150002B95058B10846FFF7BEFE38B1302101FB03009D
S3150002B960036A0020C2E9003010BD4FF0FF30FBE74A
S3150002B97010B50346FFF7A1FE58B10846FFF7AAFE27
S3150002B98038B1302101FB0300436A0020C2E90030CE
S3150002B99010BD4FF0FF30FBE770B50025084C094E8D
S3150002B9A0607C28B12946E36862683068E4F7F8FAF1
S3150002B9B0BF2D03D0013530340028F1D070BD00BF51
S3150002B9C0849C03000C0F002038B50C461946154618
S3150002B9D0FFF7F2FE01380A281FD8DFE800F0141438
S3150002B9E011061E171B1E1E1E0B0022680C4920463E
S3150002B9F0E5F792F91DB12046E5F7C0F9286038BD92
S3150002BA0022880849F3E722780749F0E794F90020EB
S3150002BA100649ECE7B4F90020FAE700232370E9E7C8
S3150002BA2082CC0300798603009E500300F5C9030009
S3150002BA3038B504460846FFF74DFE78B191B10129A3
S3150002BA400CD11E2100F128020023302000FB03F551
S3150002BA505559A54204D001339942F7D14FF0FF332D
S3150002BA60184638BDC021EDE708B502460846FFF77D
S3150002BA7031FE034630B11046FFF71FFE10B13021EA
S3150002BA8001FB0233184608BD08B54FF4B5620549F5
S3150002BA900548E5F767F8802204490548E5F762F8A4
S3150002BAA008BD00BFDC960300707000205C960300A0
S3150002BAB0F06F002070B50F4DC0262C46237D23B9AA
S3150002BAC0D4E902126068E5F74DF8013E04F130044C
S3150002BAD0F4D11E26084C2B7D23B9D4E902126068E4
S3150002BAE0E5F740F8013E05F1300504F13004F2D1E4
S3150002BAF070BD00BF849C030084C003002DE9F84397
S3150002BB00D0F80C90054691450E4614461ED903B34D
S3150002BB1047683846E5F732F92246804631463846C6
S3150002BB20E5F710F810B90CB144450DD001234A4689
S3150002BB30002185F82C303846E5F721F822463146B1
S3150002BB406868E5F70FF80020BDE8F8834FF0FF308C
S3150002BB50FAE71846F8E710B50A68D0E908419442B0
S3150002BB6001D88A4201D98C420AD13BB1436819688D
S3150002BB70914203D0012180F82C101A60002001E0C6
S3150002BB804FF0FF3010BD0A8810B5D0E90841944243
S3150002BB9001D88A4201D98C420AD13BB1436819883D
S3150002BBA0914203D0012180F82C101A80002001E076
S3150002BBB04FF0FF3010BD10B50A78D0E90841944223
S3150002BBC001D88A4201D98C420AD13BB1436819781D
S3150002BBD0914203D0012180F82C101A70002001E056
S3150002BBE04FF0FF3010BDFFF7E6BFB1F9002010B5E8
S3150002BBF0D0E90841944201DC8A4201DD8C420BD134
S3150002BC0043B14368B3F90010914203D0012180F891
S3150002BC102C101A80002001E04FF0FF3010BD10B545
S3150002BC2091F90020D0E90841944201DC8A4201DD03
S3150002BC308C420BD143B1436893F90010914203D071
S3150002BC40012180F82C101A70002001E04FF0FF301D
S3150002BC5010BD002313B5CDE9003301230446C218F3
S3150002BC6002216E20FFF7B3FDF8B9CDE900000123EA
S3150002BC7002217020A21CFFF7AAFDB0B9CDE900008F
S3150002BC80012302217220E21CFFF7A1FD68B90123FC
S3150002BC90CDE90000224619466F20FFF798FD20B92C
S3150002BCA002B0BDE81040FFF777BE02B010BD10B576
S3150002BCB001460446002301226F20FFF7DDFD10B97D
S3150002BCC00023237010BD2378002BFBD00122002312
S3150002BCD06E20A118FFF7D0FD0028F1D00023012223
S3150002BCE07020A11CFFF7C8FD0028E9D0002301221D
S3150002BCF07220E11CFFF7C0FD0028E3D1E0E7002334
S3150002BD0013B5CDE9003301230446C2180221882067
S3150002BD10FFF75DFD68B90123CDE900002246194609
S3150002BD208920FFF754FD20B902B0BDE81040FFF7A5
S3150002BD3033BE02B010BD10B50146044600230122EF
S3150002BD408920FFF799FD10B90023237010BD2378CF
S3150002BD50002BFBD0012200238820A118FFF78CFDBF
S3150002BD600028F3D1F0E7002313B5CDE90033012310
S3150002BD700446C21802218020FFF729FDF8B9CDE951
S3150002BD800000012302218220A21CFFF720FDB0B988
S3150002BD900423CDE9000019468420E218FFF717FDB7
S3150002BDA068B90123CDE90000224619468120FFF732
S3150002BDB00EFD20B902B0BDE81040FFF7EDBD02B09E
S3150002BDC010BD10B501460446002301228120FFF76B
S3150002BDD053FD10B90023237010BD2378002BFBD02E
S3150002BDE0012200238020A118FFF746FD0028F1D08A
S3150002BDF0002301228220A11CFFF73EFD0028E9D084
S3150002BE00042200238420A118FFF736FD0028E3D17F
S3150002BE10E0E7002313B5CDE9003301230446C21837
S3150002BE2002218A20FFF7D3FCF8B90123CDE90000ED
S3150002BE3019468C20A21CFFF7CAFCB0B90123CDE932
S3150002BE40000019468E20E21CFFF7C1FC68B90123E7
S3150002BE50CDE90000224619468B20FFF7B8FC20B92F
S3150002BE6002B0BDE81040FFF797BD02B010BD10B595
S3150002BE7001460446002301228B20FFF7FDFC10B980
S3150002BE800023237010BD2378002BFBD00122002350
S3150002BE908A20A118FFF7F0FC0028F1D00023012226
S3150002BEA08C20A11CFFF7E8FC0028E9D00023012220
S3150002BEB08E20E11CFFF7E0FC0028E3D1E0E7002337
S3150002BEC013B5CDE9003301230446C21802218620A8
S3150002BED0FFF77DFC68B90123CDE900002246194629
S3150002BEE08720FFF774FC20B902B0BDE81040FFF7C7
S3150002BEF053BD02B010BD10B501460446002301220F
S3150002BF008720FFF7B9FC10B90023237010BD2378F0
S3150002BF10002BFBD0012200238620A118FFF7ACFCE0
S3150002BF200028F3D1F0E730B50546007885B00F2832
S3150002BF3027D80023CDE90033042351381946EA18DD
S3150002BF40C0B2FFF744FC0446D8B903460222BF201A
S3150002BF500DF10E01FFF790FC98B101232A78032117
S3150002BF609340BDF80E20BF201343ADF80E30CDE945
S3150002BF70004402230DF10E02FFF729FC08B9FFF770
S3150002BF800BFD05B030BD73B50024064605462346B3
S3150002BF900222BF2006F8044B0DF10601FFF76CFCE6
S3150002BFA008B902B070BDBDF806302341DB0706D5DD
S3150002BFB000230422314604F1AF00FFF75DFC013491
S3150002BFC0102C06F10406EBD10028EAD0BDF80630A3
S3150002BFD06B80002BE5D001232B70E2E77FB50025AD
S3150002BFE00524134E8DF80950ADF80A500395012326
S3150002BFF0CDE90055194616F8010B0DF10902013C6F
S3150002C000FFF7E5FB14F0FF04F1D10DF10A0202235A
S3150002C0100321CDE90044BF20FFF7D9FB0423CDE974
S3150002C0200044194603AA9220FFF7D1FB04B070BD63
S3150002C03024C6030013B50F4B012118689A889B7911
S3150002C040009000208DF80630ADF80420FFF70CFDB5
S3150002C0500021C26804464068E4F791FD6846E4F7A9
S3150002C0608DFE694602466068E4F77CFD002002B058
S3150002C07010BD00BF29C6030010B5E6F7F3FF012184
S3150002C08004460820FFF7F0FC436800201C7010BD30
S3150002C09037B500230DF1070101220F20FFF7ECFB54
S3150002C0A09DF80700C21E50425041E7F719F80121D8
S3150002C0B005460A20FFF7D8FC072D04460DD09DF849
S3150002C0C00700C31E58425841E7F714F801F066F814
S3150002C0D063681870002003B030BD0320F8E7000043
S3150002C0E007B50020E6F7ECFA012101900C20FFF7D4
S3150002C0F0BBFC019A03494068E4F70EFE002003B038
S3150002C1005DF804FB30C6030013B5012200230DF1CE
S3150002C11007010F20FFF7B0FB01210E20FFF7A4FC59
S3150002C12004469DF80700C31E58425841E7F716F821
S3150002C13063681870002002B010BD37B500230DF1F8
S3150002C140070101220F20FFF797FB9DF80700C21E89
S3150002C15050425041E6F7C4FF012105461420FFF77D
S3150002C16083FC072D04460DD09DF80700C31E5842D6
S3150002C1705841E6F7D9FF01F01BF8636818700020F2
S3150002C18003B030BD0D20F8E713B5002301220DF1EF
S3150002C19007010F20FFF770FB01281CBF00238DF853
S3150002C1A007309DF80700C31E58425841E6F798FF2C
S3150002C1B0012104461520FFF757FC436800201C7036
S3150002C1C002B010BD37B50C78E3B143681A78A242C3
S3150002C1D016D001226D4680F82C201C7006240D4BC9
S3150002C1E018689B880090ADF80430002115F8010B01
S3150002C1F0013CFFF728FB14F0FF04F6D1FFF7EEFE31
S3150002C200002004E0033C032C94BF0020012003B06D
S3150002C21030BD00BF36C6030008B553B143680A787D
S3150002C2201978914203D0012180F82C101A7000204F
S3150002C23008BDFFF7D3FEFAE708B50A784BB14368A3
S3150002C2401978914203D0012180F82C101A7000202F
S3150002C25005E01046E6F7F8FF80F00100C0B208BD1F
S3150002C26013B50C784BB143681A78A24203D0012267
S3150002C27080F82C201C7000200DE001220DF1070130
S3150002C2809720FFF7F9FA9DF80700E7F709F88442C5
S3150002C29094BF0020012002B010BD10B591F90040F4
S3150002C2A053B1436893F90020A2421EBF012280F8CF
S3150002C2B02C201C70002010BDE7F70EF840B2844215
S3150002C2C001DC002CF6DA0120F5E713B50C7853B140
S3150002C2D043681A78A2421EBF012280F82C201C70E5
S3150002C2E0002002B010BD01220DF107019520FFF7D3
S3150002C2F0C3FAE6F7C7FF9DF80720B0FBF2F010FB82
S3150002C30002F0C0B2844203D8A24203D9002CE7D07D
S3150002C3100120E6E7B4FBF2F302FB1343DBB2002B88
S3150002C320F4D1DDE708B509784BB143681A788A4239
S3150002C33003D0012280F82C201970002005E018464F
S3150002C340E6F736FE003818BF012008BD10B50C7896
S3150002C3504BB143681A78A24203D0012280F82C20FE
S3150002C3601C70002005E0E6F7ADFFA0422CBF0020BE
S3150002C370012010BD10B591F9004053B1436893F9FD
S3150002C3800020A2421EBF012280F82C201C70002031
S3150002C39010BDE6F7A1FF40B2A04201DB0134F6DA96
S3150002C3A00120F5E7014B1870704700BFC911002044
S3150002C3B0014B1878704700BFC91100200A784BB1AB
S3150002C3C043681978914203D0012180F82C101A7023
S3150002C3D000207047531EDBB2DE2B09D802F1380368
S3150002C3E0DBB2012B04D9A2F1CB0358425841704764
S3150002C3F00120704708B509684BB143681A688A423A
S3150002C40003D0012280F82C201960002005E018468E
S3150002C410E6F7C4FD003818BF012008BD08B5097843
S3150002C4204BB143681A788A4203D0012280F82C2045
S3150002C4301970002005E01846E6F7D4F9003818BF4F
S3150002C440012008BDFFF7D6BF1FB5012300221946FA
S3150002C450CDE900238DF80F2002200DF10F02FFF720
S3150002C460B6F905B05DF804FB1FB50E4A01AB1068BC
S3150002C470516803C30121906818600846FFF7F4FA71
S3150002C4800021C26804464068E4F779FB01A8E4F794
S3150002C49075FC01A902466068E4F764FB002004B05B
S3150002C4A010BD00BF3DC603001FB50E4A01AB1068A2
S3150002C4B0516803C39068012118600D20FFF7D4FA72
S3150002C4C00021C26804464068E4F759FB01A8E4F774
S3150002C4D055FC01A902466068E4F744FB002004B05B
S3150002C4E010BD00BF3DC60300084B1A78022A0BD1C5
S3150002C4F0074A12782AB101221A70064B1878DAF71F
S3150002C5004DBF1A70DAF7F2BF0E2070471876002078
S3150002C5101A7600201976002038B50C4603282DD845
S3150002C520DFE800F0020E1B28154A1378022B25D0ED
S3150002C53000231370134A1370BDE83840DAF7D6BFEA
S3150002C5400F4D2B78022B19D00846DAF727FF18B9B8
S3150002C55001232B700C4B1C7038BD094A1378591EE7
S3150002C5604B424B4107490B7002231370BDE838401A
S3150002C570DAF7E4BFBDE83840FFF7B6BF0E20EBE7B7
S3150002C580187600201A76002019760020014B1878BA
S3150002C590704700BF1876002013B50B4B04461B7874
S3150002C5A0022B0FD101A8DAF7B3FF4FF49652019B83
S3150002C5B0534340F6FF72B3FBF2F32380FFF794FF77
S3150002C5C002B010BD0E20FBE718760020034B1B7845
S3150002C5D0012B01D1DAF79CBF4B2070471876002059
S3150002C5E020B10138032894BF0E2063207047000053
S3150002C5F00122014B1A707047CA11002070B590F8DB
S3150002C600F230044694B073B102A9F43000F03CFE55
S3150002C61002A8D9F7ABFE204694F8F210DCF7CEFD5D
S3150002C6201448D9F7B2FE02A9012304221020FFF70B
S3150002C63023F9029B0125013300260293042302AA51
S3150002C6401946CDE900651020FFF7C1F82B4604F123
S3150002C650F5020621CDE900651220FFF7B8F82B4650
S3150002C6600621CDE9006504F1F6021320FFF7AFF8C3
S3150002C67014B070BD1DCE030010B50446ADF5007DA5
S3150002C6804FF4FF7200216846E4F779FA21466846BC
S3150002C69000F05EFF6846D9F769FE0DF5007D10BD14
S3150002C6A010B50021044688B0152202A80191E4F7CC
S3150002C6B066FA214601A800F089FF01A8D9F756FEBD
S3150002C6C008B010BD07B5002301220DF107011520A0
S3150002C6D0FFF7D2F89DF807100020FBF7EEFB0421C6
S3150002C6E00020FBF747FB02210020FBF743FB03B0C8
S3150002C6F05DF804FB07B5002301220F200DF10601A8
S3150002C700FFF7BAF8012813D000238DF8063000236C
S3150002C71001220E200DF10701FFF7AEF801281CBF1A
S3150002C72001238DF807309DF8070003B05DF804FB7E
S3150002C7309DF80630032BEAD10020F6E730B5ADB0FE
S3150002C74003F01CFE03F01EFE102200230DEB020175
S3150002C7500820FFF791F80023102208A90920FFF705
S3150002C7608BF8002320220CA90720FFF785F8002367
S3150002C770202214A9A020FFF77FF8102249480DEBCA
S3150002C7800201DCF713FC1022474808A9DCF70EFC6D
S3150002C790202246480CA9DCF709FC2022444814A9A9
S3150002C7A0DCF704FC0023012242491720FFF764F854
S3150002C7B0FFF7A0FF0346002848D108226A200DEBA6
S3150002C7C00201FFF759F8082804D03B4A02AB106869
S3150002C7D0516803C30822394C0DEB02012046DCF7EF
S3150002C7E0E5FB236820221BBA23606B2000231CA9C9
S3150002C7F0FFF742F820280BD0314B1CAC03F1200581
S3150002C800224618685968083303C2AB421446F7D168
S3150002C810002320226C2024A9FFF72EF820280BD013
S3150002C820274B24AC03F120052246186859680833C1
S3150002C83003C2AB421446F7D1202222481CA9DCF7D8
S3150002C840B5FB2022204824A9DCF7B0FB1F48FAF7E3
S3150002C85095FF1F4C002301220DF107010E20FFF761
S3150002C8600BF8002301220DF106010F20FFF704F851
S3150002C8700023012221466D20FEF7FEFF00202178CB
S3150002C880FBF7F2F99DF80630012B06D19DF8073029
S3150002C8901BB923780BB9FFF715FF03F071FD2DB015
S3150002C8A030BD00BF447600205C7600201D76002055
S3150002C8B04C7600207476002049C60300407600209C
S3150002C8C052C60300647600202D76002095C9020028
S3150002C8D01C7600201FB5124B1A7892B10022114C19
S3150002C8E01A70FAF79DFFE36803A963B1DCF7A2FEAB
S3150002C8F0034630B9CDE900000B4A20460399DCF71E
S3150002C900F5FD04B010BDDCF795FE03460028F8D10C
S3150002C910CDE90000044A20460399DCF71DFEF0E744
S3150002C920CA11002078760020F1C502001FB5012049
S3150002C93003A9DCF77FFE034630B9CDE90000044ABD
S3150002C94003990448DCF7D2FD05B05DF804FB00BF8D
S3150002C950F1C5020078760020002307B501220E20D9
S3150002C9600DF107018DF80730FEF786FF084B1878A0
S3150002C97050B99DF80730012B06D1FBF71EF8FFF7D9
S3150002C9802FFE08B9FFF7D2FF03B05DF804FB00BF24
S3150002C9901C760020F0B5B44DB44EB54FC3B00DF1C0
S3150002C9A00A010DA8FBF74AF89DF835102D2962D821
S3150002C9B0DFE811F02E0061006700D9000F012101A6
S3150002C9C06100F201290144016C01760161006100F6
S3150002C9D06100610061009101CA01D101D301DF0149
S3150002C9E0E6016100610061006100610061006100B1
S3150002C9F061006100610061006100990199019E0177
S3150002CA00B201B601BB01BF01FC01FE010002020236
S3150002CA1031460020FAF728FF39460020FAF70AFFC6
S3150002CA2094490020FAF754FF93490020FAF736FF9B
S3150002CA30924B187800F0A8FB01460020FAF762FF35
S3150002CA40002301220F202CA9FEF716FF01281CBF86
S3150002CA5000238DF8B030FFF74DFE28B98849894B7F
S3150002CA60894A0968FBF7DEFA9DF8B030032B02D03B
S3150002CA70002002F057FF9DF80A30002B8FD143B0F9
S3150002CA80F0BD002301220F200DF10B01FEF7F4FE8B
S3150002CA90012863D000238DF80B300024CDE904442D
S3150002CAA0CDE90644FFF726FE16AA01460EA800F0B7
S3150002CAB037FC16A8D9F75AFC234601220C200DF1A1
S3150002CAC00D01FEF7D9FE9DF80D40ECB92346012271
S3150002CAD00DF10E01A120FEF7CFFE234601220DF134
S3150002CAE00F01A220FEF7C8FE10229DF80E100DEBD4
S3150002CAF00200E4F744F80321204604AAFAF719FFD4
S3150002CB000DF10F00E6F7B4FAE7F79CF908A8E7F784
S3150002CB10F9F9022108AA2CA800F08EFC2CA8D9F754
S3150002CB2025FC002301220F2003A9FEF7A5FE9DF88E
S3150002CB300C30012B01D1FFF7C5FD9DF80C1002291F
S3150002CB4002D10020FBF761F9022002F0EBFEFFF7AB
S3150002CB50EDFE9DF8350000F02FFE8CE79DF80B30B8
S3150002CB60032B88D099E79DF8443093B10123042220
S3150002CB7008A91120FEF780FE089B112001330893B5
S3150002CB800123019304AB0093042308AA1946FEF776
S3150002CB901EFE2CA90EA800F0A3FB2CA8D9F7E6FBD3
S3150002CBA09DF84430012B04D100F0A2FD08B100F03B
S3150002CBB091FD9DF84430022B01D100F0A3FD16A889
S3150002CBC000F046FB00283FF456AF1698FFF716FD15
S3150002CBD051E700F019FB00F5847300F1F40200F14D
S3150002CBE0F2010446FAF7F6FF00F012FB00287FF482
S3150002CBF042AF2046EAE70EA82CA900F0BDFB2CA8FE
S3150002CC00D9F7B4FBA5E700209DF838108DF820006F
S3150002CC1001298DF8580006D108A916AAFBF7DEF8F5
S3150002CC20B0FA80F149099DF858309DF820202CA8C9
S3150002CC3000F0F4FC2CA8D9F799FB1CE79DF83840C4
S3150002CC40012C0CD100202CAA16A92C70FBF7ADF8EA
S3150002CC5000287FF410AF2146FBF7D7F80BE7042133
S3150002CC600020FBF787F806E71B76002044760020B3
S3150002CC705C7600201D7600204C760020747600201B
S3150002CC80407600202D760020647600209DF838300C
S3150002CC90002B3FF4F0AE01212CA800F0AFFBC9E750
S3150002CCA000209DF838400890012C16900FD116AA44
S3150002CCB008A9FBF77AF820B92B7813B12146FBF7BE
S3150002CCC0A4F8169908982CAA00F066FBB2E702218E
S3150002CCD0FBF750F8F5E79DF8380000287FF4CBAE55
S3150002CCE0FFF7DEFCC7E60EAA2CA800F0A5FBA1E71B
S3150002CCF0252000F076FAFFF749FC02287FF4BBAE46
S3150002CD0016A8FFF749FC00287FF4B5AEBDF8581007
S3150002CD102CA800F073FC8DE7262000F062FAAAE642
S3150002CD200EA92CA800F0F8FB84E70EA8FFF7A4FCD6
S3150002CD30A1E6002110222DA82C91E3F720FF0EA9CF
S3150002CD402CA800F023FC75E700232CA8CDE92C3390
S3150002CD5000F036FC6EE70E98C2E700210E9C0E220A
S3150002CD602DA82C91E3F70BFF21462CA800F034FCEA
S3150002CD7060E700232CA8CDE92C3300F033FC59E7F9
S3150002CD8000210E9C12222DA82C91E3F7F8FE2146D3
S3150002CD902CA800F02DFC4DE700210F222DA82C9186
S3150002CDA0E3F7EDFE2CA800F0F9FB43E72A20B4E7EF
S3150002CDB02B20B2E72C20CEE6082216A901231D203D
S3150002CDC0FEF75AFD08220FA916A8E3F7BBFE0028B4
S3150002CDD07FF451AE0EA92CA800F016FC2AE700BF7C
S3150002CDE0024B187880F00100704700BFCA1100207C
S3150002CDF0F0B50446264601258FB090F9073090F922
S3150002CE000620417904A800F00BFB04A8D9F7AEFA74
S3150002CE10217956F8060BDCF7D1F90DF10F070A480E
S3150002CE20D9F7B3FA2B46324606210195009712200E
S3150002CE30FEF7CDFC2B460621CDE90075E21D132037
S3150002CE40FEF7C5FC0FB0F0BD1DCE030070B504465B
S3150002CE5088B0017804A800F0D1FA04A8D9F786FAB6
S3150002CE60237893B101250DF10F062B46062162198F
S3150002CE70122001950096FEF7AAFC2B4606211320E6
S3150002CE80CDE90065A21CFEF7A2FC08B070BD000049
S3150002CE90F0B593B0E6F7F6F90446002301220DF148
S3150002CEA00D019E20FEF7E8FC002301220DF10E0182
S3150002CEB09520FEF7E1FC9DF80E009DF80D20B4FBCF
S3150002CEC0F0F313FB00F3DBB2002A08BF1A468DF813
S3150002CED044308DF819200023012203A99420FEF77D
S3150002CEE0CBFC002301220DF10F0195209DF80C5079
S3150002CEF0FEF7C2FC0023012204A99720FEF7BCFC20
S3150002CF00002301220DF111019B20FEF7B5FC0DF164
S3150002CF101604002301220DF112019C20FEF7ACFC3F
S3150002CF200023022221469620FEF7A6FC00230122B8
S3150002CF300DF113019A20FEF79FFC0023012205A999
S3150002CF409820FEF799FC01220DF115010023992084
S3150002CF50FEF792FC9DF80F3006A88DF818309DF862
S3150002CF6010308DF81A508DF81B309DF81130594E3D
S3150002CF708DF81C309DF812308DF81D30564B0893F3
S3150002CF80BDF81630ADF824309DF813308DF82630F2
S3150002CF909DF814308DF828309DF815308DF829301B
S3150002CFA04E4B0B93E6F79EF906A8E6F7ABF906A8F1
S3150002CFB0E6F7BCF906A8E6F7C3F9002301220DF14C
S3150002CFC012019A20FEF758FC00230221CDE9004304
S3150002CFD09A2001230DF11202FEF7F9FB054698BBD2
S3150002CFE0034601220DF113019720FEF745FCCDE918
S3150002CFF000450123022197200DF11302FEF7E7FBFC
S3150002D000054608BB0346012205A99C20FEF734FC0F
S3150002D010CDE90045012306219C2005AAFEF7D7FB90
S3150002D020054688B9034601220DF115019B20FEF73C
S3150002D03023FC012302219B20CDE900450DF11502B7
S3150002D040FEF7C5FB074618B10023337013B0F0BDD7
S3150002D05001250CA906A83570E6F77AF900B13770F2
S3150002D060042310AA1946CDE900451620FEF7AFFBA8
S3150002D07004230CAA1946CDE900451720FEF7A7FBA3
S3150002D08004230EAA1946CDE900451820FEF79FFB98
S3150002D0900FAA01230221CDE900451920FEF797FBCD
S3150002D0A004230DAA1946CDE900451A20FEF78FFB87
S3150002D0B00DF13E0202230321CDE900451B20FEF7B6
S3150002D0C086FB01230221CDE9004511AA1C20FEF7A9
S3150002D0D07EFBBBE794760020F1CD02004DCE020026
S3150002D0E00B4B13B51B788BB10023012294200DF153
S3150002D0F00701FEF7C1FB9DF8074024B9E6F748F998
S3150002D100002002B010BDE6F753F9F9E70E20F8E762
S3150002D110947600200B4B13B51B788BB100230122AA
S3150002D12094200DF10701FEF7A7FB9DF8074024B9ED
S3150002D130E6F738F9002002B010BDE6F743F9F9E741
S3150002D1400E20F8E79476002008B5094B1B7843B108
S3150002D1500278017A4068E6F73BF9022803D00328F1
S3150002D16003D10E2008BD5220FCE70020FAE700BFDB
S3150002D170947600200338C0B20B289ABF014B185C84
S3150002D1800020704773C603000338C0B20B289ABF4B
S3150002D190014B185C0020704773C603000738C0B203
S3150002D1A004289ABF014B185C042070477FC603000F
S3150002D1B0431F082B28BF0E2070477FB501230DF1B0
S3150002D1C017028DF80F000092022101930DF10F0252
S3150002D1D00920FEF7FCFA07B05DF804FB0020FFF712
S3150002D1E0ECBF26280CD003D828B1252805D07047D5
S3150002D1F02A38012806D8002000E00120FFF7DDBF0B
S3150002D2000220FBE77047000000487047987600202E
S3150002D21007B5002301220F200DF10701FEF72CFBB3
S3150002D22001280FD19DF807303BB1074B93F8010156
S3150002D230013801288CBF00200120044B187003B06E
S3150002D2405DF804FB0120F8E798760020A477002019
S3150002D250044A13781BB100211170034A0260184672
S3150002D260704700BFA4770020987600200138C0B22C
S3150002D27002289ABF024B53F820000248704700BFAB
S3150002D28064C9030084C60300034610B55C7B0846E6
S3150002D290621ED2B20E2A98BF0E49A4F1020494BFAE
S3150002D2A051F822200C4A052C93F9024086B0D97B0C
S3150002D2B098BF197C049493F9014003941C7B029451
S3150002D2C09C68CDE900140549DB78E3F725FD06B035
S3150002D2D010BD00BF70C9030089C603008DC60300D6
S3150002D2E0034613B50846197B01290ED0084A094C94
S3150002D2F0022908BF2246197A0191596800911B78C2
S3150002D3000549E3F709FD02B010BD044AF3E700BF81
S3150002D310C6C60300D0C60300D4C60300CBC60300AC
S3150002D32010B50446637B1046013BDBB20E2B96BF5B
S3150002D3300D4A0E4B52F8233086B029B90C4906B075
S3150002D340BDE81040E3F712BD227B0A490492A268A7
S3150002D3500392E27BCDE90132237F227D0093A3690A
S3150002D360E3F7DAFC06B010BD70C9030089C60300F4
S3150002D370F5C6030002C7030007B50246137A08463C
S3150002D3800093536803491278E3F7C6FC03B05DF8CD
S3150002D39004FB00BF4DC703001FB514460022124B03
S3150002D3A003920344029333B92046104904B0BDE800
S3150002D3B01040E3F7DBBC0E492046E3F7D7FC02A890
S3150002D3C003F098FD01902046E3F7D8FC019BC0F1DB
S3150002D3D02401084A204404F00FFC2046E3F7CEFC61
S3150002D3E005492044E2E700BF6E3DD51278C7030027
S3150002D3F087C7030094C703001DCE030010B4054A75
S3150002D400054C002908BF224604495DF8044BE3F7A0
S3150002D41083BC00BF21510300C6C60300A6C7030092
S3150002D42007B5009313460A460249E3F775FC03B0B3
S3150002D4305DF804FBB4C703002DE9F0412329054634
S3150002D440144686B04BD12D49E3F790FC2846E3F704
S3150002D45095FC2E18A078FFF709FF02462078FFF701
S3150002D46005FF01462079FFF701FF0746A079FFF77E
S3150002D470FDFE63790490CDE9027394F901303046DA
S3150002D480CDE90013E3781E49E3F746FC2846E3F7A5
S3150002D49075FC0027DFF87C802E18237CF8B28342C5
S3150002D4A022D83046E3F76AFC0023304400F8013CF8
S3150002D4B02846E3F763FC2E18607CFFF7D7FE114976
S3150002D4C00246A37C3046E3F727FC2846E3F756FCE0
S3150002D4D00D49284406B0BDE8F041E3F747BC2429CC
S3150002D4E00CBF0A490A49AFE7231800EB4000414640
S3150002D4F0DA793044E3F710FC0137CEE7D7C70300E9
S3150002D500EFC7030016C803001DCE0300DFC70300E2
S3150002D510E7C7030010C803007FB58B680493CB7975
S3150002D52003938B794A79DB0002F0070203F0380392
S3150002D530134302930B7901934B8800930B784A7835
S3150002D5400249E3F7E9FB07B05DF804FB20C80300D4
S3150002D55038B504464B880D460A780A49E3F7DCFBE0
S3150002D5602046E3F70BFC2A7A21186868DBF784FD6C
S3150002D5702046E3F703FC04492044BDE83840E3F7BC
S3150002D580F5BB00BF59C803001DCE03004B780A78CD
S3150002D5900149E3F7C1BB00BF70C8030010B50446DA
S3150002D5A00549E3F7E3FB2046E3F7E8FB034920449A
S3150002D5B0BDE81040E3F7DABB83C803001DCE0300C3
S3150002D5C00149E3F7D3BB00BF94C803000A460149E9
S3150002D5D0E3F7A2BB9CC803000A460149E3F79CBBDA
S3150002D5E0ACC803000149E3F7C1BB00BFBCC80300D6
S3150002D5F00A460149E3F790BBC4C803000A4601493B
S3150002D600E3F78ABBD5C80300B1F90030B1F90220AD
S3150002D6100149E3F781BB00BFE3C80300012902D138
S3150002D6200249E3F779BB0249E3F7A0BBF5C8030059
S3150002D6300CC9030013B50B4B93F8F6409878D978CA
S3150002D64093F8F7203CB913460A46012102B0BDE819
S3150002D6501040FAF71FBB00940433FAF7D4F902B06C
S3150002D66010BD00BFA577002010B5074C002301228C
S3150002D67021461120FEF700F90028BCBF01232370C2
S3150002D6802378637010BD00BFA5770020F8B59DF81A
S3150002D69018500E460746144619462DB1F22D13D8D8
S3150002D6A02A460A48E3F75EFA094B9F70DE7083F852
S3150002D6B0F74083F8F6502CB91A785A70BDE8F8404C
S3150002D6C0FFF7B8BF0022F8E70220F8BDA9770020CD
S3150002D6D0A5770020054A53781178994203D9013378
S3150002D6E05370FFF7A7BF0720704700BFA57700203A
S3150002D6F0034B58781B78C01A18BF0120704700BF29
S3150002D700A5770020014B1A785A707047A57700203A
S3150002D71030B50023012487B00DF116058DF80F00F0
S3150002D7208DF817300DF10F02234602210194009560
S3150002D7300320FEF74CF89DF80F300DF11702022B6D
S3150002D7404FF00103CDE9005419464FF00B0008BF14
S3150002D7508DF81740FEF73BF89DF81700D9F7E6FB60
S3150002D76007B030BD07B5002301220DF106010F20D7
S3150002D770FEF782F8012818BF00234FF0010218BFF6
S3150002D7808DF806300E2000230DF10701FEF774F81E
S3150002D79001281CBF01238DF807309DF80630022BA5
S3150002D7A008D89DF807302BB90220FFF7B1FF03B066
S3150002D7B05DF804FB0020F8E7052807D003D830B14E
S3150002D7C0022804D070472C2803D070470120FFF7A7
S3150002D7D09FBF0320FBE7000070B50446144B86B0DA
S3150002D7E001AE0D4693E80300124A86E8030020467E
S3150002D7F01149DAF73EFF0446B0B9FEF75BF9FEF7C8
S3150002D800CBF810B90120DBF78DF86A46304603A93A
S3150002D810D8F73CFE009B6A684FF440711380286873
S3150002D8209BB203AAD9F711F8204606B070BD00BF15
S3150002D830B4C90300BCC90300ACC90300002330B558
S3150002D840144A87B00D461449CDE90333ADF81430B6
S3150002D8500193ADF80830DAF70CFF0446B0B9FEF7CB
S3150002D8609BF820B1012301933223ADF808306A46B2
S3150002D87003A901A8D8F70AFE009B6A684FF4407113
S3150002D880138028689BB203AAD8F7DFFF204607B0A9
S3150002D89030BD00BFD8C90300D0C903002DE9F04F3F
S3150002D8A000244FF0FF330646DBB060228A4610A8FA
S3150002D8B021460A930F94E3F762F96022214629A8CA
S3150002D8C02894E3F75CF93046AB4AAC490B940D94C5
S3150002D8D0ADF83840DAF7CDFE8146002840F0C18027
S3150002D8E00425D6F8008018F80500D8F7A9FFB388F2
S3150002D8F0079308B1AB4222D84FF0000B02260AACBE
S3150002D9003D224046CDF808B0019400960DAB0DF1CC
S3150002D9102601ADF82650D8F7C7FD98B13F224046FA
S3150002D920CDE9014B00960DAB0DF12601ADF826505F
S3150002D930D8F7BAFD30B101230D9305230FE0013567
S3150002D940ADB2D0E70D9961B920680591FEF770F87E
S3150002D950034601330599206005D101230D93ADF8E5
S3150002D960383003234FE0FDF727FF0B28F5D10D9D35
S3150002D970002DF6D1BDF826302E46013B9BB208EBB0
S3150002D980030206922C46AB4628462A46ADF82630B6
S3150002D990059507998B4268D3BBF1010F40F0C08011
S3150002D9A0002E40F08E80002CC5D1DDF82880602242
S3150002D9B0214642A84194E3F7E2F8B8F1070F7DD079
S3150002D9C0A8F16A03022B79D9B8F1A00F76D02146C5
S3150002D9D04046FDF77FFF06462346024628A94046F3
S3150002D9E0FDF74AFF324628A941A8E3F7BBF8013EF4
S3150002D9F028AA0CA941A80C96DBF788FA0C9F0023EB
S3150002DA000D95ADF838400D9A002A40F0DF80012BC3
S3150002DA1000F2D9805A490FA8E3F7A8F93A4628A98D
S3150002DA200DF13D00E3F79EF80FAB781C55491844FB
S3150002DA30E3F79CF90FABB91C0BAA19440DA8D8F74A
S3150002DA4025FD0FA8E3F79AF90B900B9BDAF8042051
S3150002DA504FF440711380DAF800009BB20FAAD8F790
S3150002DA60F4FE48465BB0BDE8F08F069903F1010C5F
S3150002DA7011F801EB1FFA8CFCBEF13D0F06911AD08C
S3150002DA80BEF13F0F0ED0BEF1220F12D10134012E8C
S3150002DA90A4B20ED1012C059A14BF1A46604605920D
S3150002DAA0324606E0012E08BF01220BF1010B1FFAD6
S3150002DAB08BFB63466DE70136B6B2FAE759245D463B
S3150002DAC09DE7012E7FF437AF6CBB002A3FF433AFDC
S3150002DAD00A9F21463846FDF70BFF21468046384607
S3150002DAE0FDF71CFF1FFA88F283B22749044628A8CD
S3150002DAF0E3F712F94FF6FF7B28A8E3F73FF91FFA7F
S3150002DB0088F8D845074609D0A4B25C450CBF012562
S3150002DB10002601230D95ADF8386074E73546F8E71F
S3150002DB20012E7FF408AF022C7FF405AF002A3FF4E2
S3150002DB3002AF01238DF82530059B0A9C191A0C9118
S3150002DB4040440CA9DBF758F9002106462046FDF7AA
S3150002DB50CFFE002183462046FDF7E0FE0C9A0DF12A
S3150002DB6025059345804611D901203223ADF8383078
S3150002DB700D90022347E700BFF8C90300ECC9030072
S3150002DB80075903001DCE0300F1C903009042EBD3EF
S3150002DB90062C0DD100233246CDE900530B210C9BF6
S3150002DBA02046FDF714FE01280CBF32230023DDE7D1
S3150002DBB0314641A8E2F7D6FF41A8DBF7C3F9B0EB3D
S3150002DBC0580FD1D1E6E7022B7FF43FAF0BAA0FA97C
S3150002DBD00DA8D8F75BFC38E770B500250446ADF50D
S3150002DBE00C7D40F219220E4605A829460495E2F755
S3150002DBF0C6FF2046194A1A490095DAF73AFD044645
S3150002DC0020BB184B02AD93E8030085E803002046CB
S3150002DC1001A9FAF717F8019B1B0708D52046FAF760
S3150002DC209BF8FEF7DDFCA880A0B101232B606A46B3
S3150002DC30284604A9D8F72AFC009B72684FF4407163
S3150002DC40138030689BB204AAD8F7FFFD20460DF573
S3150002DC500C7D70BD2C60FEF769FEE8E720CA030062
S3150002DC6014CA03000CCA030070B500250446ADF5BC
S3150002DC700C7D40F219220E4605A829460495E2F7C4
S3150002DC807EFF2046194A1A490095DAF7F2FC044645
S3150002DC9020BB184B02AD93E8030085E8030020463B
S3150002DCA001A9F9F7CFFF019B1B0708D52046FAF712
S3150002DCB03CF8FEF795FCA880A0B101232B606A46CA
S3150002DCC0284604A9D8F7E2FB009B72684FF440711C
S3150002DCD0138030689BB204AAD8F7B7FD20460DF52B
S3150002DCE00C7D70BD2C60FEF721FEE8E74CCA0300EE
S3150002DCF040CA030038CA030070B500240646ADF5D3
S3150002DD00127D40F219220D460BA821460A94E2F72B
S3150002DD1036FF30461A4A1B490794DAF7AAFC04462C
S3150002DD2030BB0890ADF82400306806AB0DF117063B
S3150002DD3002932C2208ABCDE900460DF11A010630FA
S3150002DD40ADF81A40D8F7B0FBBDF82430A3B10123D1
S3150002DD50089307AA0AA908A8D8F798FB079B6A6836
S3150002DD604FF44071138028689BB20AAAD8F76DFD5A
S3150002DD7020460DF5127D70BD3078FEF713FBE8E7FD
S3150002DD806CCA030063CA03002DE9F0410024ADF515
S3150002DD90187D064640F219220D4611A82146109416
S3150002DDA0E2F7EDFE102330463F4A40490694ADF8AD
S3150002DDB01430DAF75EFC05AF0446002852D1366805
S3150002DDC00DF113080636CDE900080990ADF82800D2
S3150002DDD0ADF81600029009AB2C2230460DF1160161
S3150002DDE0D8F762FBBDF82830DBB99DF81330002B5B
S3150002DDF03DD003230DF12C0800932C2209AB3046AB
S3150002DE000297CDF804800DF11601D8F74DFBBDF847
S3150002DE10283033B9BDF81420102A2FD03123ADF89B
S3150002DE202830012309930EE0234622460621204884
S3150002DE30FAF7C0FCFEF77AFD2346ADF82830BDF8A6
S3150002DE402830002BEDD106AA10A909A8D8F71EFB87
S3150002DE50069B6A684FF44071138028689BB210AA29
S3150002DE60D8F7F3FC20460DF5187DBDE8F081FAF7E8
S3150002DE7065FB00280CBF00230E23DEE7414607A8F8
S3150002DE80DBF794F8012301930DF112030B210093A2
S3150002DE9007AA08231D20FDF79AFCFAF77FFA002845
S3150002DEA0C2D00E23C9E700BF8CCA030083CA03008F
S3150002DEB0A00ECB3500B58FB0002310220AA9082088
S3150002DEC0FDF7DAFC10220AA908A8DBF76FF800238F
S3150002DED00821CDE90133CDE9031306230C4A009349
S3150002DEE008A80123FAF746FB78B9FEF71FFD41F2AF
S3150002DEF0883007A9DBF79EFB034630B9CDE900005F
S3150002DF00044A07990448DBF7F1FA0FB05DF804FBFF
S3150002DF10A00ECB35B5DE0200A078002070B5002435
S3150002DF200646ADF5127D40F219220D460BA8214692
S3150002DF300A94E2F724FE3046334A34490694DAF765
S3150002DF4098FB044628BB0890ADF8240030680DF112
S3150002DF50150608AB2C22CDE9004602940DF11601F6
S3150002DF600630ADF81640D8F79FFABDF82430A3B1B3
S3150002DF700123089306AA0AA908A8D8F787FA069BD6
S3150002DF806A684FF44071138028689BB20AAAD8F7D0
S3150002DF905CFC20460DF5127D70BD33784BB3FAF763
S3150002DFA0FDF920BB1A4E0120F36807A993B1DBF7EE
S3150002DFB041FB38B923463046CDE90044154A079954
S3150002DFC0DBF794FA0023ADF82430BDF82430002B99
S3150002DFD0D0D0CDE7DBF72EFB0028F3D1234630461F
S3150002DFE0CDE900440B4A0799DBF7B6FAEAE70E23B6
S3150002DFF0E9E70748DBF752FAFAF7A0FA00280CBF5E
S3150002E00000230E23DFE700BFA8CA0300A0CA03004D
S3150002E010A0780020B5DE020070B500250446ADF5F5
S3150002E0200C7D40F219220E4605A829460495E2F710
S3150002E030A6FD2046144A15490195DAF71AFB04464D
S3150002E040F0B90290ADF80C00F9F716FFFEF7C8FA20
S3150002E050054608B9FEF76AFCADF80C500DB101236E
S3150002E060029301AA04A902A8D8F710FA019B7268C2
S3150002E0704FF44071138030689BB204AAD8F7E5FBCF
S3150002E08020460DF50C7D70BDC4CA0300BCCA030050
S3150002E090F0B500240646ADF5137D40F219220D4671
S3150002E0A00BA821460A94E2F76AFD3046244A25491E
S3150002E0B00794DAF7DEFA044650BB0127ADF82400CE
S3150002E0C0306806AB0DF1170602932C2208ABCDE998
S3150002E0D000460DF11A0107300897ADF81A40D8F735
S3150002E0E0E3F9BDF824300897B3B107990AAB19448E
S3150002E0F007AA08A8D8F7CAF90AA8E2F73FFE6A688B
S3150002E100034610804FF4407128680AAAD8F79DFB8F
S3150002E11020460DF5137DF0BD522320460DF1160162
S3150002E120ADF82430F9F7E5FD0028DED132789DF806
S3150002E13016309A429CBF0894ADF82440D5E700BF3A
S3150002E140E4CA0300DCCA030070B500240646ADF536
S3150002E150107D40F219220D4609A821460894E2F7DD
S3150002E1600EFD30461E4A1F490594DAF782FA044626
S3150002E17070BBADF8120030680DF1110606AB2C2209
S3150002E180CDE9004602940DF1120108300694ADF86D
S3150002E1901C40D8F789F9069B5BB9BDF81C3043B918
S3150002E1A09DF81100022817D9012306930223ADF820
S3150002E1B01C3005AA08A906A8D8F768F9059B6A685B
S3150002E1C04FF44071138028689BB208AAD8F73DFB2A
S3150002E1D020460DF5107D70BDE6F7D8FCE9E700BFD5
S3150002E1E004CB0300FBCA030070B500240646ADF556
S3150002E1F0127D40F219220D460BA821460A94E2F737
S3150002E200BEFC3046174A18490694DAF732FA044633
S3150002E21018BB0223ADF81600306807AE2C220DF1AA
S3150002E22016010093029408AB019609300894ADF8E2
S3150002E2302440D8F739F90798E6F75EFC06AA0AA938
S3150002E24008A8D8F723F9069B6A684FF44071138031
S3150002E25028689BB20AAAD8F7F8FA20460DF5127D6D
S3150002E26070BD00BF28CB03001BCB030070B5002492
S3150002E2700646ADF5127D40F219220D460BA821463F
S3150002E2800A94E2F77CFC3046174A18490694DAF7F4
S3150002E290F0F9044618BB0223ADF81600306807AE43
S3150002E2A02C220DF116010093029408AB0196093057
S3150002E2B00894ADF82440D8F7F7F80798E6F7F6FB86
S3150002E2C006AA0AA908A8D8F7E1F8069B6A684FF4D5
S3150002E2D04071138028689BB20AAAD8F7B6FA20467C
S3150002E2E00DF5127D70BD00BF4CCB03003FCB030082
S3150002E2F02DE9F04100240646ADF5127D40F21922C1
S3150002E3000D460BA821460A94E2F739FC3046284A04
S3150002E31028490694DAF7ADF9044630BB36680DF1A2
S3150002E32015070836CDE90007ADF816000890ADF8D6
S3150002E3302400029008AB2C2230460DF11601D8F7C4
S3150002E340B3F8089B13B9BDF824309BB106AA0AA9F3
S3150002E35008A8D8F79BF8069B6A684FF440711380A9
S3150002E36028689BB20AAAD8F770FA20460DF5127DE4
S3150002E370BDE8F0813B780DF11C08032B11D1022375
S3150002E3802C220093304608ABCDE901840DF116012B
S3150002E390D8F78AF8089B002BD8D1BDF82430002B79
S3150002E3A0D4D1D8F800103878E6F7CAFBCEE700BF1A
S3150002E3B06CCB030063CB03002DE9F0430024064631
S3150002E3C0ADF5137D40F219220D460BA821460A949B
S3150002E3D0E2F7D5FB3046234A23490594DAF749F991
S3150002E3E00446002839D14FF0020936680DF11808A3
S3150002E3F00836ADF812000890ADF82400029008AB7A
S3150002E4002C223046CDF80480CDF800900DF1120191
S3150002E410D8F74AF8089B8BB9BDF8243073B907AF11
S3150002E4200DF112012C223046CDE90097029408AB79
S3150002E430D8F73AF8DDE90610E6F70AFB05AA0AA9B3
S3150002E44008A8D8F723F8059B6A684FF44071138031
S3150002E45028689BB20AAAD8F7F8F920460DF5137D6B
S3150002E460BDE8F0838CCB030083CB030070B5002498
S3150002E4700646ADF5107D40F219220D4609A8214641
S3150002E4800894E2F77CFB30461A4A1B490594DAF7F0
S3150002E490F0F8044648BBADF8120030680DF11106DB
S3150002E4A006AB2C22CDE9004602940DF1120107308B
S3150002E4B00694ADF81C40D7F7F7FF069B33B9BDF8B3
S3150002E4C01C301BB99DF81100E6F774FC05AA08A9D1
S3150002E4D006A8D7F7DBFF059B6A684FF440711380E5
S3150002E4E028689BB208AAD8F7B0F920460DF5107D28
S3150002E4F070BD00BFACCB0300A3CB03002DE9F047F0
S3150002E50000240546ADF5127D40F219220E460BA8EF
S3150002E51021460A94E2F733FB28463B4A3B490794D5
S3150002E520DAF7A7F80446002868D12D6805AF073543
S3150002E530CDE90007ADF81A000890ADF82400029064
S3150002E54008AB2C2228460DF11A01D7F7ADFF089B1E
S3150002E550002B44D1BDF82430002B40D14FF0010AE4
S3150002E5600DF1160808AB2C2228460294CDF8048039
S3150002E570CDF800A00DF11A01D7F796FF089B73BBE1
S3150002E580BDF824305BBB0DF1180908AB2C222846D6
S3150002E590CDE900A902940DF11A01D7F785FF089B70
S3150002E5A0EBB9BDF82430D3B90DF1150A08AB2C220C
S3150002E5B02846CDE9004A02940DF11A01D7F774FFF5
S3150002E5C0089B63B9BDF824304BB99DF81530BDF8E8
S3150002E5D01820BDF816109DF81400E6F70BFC07AAE2
S3150002E5E00AA908A8D7F752FF079B72684FF4407131
S3150002E5F0138030689BB20AAAD8F727F920460DF590
S3150002E600127DBDE8F08700BFCCCB0300C3CB03006D
S3150002E61070B500250446ADF50C7D40F219220E4672
S3150002E62005A829460495E2F7AAFA2046144A15498E
S3150002E6300195DAF71EF80446F0B90290ADF80C001F
S3150002E640F9F7BBF9FDF7CCFF054608B9FEF76EF9F7
S3150002E650ADF80C500DB10123029301AA04A902A838
S3150002E660D7F714FF019B72684FF44071138030682C
S3150002E6709BB204AAD8F7E9F820460DF50C7D70BDC9
S3150002E680ECCB0300E3CB030070B504460E46002133
S3150002E690ADF50C7D40F2192205A800910491E2F72E
S3150002E6A06EFA20461C4A1D49D9F7E3FF044670BBA1
S3150002E6B01B4B02AD93E8030085E80300204601A93F
S3150002E6C0F9F7C0FA019B1B0706D501212046F9F787
S3150002E6D051FBFDF785FFA880AB8813B92B60FEF7C7
S3150002E6E025F904A8E2F74AFB04AB19186A4600901A
S3150002E6F02846D7F7CBFE04A8E2F740FB726803462A
S3150002E70010804FF44071306804AAD8F79EF820466C
S3150002E7100DF50C7D70BD00BF18CC03000CCC0300B8
S3150002E72004CC03002DE9F04F002480464FF0FF0B86
S3150002E730ADF55B7D40F219228A4653A821465294D2
S3150002E74012ADE2F71CFAFB22214613A806942C60AE
S3150002E75005AFE2F714FA4046574A5849A7F800B0FF
S3150002E760D9F787FF0646002833D1D8F8003008AC1F
S3150002E77003F10708524B0DF11309ADF816002C22CE
S3150002E78093E80300234684E803004046CDE9006986
S3150002E79002960DF11601D7F787FE236843B99DF855
S3150002E7A01330032B4FF0020318D90122A3802260F3
S3150002E7B006AA52A908A8D7F769FE069BDAF804202A
S3150002E7C04FF440711380DAF800009BB252AAD8F7D0
S3150002E7D03CF830460DF55B7DBDE8F08F07AACDE922
S3150002E7E00032404623462C2202960DF11601D7F737
S3150002E7F05BFE2368002BDBD106232C2200934046C6
S3150002E8002346CDE901570DF11601D7F74DFE2368D0
S3150002E81033B92846DAF704FC10B13B88202B05D021
S3150002E820012308933123ADF82430C1E72846DAF7ED
S3150002E83089FB1028F4D195E80F000DF1280989E823
S3150002E8400F005A4631462846E2F799F90623A7F8F9
S3150002E85000B02C22009340462346CDE901570DF124
S3150002E8601601D7F721FE2368002BD9D12846DAF7FD
S3150002E870D7FB0028D4D0BDF81430202BD0D112AD4E
S3150002E8802846DAF75FFB1028CAD195E80F000EACCE
S3150002E89084E80F004B46079A9DF813100020009457
S3150002E8A0F9F721FBFDF79CFEADF8240010B1012318
S3150002E8B008937DE708907BE740CC030038CC030041
S3150002E8C030CC0300F0B500240546ADF5117D40F2CB
S3150002E8D019220E4609A821460894E2F750F928465D
S3150002E8E02B4A2C490594D9F7C4FE044678BBD5F8C1
S3150002E8F000C0294B06AD04AFADF812002C2293E8F6
S3150002E90003002B4685E80300CDE9004702940DF18A
S3150002E91012010CF10700D7F7C7FD2B6843B99DF822
S3150002E9201070AC80032F1BD901232B600223AB800E
S3150002E930284605AA08A9D7F7A9FD059B72684FF4D0
S3150002E9404071138030689BB208AAD7F77EFF204633
S3150002E9500DF5117DF0BD39462046F9F71DFB0EE097
S3150002E960234601220F200DF11101FCF785FF9DF8C8
S3150002E9701130012BEFD139462046F9F741FBFDF75D
S3150002E9802FFE0028D4D00123A8802B60D0E700BF39
S3150002E99068CC030060CC030058CC0300F0B5002518
S3150002E9A00446ADF5137D40F219220E460BA8294600
S3150002E9B00A95E2F7E4F820462B4A2C490695D9F740
S3150002E9C058FE0546002834D1D4F800C0284B08ACBE
S3150002E9D00DF11507ADF816002C2293E80300234625
S3150002E9E084E80300CDE9005702950DF116010CF1FA
S3150002E9F00700D7F759FD236833B9397803291CD99B
S3150002EA00012323600223A3800AA8E2F7B7F90AAB1F
S3150002EA10191806AA2046D7F739FD0AA8E2F7AEF971
S3150002EA207268034610804FF4407130680AAAD7F71D
S3150002EA300CFF28460DF5137DF0BD07AA2846F9F707
S3150002EA4074FAFDF7CDFDA08010B101232360DBE748
S3150002EA50079B3A7807490AA8E2F75EF906490AA827
S3150002EA6002F084FB2560CFE798CC030090CC03002C
S3150002EA7088CC03007ECC03001DCE03002DE9F041B5
S3150002EA8000240546ADF5147D40F219220E460DA866
S3150002EA9021460C9408AFE2F772F82846274A28491D
S3150002EAA0CDE9094405943C600B94D9F7E2FD04468E
S3150002EAB078BBD5F800C0234B06AD0DF11108ADF8B1
S3150002EAC012002C2293E803002B4685E80300CDE9C9
S3150002EAD0004802940DF112010CF10700D7F7E4FC8D
S3150002EAE02B683BB99DF81110032917D901232B6016
S3150002EAF00223AB80284605AA0CA9D7F7C7FC059BBB
S3150002EB0072684FF44071138030689BB20CAAD7F733
S3150002EB109CFE20460DF5147DBDE8F0813B4622465B
S3150002EB2020460097F9F7DFF9FDF75AFDA88010B1E4
S3150002EB3001232B60DEE72C60DCE700BFC0CC0300BC
S3150002EB40B8CC0300B0CC03002DE9F04700240546FB
S3150002EB50ADF5127D40F219220E460BA821460A9403
S3150002EB60E2F70DF828465F4A5F490694D9F781FD18
S3150002EB700446002840F0AF80012308932F232D6816
S3150002EB800DF112070735CDE90007ADF81600ADF80D
S3150002EB902430029008AB2C2228460DF11601D7F735
S3150002EBA083FC089B002B40F09B8007AB019302235A
S3150002EBB02C220093284608AB02940DF11601D7F7D2
S3150002EBC073FC089B002B40F08B800DF11303CDE9FB
S3150002EBD000432C2208AB284602940DF11601D7F702
S3150002EBE063FC089B002B67D105ABCDE900432C22C1
S3150002EBF008AB284602940DF11601D7F755FCBDF86D
S3150002EC002430002B6CD10425089B002B54D1012201
S3150002EC100F200DF11501ADF824303F78DDF81C8088
S3150002EC209DF813909DF814A0FCF726FE9DF815306A
S3150002EC30012B0CD1042D04D008932F23ADF82430D8
S3150002EC401EE0BAF1070F02D908930223F6E70898E5
S3150002EC50B0B9032F08D90123F6E74B464246394697
S3150002EC602846F9F779F920E04946E4F7ABF9002896
S3150002EC70F1D0089820B94146E4F790F90028EAD085
S3150002EC80089DCDB92B4601220F200DF11501FCF787
S3150002EC90F3FD9DF81530012BDFD14B46424639462E
S3150002ECA02846CDF800A0F9F789F9FDF799FC18B1C5
S3150002ECB00123ADF82400089306AA0AA908A8D7F7E3
S3150002ECC0E5FB069B72684FF44071138030689BB275
S3150002ECD00AAAD7F7BAFD20460DF5127DBDE8F087E0
S3150002ECE0032591E7E0CC0300D6CC030070B50026DD
S3150002ECF00446ADF50C7D40F219220D4605A83146B3
S3150002ED000496E1F73CFF2046114A12490196D9F7CB
S3150002ED10B0FC0446C0B90290ADF80C00FEF7FAF951
S3150002ED2018B10123ADF80C00029301AA04A902A8A6
S3150002ED30D7F7ACFB019B6A684FF4407113802868D1
S3150002ED409BB204AAD7F781FD20460DF50C7D70BD56
S3150002ED5000CD0300F6CC030070B500260446ADF5DF
S3150002ED600C7D40F219220D4605A831460496E1F7BC
S3150002ED7006FF2046114A12490196D9F77AFC044643
S3150002ED80C0B90290ADF80C00FEF7AAF918B101233A
S3150002ED90ADF80C00029301AA04A902A8D7F776FBE4
S3150002EDA0019B6A684FF44071138028689BB204AADB
S3150002EDB0D7F74BFD20460DF50C7D70BD20CD030027
S3150002EDC015CD03002DE9F0470024ADF58A6D814685
S3150002EDD040F219220F468DA821468C940CAEE1F71B
S3150002EDE0CEFE40F2FB1221460DA806943460E1F7EE
S3150002EDF0C6FE40F2FF1348464D4A4E49ADF814305E
S3150002EE00D9F737FC0DF114080546002870D1D9F858
S3150002EE10003007AC03F1070A474B0DF11109ADF8B3
S3150002EE2016002C2293E80300234684E8030050468A
S3150002EE30CDE9005902950DF11601D7F735FB236886
S3150002EE409BB100202368002B43D1A388002B40D11D
S3150002EE5099F800200A96402A8DF82420ADF82C0055
S3150002EE6054D90123236002235FE0A388002BE8D153
S3150002EE7003232C22009350462346CDE901680DF167
S3150002EE801601D7F711FB2368002BDAD1A388002BD2
S3150002EE90D7D13046DAF756F8B8F8003080B2B0EB80
S3150002EEA0530F1FBF012323603123A380CAE72368C0
S3150002EEB05BB901229B200DF11301FCF7DDFCBDF8C5
S3150002EEC02C209DF813309A42CBD823680BB9A3881D
S3150002EED09BB1204606AA8CA9D7F7D8FA069B7A6870
S3150002EEE04FF44071138038689BB28CAAD7F7ADFCF9
S3150002EEF028460DF58A6DBDE8F08709A8FEF724F9C4
S3150002EF000028E6D00123A0802360E2E701229420B4
S3150002EF100DF11201FCF7B0FC9DF824209DF8123089
S3150002EF209A42C4D1012323600923A380CDE700BFFF
S3150002EF3048CD030040CD030038CD03002DE9F04350
S3150002EF400024ADF24C4D054640F219220E468BA81E
S3150002EF5021468A940AAFE1F712FE214640F2FB12DD
S3150002EF600BA806943C60E1F70AFE40F2FF1328461E
S3150002EF70444A4549ADF81430D9F77BFB0DF1140923
S3150002EF80044600286ED1414BADF8160093E8030003
S3150002EF900323D5F800C008AD85E803002C220093B0
S3150002EFA0CDE901792B460DF116010CF10700D7F7D1
S3150002EFB07BFA2B6823BBAB8813BB3846D9F7C2FF53
S3150002EFC0BDF8143082B2B2EB530F80464FEA5309B2
S3150002EFD052D1234601220DF112016420FCF74CFCAA
S3150002EFE0234601220DF111011020FCF745FC2046B3
S3150002EFF007A9F8F727FE079B1B0704D45123AB800A
S3150002F000012308931FE0FEF773FB80BB0DF113018A
S3150002F010F8F76FFE9DF813309DF811204B4534BF6B
S3150002F02023463B469DF8121034BF0094CDF800806B
S3150002F0302046FEF72BFBFDF7D3FA0546C8B9FDF7C6
S3150002F04075FCADF8245006AA8AA908A8D7F71EFAB5
S3150002F050069B72684FF44071138030689BB28AAA8D
S3150002F060D7F7F3FB20460DF24C4DBDE8F0830E2395
S3150002F070C5E7ADF82400C3E73123AB8001232B603B
S3150002F080E1E700BF70CD030068CD030060CD030049
S3150002F09070B500250446ADF50C7D40F219220E46E8
S3150002F0A005A829460495E1F76AFD2046134A144944
S3150002F0B00195D9F7DEFA0446E0B9124B02AD93E8A0
S3150002F0C0030085E8030000F0ADFE20B100F0CCFE9F
S3150002F0D008B12C60AC80284601AA04A9D7F7D6F954
S3150002F0E0019B72684FF44071138030689BB204AA88
S3150002F0F0D7F7ABFB20460DF50C7D70BD9CCD03000A
S3150002F10090CD030088CD030070B500260446ADF508
S3150002F1100C7D40F219220D4605A831460496E1F708
S3150002F1202EFD2046134A14490196D9F7A2FA04463F
S3150002F130D8B901460290ADF80C000320FDF7ECF9B0
S3150002F14080B2ADF80C0008B10123029301AA04A90A
S3150002F15002A8D7F79BF9019B6A684FF440711380A6
S3150002F16028689BB204AAD7F770FB20460DF50C7DE2
S3150002F17070BD00BFB8CD0300B0CD030070B5002648
S3150002F1800446ADF50C7D40F219220D4605A831461E
S3150002F1900496E1F7F4FC20461E4A1F490196D9F768
S3150002F1A068FA044608BB01460290ADF80C0002203C
S3150002F1B0FDF7B2F980B2ADF80C00D0B1012302938B
S3150002F1C004A8E1F7DBFD04AB191801AA02A8D7F7D8
S3150002F1D05DF904A8E1F7D2FD6A68034610804FF490
S3150002F1E04071286804AAD7F730FB20460DF50C7D3E
S3150002F1F070BD0DF10200FDF7CFF980B2ADF80C003B
S3150002F2000028DBD1BDF80220044904A8E1F784FDF9
S3150002F210D6E700BFE0CD0300D8CD0300CFCD030073
S3150002F22070B500260446ADF50C7D40F219220D4656
S3150002F23005A831460496E1F7A2FC2046134A144972
S3150002F2400196D9F716FA0446D8B901460290ADF8E6
S3150002F2500C000220FDF760F980B2ADF80C0008B18F
S3150002F2600123029301AA04A902A8D7F70FF9019B69
S3150002F2706A684FF44071138028689BB204AAD7F7D4
S3150002F280E4FA20460DF50C7D70BD00BF00CE0300EA
S3150002F290F7CD030070B500260446ADF50C7D40F2AD
S3150002F2A019220D4605A831460496E1F768FC204668
S3150002F2B0144A15490196D9F7DCF90446F0B90290C9
S3150002F2C0ADF80C00FBF752FC1049024604A8E1F720
S3150002F2D023FD04A8E1F752FD04AB191801AA02A8FE
S3150002F2E0D7F7D4F804A8E1F749FD6A680346108007
S3150002F2F04FF44071286804AAD7F7A7FA20460DF5FD
S3150002F3000C7D70BD28CE03001FCE030017CE03006E
S3150002F31070B500260446ADF50C7D40F219220D4665
S3150002F32005A831460496E1F72AFC2046164A1749F3
S3150002F3300096D9F79EF9044608BB01A9F8F782FCA4
S3150002F340019B1B075FBF012302935123ADF80C30CB
S3150002F350BDF80C0020B90221F8F70CFDFDF7E6FA1C
S3150002F3606A4604A902A8D7F791F8009B6A684FF487
S3150002F3704071138028689BB204AAD7F766FA204622
S3150002F3800DF50C7D70BD00BF44CE03003CCE0300DC
S3150002F39070B510220024064688B00DEB02000D4619
S3150002F3A021460394E1F7EBFB3046124A12490194D7
S3150002F3B0ADF80840D9F75DF90446C0B90F4903A86C
S3150002F3C0E1F7D4FC03A8E1F7D9FC03AB19186A46A6
S3150002F3D0009001A8D7F75AF8009B6A6806339BB2D9
S3150002F3E013804FF44071286803AAD7F72EFA2046F5
S3150002F3F008B070BD6CCE03005BCE030063CE030083
S3150002F4002DE9F04100240546A8B060220F4610A857
S3150002F41021460F94E1F7B3FB122221460AA809946A
S3150002F420E1F7ADFB2846404A40490594D9F721F950
S3150002F430064600285BD10323D5F800800790ADF875
S3150002F44020004046ADF81230E1F798FC85B2BDF8CF
S3150002F450123018F80300D7F7F3F9BDF8124008B1D5
S3150002F460AC4248D3AC424FF0000552D006AB0193F2
S3150002F47002232C2200934046029507AB0DF112019E
S3150002F480D7F712F800283AD101210698FCF7D0FAEC
S3150002F4900446079DB5B9631C41D001212046FCF7FD
S3150002F4A019FA0123024609A92046FCF7E5F90123C8
S3150002F4B02A46204609A9FCF787FA1D4909AA0FA878
S3150002F4C0E1F72AFC0FA8E1F759FC0FAB191805AAB8
S3150002F4D007A8D6F7DBFF0FA8E1F750FC7A680346C8
S3150002F4E010804FF4407138680FAAD7F7AEF930464C
S3150002F4F028B0BDE8F0810134ADF81240A7E708EB69
S3150002F5000400D9F79BFD0123079320B13023ADF800
S3150002F51020302C46BDE70523ADF82030B8E7054973
S3150002F52009A8E1F723FCC8E78CCE030080CE0300CE
S3150002F53084CE0300C0D403002DE9F04F60220024DC
S3150002F5400646B1B00DEB02000D4621461794E1F7CF
S3150002F55016FB2146102213A81294E1F710FB30463F
S3150002F560AF4AB049CDE909441094ADF84440D9F701
S3150002F57080F80446002840F0A4814FF0030AD6F82A
S3150002F580009019F80A00D7F75BF910B1B388534512
S3150002F59027D83068E1F7F2FB00264FF0020B0BAFDB
S3150002F5A080463D22484602960197CDF800B010AB40
S3150002F5B008A9ADF820A0D6F777FFB8B13F22484692
S3150002F5C0CDE90176CDF800B010AB08A9ADF820A0C0
S3150002F5D0D6F76AFF50B1012310930523ADF84430E4
S3150002F5E016E00AF1010A1FFA8AFACAE710990029F7
S3150002F5F038D10B980591FCF71BFA411C0646059972
S3150002F60002D101231093E9E7FCF7D6F80B28F8D0CC
S3150002F610109B002B40F0F5801A461946BDF8207063
S3150002F620DFF80CA2013FBFB21FFA88FCADF82070CA
S3150002F63009EB070E674517D3012A33D1002B00F0D9
S3150002F6400581012B30D179B3002130460CAAFCF793
S3150002F6507BF9014678B32D230126ADF84430109686
S3150002F660012305E10026D3E71EF8010B3D2813D03E
S3150002F6703F2804D1012B08BF0121013292B210F8B2
S3150002F6800AB01BF0440F01D12D2808D1012B40F0FE
S3150002F690D780012A25D1D7E701339BB2EFE701379D
S3150002F6A0BFB2C7E7012B19D0012310930523ADF88A
S3150002F6B044300323DCE030460EAAFCF759F906462D
S3150002F6C00028C8D10E9B0C9A574912A8E1F724FBD1
S3150002F6D012A8E1F753FB33460990BEE70029E3D0AF
S3150002F6E000270123002130468DF81F30FCF764F80D
S3150002F6F082461FFA88F2D21B09EB070112A8E1F72C
S3150002F70031FA0AF1FF30062877D8DFE800F004362E
S3150002F7104657762566009DF848300121A3F131024D
S3150002F720534253418DF81E30002301930DF11F03FE
S3150002F730009304230DF11E023046FCF748F8002818
S3150002F7405DD002280CBF0E23022301209BB2ADF826
S3150002F7504430109002238BE00A22002112A8E1F71E
S3150002F760E3FB002301930DF11F03009306210423FB
S3150002F7708DF81D000DF11D02DEE70A22002112A8F6
S3150002F780E1F7D2FB002301930DF11F03009302213F
S3150002F79004238DF81C0007AACEE70A22002112A82C
S3150002F7A0E1F7C2FB002301930DF11F03009303212E
S3150002F7B00423ADF822000DF12202BDE70A22002140
S3150002F7C012A8E1F7B1FB002301930DF11F03009389
S3150002F7D004230E9019460EAAAEE70A22002112A8A9
S3150002F7E0E1F7A2FB002301930DF11F03009307210A
S3150002F7F00423ADF830000CAA9EE70223A5E70346D0
S3150002F800A5E70123109352E7022B50D10749304650
S3150002F81001F0ACFC3046E1F7B1FA0A9047E000BFCE
S3150002F820B0CE0300A0CE0300A4CE0300E52D030054
S3150002F830EC35030031460AAA10A8D6F727FE36E0B1
S3150002F840012A7FF431AF002B7FF42EAF0021304620
S3150002F850FCF740F800230246099012A93046FCF74D
S3150002F8600BF80023304609AA12A9FCF7ADF80023CB
S3150002F870109A17AE002ADDD1012BC5D8134930469E
S3150002F880E1F774FA099F12A93A460DF15D00E1F714
S3150002F89069F90D230A217A1CB354BA1CB1540C49D6
S3150002F8A0FA1C0988B1527A1D0637B3540A970A9B85
S3150002F8B06A684FF440711380286832469BB2D6F7C5
S3150002F8C0C4FF204631B0BDE8F08F00BF07590300E0
S3150002F8D02151030013B50024012223460F200DF106
S3150002F8E006018DF80740FBF7C7FF9DF80630032B8C
S3150002F8F006D023460122A4200DF10701FBF7BCFF27
S3150002F9009DF8071000208B1E59425941F8F7E2FB79
S3150002F9109DF8071000204A1E51425141F8F7CCFBD0
S3150002F92002B010BDF0B5044693B0002301220DF1DA
S3150002F9300501A420FBF7A0FF002301220F200DF1F1
S3150002F9400601FBF799FF1CB1022C5ED013B0F0BD85
S3150002F9509DF80630032B03D12046F8F7A8FBF5E7FE
S3150002F9609DF80550012DF1D102A920460AAE02AF3B
S3150002F970F8F7AAFB0FCF0FC63B682A4633600DF194
S3150002F98016012346AA20FBF777FF23462A460DF1E6
S3150002F9901501AD20FBF770FF23462A463946AB20F8
S3150002F9A0FBF76AFF2346042203A9A620FBF764FF9E
S3150002F9B023462A4604A9A720FBF75EFF2346042214
S3150002F9C002A9A820FBF758FF23462A460DF1070194
S3150002F9D0A920FBF751FF9DF807300DF11701012B06
S3150002F9E094BF002301232A468DF81430AC20234607
S3150002F9F0FBF742FF204602A9F8F741FB0028A5D0F3
S3150002FA0020460AA9F8F73BFBA0E79DF80530022B32
S3150002FA109CD102A900200AAC02ADF8F777FB0FCD04
S3150002FA200FC495E80F0084E80F000023012202A903
S3150002FA30A520FBF721FF0023042207A9A620FBF736
S3150002FA401BFF0023012208A9A720FBF715FF0023AD
S3150002FA5004222946A820FBF70FFF09A90023012249
S3150002FA60A920FBF709FF002002A9F8F73BFB0028B3
S3150002FA703FF46CAF0AA90020F8F734FB66E70000F2
S3150002FA8008B5164B1B68C3F30743012B0ED1144B63
S3150002FA9004205A6E4FF480231249520358BF124A69
S3150002FAA04B6601F51041086258BF5366DAF7CAFB86
S3150002FAB0DAF79EFBDAF7BEFBFBF7D4F8FBF7BAF8E8
S3150002FAC0DEF7BAFDDAF7A4FBFAF724FFDDF7ACFEA0
S3150002FAD0FBF73EFABDE80840FBF71AB80080E00FD4
S3150002FAE0008000500090005000A0005008B5DEF7DC
S3150002FAF0CAFDDDF751FFBDE8084000F05DB808B564
S3150002FB00D9F792FCFBF7B0F8BDE80840DAF732B94C
S3150002FB1070477047704770477047704700F03CB8AF
S3150002FB2070B5194C9AB00023042202A9052007AD2C
S3150002FB30FBF7A2FE0FCC0FC594E80F0085E80F0075
S3150002FB40029B04F110060FAD09930FCE0FC50FCE1F
S3150002FB500FC596E807003C3485E8070094E80F00D5
S3150002FB6003AD85E80F00094B2946009308480FAB01
S3150002FB7007AAD9F7A7FF044618B172210548DEF78E
S3150002FB805FFC20461AB070BD00CF0300BC7800208F
S3150002FB903C790020C4CE0300FFF7C2BF014B1868B0
S3150002FBA0DAF78AB83C790020FFF7F8BF014B1A6AE8
S3150002FBB0186810473C790020024B03491868DDF7A4
S3150002FBC049BC00BFF4110020D4110020002307B560
S3150002FBD0012218460DF107018DF80730FBF74CFE9E
S3150002FBE09DF80700003818BF012003B05DF804FB3A
S3150002FBF008B5FFF7EBFF18B1BDE80840FCF7ACBE4D
S3150002FC0008BD0000032807B5024609D100230146B4
S3150002FC10CDE900330120DCF72DF80122024B1A70E0
S3150002FC2003B05DF804FB00BF617A00200422014B99
S3150002FC301A64704700D003501E4B37B51B88632BDE
S3150002FC4035D91D4C23780BBB4FF4FA60D9F7D8FA95
S3150002FC501A4B1A6C900402D41A6C9106F9D5184BF9
S3150002FC6000211B689A69186890470A22134B1A6387
S3150002FC70DA6C12F0500FFBD11A6C9207FCD10125F7
S3150002FC80104B11485D60D9F709FC257003200F4916
S3150002FC90DDF79AFE0120032200231146CDE900007A
S3150002FCA0DBF7E8FF03B0BDE83040FFF7BFBF03B0A4
S3150002FCB030BD00BF807A0020827A00200000035AFD
S3150002FCC0D01100200020035A847A002005FC02008D
S3150002FCD01FB50446084603A9D9F7ACFC034630B95A
S3150002FCE0CDE90000034A20460399D9F7FFFB04B089
S3150002FCF010BD00BF39FC020008B502220023042110
S3150002FD000120DCF731F80023042202210120DCF76E
S3150002FD102BF80023022203200349FBF7ADFDBDE8C1
S3150002FD200840FFF783BF00BF807A0020F0B52D4D53
S3150002FD3087B02B88632B07D90023032201201146A3
S3150002FD40CDE90033DBF796FF274E337843B3012123
S3150002FD50264A274B516005221A63DA6C12F0280FE5
S3150002FD60FBD11A6C9207FCD0D7F796F904464FF4EA
S3150002FD70FA60D9F745FA2746D7F78EF9B84204460C
S3150002FD80F5D82FB10A2103A8D7F7C8F90028F9D167
S3150002FD90184B01211B689A69186890470023337033
S3150002FDA0FFF744FF2B88632B0CD913480DF10B0187
S3150002FDB0D9F7B6FB9DF80B3028882BB101460E48C1
S3150002FDC0FFF786FF07B0F0BD03A9D9F733FC034658
S3150002FDD00028F7D1CDE90000084A03990648D9F769
S3150002FDE0BBFBEFE7807A0020827A00200010035ADC
S3150002FDF00000035AD0110020847A002039FC020048
S3150002FE00054B1B7833B9054B1988632902D9044877
S3150002FE10FFF75EBF704700BF607A0020807A00203D
S3150002FE20847A0020034B1888632894BF002001209F
S3150002FE30704700BF807A0020054B1B88632B04D9CC
S3150002FE40044B1B780BB1FCF7CBBF0020704700BFF9
S3150002FE50807A0020827A0020024B187808B10022AC
S3150002FE601A707047617A002013B5FFF7DBFF18B9E5
S3150002FE700024204602B010BDFCF7B2FF044600285B
S3150002FE80F6D00122094B1A70094B1B88632BF0D955
S3150002FE9008480DF10701D9F743FB9DF80730002BFF
S3150002FEA0E7D00448D9F7FAFAE3E700BF607A002000
S3150002FEB0807A0020847A00201FB5114B1A786AB125
S3150002FEC0002210480DF10B011A70D9F729FB9DF893
S3150002FED00B3033B101210B48FFF7FAFE05B05DF88E
S3150002FEE004FB012003A9D9F7A5FB03460028F5D197
S3150002FEF0CDE90000044A03990248D9F72DFBEDE744
S3150002FF00607A0020647A002039FC0200014B93F9E2
S3150002FF1000007047A07A002000230B70704701236F
S3150002FF200B70704738B50D461446FFF7EFFF2B7876
S3150002FF30184442B2093000F0FF001F2813D80C49BA
S3150002FF4002F1090303EB8303A271CA18CB5C637146
S3150002FF50D378A37093786370537823701379E37020
S3150002FF600023237138BD0023A2711B78FFDE00BF78
S3150002FF705CCF030001200870022111704FF4A072B9
S3150002FF801A607047704700230B70704738230B7056
S3150002FF907047704710B50C4C217829B1072000F044
S3150002FFA027F90128FAD010BD092000F00FF9072021
S3150002FFB000F01EF90128FAD00121092000F006F905
S3150002FFC001232370EFE700BFF8110020F8B50D46B4
S3150002FFD016461C46FFF7DEFF0021092000F0F6F860
S3150002FFE02F462E44B7420FD1BDF818602644B442BC
S3150002FFF010D10121092000F0E9F82B78842B0FD0CB
S31500030000FFF7C8FF0020F8BD17F8011B012000F019
S3150003001019FAE7E714F8011B012000F013FAE6E7E3
S315000300200022014B1A70EDE7F811002070B50D465A
S3150003003016461C46FFF7AEFF0021092000F0C6F85E
S315000300402E44B5420AD1BDF810502544AC420BD11B
S315000300500121092000F0BAF8002070BD15F8011B34
S31500030060012000F0EFF9ECE70021012000F0EAF9A6
S3150003007004F8010BEAE7000008B50021062000F0AA
S31500030080A5F841F2883000F055F90121062000F069
S315000300909DF841F2883000F04DF90122014B002012
S315000300A01A7008BDF811002008B5FFF773FF00208A
S315000300B008BD704738B50D460446D8B101281CD093
S315000300C002281CD0032803D10F23EB40DB0704D4FB
S315000300D040F22D410B48DEF7B3F93020012141F2FE
S315000300E01003444304F1A04401FA05F504F5703402
S315000300F0E55038BD40F2FF13E7E71F23E5E7FF238B
S31500030100E3E700BF8F2C030038B50D460446D8B18C
S3150003011001281CD002281CD0032803D10F23EB404F
S31500030120DB0704D440F2FE310B48DEF789F93020B1
S31500030130012142F21003444304F1A04401FA05F5F8
S3150003014004F57034E55038BD40F2FF13E7E71F238B
S31500030150E5E7FF23E3E700BF8F2C0300082803DC52
S3150003016000230B70106070470D2803DC0123093848
S315000301700B70F7E7152803DC02230E380B70F1E743
S315000301801928F0DC032316380B70EBE738B18368C4
S315000301902BB10388024A03F00F0342F8230070478A
S315000301A0A47A00204FF00072014B1A60704700BF1B
S315000301B000E100E04FF00072034BC3F88020BFF369
S315000301C04F8FBFF36F8F704700E100E013B50C4606
S315000301D001AA0DF10301FFF7C1FF9DF80300019981
S315000301E01CB1FFF767FF02B010BDFFF78DFFFAE7FB
S315000301F037B501AA0DF10301FFF7B0FF9DF80340E0
S31500030200019DE4B1012C1DD0022C1DD0032C03D17A
S315000302100F22EA40D30704D440F2CF310B48DEF76E
S315000302200FF91422302313FB042303F1A04303F530
S3150003023070331868E84000F0010003B030BD40F2A7
S31500030240FF12E6E71F22E4E7FF22E2E78F2C030013
S3150003025070470000044B53F820301BB19A680AB16B
S3150003026058681047704700BFA47A0020024630B58D
S315000302700F4B85B018681B7902908DF80C304868CF
S315000302800C4B096858601960104601A9D9F7D2F9D1
S315000302904FF0B044A36A1B07FCD4012002A9256AC8
S315000302A0DCF7D2FC019B1D44256405B030BD00BFBD
S315000302B0FCCF0300E47A002007B5084B69461868AB
S315000302C01B7900908DF80430002301208DF800304F
S315000302D0DCF7BAFC03B05DF804FB00BFFCCF0300F8
S315000302E04FF0B042936943F0400393614FF4805259
S315000302F0024BC3F880211A60704700BF00E100E09B
S31500030300FFF7EEBF4FF48052034BC3F88020BFF3D1
S315000303104F8FBFF36F8F704700E100E04022034B1E
S315000303205A61034BD3E90002104700BF002000586F
S31500030330E47A002080B485B000AF78607B684FF420
S315000303407A7202FB03F30C4A82FB03129210DB1749
S31500030350D31ABB600023FB6003E000BFFB680133D5
S31500030360FB60FA68BB689A42F7D300BF00BF143735
S31500030370BD465DF8047B7047B975790772B6704759
S3150003038062B6704708B500F033F8BDE80840FFF7DA
S31500030390B7BF000072B6BFF34F8F0549054BCA6856
S315000303A002F4E0621343CB60BFF34F8F00BFFDE758
S315000303B000ED00E00400FA05884238B504460D4610
S315000303C00AD800F061FE0346681C001BB3FBF0F17C
S315000303D001FB1033181938BD00F056FE641B0134B7
S315000303E00346B0FBF4F000FB14335819F3E700009F
S315000303F007B508213E20DAF7EBFC01213E20DAF7A8
S3150003040027FA074B18689B880090ADF80430002341
S3150003041068468DF80430DCF73BFC03B05DF804FB5B
S3150003042001D003004FF0B0439A6A1207FCD4186A4E
S31500030430D9F71EB908B5FFF7F5FF4FF47A73B0FB8A
S31500030440F3F008BD07B508488DF8061001230DF132
S3150003045007020DF106010068DDF7A4F99DF8070010
S3150003046003B05DF804FB00BFF41100200FB407B519
S3150003047004A951F8040B0191E0F7DEFD03B05DF822
S3150003048004EB04B07047704707B5002301220E2022
S315000304900DF10701FBF7F0F9002804DB9DF807309F
S315000304A00BB9FBF779FAFFF775FF03B05DF804FBA9
S315000304B0FFF7E9BFFFF7BEBFFFF7B4BF07B5CDE947
S315000304C000216946FFF7D2FE03B05DF804FBFFF790
S315000304D0F3BE08B5FFF76EFEBDE80840FFF712BF8F
S315000304E008B5FFF75FFEBDE80840FFF7F9BE000059
S315000304F030B514460D461A4691B00C2800F25081C9
S31500030500DFE810F00D001F002100910099004E0155
S315000305101E012A01300136013C014201480184B122
S3150003052000230122211D2420FBF7A6F90023042220
S3150003053021463B20FBF7A0F90C212046E9F7F4F806
S31500030540E06011B030BD0025CDE90855CDE904556D
S315000305500A958DF80650002CF3D002222B46A118DB
S315000305603A20FBF789F92B460C223C2008A9FBF716
S3150003057083F9A84204DB0C2208A9201DD8F716FD2F
S315000305800023012204F10A016D20FBF775F900230C
S31500030590012217200DF10601FBF76EF9002804DB93
S315000305A09DF80600FCF7E6FDE0720023012204F144
S315000305B00C011D20FBF760F90023012204F10D0154
S315000305C0A320FBF759F90023012202A90E20FBF70A
S315000305D053F9002301220F200DF10701FBF74CF914
S315000305E09DF80730032B17BF9DF808300123B3FA94
S315000305F083F35B098DF80830A37373B100230822D4
S3150003060004A96A20FBF738F9082204A904F11000AB
S31500030610D8F7CCFC23691BBA236178212046E9F776
S3150003062083F8A0678DE721466348284411B0BDE8E7
S315000306303040FFF73EBD00238DF80730002C80D0F5
S31500030640102208200DEB0201FBF716F910280246CB
S3150003065003D1204604A9D8F7A9FC102200230DEBE9
S3150003066002010920FBF708F91028024604D104A960
S3150003067004F10800D8F79AFC082200230DEB0201C7
S315000306804720FBF7F9F80828024604D104A904F128
S315000306901000D8F78BFC2022002307200DEB020164
S315000306A0FBF7EAF82028054610D1012100200DF1B9
S315000306B00702F9F72DF948B911239DF807002A46D1
S315000306C003FB004008A91530D8F770FC202200234D
S315000306D06B200DEB0201FBF7CFF82028054610D15E
S315000306E0062100200DF10702F9F712F948B9112383
S315000306F09DF807002A4603FB004008A91530D8F7E2
S3150003070055FC202200236C200DEB0201FBF7B4F805
S31500030710202805467FF415AF072100200DF10702B7
S31500030720F9F7F6F800287FF40CAF11229DF80700BD
S3150003073008A902FB00402A461530D8F737FC00E724
S3150003074000230422922004F12401FBF795F80028E4
S315000307507FF4F7AE6062F4E6204611B0BDE83040A0
S31500030760FBF7A5BA204611B0BDE83040FBF7E3BA64
S31500030770204611B0BDE83040FBF723BB204611B03D
S31500030780BDE83040FBF773BB204611B0BDE83040EF
S31500030790FBF7B1BB204611B0BDE83040FBF7F3BB16
S315000307A006490748FFF762FE0648FFF75FFE11B0EA
S315000307B0BDE83040FFF7EEBDEFBEADDE3ED0030031
S315000307C007D0030015D003002DE9F0431446A9B062
S315000307D00C2800F20281DFE810F00D00220025004C
S315000307E0220046000001A800B200C700D100E000C5
S315000307F0F000FA009AB1002618AD01230221043253
S31500030800242001960095FAF7E2FF042322461946AF
S315000308103B20CDE90056FAF7DAFFFBF7BDF829B01E
S31500030820BDE8F083002AFAD00223002610AD1A444D
S3150003083003213A2001960095FAF7C9FF0C2218A95D
S31500030840201DD8F719FC0C230B2118AA3C20CDE94F
S315000308500056FAF7BCFF01236D201946CDE9005671
S3150003086004F10A02D7E700251C22294609A80895A0
S31500030870E0F785F93C22294619A81895E0F77FF990
S315000308801C22294611A81095E0F779F9CDE90455FC
S31500030890CDE90655002CC0D0042204A904F11000AA
S315000308A00DF10F06D8F7E8FB08230B214720019526
S315000308B0009604AAFAF78BFF49270DF1210904F1E3
S315000308C0260818F8013C4046102210A909F8013BF6
S315000308D0D8F7D2FB384620230B21CDE9006510AAB1
S315000308E00137FAF774FF622F08F11108E9D12022C4
S315000308F018A90DEB0200D8F7BFFB20230B2118AA7A
S315000309005F20CDE90065FAF762FF20230B2120AAB9
S315000309106020CDE90065FAF75AFF042361201946E2
S31500030920CDE9006504F5E87275E70023CDE90033E8
S315000309300423243219469220FAF749FF6FE792F807
S315000309404E337BB1137B8DF86230A37B18A88DF8E9
S315000309506130E37B8DF8633001238DF86030FBF75C
S3150003096078F95CE7537BEEE7136A18A88DF86130D4
S3150003097001238DF86030FBF7C2F950E7137E18A800
S315000309808DF86130937C8DF8623053691993012396
S315000309908DF86030FBF7E7F941E7E37E927E8DF849
S315000309A062300123217F18A88DF863108DF861202A
S315000309B08DF86030FBF72DFA31E7537E18A88DF8D2
S315000309C0613001238DF86030FBF779FA27E710468B
S315000309D029B0BDE8F043FBF7A6BA06490648FFF778
S315000309E045FD0648FFF742FD29B0BDE8F043FFF792
S315000309F0D1BC00BF21D0030007D0030015D00300EC
S31500030A0010B5F229074C28BFF2212346217013F8AB
S31500030A10012B01461846E0F7A5F8012384F8F330C5
S31500030A2010BD00BF227B0020014B93F8F3007047F3
S31500030A30227B00200CB470B50D460021C6B04AAC2B
S31500030A400390FB2207A854F8046B0691E0F797F886
S31500030A50039B0095FF210C4A06A800F053FB06AB47
S31500030A6022463146C5B253FA80F0059401F072FA74
S31500030A702844C1B206A8FFF7C3FFFFF705FD46B03A
S31500030A80BDE8704002B0704719D00300FFF794BC6D
S31500030A9013B505240A4BC3E9011018461C80FFF75A
S31500030AA075FB20460749DCF78FFF0020012322460A
S31500030AB02146CDE90003DBF7DDF802B010BD00BF28
S31500030AC0EC7A0020550203000520FFF7C1BB7047EF
S31500030AD070470520704701460A20FFF777BBFBF7EF
S31500030AE067BC01207047FBF721BF000081F000417E
S31500030AF002E000BF83F0004330B54FEA41044FEAFA
S31500030B00430594EA050F08BF90EA020F1FBF54EA94
S31500030B10000C55EA020C7FEA645C7FEA655C00F030
S31500030B20E2804FEA5454D4EB5555B8BF6D420CDD01
S31500030B302C4480EA020281EA030382EA000083EA84
S31500030B40010180EA020281EA0303362D88BF30BD24
S31500030B5011F0004F4FEA01314FF4801C4CEA11317A
S31500030B6002D0404261EB410113F0004F4FEA0333D9
S31500030B704CEA133302D0524263EB430394EA050F64
S31500030B8000F0A780A4F10104D5F1200E0DDB02FAD3
S31500030B900EFC22FA05F2801841F1000103FA0EF267
S31500030BA0801843FA05F359410EE0A5F120050EF12D
S31500030BB0200E012A03FA0EFC28BF4CF0020C43FA5E
S31500030BC005F3C01851EBE37101F0004507D54FF06B
S31500030BD0000EDCF1000C7EEB00006EEB0101B1F5BB
S31500030BE0801F1BD3B1F5001F0CD349085FEA300001
S31500030BF04FEA3C0C04F101044FEA445212F5800F0C
S31500030C0080F09A80BCF1004F08BF5FEA500C50F1A8
S31500030C10000041EB045141EA050130BD5FEA4C0C8B
S31500030C20404141EB0101013C28BFB1F5801FE9D2E8
S31500030C3091F0000F04BF01460020B1FA81F308BF0B
S31500030C402033A3F10B03B3F120020CDA0C3208DDD7
S31500030C5002F1140CC2F10C0201FA0CF021FA02F1B2
S31500030C600CE002F11402D8BFC2F1200C01FA02F122
S31500030C7020FA0CFCDCBF41EA0C019040E41AA2BF47
S31500030C8001EB0451294330BD6FEA04041F3C1CDA0F
S31500030C900C340EDC04F11404C4F1200220FA04F02F
S31500030CA001FA02F340EA030021FA04F345EA0301D9
S31500030CB030BDC4F10C04C4F1200220FA02F001FA9B
S31500030CC004F340EA0300294630BD21FA04F029461D
S31500030CD030BD94F0000F83F4801306BF81F48011B6
S31500030CE00134013D4EE77FEA645C18BF7FEA655C29
S31500030CF029D094EA050F08BF90EA020F05D054EAFB
S31500030D00000C04BF1946104630BD91EA030F1EBFFF
S31500030D100021002030BD5FEA545C05D14000494103
S31500030D2028BF41F0004130BD14F580043CBF01F5F6
S31500030D30801130BD01F0004545F0FE4141F47001DC
S31500030D404FF0000030BD7FEA645C1ABF19461046B7
S31500030D507FEA655C1CBF0B46024650EA013406BFB8
S31500030D6052EA033591EA030F41F4002130BD00BF77
S31500030D7090F0000F04BF0021704730B54FF4806434
S31500030D8004F132044FF000054FF0000150E700BFB5
S31500030D9090F0000F04BF0021704730B54FF4806414
S31500030DA004F1320410F0004548BF40424FF0000101
S31500030DB03EE700BF42004FEAE2014FEA31014FEA44
S31500030DC002701FBF12F07F4393F07F4F81F0605193
S31500030DD0704732F07F4208BF704793F07F4F04BFDE
S31500030DE041F40021704730B54FF4607401F00045BB
S31500030DF021F000411CE700BF50EA010208BF70471B
S31500030E0030B54FF000050AE050EA010208BF70470B
S31500030E1030B511F0004502D5404261EB41014FF474
S31500030E20806404F132045FEA915C3FF4D8AE4FF07C
S31500030E3003025FEADC0C18BF03325FEADC0C18BF5F
S31500030E40033202EBDC02C2F1200300FA03FC20FAB0
S31500030E5002F001FA03FE40EA0E0021FA02F11444FD
S31500030E60BDE600BF4FEA410212F5001215D211D5B5
S31500030E706FF47873B3EB625212D94FEAC12343F08E
S31500030E80004343EA505311F0004F23FA02F018BF10
S31500030E90404270474FF00000704750EA013005D1D9
S31500030EA011F0004008BF6FF0004070474FF000009C
S31500030EB0704700BF4A0011D212F5001211D20DD5A8
S31500030EC06FF47873B3EB62520ED44FEAC12343F047
S31500030ED0004343EA505323FA02F070474FF00000F1
S31500030EE0704750EA013002D14FF0FF3070474FF0A0
S31500030EF00000704738B50B4B04461D68EB6B53B9BE
S31500030F002420E0F7D7FA0246E86320B9064B3921D5
S31500030F10064801F02DF8E96B2046BDE8384000F09D
S31500030F2007B800BF480F00205DD0030074D003004C
S31500030F302DE9F041D0E900670C464F4A00233046BD
S31500030F4039464FF00508DFF7E5FB394605464A4AB9
S31500030F5030460023DFF7DEFB002A05F52F20474D39
S31500030F60B8BF02F5A83240F26D1CAEBF00F66C2383
S31500030F7000F66B2302F5C0724FF461606427B2FB7F
S31500030F80F0F100FB11223C20A160B2FBF0F100FB63
S31500030F9011223B48616007212260DA1C92FBF1F1C2
S31500030FA0C1EBC101521A48BF0732002BA261BBBF76
S31500030FB0A3F50E32A2F52C7293FBF5F592FBF5F52C
S31500030FC048F6AC6200FB053040F2B453B0FBF2F2D4
S31500030FD0B0FBF3F10244521A2A49B0FBF1F1521A5B
S31500030FE0B2FBFCF1B2FBF3F3B1FBF7F6F31A99226A
S31500030FF003440CFB113303EB830E03F1010C0EF1D7
S31500031000020EBEFBF2F042430232B2FBF8F2ACEB45
S31500031010020C40F2F952964594BF02226FF0090280
S3150003102010444FF4C87202FB0515012898BF013519
S31500031030B3F5997F0DD3A3F59973A5F26C75E361A7
S315000310400023C4F80CC0C4E9040523622046BDE8A6
S31500031050F0818A0702D107FB16165EB94FF4C872F0
S31500031060B1FBF2F602FB1612B2FA82F252093B33D5
S315000310701344E2E70122FAE780510100B13A020084
S315000310804FC5FDFFB03A0200164B10B51C68A36BA3
S31500031090B3B91820E0F70EFAA06328B90246124B3B
S315000310A04E21124800F064FF114A124BC0E9002397
S315000310B0114B012283600B2383810023C0E90423A0
S315000310C0A46B0E4A206963690D49424301FB03225F
S315000310D0A0FB0101431C42EB0100C4E9043020F0EC
S315000310E0004010BD480F00205DD00300F2D003007E
S315000310F00E33CDAB34126DE6ECDE05002DF45158FC
S315000311002D7F954C0CB4184B30B50C1E9DB01D6845
S3150003111008DA8B234FF0FF302B601DB0BDE830405B
S3150003112002B070474FF402730290069002A9ADF81D
S31500031130143014BF04F1FF332346209A2846049340
S3150003114007934FF6FF73ADF8163021AB0193E0F723
S31500031150FDFA431CBCBF8B232B60002CDDD0029B06
S3150003116000221A70D9E700BF480F0020024610B5C7
S31500031170147813460132002CFAD1013B11F8012BE6
S3150003118003F8012F002AF9D110BD0000426940F28D
S315000311906C73002AA8BF6FF063031344920705D14B
S315000311A0642193FBF1F201FB1232DAB94FF4C872F0
S315000311B093FBF2F102FB1133B3FA83F35B09D0E934
S315000311C00602400000EB0210184441F2A263984263
S315000311D03AD021DC01281ADC0028B4BF00204FF0E6
S315000311E0FF3070470123EAE7172813D8DFE800F03A
S315000311F00C0C0C0C12120C0C1212121212121212EA
S3150003120012120C0C12120C0C4FF0FF3070470A38F6
S315000312101728E9D90020704741F2B463984206DCE7
S3150003122041F2B1639842D4BF002001207047A0F574
S31500031230B65002381528EDD80123834003481840D9
S31500031240003818BF01207047012070471F002A008D
S315000312502DE9F04F1E4600238FB007460D461C4668
S3150003126002931378002B00F0B884252B1FD192F834
S3150003127001B0BBF1300F24D0BBF12B0F21D002F10B
S3150003128001084FF0000B98F80020313A082A1BD8C2
S3150003129040460A2206A9DFF7C5FEDDF81880814617
S315000312A098F80020452A12D108F1010811E0691EB9
S315000312B0A14202D8002400F093BC3B55013201340D
S315000312C0CFE702F10208DEE74FF00009E8E74F2A0D
S315000312D0EAD098F80000A0F12502552AEAD801A31E
S315000312E053F822F0CF1B0300B5120300B512030017
S315000312F0B5120300B5120300B5120300B5120300BD
S31500031300B5120300B5120300B5120300B5120300AC
S31500031310B5120300B5120300B5120300B51203009C
S31500031320B5120300B5120300B5120300B51203008C
S31500031330B5120300B5120300B5120300B51203007C
S31500031340B5120300B5120300B5120300B51203006C
S31500031350B512030079140300D11403003F150300EB
S31500031360DD150300B5120300271603001517030046
S31500031370ED170300FB170300B5120300B5120300B4
S31500031380B51203002B180300B5120300B5120300B0
S315000313903F180300B512030091180300A3190300B5
S315000313A0B3190300DB190300EB190300871A0300C3
S315000313B037150300B31A03007D1B0300B5120300A0
S315000313C0B5120300B5120300B5120300B5120300EC
S315000313D0B51203003D140300A7140300FD14030014
S315000313E0B9150300B9150300B512030079160300F6
S315000313F0A7140300B51203001D180300ED1703001D
S31500031400FB170300251803002F180300B51203006A
S315000314103F180300B512030027150300A3180300A2
S31500031420A7190300C1190300B5120300791A0300B3
S315000314302F150300971A0300051B0300B369A94A76
S31500031440183352F82390484609F1FF39DFF796FC23
S315000314506B1E2044A04207D198F80030002B00F001
S31500031460BC8308F10102FCE6A3427FF623AF19F819
S31500031470012F3A550134EDE7B2699A4B03EB820328
S31500031480D3F87C90484609F1FF39DFF777FC6B1EEA
S315000314902044A042E0D0A3427FF60CAF19F8012FF7
S315000314A03A550134F5E78F4B326953F82290484693
S315000314B009F1FF39DFF762FC6B1E2044A042CBD053
S315000314C0A3427FF6F7AE19F8012F3A550134F5E733
S315000314D03369844A0C3352F82390484609F1FF399D
S315000314E0DFF74CFC6B1E2044A042B5D0A3427FF627
S315000314F0E1AE19F8012F3A550134F5E7794BD3F8E4
S31500031500A0904846DFF73AFC99F80030002BA3D0A9
S3150003151033464A46291B3819FFF79AFE00287FF7F8
S31500031520C9AE044498E76F4BD3F8E490E9E76D4BF3
S31500031530D3F89C90E5E76B4BD3F89890E1E76A49BB
S31500031540D6F814A08A45ACBF00210121BAF1000FD9
S3150003155011DB64209AFBF0F01330BBF1000F14D0BB
S31500031560632827DD614B624ABBF12B0F18BF1A466E
S31500031570DFF898C10CE00AF26C70039100F0F4FCFA
S315000315806422039990FBF2F0E7E7584ADFF880C13B
S31500031590B9F1020F2CBFC1EB0901C1F10201554B91
S315000315A00190009150498A45A8BF13466246291BFC
S315000315B0381927E04D4ADBE74F49504AF368642858
S315000315C008BF0A46291B3819FFF79CFD0028FFF6BA
S315000315D071AE0444A5423FF63FAF6BE6706907EB75
S315000315E004093369291B0028D6F80CA003F101036B
S315000315F00BDB642290FBF2FC02FB1C00404ACDE9A4
S3150003160000A04846FFF77EFDE0E700F26C70CDE9E7
S31500031610031300F0A9FC642290FBF2FCDDE903133B
S315000316200CFB1200EAE725228DF81820BBF1000F08
S3150003163011D0B9F1060F38BF4FF00609B9F1060309
S315000316408DF819B00CD10DF11A002E49DFF78EFB78
S31500031650334606AA5EE74FF02B0B4FF00A09EDE778
S31500031660294A1E210DF11A00FFF74CFD0028EADD79
S315000316700DF11A031844E8E73046FFF787FD814664
S315000316807069002811DB642390FBF3F203FB12005D
S315000316906422814499FBF2F302FB13999144B9FB4B
S315000316A0F2F302FB1393144A8CE700F26C7000F01A
S315000316B05BFC6423B9F1000F90FBF3F202FB13000A
S315000316C007DA7269A3F2CF739A42B8BF4FF00109E2
S315000316D0DEE7DDD07269044B9A42B8BF4FF0FF399B
S315000316E0D6E700BFE8D2030094F8FFFF05440300E2
S315000316F07FD10300BDD403008FD1030081D1030042
S3150003170085D1030094D1030082CC030077D1030073
S3150003171070D1030071693046BA4A9142ACBF0023C7
S315000317200123CDE90331FFF731FD049982460029F0
S315000317302CDB642291FBF2F213327069002830DB52
S315000317404FF0640C90FBFCFE0CFB1E00BAF1000F7D
S3150003175036DA7169AC4B99423CDB8244BAF1FF3FFE
S315000317603DD1013A4FF0630A6420039B00FB02AAB2
S31500031770002B00F0AA812D228DF81820B9F1000F55
S3150003178001D009F1FF390DF11902A9E101F26C70DB
S31500031790049100F0E9FB4FF0640C049990FBFCF212
S315000317A0CBE700F26C70CDE9041200F0DDFB4FF0DD
S315000317B0640C90FBFCFEDDE904120EFB1C00C5E77E
S315000317C0CBD0904B9942B6BF012300234FF0FF3A8B
S315000317D00393C2E74FF0010ACDF80CA0BDE7BAF1B7
S315000317E0640F04BF01324FF0000ABDE78749884AF8
S315000317F0B3686B2808BF0A46E4E6B36863B10C2BEB
S3150003180004D00C2193FBF1F201FB123380497F4A8A
S31500031810492808BF0A46D5E60C23F7E7F3697D4A4C
S315000318200133CFE6336901333DE773683BE76B1E4C
S315000318309C42BFF43FAD0A233B5501340CE6B36823
S315000318400B2B754BD4BF0022012203EB8203D3F883
S31500031850A4904846DFF792FA09F1FF32204405F1D6
S31500031860FF3CA0423FF4F8ADA4457FF623AD98F8BC
S31500031870001012F8013F502907D16849C95C01F0ED
S315000318800301012908BF2033DBB23B550134E8E7E6
S315000318907368634A0093B368291B3819FFF732FC50
S315000318A094E6336A002B79DB00F0A8F9029B0BB9A7
S315000318B000F0B0F900F0D0FB336A002B4FF0280399
S315000318C0D4BF0022012202FB0333C358C3F100092C
S315000318D000F09AF9012302937269291B3819B2F1B0
S315000318E045034FEAE27C6CF1000CBCF1000F02DA0F
S315000318F003334CF1000C02F1FF3A4FF0640E9B08E0
S315000319009AFBFEFE43EA8C7302F22B1A4FEAAC0CE7
S31500031910463AB3EB0E036CEBEE7C4FF4C87E9AFBB0
S31500031920FEFE13EB0E034CEBEE7E40F26D1C0CFB3E
S3150003193002F24FF0180C9B184EEBE272D6F81CE03D
S3150003194013EB0E0342EBEE72A3FB0C3E0CFB02E21F
S31500031950D6F808E04FF03C0C13EB0E0342EBEE7E99
S31500031960A3FB0C320CFB0E22D6F804E013EB0E039A
S3150003197042EBEE72A3FB0C3E0CFB02E2D6F800E050
S3150003198013EB0E0342EBEE72B3EB090362EBE97260
S31500031990CDE90032234AFFF7B5FB17E64FF00009FE
S315000319A09AE733687FE66B1E9C42BFF483AC092338
S315000319B042E733681C4A019373680093B368F6E5FC
S315000319C06B1E9C42BFF476ACB369621C1BB937230A
S315000319D03B55144640E53033FAE7F369B2690733FA
S315000319E09B1A072293FBF2F35DE63046FFF7CEFB25
S315000319F0B269DAB1013A00283CDCF36918D10A333B
S31500031A00EEE700BF94F8FFFF95F8FFFF81D10300CF
S31500031A108FD10300A0D10300E8D20300EC35030005
S31500031A20AFD10300A5D10300AAD103000622E2E742
S31500031A307169D21A40F26B730029A8BF6FF0640371
S31500031A400B44990705D1642093FBF0F100FB113198
S31500031A5071B94FF4C87193FBF1F001FB1033B3FA7C
S31500031A6083F35B09D31A052BB4BF352334231AE654
S31500031A700123F7E7012316E66B1E9C42BFF41AAC5B
S31500031A80B3693033D8E6B2691AB1013AF369073359
S31500031A90A6E70622FAE77069002805DB642390FBB4
S31500031AA0F3F202FB1303FEE500F26C7000F05CFA3E
S31500031AB0F4E772694C498A4205DA2D20A1EB020A42
S31500031AC08DF818005AE602F26C7ABBF12B0F06D199
S31500031AD042F20F72924502D98DF818B04EE606AA65
S31500031AE025211170BBF1000F08D1501C3F49DFF7C8
S31500031AF03DF94B4606AACDF800A0CDE63023901C4F
S31500031B005370F3E7336A002BFFF6A6AC00F076F8C2
S31500031B10029B0BB900F07EF800F09EFA336A07EBDE
S31500031B20040AA5EB040B002B4FF02803D4BF0022B5
S31500031B30012202FB0333C358C3F1000900F064F822
S31500031B403C2399FBF3F000F08BFA3C23594690FBB8
S31500031B50F3F202FB13004FF46163254A00905046EB
S31500031B6099FBF3F3FFF7CEFA0028FFF6A3AB044481
S31500031B70A5427FF69FAB012302936DE4336A002BE4
S31500031B80FFF66AAC00F03AF8029B0BB900F042F894
S31500031B90336A184A002BD4BF0023012352F823903B
S31500031BA0484609F1FF39DFF7E9F86B1E2044A042E6
S31500031BB002D100F029F8DEE7A34204D919F8012F70
S31500031BC03A550134F3E700F01FF8FFF773BB6B1EBA
S31500031BD09C42BFF46FAB25232EE60DB100233B5584
S31500031BE020460FB0BDE8F08F94F8FFFF9CD10300A9
S31500031BF0B9D10300FC110020FFF72ABB0148DFF728
S31500031C00EFBB00BF843A00200148DFF7EBBB00BF00
S31500031C10843A0020014B186800F002B8480F0020F0
S31500031C202DE9F04F07468DB000F016FAB249054686
S31500031C30384600F009FAB14E044670B9B04BB14AC2
S31500031C401860B14B1860B14B3068C3E90022DFF767
S31500031C5039FC34600DB0BDE8F08F3168002962D1DC
S31500031C603068DFF72FFC2046DFF788F8411C38463B
S31500031C70DFF79CFC306000285AD123780AAEA44AC9
S31500031C803A2BA449334608BF0134204600F0ECF949
S31500031C900028DFDD0A9BE718E35C2D2B4CD10137C7
S31500031CA04FF0FF380DF1200A0DF11E0B00243346C9
S31500031CB007AA994938460396CDF800B0ADF81E40F9
S31500031CC0ADF82040CDE9016A00F0CEF9A042C1DDAE
S31500031CD0BDF81E203C21BDF82030DFF8489201FBF9
S31500031CE00233BDF81C204FF4616101FB02334A46FF
S31500031CF0884908FB03F3DFF81482AB62844BC8F808
S31500031D0000300A9B1F443346384600F0ADF9A04223
S31500031D1018DCD8F80030AA6AC8F80430784B1A6081
S31500031D20794B1C6096E7DFF717F8002898D191E7FF
S31500031D302146DFF71BF8A0E72B2B4FF0010808BF5E
S31500031D400137AFE70A9BC8F80490FC18FB5C2D2B00
S31500031D5040F08C8001344FF0FF37002307AA6E4909
S31500031D602046ADF81C30ADF81E30ADF820300A938E
S31500031D703346CDE902A6CDE900B600F075F9002891
S31500031D807ADCAB6AA3F561632B652F460A9B4FF09A
S31500031D9000091C4423782C2B08BF013494F80080D7
S31500031DA0B8F14D0F7AD10DF126030DF122025B49ED
S31500031DB020460396CDE9016309AB0093334600F051
S31500031DC053F903287FF446AFBDF822104B1E0B2BA5
S31500031DD03FF640AFBDF82420531E042B3FF63AAF1F
S31500031DE0BDF82630062B3FF635AF87F808807B61B2
S31500031DF0C7E903120A9B04EB03080223ADF81C3060
S31500031E000023ADF81E30ADF820300A9398F8003061
S31500031E102F2B09D1334607AA41494046CDE902A6ED
S31500031E20CDE900B600F020F9BDF81E203C21BDF82F
S31500031E302030283701FB0233BDF81C204FF46161C3
S31500031E4001FB023347F8103C0A9C4444B9F1000FE6
S31500031E5021D0686800F034F9AA6A294B1A602B6D01
S31500031E609B1A294A18BF01231360F3E62B2B4FF065
S31500031E70010708BF013470E7BDF81E203C21BDF8F9
S31500031E80203001FB0233BDF81C204FF4616101FBD6
S31500031E9002337B4378E74FF001097BE7B8F14A0F3A
S31500031EA04FF00A020BA906BF0134434644232046DA
S31500031EB00593DFF7B7F8DDF82C80059BA045ADF851
S31500031EC0260014D14D23B9F1000F07D103212B723C
S31500031ED00223C5F81490C5E903138EE70B2285F890
S31500031EE030300123C5E90D230023EB6385E780B278
S31500031EF03B72786181E700BF0D2F0300107B002042
S31500031F00187B0020E4D30300147B0020FC1100207F
S31500031F10037B0020E8D303000BD40300F7D30300AD
S31500031F200AD40300F87A002000B59BB0009104910F
S31500031F306FF0004105910291054903916946DFF768
S31500031F4005FC009B00221A701BB05DF804FB00BF62
S31500031F500802FFFF13460A46014602480068FFF7D8
S31500031F60E3BF00BF480F00200028B8BF40427047B8
S31500031F701FB514461A46094B05461B68D8684CB16B
S31500031F80074B00910749CDE901342B4600F00EF8C3
S31500031F9000F040F9044B1C46F3E700BF480F00204E
S31500031FA01DD403002AD40300054403000EB403B56D
S31500031FB003AB0146054853F8042B00680193DFF78A
S31500031FC0EFFC02B05DF804EB03B07047480F002046
S31500031FD02DE9F84FDFF86CA007468946164600F050
S31500031FE021F9DAF8004034B14B46984613F8012B31
S31500031FF03AB13D2AF9D1384600F01AF90020BDE876
S31500032000F88FA8EB0908A34654F8040B0028F2D06E
S3150003201042464946DEF7DCFE0028F4D154F8043C78
S3150003202003EB080513F808303D2BECD1DAF8003042
S315000320303846ABEB03039B10336000F0F9F8681CDA
S31500032040DDE700BF6012002007B501AAFFF7C0FF56
S3150003205003B05DF804FB0000004870470812002037
S315000320600028B8BF404270470EB410B59FB04FF476
S31500032070017121ACADF81C10049054F8042B0890A0
S315000320800192DEF77BFE0C4B04A905900D9300230A
S315000320900990119316934FF6FF730848ADF81E3057
S315000320A02346019A0068039400F022F91FB0BDE8A5
S315000320B0104003B0704700BF6F1F0100480F002098
S315000320C02DE9F74F0546FFF7C7FF40F2B1739D426F
S315000320D040F399806FF4F662A5F2B2736FF4C861A8
S315000320E000F1500BAC1840F26D124FF0070A456031
S315000320F0A41002FB03446FF06302A5F26D7393FB16
S31500032100F2F36A181C444FF4C8730146B2FBF3F2A8
S3150003211095FBF3FC1444642203FB1C5C05F00303E8
S3150003212095FBF2F7BCFA8CF602FB17570093760978
S315000321300D7A4B694A2D2DD1009A04EB030E02B991
S3150003214017B9BCF1000F23D13B2BD4BF00230123C6
S315000321507344013B8D692D4A4FEAE57EC3FB025E5C
S315000321608B6AED184EEBE373C1E9085328318B45AF
S31500032170DED1D0E91213D0E908428C4272EB030395
S31500032180B4BF012300230360012003B0BDE8F08F31
S315000321900023DDE7442D01D12344DBE7009A62BB2C
S315000321A0002F0CBF35460125CA684FF03009A646F5
S315000321B04FF000080192164A09FB0525043D08F174
S315000321C00108019A424555F8289018DC0EF10405DA
S315000321D095FBFAF8C8EBC808A5EB0808B3EB0808A3
S315000321E00B6903F1FF3348BF08F10708C3EBC303C9
S315000321F043444B4505DA7344ACE73546D4E7CE444E
S31500032200DDE7073BF5E70020BFE700BF805101008C
S315000322105CD40300062008B500F098FB0120D7F72D
S315000322207EFD00000148DFF7DCB800BF803A0020DE
S315000322300148DFF7D8B800BF803A002038B54B1CF9
S31500032240144603D14FF0FF35284638BD9389CDB2E6
S3150003225023F020039381636B52688BB1A36B934284
S3150003226008DD23685A1E226003F8015C63680133A4
S315000322706360E9E7214600F085FB0028F1D0E1E73A
S315000322802169236851B1994208D213F8011CA94266
S3150003229004D1013B013223606260D5E7C4E90F3202
S315000322A004F1440363630323A363234603F8465FEE
S315000322B023600123DCE710B50C46496B69B104F1D1
S315000322C04403994201D0DFF705F90020236C6063CC
S315000322D0636013B1E36B236010BD23694FF0FF30D6
S315000322E0236000236360A38943F02003A381F3E7FC
S315000322F02DE9F0470C46ADF5227D002106460DF18A
S315000323000408A84FDFF8A892CDF818810093CDE909
S315000323104411A549A091A549A1911378002B00F07A
S315000323205E81D95D551C11F0080119D06368002B35
S315000323300FDD23681A78BA5C120701D42A46ECE744
S31500032340459A01330132236045926268013A62601D
S31500032350ECE7A19B2146304698470028E9D0EDE7F4
S31500032360252B12D09A466368002B40F3948022688B
S315000323701378534540F0338163680132013B226091
S315000323806360459B01334593D8E741914391537865
S315000323902A2B04BF1023951C4FF00A0208BF419352
S315000323A0AA461AF8011BA1F13003092B1DD90322F2
S315000323B07F48DFF727FF40B10123A0EB090055460D
S315000323C003FA00F0419B1843419015F8013B782B23
S315000323D006D8572B10D8252BC4D057D8002B65D039
S315000323E0032347930A23429372E0439B554602FB1A
S315000323F0031130394391D3E7A3F15802202AEFD8CA
S3150003240001A151F822F000BFBB240300E12303001E
S31500032410E123030019250300E1230300E12303005D
S31500032420E1230300E1230300E1230300E123030087
S31500032430E12303002F25030005250300932403004E
S315000324409324030093240300E123030009250300D7
S31500032450E1230300E1230300E1230300E123030057
S315000324603F25030011250300B3240300E1230300E2
S31500032470E12303003B250300E123030005250300B5
S31500032480E1230300E1230300BB240300453B022BA6
S31500032490A6D805231BE0A19B214630469847002872
S315000324A03FF465AF4498002840F08F804FF0FF302B
S315000324B091E0419A42F020024192419A42F400721D
S315000324C0419210226F2B429234BF03230423479376
S315000324D06368002B43DD419B590604D423681A78AD
S315000324E0BA5C120742D4479B022B51DC6B46224649
S315000324F041A9304600F078F8012870D002287FF40D
S315000325001DAFCFE70A22DDE7002342930323DEE76D
S31500032510082342930423DAE72946404600F0B6F936
S31500032520419B054643F0400341930123CFE7419B7B
S3150003253043F0400341930023C9E70223C7E74198C9
S31500032540C3063FF5FBAE009B10F0010F459A03F15E
S31500032550040100911B6814BF1A801A60EEE6A19B62
S315000325602146304698470028B5D09BE7459A013265
S3150003257045926268013A002A626002DD01332360F4
S31500032580ACE7A19B2146304698470028A6D089E7A9
S31500032590042B0FDC6B46224641A9304600F07EF839
S315000325A0AAE700BFEC3503003D220300B722030070
S315000325B0563703000B4B002B3FF4C0AE6B46224647
S315000325C041A9304600E000BF96E7A38913F0400F08
S315000325D018BF4FF0FF300DF5227DBDE8F087449814
S315000325E0F9E700BF000000002DE9F84315468A68A5
S315000325F080460C4632B98A69002A0CBF01224FF085
S31500032600FF328A6022680027DFF88C90D1065FBF0D
S315000326101A68111D19601668A06988B1012807D1C7
S315000326202A6811786269525C52B9002F31D022E0D0
S31500032630022820D12B681B7813F809301B071AD4FC
S3150003264023680137DA065EBF2B681B7806F8013B61
S315000326502A686B680132013B2A60A2686B60013A03
S31500032660A26042B1002BD7DCD4F88031294640461C
S3150003267098470028D0D0236813F0100305D1E268E9
S315000326800132E260A26902B13370236900203B4440
S315000326902361BDE8F88300BFEC3503002DE9F04F55
S315000326A0984687B0754B0C468246164627464FF02A
S315000326B0000B93E8070003AB83E80700704BA1699F
S315000326C0704A032918BF1A46A36801925A1EB2F527
S315000326D0AE7F89BF6FF4AE754FF0000903EB0509B2
S315000326E040F25D1388BFA36057F81C3B43F4506365
S315000326F03D462360316803AB0222097853F82B0069
S31500032700DFF780FD28B3BBF1010F59D162682AB9FF
S315000327102268082342F4007263602260226822F46E
S31500032720A0622260A268511EA16092B13268511C58
S315000327303160127805F8012B7268013A002A72603B
S3150003274007DCD4F88021314650469047002840F0F4
S3150003275085800BF1010BBBF1030FCBD163680BB97A
S315000327600A23636063684FF0000B47496069C91A1F
S3150003277000F08CF8A3682268002B3DD031686069AD
S3150003278091F800C010F80C00002835D0BCF1300FCA
S3150003279024D1100522D50BF1010BB9F1000F03D09B
S315000327A0013309F1FF39A3607368013B002B7360A2
S315000327B01BDD336801333360A368013BA360D9E7AC
S315000327C0BBF1020FAED1226802F4C061B1F5007FFE
S315000327D0BFD1102342F480726360A2E722F4106231
S315000327E022600B7805F8013BDEE7D4F880313146E9
S315000327F0504698470028DFD02368DB050DD5BD4238
S3150003280009D905F1FF3915F8011CD4F87C31324694
S315000328104D4650469847BD422DD0226812F010020D
S3150003282013D139462A7050466368019EB047216822
S31500032830D8F8003011F0200F13D01A1DC8F8002065
S315000328401B681860E3680133E360ED1B0020AB44AB
S3150003285025695D44256107B0BDE8F08F4FF0000B95
S31500032860CAE71A1D11F0010FC8F800201B6814BF30
S3150003287018801860E6E70120EDE700BFD8D403000F
S3150003288021100100250F0100D5D4030070B50B7884
S3150003289004465E2B04F1FF0513BF481C881C4B78C6
S315000328A0002208BF0122611E01F8012FA942FBD1B4
S315000328B00BB9013870BD82F001020546E254284681
S315000328C010F8011B2D2906D05D29F3D009B9284636
S315000328D0F0E70B46F1E76E785D2EFAD0B342F8DCEB
S315000328E00235194601318E426254FBDCF11A581C3B
S315000328F00139B342A8BF00214318E0E71F2938B5C1
S3150003290004460D4604D9162303604FF0FF3038BD45
S31500032910426C12B152F821304BB9204600F030F820
S315000329202A4601462046BDE8384000F017B8012B79
S315000329300AD0591C03D1162303600120E7E70024BC
S31500032940284642F8254098470020E0E7024B014617
S315000329501868FFF7D3BF00BF480F002038B5002320
S31500032960064D0446084611462B60D7F7E2F9431C89
S3150003297002D12B6803B1236038BD00BF903A002013
S31500032980D7F7D3B92DE9F0410C46496B04F144035B
S3150003299099421AD14FF48061DEF708FE18B94FF059
S315000329A0FF30BDE8F0814FF48063606300F2FD30D1
S315000329B0A36394F84630837094F84530437094F8D3
S315000329C04430037020600020EBE7A66B77003A469D
S315000329D0DFF74CFC05460028E1D000EB060801466C
S315000329E032464046DEF7BEF8C4F80080C4E90D5708
S315000329F0E9E700000000000051EC100BF8B5C1F345
S31500032A000A530C4610EE106AA3F2FF35132D32DC7F
S31500032A10002D1EDB364F2F4101EA070303432FD058
S31500032A2031A3D3E90023FEF767F80022002300F061
S31500032A30E1F848B1002C04DD4FF4801343FA05F5A1
S31500032A402C4424EA070400262346324643EC102B83
S31500032A50F8BD25A3D3E90023FEF74EF80022002391
S31500032A6000F0C8F80028EFD0002C39DB264333D01A
S31500032A700026204CE8E7332D05DDB5F5806F23D01E
S31500032A8041EC100BF8BDA3F213434FF0FF37DF40C1
S31500032A900742F5D014A3D3E90023FEF72DF800224D
S31500032AA0002300F0A7F80028CED0002C09DD142D52
S31500032AB014D00123C5F1340503FA05F5AE1928BF71
S31500032AC0E41826EA0706BFE710EE102A0B46FEF7C0
S31500032AD013F841EC100BF8BD3446B5E70134F0E7C3
S31500032AE000264FF00044AFE79C7500883CE4377E30
S31500032AF0FFFF0F000000F03F4FF0FF3C06E000BF72
S31500032B004FF0010C02E000BF4FF0010C4DF804CD6D
S31500032B104FEA410C7FEA6C5C4FEA430C18BF7FEA2D
S31500032B206C5C1BD001B050EA410C0CBF52EA430C5B
S31500032B3091EA030F02BF90EA020F0020704710F1DB
S31500032B40000F91EA030F58BF994208BF90422CBF6A
S31500032B50D8176FEAE37040F0010070474FEA410C63
S31500032B607FEA6C5C02D150EA013C07D14FEA430C81
S31500032B707FEA6C5CD6D152EA033CD3D05DF8040BF2
S31500032B80704700BF8446104662468C461946634624
S31500032B9000E000BF01B5FFF7B7FF002848BF10F1FB
S31500032BA0000F01BD4DF808EDFFF7F4FF0CBF012040
S31500032BB000205DF808FB00BF4DF808EDFFF7EAFFBC
S31500032BC034BF012000205DF808FB00BF4DF808ED77
S31500032BD0FFF7E0FF94BF012000205DF808FB00BF6C
S31500032BE04DF808EDFFF7CEFF94BF012000205DF8F6
S31500032BF008FB00BF4DF808EDFFF7C4FF34BF012003
S31500032C0000205DF808FB00BFF8B500BFF8BC08BCA0
S31500032C109E467047F8B500BFF8BC08BC9E46704791
S31500032C2001B40248844601BC604700BF6512002018
S31500032C3001B40248844601BC604700BF1D1300204F
S31500032C4001B40248844601BC604700BFD913002083
S31500032C5025734F4B25730025734552524F5220253A
S31500032C602E326425730025734552524F5220252E6A
S31500032C7034582573000A4552524F5220252E32648A
S31500032C800D000A4552524F5220252E34780D00432B
S31500032C903A5C4A656E6B696E735C776F726B7370C1
S31500032CA06163655C696369747953747564696F5F9D
S31500032CB0726D313236785F6669726D776172655F00
S31500032CC06D61696E5C776F726B73706163655F725A
S31500032CD06D313236325C726D313236785F666972C7
S31500032CE06D776172655C6765636B6F5F73646B5F5A
S31500032CF0342E312E335C706C6174666F726D5C6555
S31500032D006D6C69625C696E632F656D5F6770696F71
S31500032D102E68000000000200000000000000000012
S31500032D20BA040000000000000000020000000000DA
S31500032D3000000000BA04000000000000433A5C4AA9
S31500032D40656E6B696E735C776F726B7370616365C7
S31500032D505C696369747953747564696F5F726D3105
S31500032D603236785F6669726D776172655F6D616928
S31500032D706E5C776F726B73706163655F726D313210
S31500032D8036325C726D313236785F6669726D7761A1
S31500032D9072655C6765636B6F5F73646B5F342E315B
S31500032DA02E335C706C6174666F726D5C656D6C69F5
S31500032DB0625C696E632F656D5F74696D65722E68FB
S31500032DC0002E2E2F6C635F636F6D706F6E656E746E
S31500032DD0732F7372632F6C635F6672657175656EAD
S31500032DE063792E63000A4F4B0D0041542B57414B19
S31500032DF0450D000A4552524F5220253032640D00CC
S31500032E004400000044000000050000000500000027
S31500032E104154000000000000000000000000000014
S31500032E20000000000000000041542B49325200000C
S31500032E300202000000000000000000000000000085
S31500032E4000000000010000002F00000041542B4940
S31500032E5032570000010100000000000000000000DE
S31500032E60000000000000000041542B53494F43006B
S31500032E700303000000000000000000000000000043
S31500032E80000000000A256C640D000000010000002C
S31500032E902F00000041542B53494F520001010000FB
S31500032EA00000000000000000000000000000000019
S31500032EB0010000002F00000041542B53494F5700D7
S31500032EC002020000000000000000000000000000F5
S31500032ED00000000041542B5350520000020300002F
S31500032EE000000000000000000000000000000000D9
S31500032EF041542B535057000002020000000000000B
S31500032F0000000000000000000000000041545A00C9
S31500032F1000000000000000000000000000000000A8
S31500032F2000000000000000303132333435363738C4
S31500032F3039414243444546000000000000000000BA
S31500032F40000000000000000000000000FF1C00005D
S31500032F507F1D0000000000000000000000000000CC
S31500032F6000000000000000007F1C00007F1C000022
S31500032F707F1C00007F1C00007F1C00007F1E0000DA
S31500032F800000000000000000000000000000000038
S31500032F900000000000000000000000000000000028
S31500032FA00000000000000000000000000000000018
S31500032FB00000000000000000000000000000000008
S31500032FC000000000000000000000000000000000F8
S31500032FD000000000000000000000000000000000E8
S31500032FE000000000000000000000000000000000D8
S31500032FF00000000000000000FFFFFFFFFFFFFFFFD0
S31500033000FFFF03020303FFFFFFFFFFFFFFFFFFFFB8
S31500033010020502040203020202010200FFFFFFFF90
S31500033020FFFFFFFFFFFFFFFFFFFFFFFFFFFFFFFFA7
S31500033030FFFFFFFFFFFFFFFFFFFFFFFFFFFFFFFF97
S31500033040FFFFFFFFFFFFFFFFFFFFFFFFFFFFFFFF87
S31500033050FFFFFFFFFFFFFFFF11100F0E0D0C06050D
S315000330600000000000000000000000000000000057
S315000330700000000000000000000000000000000047
S3150003308000000000000000002E2E2F6765636B6FA3
S315000330905F73646B5F342E312E332F706C617466ED
S315000330A06F726D2F736572766963652F7564656CD0
S315000330B061792F7372632F736C5F7564656C6179C5
S315000330C02E63002E2E2F6765636B6F5F73646B5FD2
S315000330D0342E312E332F706C6174666F726D2F73BD
S315000330E06572766963652F736C65657074696D6562
S315000330F0722F7372632F736C5F736C65657074697B
S315000331006D65722E630000000100000001000000DF
S31500033110000000002E2E2F6765636B6F5F73646B71
S315000331205F342E312E332F706C6174666F726D2F80
S31500033130736572766963652F696F73747265616D02
S315000331402F7372632F736C5F696F73747265616D2E
S315000331505F72657461726765745F737464696F2EF9
S3150003316063002E2E2F6765636B6F5F73646B5F342B
S315000331702E312E332F706C6174666F726D2F7365EB
S3150003318072766963652F696F73747265616D2F73E8
S3150003319072632F736C5F696F73747265616D5F75AC
S315000331A06172742E630001030401010109032E2ECB
S315000331B02F6765636B6F5F73646B5F342E312E33DA
S315000331C02F706C6174666F726D2F656D6C69622FFB
S315000331D07372632F656D5F62757274632E63002E5F
S315000331E02E2F6765636B6F5F73646B5F342E312EAF
S315000331F0332F706C6174666F726D2F656D6C6962C7
S315000332002F7372632F656D5F636D752E6300020105
S3150003321001030302060105042E2E2F6765636B6FF8
S315000332205F73646B5F342E312E332F706C6174665B
S315000332306F726D2F656D6C69622F7372632F656D87
S315000332405F636F72652E63002E2E2F6765636B6F48
S315000332505F73646B5F342E312E332F706C6174662B
S315000332606F726D2F656D6C69622F7372632F656D57
S315000332705F656D752E63002E2E2F6765636B6F5F1B
S3150003328073646B5F342E312E332F706C6174666FEB
S31500033290726D2F656D6C69622F7372632F656D5F37
S315000332A06575736172742E6300433A5C4A656E6B8F
S315000332B0696E735C776F726B73706163655C696368
S315000332C069747953747564696F5F726D31323678D8
S315000332D05F6669726D776172655F6D61696E5C7752
S315000332E06F726B73706163655F726D313236325C18
S315000332F0726D313236785F6669726D776172655CBD
S315000333006765636B6F5F73646B5F342E312E335C5B
S31500033310706C6174666F726D5C656D6C69625C6915
S315000333206E632F656D5F6275732E68002E2E2F6791
S3150003333065636B6F5F73646B5F342E312E332F704F
S315000333406C6174666F726D2F656D6C69622F737233
S31500033350632F656D5F6770696F2E63002E2E2F676F
S3150003336065636B6F5F73646B5F342E312E332F701F
S315000333706C6174666F726D2F656D6C69622F737203
S31500033380632F656D5F6932632E63000080841E00C0
S31500033390404B4C00809FD50080841E00405489001A
S315000333A0002D3101080911082E2E2F6765636B6FF7
S315000333B05F73646B5F342E312E332F706C617466CA
S315000333C06F726D2F656D6C69622F7372632F656DF6
S315000333D05F696164632E63002E2E2F6765636B6FCF
S315000333E05F73646B5F342E312E332F706C6174669A
S315000333F06F726D2F656D6C69622F7372632F656DC6
S315000334005F6C646D612E63002E2E2F6765636B6F91
S315000334105F73646B5F342E312E332F706C61746669
S315000334206F726D2F656D6C69622F7372632F656D95
S315000334305F6D73632E63002E2E2F6765636B6F5F5D
S3150003344073646B5F342E312E332F706C6174666F29
S31500033450726D2F656D6C69622F7372632F656D5F75
S31500033460727463632E63002E2E2F6765636B6F5F23
S3150003347073646B5F342E312E332F706C6174666FF9
S31500033480726D2F656D6C69622F7372632F656D5F45
S3150003349074696D65722E63002E2E2F6765636B6FDD
S315000334A05F73646B5F342E312E332F706C617466D9
S315000334B06F726D2F656D6C69622F7372632F656D05
S315000334C05F75736172742E63002E2E2F6765636BAF
S315000334D06F5F73646B5F342E312E332F706C6174A0
S315000334E0666F726D2F656D6472762F737069647281
S315000334F0762F7372632F7370696472762E6300007E
S31500033500050000000000000040420F000501000016
S31500033510000000000000000000000000B9D8000011
S31500033520B5D8000081D800003DD80000F1D80000CE
S31500033530C3D8000041D80000020000002C000000A0
S315000335401E0000032E2E2F6765636B6F5F73646B1C
S315000335505F342E312E332F706C6174666F726D2F4C
S315000335606472697665722F70776D2F7372632F732A
S315000335706C5F70776D2E63002E2E2F6765636B6FFE
S315000335805F73646B5F342E312E332F706C617466F8
S315000335906F726D2F6472697665722F693263737009
S315000335A06D2F7372632F736C5F69326373706D2E45
S315000335B063002E2E2F6765636B6F5F73646B5F34D7
S315000335C02E312E332F706C6174666F726D2F636F9D
S315000335D06D6D6F6E2F7372632F736C5F736C69738C
S315000335E0742E630001020203000000002020202045
S315000335F0202020202028282828282020202020209A
S315000336002020202020202020202020208810101079
S3150003361010101010101010101010101004040404D1
S315000336200404040404041010101010101041414146
S3150003363041414101010101010101010101010101B1
S315000336400101010101010110101010101042424244
S315000336504242420202020202020202020202020281
S3150003366002020202020202101010102000000000E3
S315000336700000000000000000000000000000000041
S315000336800000000000000000000000000000000031
S315000336900000000000000000000000000000000021
S315000336A00000000000000000000000000000000011
S315000336B00000000000000000000000000000000001
S315000336C000000000000000000000000000000000F1
S315000336D000000000000000000000000000000000E1
S315000336E00000000000000000000000004C0F002056
S315000336F000000000000000000000000000000000C1
S3150003370000000000000000000000000000000000B0
S3150003371000000000000000000000000000000000A0
S315000337200000000000000000000000000000000090
S315000337300000000000000000000000000000000080
S315000337400000000000000000000000000000000070
S31500033750232D302B2000686C4C0065666745464771
S3150003376000303132333435363738394142434445F4
S315000337704600303132333435363738396162636463
S31500033780656600737461636B5F6964203C204E5504
S315000337904D4245525F4F465F535441434B53006C72
S315000337A06F726177616E5F6170695F636C6173737A
S315000337B05F625F656E61626C65645F676574006C0A
S315000337C06F726177616E5F6170695F636C6173735A
S315000337D05F625F656E61626C6564006C6F726177D0
S315000337E0616E5F6170695F6765745F64657669635F
S315000337F0655F74696D655F7265715F737461747516
S3150003380073006C6F726177616E5F6170695F676584
S31500033810745F6C696E6B5F636865636B5F616E7320
S31500033820006C6F726177616E5F6170695F67657463
S315000338305F74696D657374616D705F6C6173745FDA
S315000338406465766963655F74696D655F616E735FF1
S3150003385073006C6F726177616E5F6170695F697324
S315000338605F74696D655F76616C6964006C6F726124
S3150003387077616E5F6170695F6765745F66726571B4
S3150003388075656E63795F666163746F72006C6F72E0
S315000338906177616E5F6170695F636F6E766572747F
S315000338A05F7274635F746F5F6770735F65706F6376
S315000338B0685F74696D65006C6F726177616E5F61D5
S315000338C070695F6765745F726567696F6E616C5F68
S315000338D0706172616D65746572735F766572736923
S315000338E06F6E006C6F726177616E5F6170695F679F
S315000338F065745F737065635F76657273696F6E0077
S315000339006C6F726177616E5F6170695F7374616317
S315000339106B5F6D61635F676574006C6F726177617E
S315000339206E5F6170695F6C6F72615F64725F746F03
S315000339305F73665F6277006C6F726177616E5F615A
S3150003394070695F617661696C61626C655F696E74EB
S315000339505F6164725F676574006C6F726177616E35
S315000339605F6170695F617661696C61626C655F6CEA
S31500033970696E6B5F6164725F676574006C6F726119
S3150003398077616E5F6170695F6D6F64656D5F6365B7
S315000339907274696669636174696F6E5F69735F6583
S315000339A06E61626C6564006C6F726177616E5F61F4
S315000339B070695F6D6F64656D5F636572746966696F
S315000339C0636174696F6E5F736574006C6F726177A0
S315000339D0616E5F6170695F72657365745F6E6F5F59
S315000339E072785F7061636B65745F696E5F6D6F623A
S315000339F0696C655F6D6F64655F636E74006C6F728F
S31500033A006177616E5F6170695F6765745F636C613F
S31500033A1073735F625F737461747573006C6F726145
S31500033A2077616E5F6170695F6D756C7469636173ED
S31500033A30745F625F73746F705F73657373696F6EC0
S31500033A40006C6F726177616E5F6170695F6D756C33
S31500033A507469636173745F625F73746172745F73B5
S31500033A60657373696F6E006C6F726177616E5F6108
S31500033A7070695F6D756C7469636173745F635F739B
S31500033A80746F705F73657373696F6E006C6F7261C9
S31500033A9077616E5F6170695F6D756C74696361737D
S31500033AA0745F635F73746172745F73657373696F55
S31500033AB06E006C6F726177616E5F6170695F6D75C1
S31500033AC06C7469636173745F6465726976655F6755
S31500033AD0726F75705F6B657973006C6F7261776176
S31500033AE06E5F6170695F6D756C7469636173745F32
S31500033AF07365745F66636E745F646F776E5F72611E
S31500033B006E6765006C6F726177616E5F6170695F86
S31500033B106D756C7469636173745F6765745F6772EF
S31500033B206F75705F61646472657373006C6F726145
S31500033B3077616E5F6170695F6D756C7469636173DC
S31500033B40745F7365745F67726F75705F61646472C7
S31500033B50657373006C6F726177616E5F6170695F25
S31500033B60636C6173735F635F656E61626C6564004A
S31500033B706C6F726177616E5F6170695F7365745FA5
S31500033B8070696E675F736C6F745F706572696F647B
S31500033B906963697479006C6F726177616E5F6170D6
S31500033BA0695F6E6578745F6E6574776F726B5F6657
S31500033BB07265655F647574795F6379636C655F6D60
S31500033BC0735F676574006C6F726177616E5F6170B6
S31500033BD0695F6E6578745F6A6F696E5F74696D6538
S31500033BE05F7365636F6E645F676574006C6F7261A4
S31500033BF077616E5F6170695F6D61736B5F74785F28
S31500033C0064725F6368616E6E656C5F75705F64771F
S31500033C10656C6C5F74696D655F636865636B006C87
S31500033C206F726177616E5F6170695F6765745F6DFF
S31500033C306F64756C6174696F6E5F747970655F66C6
S31500033C40726F6D5F6461746172617465006C6F722B
S31500033C506177616E5F6170695F6765745F70696ED6
S31500033C60675F736C6F745F696E666F5F7265715FB2
S31500033C70737461747573006C6F726177616E5F61E3
S31500033C8070695F7365745F6E776B6B6579006C6FD4
S31500033C90726177616E5F6170695F7365745F61708E
S31500033CA0706B6579006C6F726177616E5F617069C5
S31500033CB05F7365745F6A6F696E657569006C6F72B1
S31500033CC06177616E5F6170695F7365745F64657662
S31500033CD0657569006C6F726177616E5F6170695FAC
S31500033CE0646576616464725F736574006C6F726198
S31500033CF077616E5F6170695F646576616464725F44
S31500033D00676574006C6F726177616E5F6170695F7E
S31500033D10626561636F6E5F6765745F73746174690F
S31500033D207374696373006C6F726177616E5F617040
S31500033D30695F6E6578745F6D61785F7061796C6FCA
S31500033D4061645F6C656E6774685F676574006C6F4A
S31500033D50726177616E5F6170695F7365745F6163DA
S31500033D607469766174696F6E5F6D6F6465006C6FFD
S31500033D70726177616E5F6170695F6765745F6163C6
S31500033D807469766174696F6E5F6D6F6465006C6FDD
S31500033D90726177616E5F6170695F70726F6365737D
S31500033DA073006C6F726177616E5F6170695F6472D5
S31500033DB05F637573746F6D5F736574006C6F7261A7
S31500033DC077616E5F6170695F64725F737472617449
S31500033DD06567795F736574006C6F726177616E5F97
S31500033DE06170695F6A6F696E5F7374617475735F1F
S31500033DF0636C656172006C6F726177616E5F61708F
S31500033E00695F69736A6F696E6564006C6F72617767
S31500033E10616E5F6170695F6A6F696E006C6F726174
S31500033E2077616E5F6170695F73656E645F737461FA
S31500033E30636B5F6369645F726571006C6F72617750
S31500033E40616E5F6170695F7061796C6F61645F73E6
S31500033E50656E64006C6F726177616E5F6170695F36
S31500033E607365745F726567696F6E006C6F726177F5
S31500033E70616E5F6170695F6765745F726567696FBD
S31500033E806E006C6F726177616E5F6170695F696EF8
S31500033E906974006C6F726177616E5F6369645F72E8
S31500033EA06571756573745F6164645F7461736B00D8
S31500033EB06C6F726177616E5F636C6173735F625F70
S31500033EC06D616E6167656D656E745F6F626A5B28AF
S31500033ED0202820737461736B5F6D616E6167657211
S31500033EE02A202920636F6E7465787420292D3E6D10
S31500033EF06F64656D5F7461736B5B28202820737430
S31500033F0061736B5F6D616E616765722A2029206339
S31500033F106F6E7465787420292D3E6E6578745F74B0
S31500033F2061736B5F69645D2E737461636B5F696450
S31500033F305D2E696E697469616C697A6564203D3DBD
S31500033F402074727565006C6F726177616E5F636C66
S31500033F506173735F625F6D616E6167656D656E74D4
S31500033F605F6F626A5B737461636B5F69645D2E691D
S31500033F706E697469616C697A6564203D3D2074726B
S31500033F807565006C6F726177616E5F636C617373E5
S31500033F905F625F6D616E6167656D656E745F7265A5
S31500033FA06D6F76655F7461736B006C6F72617761B9
S31500033FB06E5F636C6173735F625F6D616E6167658C
S31500033FC06D656E745F6164645F7461736B006C6FBF
S31500033FD0726177616E5F636C6173735F625F6D615C
S31500033FE06E6167656D656E745F656E61626C6500B3
S31500033FF06C6F726177616E5F636C6173735F625F2F
S315000340006D616E6167656D656E745F736572766902
S3150003401063655F6F6E5F6C61756E6368006C6F726C
S315000340206177616E5F636C6173735F625F6D616E0F
S315000340306167656D656E745F736572766963655FE7
S315000340406F6E5F757064617465006C6F7261776122
S315000340506E5F64776E5F61636B5F6164645F7461F7
S31500034060736B006D6F64656D5F73757065727669EA
S31500034070736F725F6164645F7461736B2820267467
S3150003408061736B5F6A6F696E2029203D3D20544141
S31500034090534B5F56414C4944006C6F726177616EB6
S315000340A05F6A6F696E5F6164645F7461736B006CF2
S315000340B06F726177616E5F6A6F696E5F696E746551
S315000340C0726E616C5F6164645F7461736B006D6FC4
S315000340D064656D5F73757065727669736F725F6120
S315000340E064645F7461736B2820267461736B5F73FA
S315000340F0656E642029203D3D205441534B5F564154
S315000341004C4944006C6F726177616E5F73656E64D0
S315000341105F6164645F7461736B00696478203C203B
S315000341204E554D4245525F4F465F414C4353594EA0
S31500034130435F4F424A002A736572766963655F6916
S3150003414064203C204E554D4245525F4F465F414CDD
S315000341504353594E435F4F424A006374782D3E746E
S31500034160785F7061796C6F61645F696E64657820EE
S315000341703C3D206D61785F7061796C6F61645F6F40
S3150003418075745F6C656E677468006C6F72617761D6
S315000341906E5F616C6373796E635F6765745F677087
S315000341A0735F74696D655F7365636F6E64006C6FCF
S315000341B0726177616E5F616C6373796E635F72655B
S315000341C071756573745F73796E63006C6F72617773
S315000341D0616E5F616C6373796E635F7365745F654C
S315000341E06E61626C6564006C6F726177616E5F61AC
S315000341F06C6373796E635F6D70615F696E6A656325
S31500034200746F72006C6F726177616E5F616C63735A
S31500034210796E635F736572766963655F6F6E5F75EB
S315000342207064617465006C6F726177616E5F616C57
S315000342306373796E635F736572766963655F6F6EC9
S315000342405F6C61756E6368006C6F726177616E5F38
S31500034250616C6373796E635F7365727669636573A5
S315000342605F696E697400010602025461736B206E06
S315000342706F742076616C69640A006E6F74207661D0
S315000342806C696420736572766963655F696420256A
S3150003429064006374782D3E666D705F74785F706139
S315000342A0796C6F61645F616E735F73697A65203CD5
S315000342B03D206D61785F7061796C6F61645F6F75C6
S315000342C0745F6C656E677468006C6F726177616E9C
S315000342D05F666D705F6D70615F696E6A6563746F4B
S315000342E07200666D705F6164645F7461736B006C0A
S315000342F06F726177616E5F666D705F7061636B612C
S3150003430067655F73657276696365735F696E697402
S31500034310000101050401056374782D3E6672616729
S315000343206D656E746174696F6E5F74785F706179C1
S315000343306C6F61645F616E735F73697A65203C3D80
S31500034340206D61785F7061796C6F61645F6F7574FE
S315000343505F6C656E677468006C6F726177616E5F20
S31500034360667261676D656E746174696F6E5F7061A5
S31500034370636B6167655F736572766963655F6D70AD
S31500034380615F696E6A6563746F72006C6F726177E1
S31500034390616E5F667261676D656E746174696F6E77
S315000343A05F6164645F7461736B006C6F72617761E4
S315000343B06E5F667261676D656E746174696F6E5F59
S315000343C07061636B6167655F736572766963657355
S315000343D05F696E69740001020B03696478203C20EF
S315000343E04E554D4245525F4F465F434552544946EB
S315000343F05F4F424A00030303030303030303030359
S315000344000303030303002A736572766963655F69B1
S3150003441064203C204E554D4245525F4F465F43450F
S31500034420525449465F4F424A006C6F726177616E20
S315000344305F63657274696669636174696F6E5F73DE
S315000344406572766963655F6F6E5F6C61756E6368CF
S31500034450006C6F726177616E5F636572746966691A
S31500034460636174696F6E5F736572766963655F6FA7
S315000344706E5F757064617465006C6F726177616EEF
S315000344805F63657274696669636174696F6E5F738E
S31500034490657276696365735F696E6974000000000F
S315000344A005000A0014001E00280032003C007800B4
S315000344B0F000E001616E735F696E646578203C3DD0
S315000344C0206D61785F7061796C6F61645F6F75747D
S315000344D05F6C656E677468006D70615F7061636BB6
S315000344E06167655F7061727365725F696E74657229
S315000344F06E616C006D70615F6164645F7461736BA0
S31500034500006C6F726177616E5F6D70615F7061637E
S315000345106B6167655F73657276696365735F696E01
S3150003452069740001010300001D5C01007D45010063
S31500034530156B01008D4D01004D4901002D5C0100F5
S315000345403D430100216B0100C15101005D4901009A
S315000345506374782D3E72656D6F74655F6D756C74EB
S3150003456069636173745F74785F7061796C6F61649A
S315000345705F616E735F73697A65203C3D206D617878
S315000345805F7061796C6F61645F6F75745F6C656E84
S31500034590677468006C6F726177616E5F72656D6FC9
S315000345A074655F6D756C7469636173745F73657449
S315000345B075705F6D70615F696E6A6563746F7200B3
S315000345C06C6F726177616E5F72656D6F74655F6D37
S315000345D0756C7469636173745F73657475705F6119
S315000345E064645F7461736B006C6F726177616E5F95
S315000345F072656D6F74655F6D756C746963617374F1
S315000346005F73657475705F7061636B6167655F7314
S31500034610657276696365735F696E69740001021E6C
S31500034620020B0B72616C665F73657475705F676608
S31500034630736B282072702D3E726164696F2C20267D
S3150003464072702D3E726164696F5F706172616D7322
S315000346505B69645D2E72782E6766736B2029203D35
S315000346603D2052414C5F5354415455535F4F4B00C9
S3150003467072616C5F7365745F64696F5F6972715FA2
S31500034680706172616D73282026282072702D3E7228
S315000346906164696F2D3E72616C20292C2052414C56
S315000346A05F4952515F52585F444F4E45207C20521A
S315000346B0414C5F4952515F52585F54494D454F55DE
S315000346C054207C2052414C5F4952515F52585F43FC
S315000346D052435F4552524F522029203D3D205241BD
S315000346E04C5F5354415455535F4F4B0072616C5F9B
S315000346F07365745F7278282026282072702D3E72A7
S315000347006164696F2D3E72616C20292C2072702DB5
S315000347103E726164696F5F706172616D735B696438
S315000347205D2E72782E74696D656F75745F696E5F41
S315000347306D732029203D3D2052414C5F5354415413
S3150003474055535F4F4B0072616C665F73657475708A
S315000347505F6C6F7261282072702D3E726164696F9F
S315000347602C202672702D3E726164696F5F706172D0
S31500034770616D735B69645D2E72782E6C6F72612056
S3150003478029203D3D2052414C5F5354415455535FBC
S315000347904F4B0072616C5F7365745F64696F5F6929
S315000347A072715F706172616D7328202628207270A2
S315000347B02D3E726164696F2D3E72616C20292C2037
S315000347C052414C5F4952515F52585F444F4E452008
S315000347D07C2052414C5F4952515F52585F54494DB8
S315000347E0454F5554207C2052414C5F4952515F52EC
S315000347F0585F4844525F4552524F52207C205241E3
S315000348004C5F4952515F52585F4352435F45525280
S315000348104F522029203D3D2052414C5F5354415471
S3150003482055535F4F4B0072616C665F7365747570A9
S315000348305F6766736B282072702D3E726164696FC1
S315000348402C202672702D3E726164696F5F706172EF
S31500034850616D735B69645D2E74782E6766736B2076
S3150003486029203D3D2052414C5F5354415455535FDB
S315000348704F4B0072616C5F7365745F64696F5F6948
S3150003488072715F706172616D7328202628207270C1
S315000348902D3E726164696F2D3E72616C20292C2056
S315000348A052414C5F4952515F54585F444F4E452025
S315000348B029203D3D2052414C5F5354415455535F8B
S315000348C04F4B0072616C5F7365745F706B745F70DE
S315000348D061796C6F6164282026282072702D3E72E0
S315000348E06164696F2D3E72616C20292C2072702DD4
S315000348F03E7061796C6F61645B69645D2C207270D4
S315000349002D3E7061796C6F61645F62756666657270
S315000349105F73697A655B69645D2029203D3D20529A
S31500034920414C5F5354415455535F4F4B0072616C76
S315000349305F7365745F7478282026282072702D3E75
S31500034940726164696F2D3E72616C20292029203DB6
S315000349503D2052414C5F5354415455535F4F4B00D6
S3150003496072616C665F73657475705F6C6F726128D4
S315000349702072702D3E726164696F2C202672702D31
S315000349803E726164696F5F706172616D735B6964C6
S315000349905D2E74782E6C6F72612029203D3D205266
S315000349A0414C5F5354415455535F4F4B0072616CF6
S315000349B05F6C725F666873735F696E69742820261D
S315000349C0282072702D3E726164696F2D3E72616C90
S315000349D020292C202672702D3E726164696F5F70E8
S315000349E06172616D735B69645D2E74782E6C725FA0
S315000349F0666873732E72616C5F6C725F666873733D
S31500034A005F706172616D732029203D3D2052414CD8
S31500034A105F5354415455535F4F4B0072616C5F7340
S31500034A2065745F74785F6366672820262820727032
S31500034A302D3E726164696F2D3E72616C20292C20B4
S31500034A4072702D3E726164696F5F706172616D731E
S31500034A505B69645D2E74782E6C725F666873732E61
S31500034A606F75747075745F7077725F696E5F646279
S31500034A706D2C2072702D3E726164696F5F70617276
S31500034A80616D735B69645D2E74782E6C725F666804
S31500034A9073732E72616C5F6C725F666873735F709B
S31500034AA06172616D732E63656E7465725F6672659E
S31500034AB07175656E63795F696E5F687A2029203D3B
S31500034AC03D2052414C5F5354415455535F4F4B0065
S31500034AD072616C5F7365745F64696F5F6972715F3E
S31500034AE0706172616D73282026282072702D3E72C4
S31500034AF06164696F2D3E72616C20292C2052414CF2
S31500034B005F4952515F54585F444F4E45207C2052B3
S31500034B10414C5F4952515F4C525F464853535F487D
S31500034B204F502029203D3D2052414C5F5354415460
S31500034B3055535F4F4B0072616C5F6C725F666873AF
S31500034B40735F6275696C645F6672616D65282026A2
S31500034B50282072702D3E726164696F2D3E72616CFE
S31500034B6020292C202672702D3E726164696F5F7056
S31500034B706172616D735B69645D2E74782E6C725F0E
S31500034B80666873732E72616C5F6C725F66687373AB
S31500034B905F706172616D732C20282072616C5F6C8B
S31500034BA0725F666873735F6D656D6F72795F737439
S31500034BB06174655F7420292072702D3E7261646989
S31500034BC06F5F706172616D735B69645D2E6C725F9A
S31500034BD0666873735F73746174652C2072702D3EFF
S31500034BE0726164696F5F706172616D735B69645D45
S31500034BF02E74782E6C725F666873732E686F705F9F
S31500034C0073657175656E63655F69642C2072702DBB
S31500034C103E7061796C6F61645B69645D2C207270B0
S31500034C202D3E7061796C6F61645F6275666665724D
S31500034C305F73697A655B69645D2029203D3D205277
S31500034C40414C5F5354415455535F4F4B0043727964
S31500034C5070746F206572726F7220647572696E6705
S31500034C60207061796C6F616420656E63727970740C
S31500034C70696F6E0A0043727970746F206572726F82
S31500034C807220647572696E67206D696320636F6D48
S31500034C907075746174696F6E0A0072616C5F6C7211
S31500034CA05F666873735F6765745F686F705F73656C
S31500034CB07175656E63655F636F756E742820266C08
S31500034CC072315F6D61632D3E72702D3E7261646950
S31500034CD06F2D3E72616C2C20266C725F666873734F
S31500034CE05F706172616D2E72616C5F6C725F666874
S31500034CF073735F706172616D732C20266E625F6DD4
S31500034D0061785F686F705F73657175656E63652043
S31500034D1029203D3D2052414C5F5354415455535F26
S31500034D204F4B005458204D4F44554C4154494F4E18
S31500034D30204E4F5420535550504F525445440A0069
S31500034D4052582077696E646F777320756E6B6E6F3A
S31500034D50770A0043727970746F206572726F7220DE
S31500034D60647572696E67206A6F696E206D69632068
S31500034D70636F6D7075746174696F6E0A0052656155
S31500034D806368206D6178207478206672616D652092
S31500034D90776974686F757420646C2C20756C206356
S31500034DA06E743A25640A002044617461205261746A
S31500034DB06520696E636F6D70617469626C652077D7
S31500034DC0697468206368616E6E656C206D61736BD0
S31500034DD00A0052782057696E646F7720696E766190
S31500034DE06C69640A0043727970746F206572726F1E
S31500034DF07220647572696E67207061796C6F616485
S31500034E002064656372797074696F6E0A006C72311F
S31500034E105F737461636B5F746F615F676574006C66
S31500034E2072315F737461636B5F6D61635F6A6F6930
S31500034E306E5F726571756573745F6275696C640024
S31500034E406C72315F737461636B5F6D61635F7478FA
S31500034E505F6C725F666873735F6C61756E63685FC0
S31500034E6063616C6C6261636B5F666F725F72700025
S31500034E706C72315F737461636B5F6D61635F7478CA
S31500034E805F6766736B5F6C61756E63685F63616CA6
S31500034E906C6261636B5F666F725F7270006C723116
S31500034EA05F737461636B5F6D61635F74785F6C6F6F
S31500034EB072615F6C61756E63685F63616C6C62617E
S31500034EC0636B5F666F725F7270006C72315F7374CF
S31500034ED061636B5F6D61635F74785F6672616D6555
S31500034EE05F656E6372797074006C72315F7374619F
S31500034EF0636B5F6D61635F757064617465006C728B
S31500034F00315F737461636B5F6D61635F72785F6654
S31500034F1072616D655F6465636F6465006C72315FB2
S31500034F20737461636B5F6D61635F72785F74696DE0
S31500034F3065725F636F6E666967757265006C723161
S31500034F405F737461636B5F6D61635F72705F6361EF
S31500034F506C6C6261636B006C72315F737461636B5B
S31500034F605F6D61635F72785F726164696F5F7374AB
S31500034F70617274006C72315F737461636B5F6D6130
S31500034F80635F74785F726164696F5F73746172746F
S31500034F90006C72315F737461636B5F6D61635F7223
S31500034FA0785F6766736B5F6C61756E63685F636179
S31500034FB06C6C6261636B5F666F725F7270006C72BA
S31500034FC0315F737461636B5F6D61635F72785F6C8E
S31500034FD06F72615F6C61756E63685F63616C6C624F
S31500034FE061636B5F666F725F727000080A0C0D0E69
S31500034FF010121415181A1B1D1E21244641494C5321
S31500035000414645204556454E54204F43435552206D
S31500035010286C72316D61635F73746174653A3078BD
S315000350202578290A00496C6C6567616C2073746185
S31500035030746520696E206C6F726177616E20707281
S315000350406F636573730A006C72316D61635F636FBF
S3150003505072655F70726F63657373000007000A0001
S315000350600F0014001F0029003E007D00CB00FA004C
S315000350709601F4012C035906000003020102030200
S3150003508001010200000000000000000020696E76A6
S31500035090616C696420626561636F6E207366257552
S315000350A00072705F7461736B5F656E7175657565AC
S315000350B028206C72315F626561636F6E5F6F626A2F
S315000350C02D3E72702C202672705F7461736B2C20D8
S315000350D06C72315F626561636F6E5F6F626A2D3EEC
S315000350E0626561636F6E5F6275666665722C2042E8
S315000350F04541434F4E5F53495A452C202672705FF4
S31500035100726164696F5F706172616D732029203DFE
S315000351103D2052505F484F4F4B5F535441545553B4
S315000351205F4F4B00626561636F6E5F6964203D3D4F
S31500035130206C72315F626561636F6E5F6F626A2DA9
S315000351403E626561636F6E5F736E6966665F69640F
S315000351505F72700013111315176765745F626561DB
S31500035160636F6E5F6C656E67746800736D74635FFF
S31500035170626561636F6E5F736E6966665F6C6175A8
S315000351806E63685F63616C6C6261636B5F666F72AB
S315000351905F727000626561636F6E5F72705F7265E6
S315000351A0717565737400736D74635F626561636FB4
S315000351B06E5F736E6966665F7374617274004372C1
S315000351C07970746F206572726F72207768696C6587
S315000351D02067657474696E6720636C61737320421C
S315000351E02072616E64206E756D62657220666F72E1
S315000351F02070696E6720736C6F74206F66667365C3
S315000352007420636F6D7075746174696F6E00706975
S315000352106E675F736C6F745F6F626A20626164208E
S31500035220696E697469616C697A6174696F6E200A63
S3150003523000736D74635F70696E675F736C6F745F21
S31500035240636F6D707574655F66697273745F736C93
S315000352506F7400736D74635F70696E675F736C6FF1
S31500035260745F636F6D707574655F646F776E6C6979
S315000352706E6B5F746F6100736D74635F70696E67E5
S315000352805F736C6F745F6D61635F72785F66726183
S315000352906D655F6465636F64650070696E675F73F0
S315000352A06C6F745F6D61635F72785F6C6F72615F61
S315000352B06C61756E63685F63616C6C6261636B5F7F
S315000352C0666F725F727000736D74635F70696E6789
S315000352D05F736C6F745F737461727400636C617374
S315000352E0735F635F6F626A2062616420696E6974CB
S315000352F069616C697A6174696F6E200A006E6F204A
S315000353005278432073657373696F6E20656E6162AD
S315000353106C65640A006C72316D61635F636C617303
S31500035320735F635F6D61635F72785F6672616D65FC
S315000353305F6465636F6465006C72316D61635F639F
S315000353406C6173735F635F6C61756E636800736D25
S3150003535074635F72656C61795F6765745F646566C4
S3150003536061756C745F6368616E6E656C5F636F6EA7
S3150003537066696700736D74635F6D6F64656D5F6304
S31500035380727970746F5F7365745F6B6579282053E8
S315000353904D54435F52454C41595F574F525F535FDC
S315000353A0454E435F4B45592C20776F725F735F659C
S315000353B06E635F6B65792C2052454C41595F53549C
S315000353C041434B5F49442029203D3D20534D5443DF
S315000353D05F4D4F44454D5F43525950544F5F5243BF
S315000353E05F5355434345535300736D74635F73654E
S315000353F0637572655F656C656D656E745F61657314
S315000354005F656E63727970742820615F626C6F6387
S315000354106B2C2031362C20534D54435F52454C415F
S31500035420595F574F525F535F454E435F4B45592C68
S3150003543020735F626C6F636B2C2052454C41595F3E
S31500035440535441434B5F49442029203D3D20534D4E
S3150003545054435F53455F52435F5355434345535349
S3150003546000736D74635F6D6F64656D5F63727970EE
S31500035470746F5F7365745F6B65792820534D54436E
S315000354805F52454C41595F574F525F535F494E54E4
S315000354905F4B45592C20776F725F735F696E745F3C
S315000354A06B65792C2052454C41595F535441434B0C
S315000354B05F49442029203D3D20534D54435F4D4FC2
S315000354C044454D5F43525950544F5F52435F5355C2
S315000354D0434345535300736D74635F73656375721A
S315000354E0655F656C656D656E745F636F6D7075740E
S315000354F0655F6165735F636D616328206D69635FD3
S3150003550062785F6275666665722C2062756666658B
S31500035510722C2073697A652C20534D54435F524590
S315000355204C41595F574F525F535F494E545F4B454A
S31500035530592C20266D696333322C2052454C415930
S315000355405F535441434B5F49442029203D3D20533B
S315000355504D54435F53455F52435F5355434345534E
S315000355605300556E6B6E6F7720574F5220747970C8
S315000355706500736D74635F7365637572655F656CF0
S31500035580656D656E745F6465726976655F616E6489
S315000355905F73746F72655F6B65792820626C6F63E6
S315000355A06B2C20534D54435F53455F4E574B5F530C
S315000355B05F454E435F4B45592C20534D54435F5231
S315000355C0454C41595F524F4F545F574F525F535F9C
S315000355D04B45592C2052454C41595F535441434B3B
S315000355E05F49442029203D3D20534D54435F534595
S315000355F05F52435F5355434345535300736D74637F
S315000356005F7365637572655F656C656D656E745F03
S315000356106465726976655F616E645F73746F7265E4
S315000356205F6B65792820626C6F636B2C20534D5436
S31500035630435F52454C41595F524F4F545F574F5248
S315000356405F535F4B45592C20534D54435F52454C92
S3150003565041595F574F525F535F494E545F4B45590C
S315000356602C2052454C41595F535441434B5F4944A7
S315000356702029203D3D20534D54435F53455F5243FC
S315000356805F5355434345535300736D74635F7365AB
S31500035690637572655F656C656D656E745F6465726F
S315000356A06976655F616E645F73746F72655F6B6560
S315000356B0792820626C6F636B2C20534D54435F52E1
S315000356C0454C41595F524F4F545F574F525F535F9B
S315000356D04B45592C20534D54435F52454C41595F1A
S315000356E0574F525F535F454E435F4B45592C2052EC
S315000356F0454C41595F535441434B5F49442029204C
S315000357003D3D20534D54435F53455F52435F5355CD
S31500035710434345535300736D74635F6D6F64656DE7
S315000357205F63727970746F5F7365745F6B657928F5
S3150003573020534D54435F52454C41595F524F4F548A
S315000357405F574F525F535F4B45592C20726F6F74EF
S315000357505F776F725F735F6B65792C2052454C419F
S31500035760595F535441434B5F49442029203D3D2013
S31500035770534D54435F4D4F44454D5F435259505427
S315000357804F5F52435F5355434345535300736D7401
S31500035790635F7365637572655F656C656D656E746E
S315000357A05F6165735F656E63727970742820626CDE
S315000357B06F636B2C2031362C20534D54435F524577
S315000357C04C41595F524F4F545F574F525F535F4B94
S315000357D045592C20776F725F735F696E745F6B65D3
S315000357E0792C2052454C41595F535441434B5F49F1
S315000357F0442029203D3D20534D54435F53455F527A
S31500035800435F5355434345535300736D74635F734B
S3150003581065637572655F656C656D656E745F6165FD
S31500035820735F656E63727970742820626C6F636B45
S315000358302C2031362C20534D54435F52454C41594D
S315000358405F524F4F545F574F525F535F4B45592C2F
S3150003585020776F725F735F656E635F6B65792C206C
S3150003586052454C41595F535441434B5F49442029A8
S31500035870203D3D20534D54435F53455F52435F5391
S315000358805543434553530000E803F401FA0064000B
S3150003589032001400776F725F6465726976655F6BB9
S315000358A065797300776F725F6465726976655F7297
S315000358B06F6F745F736B65790063727970746F5F72
S315000358C072656C61795F636F6D707574655F6D6921
S315000358D0630063727970746F5F72656C61795F657B
S315000358E06E637279707400776F725F67656E657247
S315000358F06174655F776F72004452256420534625B1
S31500035900642042572564200A00151616161718191F
S315000359101C001516161717181A1E0072616C5F7392
S3150003592065745F64696F5F6972715F706172616DDF
S3150003593073282026282072702D3E726164696F2DAC
S315000359403E72616C20292C2052414C5F4952515FB3
S315000359504341445F444F4E45207C2052414C5F49AE
S3150003596052515F4341445F4F4B207C2052414C5F71
S315000359704952515F52585F444F4E45207C20524155
S315000359804C5F4952515F52585F54494D454F5554E8
S31500035990207C2052414C5F4952515F52585F484424
S315000359A0525F4552524F52207C2052414C5F49521E
S315000359B0515F52585F4352435F4552524F5220291B
S315000359C0203D3D2052414C5F5354415455535F4F44
S315000359D04B0072616C5F7365745F6C6F72615F63BA
S315000359E06164282026282072702D3E726164696FD7
S315000359F02D3E72616C20292029203D3D2052414CC9
S31500035A005F5354415455535F4F4B00776F725F7228
S31500035A10616C5F63616C6C6261636B5F737461720B
S31500035A20745F727800776F725F72616C5F63616C2B
S31500035A306C6261636B5F73746172745F7478007711
S31500035A406F725F72616C5F63616C6C6261636B5FE3
S31500035A5073746172745F63616400776F725F7261FE
S31500035A606C5F696E69745F74785F61636B00776FEF
S31500035A70725F72616C5F696E69745F72785F6D7372
S31500035A806700776F725F72616C5F696E69745F63DB
S31500035A90616400776F725F72616C5F696E69745FD0
S31500035AA072785F776F7200776F725F72616C5F698E
S31500035AB06E69745F74785F776F72005250206973F2
S31500035AC020627573792C206661696C20696E206388
S31500035AD06F6E6669675F656E71756575655F6E6521
S31500035AE078745F6361640A005258206D657373614D
S31500035AF06765206D6F64756C6174696F6E20756E72
S31500035B00737570706F727465640A005250206973FE
S31500035B1020627573790A0072616C5F7365745F6CDA
S31500035B206F72615F6361645F706172616D73282078
S31500035B3026282072656C61795F696E666F2E7261C5
S31500035B4064696F2D3E72616C20292C202663616483
S31500035B505F706172616D2029203D3D2052414C5F8B
S31500035B605354415455535F4F4B0072616C5F7365D9
S31500035B70745F6C6F72615F636164282026282072EC
S31500035B80656C61795F696E666F2E726164696F2DEC
S31500035B903E72616C20292029203D3D2052414C5FF5
S31500035BA05354415455535F4F4B0052502069732051
S31500035BB0627573792C6661696C20696E20636F6EFA
S31500035BC06669675F656E71756575655F61636B00B1
S31500035BD0496D706F737369626C652076616C756568
S31500035BE00A0017002D005B00B5006A01D402A80560
S31500035BF0500B72656C61795F7278725F74785F6C53
S31500035C0061756E63685F63616C6C6261636B00727E
S31500035C10656C61795F6677645F646C00636F6E665B
S31500035C2069675F656E71756575655F6E6578745FC7
S31500035C30636164006677645F72785F6D73670063A0
S31500035C406F6E6669675F656E71756575655F727898
S31500035C505F6D736700636F6E6669675F656E717507
S31500035C606575655F61636B00636F6E6669675F6326
S31500035C7061645F746F5F72785F776F72006D616ED8
S31500035C806167655F66736D00434F4E4649475F52D2
S31500035C90454C4159004A4F494E5245515F46494C7E
S31500035CA0544552004144445F545255535445445F4E
S31500035CB045440052454D4F56455F5452555354453E
S31500035CC0445F4544004657445F4C494D49540000E0
S31500035CD00100020004000C0040053F0001ED010035
S31500035CE0885C030042020700C1EB0100955C0300D8
S31500035CF0431A000045EB0100A45C030044010100C4
S31500035D00E1EA0100B35C03004505000079EA0100FE
S31500035D10C55C03000000C800900120034006800C08
S31500035D20736D74635F72656C61795F74785F696EB6
S31500035D3069742062616420696E69740A0054435869
S31500035D404F2064656C6179206E6F7420636F6D708C
S31500035D50617469626C6520776974682072656C6129
S31500035D6079206D6F6465200A00736D74635F7265D5
S31500035D706C61795F74785F696E69740030206B4873
S31500035D807A0034206B487A0038206B487A00313623
S31500035D90206B487A003332206B487A00434F4E46D5
S31500035DA049475F4544000000C800900120034006B0
S31500035DB0800C000041060F000DF801009C5D0300F6
S31500035DC0736D74635F647574795F6379636C655F20
S31500035DD06765745F6E6578745F667265655F74691F
S31500035DE06D655F6D730072616C5F7365745F706B75
S31500035DF0745F74797065282026282072702D3E7290
S31500035E006164696F2D3E72616C20292C2072702D9E
S31500035E103E726164696F5F706172616D735B696421
S31500035E205D2E706B745F747970652029203D3D206B
S31500035E3052414C5F5354415455535F4F4B0072616B
S31500035E406C5F7365745F72665F6672657128202680
S31500035E50282072702D3E726164696F2D3E72616CEB
S31500035E6020292C2072702D3E726164696F5F706108
S31500035E7072616D735B69645D2E72782E6766736BF0
S31500035E802E72665F667265715F696E5F687A202936
S31500035E90203D3D2052414C5F5354415455535F4F6F
S31500035EA04B0072616C5F7365745F6766736B5F6DDE
S31500035EB06F645F706172616D73282026282072708B
S31500035EC02D3E726164696F2D3E72616C20292C2010
S31500035ED02672702D3E726164696F5F706172616DC7
S31500035EE0735B69645D2E72782E6766736B2E6D6FB6
S31500035EF0645F706172616D732029203D3D205241BC
S31500035F004C5F5354415455535F4F4B0072616C5F62
S31500035F107365745F64696F5F6972715F70617261E3
S31500035F206D73282026282072702D3E726164696F76
S31500035F302D3E72616C20292C2052414C5F495251EF
S31500035F405F4E4F4E452029203D3D2052414C5F5325
S31500035F5054415455535F4F4B0072616C5F736574C4
S31500035F605F7278282026282072702D3E726164693C
S31500035F706F2D3E72616C20292C2052414C5F525882
S31500035F805F54494D454F55545F434F4E54494E5503
S31500035F904F55535F4D4F44452029203D3D205241E7
S31500035FA04C5F5354415455535F4F4B0072616C5FC2
S31500035FB06765745F727373695F696E7374282026ED
S31500035FC0282072702D3E726164696F2D3E72616C7A
S31500035FD020292C2026727373695F746D7020292023
S31500035FE03D3D2052414C5F5354415455535F4F4BF3
S31500035FF0006C62742062616420696E69740A006CC5
S3150003600062745F6F626A2062616420696E69746993
S31500036010616C697A6174696F6E200A0072616469E2
S315000360206F20706C616E6E65722069736E277420C3
S31500036030696E697469616C697A656420666F72203A
S315000360406C6274206F626A200A00736D74635F6CFE
S3150003605062745F6C697374656E5F6368616E6E65A7
S315000360606C00736D74635F6C62745F6C61756E63F1
S31500036070685F63616C6C6261636B5F666F725F72AC
S315000360807000736D74635F6C62745F696E6974002C
S3150003609072616C665F73657475705F6C6F72615F56
S315000360A0636164282072702D3E726164696F2C20CF
S315000360B0706172616D735F6C6F72615F636164209F
S315000360C029203D3D2052414C5F5354415455535F63
S315000360D04F4B0072616C5F7365745F64696F5F69D0
S315000360E072715F706172616D732820262820727049
S315000360F02D3E726164696F2D3E72616C20292C20DE
S3150003610052414C5F4952515F4341445F444F4E45B0
S31500036110207C2052414C5F4952515F4341445F4FBB
S315000361204B2029203D3D2052414C5F535441545549
S31500036130535F4F4B00636164206274206261642085
S31500036140696E69740A006361645F6F626A206261E3
S315000361506420696E697469616C697A6174696F6ECA
S31500036160200A00726164696F20706C616E6E6572DD
S315000361702069736E277420696E697469616C697A24
S31500036180656420666F7220636164206F626A200A09
S3150003619000736D74635F6361645F62745F6C6175E2
S315000361A06E63685F726164696F5F63616C6C626181
S315000361B0636B5F666F725F727000736D74635F6C9F
S315000361C06F72615F6361645F62745F6C6973746548
S315000361D06E5F6368616E6E656C00736D74635F6C8E
S315000361E06F72615F6361645F62745F696E69740095
S315000361F0808182838485868788898A8B696E7661A6
S315000362006C69642042572025640066726571756562
S315000362106E637920626C6F636B206F7574206F6693
S315000362202072616E67652025640A006261642073CB
S315000362306174650A004E4F204348414E4E454C5308
S3150003624020415641494C41424C450A000000050095
S315000362500000050000000100000000000202030325
S315000362600000000000000103030300003B3B3B7BEF
S31500036270FAFAFA3A3D89FAFAFAFA00000000133DEF
S3150003628085FAFA3A3D89FAFAFAFA000040E58F36BA
S3150003629080F29236C0FF9536000D9936401A9C3629
S315000362A080279F36C034A2360042A536404FA83613
S315000362B0805CAB36C069AE360077B1364084B436FF
S315000362C08091B736C09EBA3600ACBD3640B9C036EB
S315000362D080C6C336C0D3C63600E1C93640EECC36D7
S315000362E080FBCF36C008D3360016D6364023D936C0
S315000362F08030DC36C03DDF36004BE2364058E536AB
S315000363008065E836C072EB360080EE36408DF13696
S31500036310809AF436C0A7F73600B5FA3640C2FD3682
S3150003632080CF0037C0DC033700EA063740F709376A
S3150003633080040D37C0111037001F1337402C163752
S3150003634080391937C0461C3700541F37406122373E
S31500036350806E2537C07B283700892B3740962E372A
S3150003636080A33137C0B0343700BE373740CB3A3716
S3150003637080D83D37C0E5403700F343374000473701
S31500036380800D4A37C01A4D372C0F799572656769A8
S315000363906F6E5F726D313236785F61755F39313595
S315000363A05F6C725F666873735F64725F746F5F635B
S315000363B0725F627700726567696F6E5F726D313205
S315000363C036785F61755F3931355F6C6F72615F6413
S315000363D0725F746F5F73665F627700726567696F7A
S315000363E06E5F726D313236785F61755F3931355F55
S315000363F06765745F6D6F64756C6174696F6E5F74E6
S315000364007970655F66726F6D5F64617461726174E2
S315000364106500726567696F6E5F726D313236785FDC
S3150003642061755F3931355F696E69745F616674657D
S31500036430725F6A6F696E5F736E617073686F745FA4
S315000364406368616E6E656C5F6D61736B0072656721
S31500036450696F6E5F726D313236785F61755F3931A0
S31500036460355F6765745F6E6578745F6368616E6ECA
S31500036470656C000000010203040500020202020328
S315000364800405020808080808080908080808080A8D
S3150003649009080808080B0A090808080C0B0A090862
S315000364A0080D0C0B0A09080D0D0C0B0A090908083F
S315000364B008080800070000000700000007000000A6
S315000364C00700000007000000070000000B000000A3
S315000364D0FF0000000B0000000B0000000B00000093
S315000364E00B0000000B0000000B000000FF00000083
S315000364F0FF0000000C0B0A09080708000C0B0A0929
S31500036500080700000000040505060000000001005E
S315000365100000000002030303000000000000010363
S31500036520030300003B3B7B7BFAFAFAFA0000133DB8
S3150003653085FAFAFA40E58F3680F29236C0FF953631
S31500036540000D9936401A9C3680279F36C034A236F2
S315000365500042A536404FA836805CAB36C069AE36DE
S315000365600077B1364084B4368091B736C09EBA36CA
S3150003657000ACBD3640B9C03680C6C336C0D3C636B6
S3150003658000E1C93640EECC3680FBCF36C008D336A1
S315000365900016D6364023D9368030DC36C03DDF368A
S315000365A0004BE2364058E5368065E836C072EB3676
S315000365B00080EE36C194C1726567696F6E5F726D56
S315000365C0313236785F61755F61735F3932335F6687
S315000365D0736B5F64725F746F5F6269747261746513
S315000365E000726567696F6E5F726D313236785F610F
S315000365F0755F61735F3932335F6C6F72615F6472AB
S315000366005F746F5F73665F627700726567696F6E4B
S315000366105F726D313236785F61755F61735F3932F0
S31500036620335F6765745F6D6F64756C6174696F6EF4
S315000366305F747970655F66726F6D5F6461746172B2
S3150003664061746500726567696F6E5F726D313236AC
S31500036650785F61755F61735F3932335F696E697441
S3150003666000000001020304050602020202030405F8
S315000366700600000000000001020100000000000205
S3150003668003020100000000030403020100000004EA
S3150003669005040302010000050605040302010006C2
S315000366A00706050403020107070706050403020795
S315000366B007020202020202020202020202020202AC
S315000366C0030202020202020304030202020202049A
S315000366D0050403020202020506050403020202067A
S315000366E00706050403020207070706050403020754
S315000366F00700000007000000070000000700000075
S315000367000700000007000000070000000900000062
S315000367100C0B0A090807070000EA063740F7093792
S31500036720000004050506000000000100000000004B
S31500036730020303030000000000000103030300003B
S315000367403B3B7B7BFAFAFAFA0000133D85FAFAFA29
S31500036750C0FF9536000D9936401A9C3680279F3622
S31500036760C034A2360042A536404FA836805CAB360D
S31500036770C069AE360077B1364084B4368091B736F9
S31500036780C09EBA3600ACBD3640B9C03680C6C336E5
S31500036790C0D3C63600E1C93640EECC3680FBCF36D1
S315000367A0C008D3360016D6364023D9368030DC36B9
S315000367B0C03DDF36004BE2364058E5368065E836A5
S315000367C0C072EB360080EE36408DF136809AF43691
S315000367D0C194C1726567696F6E5F726D31323678C7
S315000367E05F6E7A5F61735F3932335F66736B5F64C3
S315000367F0725F746F5F626974726174650072656754
S31500036800696F6E5F726D313236785F6E7A5F617370
S315000368105F3932335F6C6F72615F64725F746F5F8F
S3150003682073665F627700726567696F6E5F726D315B
S315000368303236785F6E7A5F61735F3932335F6765CD
S31500036840745F6D6F64756C6174696F6E5F74797074
S31500036850655F66726F6D5F64617461726174650012
S31500036860726567696F6E5F726D313236785F6E7A05
S315000368705F61735F3932335F696E697400000001CB
S3150003688002030405060202020203040506000000D1
S3150003689000000001020100000000000203020100E3
S315000368A000000003040302010000000405040302C0
S315000368B00100000506050403020100060706050498
S315000368C0030201070707060504030207070202027C
S315000368D0020202020202020202020202030202028E
S315000368E00202020304030202020202040504030273
S315000368F00202020506050403020202060706050450
S315000369000302020707070605040302070700000040
S315000369100700000007000000070000000700000052
S315000369200700000007000000090000000C0B0A091D
S315000369300807070000EA063740F709376261642053
S3150003694073746174650A0005000000050000010008
S31500036950000000000002020303000000000104051A
S31500036960000000133D85FAFA3A85003D89FAFAFAE2
S31500036970FA000000A00ECB35E01BCE352029D13519
S315000369806036D435A043D735E050DA35205EDD35A1
S31500036990606BE035A078E335E085E6352093E9358D
S315000369A060A0EC35A0ADEF35E0BAF23520C8F53579
S315000369B060D5F835A0E2FB35E0EFFE3520FD013664
S315000369C0600A0536A0170836E0240B3620320E3649
S315000369D0603F1136A04C1436E059173620671A3635
S315000369E060741D36A0812036E08E2336209C263621
S315000369F060A92936A0B62C36E0C32F3620D132360D
S31500036A0060DE3536A0EB3836E0F83B3620063F36F7
S31500036A1060134236A0204536E02D4836203B4B36E0
S31500036A2060484E36A0555136E062543620705736CC
S31500036A30607D5A36A08A5D36E097603620A56336B8
S31500036A4060B26636A0BF6936E0CC6C3620DA6F36A4
S31500036A5060E77236A0F47536E0017936200F7C368E
S31500036A60601C7F36A0298236E03685362044883678
S31500036A702C0F7995726567696F6E5F726D31323669
S31500036A80785F75735F3931355F6C725F66687373F0
S31500036A905F64725F746F5F63725F627700726567CC
S31500036AA0696F6E5F726D313236785F75735F393138
S31500036AB0355F6C6F72615F64725F746F5F73665F7D
S31500036AC0627700726567696F6E5F726D3132367811
S31500036AD05F75735F3931355F6765745F6D6F6475B5
S31500036AE06C6174696F6E5F747970655F66726F6DE2
S31500036AF05F646174617261746500726567696F6E64
S31500036B005F726D313236785F75735F3931355F6920
S31500036B106E69745F61667465725F6A6F696E5F73CF
S31500036B206E617073686F745F6368616E6E656C5FC8
S31500036B306D61736B00726567696F6E5F726D31327B
S31500036B4036785F75735F3931355F6765745F6E6578
S31500036B5078745F6368616E6E656C00000001020302
S31500036B6000050A0908080B0A09080C0B0A090D0C8B
S31500036B700B0A0D0D0C0B0A0908080B0A090800007D
S31500036B8007000000070000000700000007000000E0
S31500036B900B000000FF000000FF000000FF000000E4
S31500036BA00B0000000B0000000B0000000B000000B0
S31500036BB00B0000000B000000FF000000FF000000B8
S31500036BC0FFFFFFFFFFFFFFFFFFFFFFFFFFFFFFFFCC
S31500036BD0FFFFFFFF03000000010000000A0908078A
S31500036BE0080000000C0B0A090807000020696E76EE
S31500036BF0616C69642042572000736D74635F72652C
S31500036C00616C5F6765745F73796D626F6C5F6475E2
S31500036C10726174696F6E5F757300736D74635F720F
S31500036C2065616C5F6765745F70696E675F736C6FD0
S31500036C30745F6672657175656E637900736D7463EF
S31500036C405F7265616C5F636C616D705F6F757470A5
S31500036C5075745F706F7765725F656972705F76735F
S31500036C605F667265715F616E645F647200736D74F3
S31500036C70635F7265616C5F6C725F666873735F678F
S31500036C8065745F6772696400736D74635F726561CF
S31500036C906C5F6C725F666873735F6765745F686564
S31500036CA0616465725F636F756E7400736D74635FA1
S31500036CB07265616C5F6C725F666873735F64725F43
S31500036CC0746F5F63725F627700736D74635F72657F
S31500036CD0616C5F66736B5F64725F746F5F62697426
S31500036CE07261746500736D74635F7265616C5F6C6A
S31500036CF06F72615F64725F746F5F73665F62770062
S31500036D00736D74635F7265616C5F6765745F6D6FE6
S31500036D1064756C6174696F6E5F747970655F6672B2
S31500036D206F6D5F646174617261746500736D746322
S31500036D305F7265616C5F6765745F74785F636861D2
S31500036D406E6E656C5F6672657175656E63790073E9
S31500036D506D74635F7265616C5F7365745F636861AD
S31500036D606E6E656C5F656E61626C656400736D74EF
S31500036D70635F7265616C5F6765745F626561636FAC
S31500036D806E5F6672657175656E637900736D7463A4
S31500036D905F7265616C5F7365745F6368616E6E6570
S31500036DA06C5F647200736D74635F7265616C5F73AD
S31500036DB065745F7278315F6672657175656E637946
S31500036DC05F6368616E6E656C00736D74635F726595
S31500036DD0616C5F7365745F74785F66726571756500
S31500036DE06E63795F6368616E6E656C00736D746361
S31500036DF05F7265616C5F69735F7061796C6F616403
S31500036E005F73697A655F76616C696400736D746339
S31500036E105F7265616C5F69735F6368616E6E656CF3
S31500036E205F696E6465785F76616C696400736D741F
S31500036E30635F7265616C5F69735F6E776B5F7265C3
S31500036E406365697665645F74785F66726571756597
S31500036E506E63795F76616C696400736D74635F72E8
S31500036E6065616C5F69735F74785F64725F616363A6
S31500036E7065707461626C6500736D74635F726561DE
S31500036E806C5F656E61626C655F616C6C5F636861A4
S31500036E906E6E656C735F776974685F76616C69643F
S31500036EA05F6672657100736D74635F7265616C5FB3
S31500036EB064656372656D656E745F64725F73696D35
S31500036EC0756C6174696F6E00736D74635F7265616F
S31500036ED06C5F6275696C645F6368616E6E656C5F37
S31500036EE06D61736B00736D74635F7265616C5F696B
S31500036EF0735F626561636F6E5F686F7070696E67FB
S31500036F0000736D74635F7265616C5F696E69745F4C
S31500036F1061667465725F6A6F696E5F736E617073C3
S31500036F20686F745F6368616E6E656C5F6D61736BCA
S31500036F3000736D74635F7265616C5F696E69745F1C
S31500036F406A6F696E5F736E617073686F745F63688F
S31500036F50616E6E656C5F6D61736B00736D74635FF9
S31500036F607265616C5F7365745F6368616E6E656C91
S31500036F705F6D61736B00736D74635F7265616C5FE4
S31500036F806765745F7278315F646174617261746599
S31500036F905F636F6E66696700736D74635F726561C5
S31500036FA06C5F6D61736B5F6368616E6E656C5F7555
S31500036FB07365645F666F725F747800736D74635F85
S31500036FC07265616C5F6765745F6A6F696E5F6E6534
S31500036FD078745F6368616E6E656C00736D74635F6E
S31500036FE07265616C5F6765745F6E6578745F63680D
S31500036FF0616E6E656C00736D74635F7265616C5F61
S315000370006765745F6E756D6265725F6F665F6368F1
S315000370106D61736B5F696E5F63666C69737400732E
S315000370206D74635F7265616C5F636F6E6669675FDC
S3150003703073657373696F6E00736D74635F726561F5
S315000370406C5F636F6E66696700736D74635F726509
S31500037050616C5F6765745F6D61785F7061796C6F92
S3150003706061645F73697A6500736D74635F726561EA
S315000370706C5F696E697400736D74635F7265616CCE
S315000370805F6765745F6C62745F62775F687A0073CB
S315000370906D74635F7265616C5F6765745F6C627460
S315000370A05F7468726573686F6C645F64626D0073A6
S315000370B06D74635F7265616C5F6765745F6C627440
S315000370C05F6475726174696F6E5F6D7300736D745F
S315000370D0635F7265616C5F6765745F6C725F666838
S315000370E073735F73796E635F776F726400736D7426
S315000370F0635F7265616C5F6765745F6766736B5F19
S3150003710073796E635F776F7264002A73657276694B
S3150003711063655F6964203C204E554D4245525F4D81
S3150003712041585F4F465F4C4F524157414E5F524560
S315000371304C41595F52585F4F424A0072656C617900
S315000371405F696E697428206C72315F7074722C20CB
S3150003715070706D5F72656C61792C20574F525F4179
S31500037160434B5F4341445F544F5F52585F38535913
S315000371704D422029203D3D2074727565006D6F6474
S31500037180656D5F73757065727669736F725F61643F
S31500037190645F7461736B2820267461736B5F726519
S315000371A06C61792029203D3D205441534B5F564164
S315000371B04C4944006C6F726177616E5F72656C61F6
S315000371C0795F72785F6677645F75706C696E6B0062
S315000371D06C6F726177616E5F72656C61795F7278ED
S315000371E05F73657276696365735F696E6974002A96
S315000371F0736572766963655F6964203C204E554DFD
S315000372004245525F4F465F52454C41595F54585F62
S315000372105041434B4147455F4F424A006C6F726191
S3150003722077616E5F72656C61795F74785F7365729F
S3150003723076696365735F696E697400537570657209
S315000372407669736F72204641494C53414645204542
S3150003725056454E54204F43435552207461736B3A3F
S3150003726030782578290A006D6F64656D5F737570D4
S3150003727065727669736F725F656E67696E65006DB9
S315000372806F64656D5F73757065727669736F725F30
S31500037290696E69745F63616C6C6261636B000000A5
S315000372A041440200E5430200294302001944020057
S315000372B089430200AD45020045420200194202001D
S315000372C01D4102006765745F6D6F64656D5F65766A
S315000372D0656E745F737461747573006765745F6D4F
S315000372E06F64656D5F6576656E745F636F756E74E7
S315000372F0000101000001000100000001000100007F
S315000373000F0603005000B00018017801B0021803FD
S31500037310C8053006300C980C002F5E71BC93E2CD85
S3150003732057780926EBC4B59AAE81F0DF123D4C635C
S31500037330F9D6A788456A1B34735C2D02CFE091BE4C
S31500037340240B7A5598B7C6E9DDF283AC614E3F103C
S315000373508AA5D4FB36196847E6C9B8975A75042B2C
S31500037360B19EEFC00D22537C48671639F4DBAA851C
S315000373701F30416EA38CFDD295BACBE4290677580C
S31500037380C2ED9CB37E51200F3B14654A87A8D9F6FC
S315000373906C43321DD0FF8EA1E3CCBD925F70012EEC
S315000373A0B49BEAC5082756794D62133CF1DEAF80DC
S315000373B01A35446BA689F8D790BFCEE12C03725DCC
S315000373C0C7E899B67B54250A3E11604F82ADDCF3BC
S315000373D069463718D5FA8BA4052A5B74B996E7C8AC
S315000373E0527D0C23EEC1B09FAB84F5DA173849669C
S315000373F0FCD3A28D406F1E3176592807CAE594BB8C
S31500037400210E7F509DB2C3ECD8F786A9644B3A157B
S315000374108FA0D1FE331C6D42001224364804162871
S315000374203A4C081A2C3E0C1E3042102234460113E5
S315000374302537490517293B4D091B2D3F0D1F3143A1
S3150003744011233547021426384A06182A3C4E0A1CCD
S315000374502E400E203244031527394B07192B3D4F77
S315000374600B1D2F410F213345212D3033363941442E
S3150003747047488E9500005B75B6EAED9F37A06CD53D
S31500037480814ADA3F35356E4083DFD8AA029559E043
S31500037490B47FEF0A6A6A311FDC8087F55DCA06BFCF
S315000374A0EB20B0555F5F042AE9B5B2C068FF338AA3
S315000374B0DE158560D4D48FA1623E394BE374B801DF
S315000374C0559E0EEBE1E1BA94570B0C7ED6418D34F3
S315000374D060AB3BDEBEBEE5CB08545321891ED26B9F
S315000374E03FF464818B8BD0FE3D616614BC2BE75E53
S315000374F00AC151B4F3DCA8A945361E43C47C9F09CF
S31500037500729629E3C6E99D9C70032B76F149AA3C42
S3150003751047A31CD699B6C2C32F5C7429AE16F5636E
S3150003752018FC4389AC83F7F61A69411C9B23C056A2
S315000375302DC976BC27087C7D91E2CA9710A84BDD3E
S31500037540A642FD37123D4948A4D7FFA2259D7EE8F2
S315000375509377C8024D621617FB88A0FD7AC221B73E
S31500037560CC28975D78572322CEBD95C84FF7148252
S31500037570F91DA268BDCCE6B90B2650538A6CD11906
S315000375803C8667F388F9D38C3E136566BF59E42CB2
S3150003759009B352C6D7A68CD3614C3A39E006BB73FE
S315000375A056EC0D99E293B9E654790F0CD5338E4612
S315000375B063D938AC6918326DDFF284875EB805CDBE
S315000375C0E852B3275C2D0758EAC7B1B26B8D30F882
S315000375D0DD67861203725807B598EEED34D26FA7AE
S315000375E08238D94D36476D3280ADDBD801E75A92E2
S315000375F0B70DEC784E101565F8FAA38F79B022C54E
S31500037600CF5A942F7B252050CDCF96BA4C8517F0B1
S31500037610FA6FA11A247A7F0F9290C9E513DA48AF5D
S31500037620A530FE45114F4A3AA7A5FCD026EF7D9A11
S315000376309005CB709AC4C1B12C2E775BAD64F6115D
S315000376401B8E40FBAFF1F484191B426E9851C32481
S315000376502EBB75CEF0AEABDB46441D31C70E9C7B0D
S3150003766071E42A91C59B9EEE73712804F23BA94EE1
S3150003767044D11FA400030102020103000201030017
S3150003768000030102030002010102000301020003D9
S3150003769003000201000703040700040306010502B1
S315000376A00106020501060205060105020700040399
S315000376B00007030404030700030400070205010689
S315000376C00502060105020601020501060304000779
S315000376D00403070007000403000703040106020569
S315000376E00601050206010502010602050007030459
S315000376F00700040303040007040307000502060149
S315000377000205010602050106050206010403070038
S31500037710030400070000000000000000000007004B
S315000377200000AC08890836070100020001000200C8
S31500037730841E0000093D0000127A000024F40000B4
S3150003774048E8010090D0030020A1070000000000D4
S31500037750B128000061510000C3A200008C000000A4
S315000377600000000000008B2000000B0000000072E8
S31500037770616C5F7365745F7374616E6462792820EC
S315000377805441524745545F52414C2C2052414C5F61
S315000377905354414E4442595F4346475F524320295F
S315000377A0203D3D2052414C5F5354415455535F4F46
S315000377B04B0072616C5F636C6561725F6972715FC6
S315000377C073746174757328205441524745545F524C
S315000377D0414C2C2052414C5F4952515F414C4C2045
S315000377E029203D3D2052414C5F5354415455535F2C
S315000377F04F4B0072616C5F7365745F736C65657084
S3150003780028205441524745545F52414C2C207472F0
S3150003781075652029203D3D2052414C5F5354415408
S3150003782055535F4F4B00207461736B20696E76610D
S315000378306C69640A0072616C5F6765745F706B7470
S315000378405F7061796C6F6164282026282072702D21
S315000378503E726164696F5F7461726765745F6174B8
S315000378607461636865645F746F5F746869735F6886
S315000378706F6F6B5B69645D2D3E72616C20292C20F2
S3150003788072702D3E7061796C6F61645F62756666B6
S3150003789065725F73697A655B69645D2C2072702D0E
S315000378A03E7061796C6F61645B69645D2C2026723E
S315000378B0702D3E72785F7061796C6F61645F736976
S315000378C07A655B69645D2029203D3D2052414C5F0A
S315000378D05354415455535F4F4B0072616C5F676558
S315000378E0745F6C6F72615F72785F706B745F7374D1
S315000378F061747573282026282072702D3E72616488
S31500037900696F5F7461726765745F617474616368DC
S3150003791065645F746F5F746869735F686F6F6B5BD1
S3150003792069645D2D3E72616C20292C202672702DB0
S315000379303E726164696F5F706172616D735B6964E6
S315000379405D2E72782E6C6F72615F706B745F7374E9
S31500037950617475732029203D3D2052414C5F535479
S31500037960415455535F4F4B0072616C5F6765745F9B
S315000379706766736B5F72785F706B745F7374617441
S315000379807573282026282072702D3E726164696FF4
S315000379905F7461726765745F61747461636865645B
S315000379A05F746F5F746869735F686F6F6B5B69643D
S315000379B05D2D3E72616C20292C202672702D3E723D
S315000379C06164696F5F706172616D735B69645D2E7B
S315000379D072782E6766736B5F706B745F7374617412
S315000379E075732029203D3D2052414C5F5354415429
S315000379F055535F4F4B0052505F4641494C534146E6
S31500037A0045202D202325640A0072616C5F6C725F2A
S31500037A10666873735F68616E646C655F74785F64D0
S31500037A206F6E6528205441524745545F52414C5F5F
S31500037A30464F525F484F4F4B5F49442C2026727086
S31500037A402D3E726164696F5F706172616D735B680D
S31500037A506F6F6B5F69645D2E74782E6C725F6668F8
S31500037A6073732E72616C5F6C725F666873735F709B
S31500037A706172616D732C204E554C4C2029203D3D7F
S31500037A802052414C5F5354415455535F4F4B007240
S31500037A90616C5F6C725F666873735F6765745F6260
S31500037AA069745F64656C61795F696E5F75732820BD
S31500037AB05441524745545F52414C5F464F525F48CB
S31500037AC04F4F4B5F49442C202672702D3E726164E2
S31500037AD0696F5F706172616D735B686F6F6B5F690E
S31500037AE0645D2E74782E6C725F666873732E726192
S31500037AF06C5F6C725F666873735F706172616D73DE
S31500037B002C2072702D3E7061796C6F61645F6275B3
S31500037B10666665725F73697A655B686F6F6B5F69CB
S31500037B20645D2C20266269745F64656C61795F7598
S31500037B30732029203D3D2052414C5F5354415455F7
S31500037B40535F4F4B0072616C5F6C725F6668737351
S31500037B505F68616E646C655F686F7028205441527C
S31500037B604745545F52414C5F464F525F484F4F4B18
S31500037B705F49442C202672702D3E726164696F5FE3
S31500037B80706172616D735B686F6F6B5F69645D2EA5
S31500037B9074782E6C725F666873732E72616C5F6C99
S31500037BA0725F666873735F706172616D732C2028F0
S31500037BB02072616C5F6C725F666873735F6D656D6F
S31500037BC06F72795F73746174655F742029207270B4
S31500037BD02D3E726164696F5F706172616D735B687C
S31500037BE06F6F6B5F69645D2E6C725F666873735F3C
S31500037BF073746174652029203D3D2052414C5F53C7
S31500037C0054415455535F4F4B0072616C5F736574F7
S31500037C105F736C656570282026282072702D3E726E
S31500037C206164696F5F7461726765745F61747461BF
S31500037C30636865645F746F5F746869735F686F6FA9
S31500037C406B5B695D2D3E72616C20292C2074727505
S31500037C50652029203D3D2052414C5F5354415455E4
S31500037C60535F4F4B0072705F6765745F706B745F31
S31500037C707061796C6F61640072705F6972715F67BE
S31500037C8065745F7374617475730072705F686F6F88
S31500037C906B5F6765745F69640072705F72656C65BC
S31500037CA06173655F686F6F6B0072705F686F6F6B90
S31500037CB05F696E69740072705F63616C6C626163A5
S31500037CC06B0072705F6765745F73746174757300BC
S31500037CD072705F7461736B5F61626F72740072704E
S31500037CE05F686F6F6B5F63616C6C6261636B00727D
S31500037CF0705F7461736B5F6172626974657200723F
S31500037D00705F7461736B5F656E717565756500721F
S31500037D10616C5F726573657428202628206D6F6415
S31500037D20656D5F726164696F2E72616C202920290B
S31500037D30203D3D2052414C5F5354415455535F4FB0
S31500037D404B0072616C5F696E697428202628206D6A
S31500037D506F64656D5F726164696F2E72616C202951
S31500037D602029203D3D2052414C5F535441545553E5
S31500037D705F4F4B0072616C5F7365745F736C65650F
S31500037D807028202628206D6F64656D5F72616469B3
S31500037D906F2E72616C20292C207472756520292040
S31500037DA03D3D2052414C5F5354415455535F4F4B15
S31500037DB0006173796E6368726F6E6F75735F6D734F
S31500037DC0676E756D626572206F7665726C617000A1
S31500037DD0736D74635F6D6F64656D5F6765745F650F
S31500037DE076656E7400736D74635F6D6F64656D5F46
S31500037DF0696E69740072616C5F696E697428202606
S31500037E00282072702D3E726164696F2D3E72616C1B
S31500037E1020292029203D3D2052414C5F5354415493
S31500037E2055535F4F4B0072616C5F7365745F747873
S31500037E305F6377282026282072702D3E726164695D
S31500037E406F2D3E72616C20292029203D3D20524131
S31500037E504C5F5354415455535F4F4B0074657374D1
S31500037E605F6D6F64655F63775F63616C6C626163AB
S31500037E706B5F666F725F72700007090B080A0C0D61
S31500037E80010203040506070005060708090A0B0C89
S31500037E90C194C1C6F8EEF6FFD6DE916002CE56E770
S31500037EA0B54DEC8F1F89FAEFB28EFB41B35F4523C5
S31500037EB053E49B75E13D4C6C7EF5836851D1F9E241
S31500037EC0AB622A0895469D30370A2F0E241BDFCD59
S31500037ED04E7FEA121D583436DCB45BA476B77D5266
S31500037EE0DD5E13A6B900C140E379B6D48D677294FB
S31500037EF098B085BBC54FED869A66118AE904FEA044
S31500037F0078254BA25D80053F2170F16377AF422050
S31500037F10E5FDBF811826C3BE35882E9355FC7AC866
S31500037F20BA32E6C0199EA344543B0B8CC76B28A7F1
S31500037F30BC16ADDB647414920C48B89FBD43C439B8
S31500037F4031D3F2D58B6EDA01B19C49D8ACF3CFCAE3
S31500037F50F447106FF04A5C38577397CBA1E83E9607
S31500037F60610D0FE07C71CC9006F71CC26AAE6917EF
S31500037F70993A27D9EB2B22D2A907332D3C15C9876A
S31500037F80AA50A50359091A65D784D082295A1E7B9C
S31500037F90A86D2CA584998D0DBDB1545003A97D19E7
S31500037FA062E69A459D408715EBC90BEC67FDEABF70
S31500037FB0F7965BC21CAE6A5A41024F5CF4340893CF
S31500037FC073533F0C52655E28A10FB509369B3D26B8
S31500037FD069CD9F1B9E742E2DB2EEFBF64D61CE7BB3
S31500037FE03E7197F568002C601FC8EDBE46D94BDE7F
S31500037FF0D4E84A6B2AE516C5D75594CF100681F007
S3150003800044BAE3F3FEC08AADBC4804DFC1756330EE
S315000380101A0E6D4C14352FE1A2CC3957F28247ACB8
S31500038020E72B95A098D17F667EAB83CA29D33C798B
S31500038030E21D763B564E1EDB0A6CE45D6EEFA6A888
S31500038040A4378B324359B78C64D2E0B4FA0725AF11
S315000380508EE918D5886F7224F1C751237C9C21DDE4
S31500038060DC86859042C4AAD8050112A35FF9D09194
S315000380705827B93813B333BB7089A7B62292204960
S31500038080FF787A8FF88017DA31C6B8C3B07711CB89
S31500038090FCD63A637C777BF26B6FC53001672BFEA8
S315000380A0D7AB76CA82C97DFA5947F0ADD4A2AF9C45
S315000380B0A472C0B7FD9326363FF7CC34A5E5F1711C
S315000380C0D8311504C723C31896059A071280E2EB25
S315000380D027B27509832C1A1B6E5AA0523BD6B329B5
S315000380E0E32F8453D100ED20FCB15B6ACBBE394A42
S315000380F04C58CFD0EFAAFB434D338545F9027F5049
S315000381003C9FA851A3408F929D38F5BCB6DA211047
S31500038110FFF3D2CD0C13EC5F974417C4A77E3D64DF
S315000381205D197360814FDC222A908846EEB814DE0F
S315000381305E0BDBE0323A0A4906245CC2D3AC629199
S3150003814095E479E7C8376D8DD54EA96C56F4EA6583
S315000381507AAE08BA78252E1CA6B4C6E8DD741F4B82
S31500038160BD8B8A703EB5664803F60E613557B986F0
S31500038170C11D9EE1F8981169D98E949B1E87E9CE9D
S315000381805528DF8CA1890DBFE6426841992D0FB0B2
S3150003819054BB1600000000000000000000000000B1
S315000381A000000000000000000000000000000000C6
S315000381B000000000000000000100000000000000B5
S315000381C000000000000000000002000000000000A4
S315000381D00000000000000000000003000000000093
S315000381E00000000000000000000000040000000082
S315000381F00000000000000000000000000500000071
S31500038200000000000000000000000000000600005F
S31500038210000000000000000000000000000007004E
S31500038220000000000000000000000000000000083D
S315000382300000000000000000000000000000000035
S315000382407F000000000000000000000000000000A6
S315000382500080000000000000000000000000000095
S315000382600000810000000000000000000000000084
S315000382700000008200000000000000000000000073
S315000382800000000083000000000000000000000062
S315000382900000000000840000000000000000000051
S315000382A00000000000008500000000000000000040
S315000382B0000000000000008600000000000000002F
S315000382C0000000000000000087000000000000001E
S315000382D0000000000000000000880000000000000D
S315000382E000000000000000000000890000000000FC
S315000382F000000000000000000000008A00000000EB
S315000383000000000000000000000000008B000000D9
S31500038310000000000000000000000000008C0000C8
S3150003832000000000000000000000000000008D00B7
S315000383300000000000000000000000000000008EA6
S315000383400000000000000000000000000000000024
S315000383508F00000000000000000000000000000085
S315000383600073783132363100737831323632000099
S31500038370C05D0000386300004C680000606D0000BB
S31500038380887700009C7C0000B0810000748B00009D
S3150003839038950000989E000094A7000078B400006A
S315000383A048BC000058CA000054D30000A8DE0000F1
S315000383B08CEB00000CF800001C060100641301009E
S315000383C0D8210100403201002C460100D45C010093
S315000383D0F068010024710100A8740100DC7C01002F
S315000383E004870100789501002CAA01008CCC0100BA
S315000383F05014000018150000E01500004416000094
S31500038400A816000070170000D417000038180000E3
S3150003841064190000901A0000581B0000841C000019
S315000384204C1D0000DC1E00006C20000060220000D2
S31500038430542400004826000068290000882C000008
S31500038440A82F000064320000E83500006C390000F4
S31500038450543D0000D8400000EC45000044480000AD
S31500038460145000008C550000CC5B00009C63000098
S31500038470F47E00002C650000086B00001C700000F1
S3150003848030750000587F00006C840000808900006E
S3150003849044930000A49C000068A6000064AF00009B
S315000384A048BC000018C4000028D2000024DB0000EA
S315000384B078E600005CF30000DCFF0000880D010095
S315000384C0341B0100A8290100103A0100984D010050
S315000384D058600100C0700100F4780100A47D01001A
S315000384E0AC840100D48E0100489D010098B10100BF
S315000384F0F8D30100482600003C28000004290000A8
S31500038500302A00005C2B0000242C0000502D0000B4
S315000385107C2E0000703000006432000058340000E6
S315000385204C360000A4380000C43B0000803E000027
S315000385306842000050460000384A000078500000A8
S31500038540F0550000CC5B000044610000E8670000C2
S31500038550F06E0000F8750000007D0000FC85000049
S31500038560F88E000020990000E4A200009CAE0000F3
S3150003857048BC0000E8CB000013B779FAC925DDB77C
S31500038580ADF3CFE0F1B614B801020000000000001D
S31500038590FFFFFFFF100000000100000000000000C5
S315000385A000000000000000000000000000000000C2
S315000385B000000000000000000000000000000000B2
S315000385C00000000000000000012600000400000077
S315000385D00000000000010000000000002E2E2F679F
S315000385E065636B6F5F73646B5F342E312E332F704D
S315000385F06C6174666F726D2F736572766963652F2E
S31500038600706F7765725F6D616E616765722F7372E6
S31500038610632F736C5F706F7765725F6D616E6167F1
S3150003862065722E6300010410402E2E2F6765636B5F
S315000386306F5F73646B5F342E312E332F706C6174EE
S31500038640666F726D2F736572766963652F706F77C8
S3150003865065725F6D616E616765722F7372632F73E7
S315000386606C5F706F7765725F6D616E616765725F70
S3150003867068616C5F73322E630025687500646576E6
S315000386806963655F6964006669726D776172655FC8
S3150003869076657273696F6E5F617070006C705F757B
S315000386A06172745F656E61626C6564006375727294
S315000386B0656E745F6D61696E5F7374617465006D79
S315000386C0696E5F626175645F72617465006D61787E
S315000386D05F626175645F7261746500726573657468
S315000386E05F726561736F6E0063617573655F6F6655
S315000386F05F6C6173745F7265736574006375727220
S31500038700656E745F74785F706F776572006C6F72F5
S31500038710615F726164696F5F6163746976697479B5
S3150003872000636F6E6E656374696F6E5F73746174F5
S315000387307573006669726D776172655F76657273CC
S31500038740696F6E5F626F6F746C6F61646572006DE3
S315000387506F64756C6174696F6E5F74797065006DB3
S315000387606F64756C655F74797065007061636B65C2
S3150003877074735F72786564007061636B6574735FAD
S31500038780747865640072737369007369676E616CEC
S315000387905F746F5F6E6F6973655F726174696F0093
S315000387A07032705F63616C63756C617465645F627C
S315000387B06561636F6E5F746F61007032705F6265CF
S315000387C061636F6E5F736574746C655F74696D6501
S315000387D0007032705F736C6F745F746F6100703218
S315000387E0705F736C6F745F6D61785F7061636B65E7
S315000387F0745F73697A65007032705F736C6F745F50
S3150003880064656C6179007032705F6D696E696D7550
S315000388106D5F77696E646F775F6C656E677468000A
S315000388207032705F6D61785F736C6F74735F7065C0
S31500038830725F77696E646F77006372785F646576DB
S315000388405F65756900737461727475705F666C61D8
S31500038850677300756172745F636D645F6D6F6465E2
S315000388605F70696E0070696E5F636F6E65637469CE
S315000388706F6E5F696E6469636174696F6E007561BB
S3150003888072745F69646C655F74696D6500636F72AA
S31500038890655F766F6C746167655F6D696C6C69762D
S315000388A06F6C747300756172745F626175645F7275
S315000388B0617465006465766963655F6E616D650005
S315000388C06A6F696E5F657569006C6374745F756E54
S315000388D06C6F636B00726567756C61746F72795F39
S315000388E0756E6C6F636B006164725F656E61626C5B
S315000388F0656400626561636F6E5F66726571756557
S315000389006E637900636C61737300636F6E6669727D
S315000389106D65645F7061636B65747300636F6E6628
S3150003892069726D65645F72657472795F636F756E84
S3150003893074006A6F696E5F6A6974746572006C6F3E
S315000389406E675F646174615F7061796C6F61640007
S3150003895070696E675F736C6F745F706572696F645D
S315000389606963697479007075626C69635F6D6F64BE
S31500038970655F6F6C6400726567696F6E007265711F
S31500038980756573745F636F756E74007278325F64B6
S31500038990656C6179007278315F6A6F696E5F6465D1
S315000389A06C6179007278325F6A6F696E5F64656CB9
S315000389B06179007375625F62616E640072656775E3
S315000389C06C61746F72795F636F64696E675F7261FE
S315000389D0746500726567756C61746F72795F667230
S315000389E0657175656E637900726567756C61746F21
S315000389F072795F686F707300726567756C61746F07
S31500038A0072795F686F705F6672657175656E63799B
S31500038A1000726567756C61746F72795F73707265E6
S31500038A206164696E675F666163746F72007265671E
S31500038A30756C61746F72795F7472616E736D69744C
S31500038A405F706F776572006C6F72615F6D6F6465DF
S31500038A506D5F646D5F706F7274006C6F72615F6DD2
S31500038A606F64656D5F75706C6F61645F7363747259
S31500038A70006C6F72615F6D6F64656D5F6170705FCF
S31500038A806B65795F6372635F737461747573006C8E
S31500038A906F72615F6D6F64656D5F6170705F6B654B
S31500038AA0795F637263006C6F72615F6D6F64656D8E
S31500038AB05F7266755F31006C6F72615F6D6F6465BF
S31500038AC06D5F7266755F32006C6F72615F6D6F64A6
S31500038AD0656D5F7266755F33006C6F72615F6D61A2
S31500038AE0635F6164725F637573746F6D006C6F723D
S31500038AF0615F6D61635F726567696F6E5F747970DD
S31500038B0065006C6F72615F6D61635F636572746943
S31500038B106669636174696F6E5F656E61626C6564D5
S31500038B20006C6F72615F6D61635F7266755F3100C2
S31500038B306C6F72615F6D61635F7266755F32006C45
S31500038B406F72615F6D61635F7266755F33006C6F31
S31500038B5072615F6D61635F7266755F34006C6F721D
S31500038B60615F6D61635F7266755F35006C6F72611D
S31500038B705F6D61635F7266755F36006C6F72615F0E
S31500038B806D61635F7266755F37006C6F72615F6DEF
S31500038B9061635F7266755F38006C6F72615F6D61EA
S31500038BA0635F7266755F39006C6F72615F6D6163D7
S31500038BB05F7266755F3130006C6F72615F6D616302
S31500038BC05F7266755F3131006C6F72615F6D6163F1
S31500038BD05F637263006C6F72615F6465766E6F6E5E
S31500038BE063655F6465766E6F6E6365006C6F726155
S31500038BF05F6465766E6F6E63655F6E625F726573E3
S31500038C006574006C6F72615F6465766E6F6E636523
S31500038C105F6A6F696E5F6E6F6E6365006C6F72611C
S31500038C205F6465766E6F6E63655F7266755F31004E
S31500038C306C6F72615F6465766E6F6E63655F726695
S31500038C40755F32006C6F72615F6465766E6F6E631B
S31500038C50655F7266755F33006C6F72615F6465761C
S31500038C606E6F6E63655F637263006C6F72615F6DD7
S31500038C706F64656D5F63726300726567756C6174BB
S31500038C806F72795F7061796C6F61645F6C656E6733
S31500038C90746800726567756C61746F72795F62617F
S31500038CA06E64776964746800726567756C61746F66
S31500038CB072795F707265616D626C655F73697A65FF
S31500038CC0006C6F72615F73655F64657665756900D5
S31500038CD06C6F72615F73655F6A6F696E6575690054
S31500038CE06C6F72615F73655F70696E006C6F726142
S31500038CF05F73655F6B65795F31006C6F72615F737C
S31500038D00655F6B65795F32006C6F72615F73655F78
S31500038D106B65795F33006C6F72615F73655F6B655B
S31500038D20795F34006C6F72615F73655F6B65795F42
S31500038D3035006C6F72615F73655F6B65795F3600D3
S31500038D406C6F72615F73655F6B65795F37006C6F1C
S31500038D5072615F73655F6B65795F38006C6F726113
S31500038D605F73655F6B65795F39006C6F72615F7303
S31500038D70655F6B65795F3130006C6F72615F736538
S31500038D805F6B65795F3131006C6F72615F73655F2D
S31500038D906B65795F3132006C6F72615F73655F6B10
S31500038DA065795F3133006C6F72615F73655F6B6505
S31500038DB0795F3134006C6F72615F73655F6B6579E0
S31500038DC05F3135006C6F72615F73655F6B65795FE9
S31500038DD03136006C6F72615F73655F6B65795F3106
S31500038DE037006C6F72615F73655F6B65795F3138EE
S31500038DF0006C6F72615F73655F6B65795F31390014
S31500038E006C6F72615F73655F6B65795F3230006C9F
S31500038E106F72615F73655F6B65795F3231006C6F8B
S31500038E2072615F73655F6B65795F3232006C6F7277
S31500038E30615F73655F6B65795F3233006C6F726177
S31500038E405F73655F6B65795F6D61705F31006C6F32
S31500038E5072615F73655F6B65795F6D61705F320029
S31500038E606C6F72615F73655F6372630072656775CA
S31500038E706C61746F72795F646174615F726174654A
S31500038E8000726567756C61746F72795F656E616296
S31500038E906C655F647574795F6379636C6500617093
S31500038EA0706C69636174696F6E5F706F7274007260
S31500038EB06567756C61746F72795F6C62745F6C69F8
S31500038EC07374656E696E675F6475726174696F6EDC
S31500038ED05F6D7300726567756C61746F72795F6C31
S31500038EE062745F7468726573686F6C645F64626DE5
S31500038EF000726567756C61746F72795F6C62745F1B
S31500038F0062616E64776964746800636C6173735F2E
S31500038F10635F7363616E5F74696D65007265677520
S31500038F206C61746F72795F6C62745F746573745F7E
S31500038F3069735F737461746963006162705F64650A
S31500038F40765F61646472006162705F6E776B5F73F4
S31500038F506B6579006162705F6170705F736B6579D1
S31500038F60006C6374745F746573745F6D6F64655FBF
S31500038F70656E61626C65006162705F74785F706FC5
S31500038F80776572006162705F6164725F6368616EC8
S31500038F90676564006162705F74785F646174615FC2
S31500038FA072617465006162705F74785F6461746195
S31500038FB05F726174655F6368616E676564006162B1
S31500038FC0705F6E625F7472616E73006162705F6E72
S31500038FD0625F7472616E735F6368616E6765640076
S31500038FE06162705F6D61736B5F636F6E74726F6CDA
S31500038FF05F31006162705F6D61736B5F636F6E7487
S31500039000726F6C5F32006162705F6D61736B5F6379
S315000390106F6E74726F6C5F33006162705F6D617344
S315000390206B5F636F6E74726F6C5F315F6368616EE3
S31500039030676564006162705F6D61736B5F636F6E1A
S3150003904074726F6C5F325F6368616E67656400613B
S3150003905062705F6D61736B5F636F6E74726F6C5F6B
S31500039060335F6368616E676564006162705F63683E
S31500039070616E6E656C5F6D61736B5F31006162700B
S315000390805F6368616E6E656C5F6D61736B5F320003
S315000390906162705F6368616E6E656C5F6D61736B51
S315000390A05F33006162705F6368616E6E656C5F6DEE
S315000390B061736B5F315F6368616E676564006162EC
S315000390C0705F6368616E6E656C5F6D61736B5F3253
S315000390D05F6368616E676564006162705F636861A0
S315000390E06E6E656C5F6D61736B5F335F6368616E34
S315000390F0676564006162705F7278315F64725F6F87
S315000391006666736574006162705F72785F70617220
S31500039110616D735F6368616E676564006162705F4A
S315000391207278325F646174615F7261746500616253
S31500039130705F7278325F646174615F726174655FD8
S315000391406368616E676564006162705F7278325F3F
S315000391506672657175656E6379006162705F7278B8
S31500039160325F6672657175656E63795F6368616E9A
S31500039170676564006162705F7278315F64656C6114
S3150003918079006162705F7278315F64656C61795FE3
S315000391906368616E676564006162705F74785F64BB
S315000391A07574795F6379636C65006162705F747867
S315000391B05F647574795F6379636C655F6368616E19
S315000391C0676564006162705F6D61785F6572705F89
S315000391D064626D006162705F74785F706172616D65
S315000391E0735F6368616E676564006162705F757063
S315000391F06C696E6B5F6477656C6C5F74696D650033
S315000392006162705F75706C696E6B5F6477656C6CB9
S315000392105F74696D655F6368616E6765640061624B
S31500039220705F646F776E6C696E6B5F6477656C6C89
S315000392305F74696D65006162705F646F776E6C69F8
S315000392406E6B5F6477656C6C5F74696D655F63688D
S31500039250616E676564006162705F6672616D655F0A
S31500039260636F756E745F646F776E006162705F66BD
S3150003927072616D655F636F756E745F646F776E5F42
S315000392806368616E676564006162705F6672616DD3
S31500039290655F636F756E745F7570006162705F669C
S315000392A072616D655F636F756E745F75705F63681A
S315000392B0616E676564007032705F646576696365C5
S315000392C05F61646472657373007032705F6E657498
S315000392D0776F726B5F73697A65007032705F776957
S315000392E06E646F775F6C656E677468007032705F6B
S315000392F0646174615F72617465007032705F6C697A
S315000393007374656E5F6475726174696F6E00703233
S31500039310705F6C697374656E5F6672657175656E91
S315000393206379007032705F626561636F6E5F64615B
S3150003933074615F72617465007032705F7061636B34
S3150003934065745F73697A65007032705F74785F70F5
S315000393506F776572007075626C69635F6D6F6465C4
S31500039360007032705F736C6F74735F7065725F77D2
S31500039370696E646F7700707265616D626C655F6CB0
S31500039380656E6774680067656E5F6170705F6B65B5
S3150003939079007374617469635F6164725F64617495
S315000393A06172617465007374617469635F61647289
S315000393B05F74785F706F7765720074785F706F772C
S315000393C065725F6C696D69740072656C61795F6D56
S315000393D06F64650072656C61795F72785F6361645F
S315000393E05F706572696F6469636974790072656C2D
S315000393F061795F6368616E6E656C5F315F61636B34
S315000394005F6672657175656E63790072656C617905
S315000394105F6368616E6E656C5F315F646174617210
S315000394206174650072656C61795F6368616E6E6510
S315000394306C5F315F776F725F6672657175656E63B8
S31500039440790072656C61795F6368616E6E656C5FE6
S31500039450636F756E740072656C61795F74785F61B2
S31500039460637469766174696F6E5F6D6F64650072AC
S31500039470656C61795F74785F6E756D6265725F6F37
S31500039480665F6D6973735F776F725F61636B00729B
S31500039490656C61795F74785F736D6172745F6C6517
S315000394A076656C0072656C61795F74785F6261637F
S315000394B06B6F6666006162705F776F725F6B65796B
S315000394C0006162705F6368616E6E656C5F305F66D4
S315000394D072657175656E6379006162705F63686159
S315000394E06E6E656C5F315F6672657175656E637905
S315000394F0006162705F6368616E6E656C5F325F66A2
S3150003950072657175656E6379006162705F63686128
S315000395106E6E656C5F335F6672657175656E6379D2
S31500039520006162705F6368616E6E656C5F345F666F
S3150003953072657175656E6379006162705F636861F8
S315000395406E6E656C5F355F6672657175656E6379A0
S31500039550006162705F6368616E6E656C5F365F663D
S3150003956072657175656E6379006162705F636861C8
S315000395706E6E656C5F375F6672657175656E63796E
S31500039580006162705F6368616E6E656C5F385F660B
S3150003959072657175656E6379006162705F63686198
S315000395A06E6E656C5F395F6672657175656E63793C
S315000395B0006162705F6368616E6E656C5F31305F18
S315000395C06672657175656E6379006162705F636863
S315000395D0616E6E656C5F31315F6672657175656E5E
S315000395E06379006162705F6368616E6E656C5F319B
S315000395F0325F6672657175656E6379006162705F6D
S315000396006368616E6E656C5F31335F667265717533
S31500039610656E6379006162705F6368616E6E656C27
S315000396205F31345F6672657175656E637900616279
S31500039630705F6368616E6E656C5F31355F66726518
S315000396407175656E6379006162705F6368616E6EE2
S31500039650656C5F6269746D6170000000524D313252
S3150003966036580058582E30302E30312E3030000008
S31500039670000000000000000000000000802500003C
S3150003968040420F000000000016000000303030306A
S31500039690303030300058582E30302E30312E3030A6
S315000396A000000000000000000000000000010000B0
S315000396B0000000000000000000000500000000009C
S315000396C00000000000000000000000000000000091
S315000396D000000030000000000000000000FFFF0053
S315000396E00000E40C00C201000000000000000000BE
S315000396F000000000000000000000000000303030D1
S315000397003030303030303030303030303030303050
S315000397103030303030303030303030303000303070
S315000397203030303030303030303030303030003060
S315000397303030303030303030303030303030300050
S31500039740000000000000000000000100000000000F
S3150003975001000103000000000003010020060606C5
S3150003976006020000000000000000000000000000E8
S3150003977001160000000000000000000000000000C9
S3150003978000000000000000000000000000000000D0
S3150003979000000000000000000000000000000000C0
S315000397A00000000000000000303030303030303030
S315000397B030303030000000000000000000000000E0
S315000397C0000000000000000000000000100200007E
S315000397D00800000030303030303030303030303038
S315000397E030303030003030303030303030303030A0
S315000397F030303030300030303030303030300030C0
S31500039800303030303030303030303030303030304F
S3150003981030303030303030303030303030000000CF
S31500039820303030303030303030303030303030302F
S31500039830303030303030303030303030303000007F
S31500039840003030303030303030303030303030303F
S31500039850303030303030303030303030303030002F
S31500039860000030303030303030303030303030304F
S3150003987030303030303030303030303030303030DF
S31500039880000000303030303030303030303030305F
S3150003989030303030303030303030303030303030BF
S315000398A0300000003030303030303030303030303F
S315000398B0303030303030303030303030303030309F
S315000398C0303000000030303030303030303030301F
S315000398D0303030303030303030303030303030307F
S315000398E030303000000030303030303030303030FF
S315000398F0303030303030303030303030303030305F
S3150003990030303030000000303030303030303030DE
S31500039910303030303030303030303030303030303E
S3150003992030303030300000003030303030303030BE
S31500039930303030303030303030303030303030301E
S31500039940303030303030000000303030303030309E
S3150003995030303030303030303030303030303030FE
S31500039960303030303030300000003030303030307E
S3150003997030303030303030303030303030303030DE
S31500039980303030303030303000000030303030305E
S3150003999030303030303030303030303030303030BE
S315000399A0303030303030303030000000303030303E
S315000399B0303030303030303030303030303030309E
S315000399C0303030303030303030300000003030301E
S315000399D0303030303030303030303030303030307E
S315000399E030303030303030303030300000003030FE
S315000399F0303030303030303030303030303030305E
S31500039A0030303030303030303030303000000030DD
S31500039A10303030303030303030303030303030303D
S31500039A2030303030303030303030303030000000BD
S31500039A30303030303030303030303030303030301D
S31500039A40303030303030303030303030303000006D
S31500039A50003030303030303030303030303030302D
S31500039A60303030303030303030303030303030001D
S31500039A70000030303030303030303030303030303D
S31500039A8030303030303030303030303030303030CD
S31500039A90000000303030303030303030303030304D
S31500039AA030303030303030303030303030303030AD
S31500039AB0300000003030303030303030303030302D
S31500039AC0303030303030303030303030303030308D
S31500039AD0303000000030303030303030303030300D
S31500039AE0303030303030303030303030303030306D
S31500039AF030303000000030303030303030303030ED
S31500039B00303030303030303030303030303030304C
S31500039B1030303030000000303030303030303030CC
S31500039B20303030303030303030303030303030302C
S31500039B30303030303000000000000000000101002A
S31500039B4005000000B0FF0000000000000000000058
S31500039B50013030303030303030003030303030305B
S31500039B6030303030303030303030303030303030EC
S31500039B70303030303030303030300030303030300C
S31500039B8030303030303030303030303030303030CC
S31500039B9030303030303030303030300000000000AC
S31500039BA000000000000000000000000000000000AC
S31500039BB0000000000000000000000000000000009C
S31500039BC0000000000000000000000000000000008C
S31500039BD00000000000000200020002010202010070
S31500039BE001000030303030303030303030303030FB
S31500039BF0303030303030303030303030303030305C
S31500039C00303030000200FF000000000000000000BA
S31500039C100000000000000000010108050430303098
S31500039C20303030303030303030303030303030302B
S31500039C3030303030303030303030303030000000AB
S31500039C40000000000000000000000000000000000B
S31500039C5000000000000000000000000000000000FB
S31500039C6000000000000000000000000000000000EB
S31500039C7000000000000000000000000000000000DB
S31500039C80000000004588030070700020DC96030086
S31500039C90010000000201010100000000E7BB020011
S31500039CA000000000000000007F00000064000000C8
S31500039CB0000000005388030071700020DD96030046
S31500039CC00100000006010101000000001FBC0200A4
S31500039CD000000000FFFFFFFF1F000000FFFFFFFF64
S31500039CE0000000006588030072700020DE96030002
S31500039CF00100000006010101000000001FBC020074
S31500039D0000000000FFFFFFFF0700000075000000D2
S31500039D10000000007E88030074700020E0960300B4
S31500039D2002000000030101010000000087BB0200DE
S31500039D30000000000000000030750000D5000000A0
S31500039D40000000008D88030076700020E296030071
S31500039D5002000000030101010000000087BB0200AE
S31500039D600000000008070000D80E0000D90000001C
S31500039D7000000000A588030078700020E496030025
S31500039D8004000000040101010000000057BB0200AB
S31500039D90000000008025000040420F002E01000055
S31500039DA000000000B48803007C700020E8960300DE
S31500039DB0150000000B01010100000000FDBA0200BE
S31500039DC00000000000000000140000000000000076
S31500039DD0000000008A93030091700020FD960300A3
S31500039DE0210000000B01010100000000FDBA020082
S31500039DF0000000002000000020000000F401000025
S31500039E00000000003D880300B27000201E97030087
S31500039E10110000000B01010101000000FDBA020060
S31500039E20000000001000000010000000F501000013
S31500039E3000000000C0880300C37000202F970300B2
S31500039E40110000000B01010100000000FDBA020031
S31500039E50000000001000000010000000F6010000E2
S31500039E6000000000C9880300D47000204097030057
S31500039E70050000000B01010100000000FDBA02000D
S31500039E80000000000400000004000000F7010000C9
S31500039E9000000000D5880300D97000204597030011
S31500039EA0050000000B01010100000000FDBA0200DD
S31500039EB0000000000400000004000000F801000098
S31500039EC000000000E7880300DE7000204A970300C5
S31500039ED0010000000101010100000000B7BB020000
S31500039EE0000000000000000001000000580200000E
S31500039EF000000000F3880300E07000204C97030085
S31500039F0004000000040101010000000057BB020029
S31500039F1000000000000000000000000059020000DD
S31500039F20000000005F940300E470002050970300D4
S31500039F3001000000020101010000000019C2020035
S31500039F400000000000000000010000005A020000AB
S31500039F500000000004890300E57000205197030008
S31500039F60010000000201010100000000E7BB02003E
S31500039F700000000000000000030000005B02000078
S31500039F80000000000A890300E670002052970300D0
S31500039F90010000000101010100000000B7BB02003F
S31500039FA00000000000000000010000005C02000049
S31500039FB0000000001C890300E7700020539703008C
S31500039FC0010000000201010100000000E7BB0200DE
S31500039FD000000000000000000A0000005D0200000F
S31500039FE00000000099890300E870002054970300DD
S31500039FF002000000030101010000000087BB02000C
S3150003A0000000000000000000000000005E020000E7
S3150003A0100000000032890300EA700020569703000F
S3150003A02002000000030101010000000087BB0200DB
S3150003A0300000000000000000000000005F020000B6
S3150003A040000000003E890300EC70002058970300CF
S3150003A050010000000101010100000000B7BB02007E
S3150003A0600000000000000000010000006002000084
S3150003A0700000000050890300ED700020599703008B
S3150003A080010000000201010100000000E7BB02001D
S3150003A090000000000000000007000000610200004D
S3150003A0A00000000066890300EE7000205A97030043
S3150003A0B0010000000101010100000000B7BB02001E
S3150003A0C00000000000000000010000006202000022
S3150003A0D00000000076890300EF7000205B97030001
S3150003A0E0010000000201010100000000C5C10200D9
S3150003A0F000000000000000000E00000063020000E4
S3150003A100000000007D890300F07000205C970300C7
S3150003A110010000000201010100000000E7BB02008C
S3150003A12000000000000000000000000064020000C0
S3150003A1300000000078910300F17000205D97030092
S3150003A140010000000201010100000000E7BB02005C
S3150003A150000000000000000000000000650200008F
S3150003A160000000008B890300F27000205E97030055
S3150003A170010000000201010100000000E7BB02002C
S3150003A180000000000000000000000000660200005E
S3150003A1900000000095890300F37000205F97030019
S3150003A1A0010000000201010100000000E7BB0200FC
S3150003A1B0000000000000000000000000670200002D
S3150003A1C000000000A4890300F470002060970300D8
S3150003A1D0010000000201010100000000E7BB0200CC
S3150003A1E000000000000000000000000068020000FC
S3150003A1F000000000B3890300F57000206197030097
S3150003A200010000000201010100000000E7BB02009B
S3150003A21000000000000000000800000069020000C2
S3150003A22000000000BC890300F6700020629703005B
S3150003A230010000000201010100000000E7BB02006B
S3150003A2400000000000000000060000006A02000093
S3150003A25000000000D3890300F87000206497030010
S3150003A26004000000040101010000000057BB0200C6
S3150003A2700000000000000000000000006B02000068
S3150003A28000000000E8890300FC70002068970300C3
S3150003A290010000000201010100000000E7BB02000B
S3150003A2A0000000000000000040000000FFFFFFFF69
S3150003A2B000000000F8890300007100206C9703007A
S3150003A2C004000000040101010000000057BB020066
S3150003A2D0000000000000000000000000FFFFFFFF79
S3150003A2E000000000118A0300047100207097030028
S3150003A2F0010000000201010100000000E7BB0200AB
S3150003A3000000000000000000080000006E020000CC
S3150003A310000000002D8A03000571002071970300D9
S3150003A3200100000006010101000000001FBC02003D
S3150003A33000000000F6FFFFFF160000006F0200009A
S3150003A34000000000478A030006710020729703008D
S3150003A35002000000030101010000000087BB0200A8
S3150003A3600000000000000000FFFF0000FFFFFFFFEA
S3150003A370000000005A8A0300087100207497030046
S3150003A38002000000030101010000000087BB020078
S3150003A3900000000000000000FFFF0000FFFFFFFFBA
S3150003A3A000000000718A03000A71002076970300FB
S3150003A3B0010000000201010100000000E7BB0200EA
S3150003A3C00000000000000000FF000000FFFFFFFF89
S3150003A3D0000000008F8A03000C71002078970300A9
S3150003A3E004000000040101010000000057BB020045
S3150003A3F00000000000000000FFFFFFFFFFFFFFFF5C
S3150003A40000000000A68A0300107100207C97030059
S3150003A41004000000040101010000000057BB020014
S3150003A4200000000000000000FFFFFFFFFFFFFFFF2B
S3150003A43000000000B78A0300147100208097030010
S3150003A44004000000040101010000000057BB0200E4
S3150003A4500000000000000000FFFFFFFFFFFFFFFFFB
S3150003A46000000000C88A03001871002084970300C7
S3150003A47004000000040101010000000057BB0200B4
S3150003A4800000000000000000FFFFFFFFFFFFFFFFCB
S3150003A49000000000D98A03001C710020889703007E
S3150003A4A004000000040101010000000057BB020084
S3150003A4B00000000000000000FFFFFFFFFFFFFFFF9B
S3150003A4C000000000ED8A0300207100208C97030032
S3150003A4D0010000000201010100000000E7BB0200C9
S3150003A4E00000000000000000FF000000FFFFFFFF68
S3150003A4F000000000028B0300217100208D970300EA
S3150003A500010000000201010100000000E7BB020098
S3150003A5100000000000000000FF000000FFFFFFFF37
S3150003A52000000000218B0300227100208E97030098
S3150003A530010000000201010100000000E7BB020068
S3150003A5400000000000000000FF000000FFFFFFFF07
S3150003A55000000000308B0300237100208F97030057
S3150003A560010000000201010100000000E7BB020038
S3150003A5700000000000000000FF000000FFFFFFFFD7
S3150003A580000000003F8B0300247100209097030016
S3150003A590010000000201010100000000E7BB020008
S3150003A5A00000000000000000FF000000FFFFFFFFA7
S3150003A5B0000000004E8B03002571002091970300D5
S3150003A5C0010000000201010100000000E7BB0200D8
S3150003A5D00000000000000000FF000000FFFFFFFF77
S3150003A5E0000000005D8B0300267100209297030094
S3150003A5F0010000000201010100000000E7BB0200A8
S3150003A6000000000000000000FF000000FFFFFFFF46
S3150003A610000000006C8B0300277100209397030052
S3150003A620010000000201010100000000E7BB020077
S3150003A6300000000000000000FF000000FFFFFFFF16
S3150003A640000000007B8B0300287100209497030011
S3150003A650010000000201010100000000E7BB020047
S3150003A6600000000000000000FF000000FFFFFFFFE6
S3150003A670000000008A8B03002971002095970300D0
S3150003A680010000000201010100000000E7BB020017
S3150003A6900000000000000000FF000000FFFFFFFFB6
S3150003A6A000000000998B03002A710020969703008F
S3150003A6B0010000000201010100000000E7BB0200E7
S3150003A6C00000000000000000FF000000FFFFFFFF86
S3150003A6D000000000A88B03002B710020979703004E
S3150003A6E0010000000201010100000000E7BB0200B7
S3150003A6F00000000000000000FF000000FFFFFFFF56
S3150003A70000000000B88B03002C710020989703000B
S3150003A710010000000201010100000000E7BB020086
S3150003A7200000000000000000FF000000FFFFFFFF25
S3150003A73000000000C88B0300307100209C970300C3
S3150003A74004000000040101010000000057BB0200E1
S3150003A7500000000000000000FFFFFFFFFFFFFFFFF8
S3150003A76000000000D58B030034710020A09703007E
S3150003A77002000000030101010000000087BB020084
S3150003A7800000000000000000FFFF0000FFFFFFFFC6
S3150003A79000000000EC8B030038710020A49703002F
S3150003A7A004000000040101010000000057BB020081
S3150003A7B00000000000000000FFFFFFFFFFFFFFFF98
S3150003A7C000000000038C03003C710020A8970300DF
S3150003A7D00D0000000B01010100000000FDBA02009C
S3150003A7E0000000000C0000000C000000FFFFFFFF4C
S3150003A7F0000000001C8C03004C710020B897030076
S3150003A80004000000040101010000000057BB020020
S3150003A8100000000000000000FFFFFFFFFFFFFFFF37
S3150003A82000000000308C030050710020BC97030029
S3150003A83004000000040101010000000057BB0200F0
S3150003A8400000000000000000FFFFFFFFFFFFFFFF07
S3150003A85000000000448C030054710020C0970300DD
S3150003A86004000000040101010000000057BB0200C0
S3150003A8700000000000000000FFFFFFFFFFFFFFFFD7
S3150003A88000000000588C030058710020C497030091
S3150003A89004000000040101010000000057BB020090
S3150003A8A00000000000000000FFFFFFFFFFFFFFFFA7
S3150003A8B0000000006A8C03005C710020C897030047
S3150003A8C004000000040101010000000057BB020060
S3150003A8D00000000000000000FFFFFFFFFFFFFFFF77
S3150003A8E000000000798C030060710020CC97030000
S3150003A8F0010000000201010100000000E7BB0200A5
S3150003A90000000000000000000000000070020000CC
S3150003A91000000000938C030061710020CD970300B3
S3150003A920010000000201010100000000E7BB020074
S3150003A9300000000000000000060000007102000095
S3150003A94000000000A88C030064710020D097030068
S3150003A95004000000040101010000000057BB0200CF
S3150003A960000000000000000000000000720200006A
S3150003A97000000000C18C030068710020D497030017
S3150003A980110000000B01010100000000FDBA0200E6
S3150003A990000000001000000010000000FFFFFFFF92
S3150003A9A000000000D08C030079710020E5970300B6
S3150003A9B0110000000B01010100000000FDBA0200B6
S3150003A9C0000000001000000010000000FFFFFFFF62
S3150003A9D000000000E08C03008A710020F697030054
S3150003A9E0090000000B01010100000000FDBA02008E
S3150003A9F0000000000800000008000000FFFFFFFF42
S3150003AA0000000000EC8C030093710020FF97030005
S3150003AA10210000000B01010100000000FDBA020045
S3150003AA20000000002000000020000000FFFFFFFFE1
S3150003AA3000000000FA8C0300B47100202098030084
S3150003AA40210000000B01010100000000FDBA020015
S3150003AA50000000002000000020000000FFFFFFFFB1
S3150003AA6000000000088D0300D57100204198030003
S3150003AA70210000000B01010100000000FDBA0200E5
S3150003AA80000000002000000020000000FFFFFFFF81
S3150003AA9000000000168D0300F67100206298030083
S3150003AAA0210000000B01010100000000FDBA0200B5
S3150003AAB0000000002000000020000000FFFFFFFF51
S3150003AAC000000000248D0300177200208398030002
S3150003AAD0210000000B01010100000000FDBA020085
S3150003AAE0000000002000000020000000FFFFFFFF21
S3150003AAF000000000328D030038720020A498030082
S3150003AB00210000000B01010100000000FDBA020054
S3150003AB10000000002000000020000000FFFFFFFFF0
S3150003AB2000000000408D030059720020C598030001
S3150003AB30210000000B01010100000000FDBA020024
S3150003AB40000000002000000020000000FFFFFFFFC0
S3150003AB50000000004E8D03007A720020E698030081
S3150003AB60210000000B01010100000000FDBA0200F4
S3150003AB70000000002000000020000000FFFFFFFF90
S3150003AB80000000005C8D03009B7200200799030000
S3150003AB90210000000B01010100000000FDBA0200C4
S3150003ABA0000000002000000020000000FFFFFFFF60
S3150003ABB0000000006A8D0300BC7200202899030080
S3150003ABC0210000000B01010100000000FDBA020094
S3150003ABD0000000002000000020000000FFFFFFFF30
S3150003ABE000000000798D0300DD72002049990300FF
S3150003ABF0210000000B01010100000000FDBA020064
S3150003AC00000000002000000020000000FFFFFFFFFF
S3150003AC1000000000888D0300FE7200206A9903007D
S3150003AC20210000000B01010100000000FDBA020033
S3150003AC30000000002000000020000000FFFFFFFFCF
S3150003AC4000000000978D03001F7300208B990300FB
S3150003AC50210000000B01010100000000FDBA020003
S3150003AC60000000002000000020000000FFFFFFFF9F
S3150003AC7000000000A68D030040730020AC9903007A
S3150003AC80210000000B01010100000000FDBA0200D3
S3150003AC90000000002000000020000000FFFFFFFF6F
S3150003ACA000000000B58D030061730020CD990300F9
S3150003ACB0210000000B01010100000000FDBA0200A3
S3150003ACC0000000002000000020000000FFFFFFFF3F
S3150003ACD000000000C48D030082730020EE99030078
S3150003ACE0210000000B01010100000000FDBA020073
S3150003ACF0000000002000000020000000FFFFFFFF0F
S3150003AD0000000000D38D0300A37300200F9A0300F5
S3150003AD10210000000B01010100000000FDBA020042
S3150003AD20000000002000000020000000FFFFFFFFDE
S3150003AD3000000000E28D0300C4730020309A030074
S3150003AD40210000000B01010100000000FDBA020012
S3150003AD50000000002000000020000000FFFFFFFFAE
S3150003AD6000000000F18D0300E5730020519A0300F3
S3150003AD70210000000B01010100000000FDBA0200E2
S3150003AD80000000002000000020000000FFFFFFFF7E
S3150003AD9000000000008E030006740020729A030070
S3150003ADA0210000000B01010100000000FDBA0200B2
S3150003ADB0000000002000000020000000FFFFFFFF4E
S3150003ADC0000000000F8E030027740020939A0300EF
S3150003ADD0210000000B01010100000000FDBA020082
S3150003ADE0000000002000000020000000FFFFFFFF1E
S3150003ADF0000000001E8E030048740020B49A03006E
S3150003AE00210000000B01010100000000FDBA020051
S3150003AE10000000002000000020000000FFFFFFFFED
S3150003AE20000000002D8E030069740020D59A0300EC
S3150003AE30210000000B01010100000000FDBA020021
S3150003AE40000000002000000020000000FFFFFFFFBD
S3150003AE50000000003C8E03008A740020F69A03006B
S3150003AE60210000000B01010100000000FDBA0200F1
S3150003AE70000000002000000020000000FFFFFFFF8D
S3150003AE80000000004E8E0300AB740020179B0300E6
S3150003AE90210000000B01010100000000FDBA0200C1
S3150003AEA0000000002000000020000000FFFFFFFF5D
S3150003AEB000000000608E0300CC740020389B030062
S3150003AEC004000000040101010000000057BB02005A
S3150003AED00000000000000000FFFFFFFFFFFFFFFF71
S3150003AEE0000000006C8E0300D07400203C9B03001E
S3150003AEF0010000000201010100000000E7BB02009F
S3150003AF0000000000000000000F00000073020000B4
S3150003AF1000000000818E0300D17400203D9B0300D6
S3150003AF20010000000101010100000000B7BB02009F
S3150003AF300000000000000000010000007402000091
S3150003AF40000000009E8E0300D27400203E9B030087
S3150003AF50010000000201010100000000BDC3020060
S3150003AF600000000001000000DF0000007502000081
S3150003AF7000000000AF8E0300D4740020409B030042
S3150003AF8004000000040101010000000057BB020099
S3150003AF900000000000000000000000007602000030
S3150003AFA000000000D48E0300D8740020449B0300E5
S3150003AFB0020000000701010100000000EBBB0200D4
S3150003AFC000000000000000000000000077020000FF
S3150003AFD000000000F18E0300DC740020489B030090
S3150003AFE004000000040101010000000057BB020039
S3150003AFF0000000000000000000000000FFFFFFFF4C
S3150003B000000000000A8F0300E07400204C9B03003D
S3150003B01004000000040101010000000057BB020008
S3150003B020000000000000000000000000790200009C
S3150003B030000000001C8F0300E4740020509B0300F3
S3150003B040010000000101010100000000B7BB02007E
S3150003B0500000000000000000010000007A0200006A
S3150003B060000000003A8F0300E5740020519B0300A3
S3150003B070090000000B01010100000000FDBA0200F7
S3150003B0800000000008000000080000007B0200002A
S3150003B09000000000478F0300EE7400205A9B030054
S3150003B0A0210000000B01010100000000FDBA0200AF
S3150003B0B00000000020000000200000007C020000C9
S3150003B0C000000000548F03000F7500207B9B0300D4
S3150003B0D0210000000B01010100000000FDBA02007F
S3150003B0E00000000020000000200000007D02000098
S3150003B0F000000000618F0300307500209C9B030055
S3150003B100010000000101010100000000B7BB0200BD
S3150003B1100000000000000000010000007E020000A5
S3150003B12000000000778F0300317500209D9B03000C
S3150003B130010000000201010100000000E7BB02005C
S3150003B14000000000000000000F0000007F02000066
S3150003B15000000000848F0300327500209E9B0300CD
S3150003B160010000000101010100000000B7BB02005D
S3150003B1700000000000000000010000008002000043
S3150003B18000000000948F0300337500209F9B03008B
S3150003B190010000000201010100000000E7BB0200FC
S3150003B1A000000000000000000F0000008102000004
S3150003B1B000000000A58F030034750020A09B030048
S3150003B1C0010000000101010100000000B7BB0200FD
S3150003B1D000000000000000000100000082020000E1
S3150003B1E000000000BE8F030035750020A19B0300FD
S3150003B1F0010000000201010100000000E7BB02009C
S3150003B20000000000000000000F00000083020000A1
S3150003B21000000000CB8F030036750020A29B0300BD
S3150003B220010000000101010100000000B7BB02009C
S3150003B230000000000000000001000000840200007E
S3150003B24000000000E08F030037750020A39B030076
S3150003B250010000000201010100000000E7BB02003B
S3150003B2600000000000000000FF000000850200004F
S3150003B27000000000F38F030038750020A49B030031
S3150003B280010000000201010100000000E7BB02000B
S3150003B2900000000000000000FF000000860200001E
S3150003B2A0000000000690030039750020A59B0300EB
S3150003B2B0010000000201010100000000E7BB0200DB
S3150003B2C00000000000000000FF00000087020000ED
S3150003B2D000000000199003003A750020A69B0300A6
S3150003B2E0010000000101010100000000B7BB0200DC
S3150003B2F000000000000000000100000088020000BA
S3150003B30000000000349003003B750020A79B030058
S3150003B310010000000101010100000000B7BB0200AB
S3150003B3200000000000000000010000008902000088
S3150003B330000000004F9003003C750020A89B03000B
S3150003B340010000000101010100000000B7BB02007B
S3150003B3500000000000000000010000008A02000057
S3150003B360000000006A9003003E750020AA9B0300BC
S3150003B37002000000030101010000000087BB020078
S3150003B3800000000000000000000000008B02000027
S3150003B390000000007D90030040750020AC9B030075
S3150003B3A002000000030101010000000087BB020048
S3150003B3B00000000000000000000000008C020000F6
S3150003B3C0000000009090030042750020AE9B03002E
S3150003B3D002000000030101010000000087BB020018
S3150003B3E00000000000000000000000008D020000C5
S3150003B3F000000000A390030044750020B09B0300E7
S3150003B400010000000101010100000000B7BB0200BA
S3150003B4100000000000000000010000008E02000092
S3150003B42000000000BE90030045750020B19B030099
S3150003B430010000000101010100000000B7BB02008A
S3150003B4400000000000000000010000008F02000061
S3150003B45000000000D990030046750020B29B03004C
S3150003B460010000000101010100000000B7BB02005A
S3150003B4700000000000000000010000009002000030
S3150003B48000000000F490030047750020B39B0300FF
S3150003B490010000000201010100000000E7BB0200F9
S3150003B4A000000000000000000700000091020000F9
S3150003B4B0000000000691030048750020B49B0300BA
S3150003B4C0010000000101010100000000B7BB0200FA
S3150003B4D000000000000000000100000092020000CE
S3150003B4E0000000001C91030049750020B59B030072
S3150003B4F0010000000201010100000000E7BB020099
S3150003B50000000000000000000F000000930200008E
S3150003B510000000002E9103004A750020B69B03002D
S3150003B520010000000101010100000000B7BB020099
S3150003B530000000000000000001000000940200006B
S3150003B54000000000489103004C750020B89B0300DF
S3150003B55004000000040101010000000057BB0200C3
S3150003B560000000000000000000000000950200003B
S3150003B570000000005A91030050750020BC9B030095
S3150003B580010000000101010100000000B7BB020039
S3150003B5900000000000000000010000009602000009
S3150003B5A0000000007491030051750020BD9B030049
S3150003B5B0010000000201010100000000E7BB0200D8
S3150003B5C000000000000000000F00000097020000CA
S3150003B5D0000000008291030052750020BE9B030009
S3150003B5E0010000000101010100000000B7BB0200D9
S3150003B5F000000000000000000100000098020000A7
S3150003B600000000009891030053750020BF9B0300C0
S3150003B610010000000201010100000000E7BB020077
S3150003B62000000000000000000F0000009902000067
S3150003B63000000000AA91030054750020C09B03007C
S3150003B640010000000101010100000000B7BB020078
S3150003B6500000000000000000010000009A02000044
S3150003B66000000000C491030055750020C19B030030
S3150003B670010000000201010100000000E7BB020017
S3150003B6800000000008000000240000009B020000E8
S3150003B69000000000D491030056750020C29B0300EE
S3150003B6A0010000000101010100000000B7BB020018
S3150003B6B00000000000000000010000009C020000E2
S3150003B6C000000000EA91030057750020C39B0300A6
S3150003B6D0010000000101010100000000B7BB0200E8
S3150003B6E00000000000000000010000009D020000B1
S3150003B6F0000000000092030058750020C49B03005D
S3150003B700010000000101010100000000B7BB0200B7
S3150003B7100000000000000000010000009E0200007F
S3150003B720000000001E92030059750020C59B03000C
S3150003B730010000000101010100000000B7BB020087
S3150003B7400000000000000000010000009F0200004E
S3150003B75000000000369203005A750020C69B0300C2
S3150003B760010000000101010100000000B7BB020057
S3150003B770000000000000000001000000A00200001D
S3150003B78000000000569203005C750020C89B03006E
S3150003B79004000000040101010000000057BB020081
S3150003B7A0000000000000000000000000A1020000ED
S3150003B7B0000000006B92030060750020CC9B030021
S3150003B7C0010000000101010100000000B7BB0200F7
S3150003B7D0000000000000000001000000A2020000BB
S3150003B7E0000000008892030064750020D09B0300CC
S3150003B7F004000000040101010000000057BB020021
S3150003B800000000000000000000000000A30200008A
S3150003B810000000009B92030068750020D49B030080
S3150003B820010000000101010100000000B7BB020096
S3150003B830000000000000000001000000A402000058
S3150003B84000000000B692030069750020D59B030033
S3150003B850010000000201010100000000E7BB020035
S3150003B86000000000000000003F000000BC020000D2
S3150003B87000000000C99203006A750020D69B0300EE
S3150003B880010000000201010100000000E7BB020005
S3150003B890000000000200000040000000BD0200009E
S3150003B8A000000000DA9203006C750020D89B0300A9
S3150003B8B002000000030101010000000087BB020033
S3150003B8C0000000000200000000010000BE020000AC
S3150003B8D000000000EC9203006E750020DA9B030063
S3150003B8E001000000020101010000000039C202004C
S3150003B8F0000000000000000007000000BF02000077
S3150003B90000000000FA9203006F750020DB9B030022
S3150003B910010000000201010100000000E7BB020074
S3150003B92000000000000000000A000000C002000042
S3150003B930000000000E93030070750020DC9B0300DB
S3150003B940010000000201010100000000E7BB020044
S3150003B950000000000000000064000000C1020000B7
S3150003B960000000002393030071750020DD9B030094
S3150003B97001000000020101010000000039C20200BB
S3150003B980000000000000000007000000C2020000E3
S3150003B990000000003893030072750020DE9B03004D
S3150003B9A001000000020101010000000061C2020063
S3150003B9B00000000001000000F2000000C3020000C6
S3150003B9C0000000004893030073750020DF9B03000B
S3150003B9D00100000006010101000000009BC20200F5
S3150003B9E0000000000000000000000000C402000088
S3150003B9F0000000005593030074750020E09B0300CC
S3150003BA00010000000101010100000000B7BB0200B4
S3150003BA10000000000000000001000000C502000055
S3150003BA20000000006193030075750020E19B03008D
S3150003BA30010000000201010100000000CBC2020068
S3150003BA4000000000000000003F000000C6020000E6
S3150003BA50000000007693030076750020E29B030046
S3150003BA60010000000201010100000000E7BB020023
S3150003BA7000000000000000000A000000C7020000EA
S3150003BA80000000008693030077750020E39B030004
S3150003BA90210000000B01010100000000FDBA0200B5
S3150003BAA0000000002000000020000000C802000083
S3150003BAB0000000009293030098750020049C030085
S3150003BAC001000000020101010000000025C302007D
S3150003BAD000000000000000000F000000C902000083
S3150003BAE000000000A693030099750020059C03003F
S3150003BAF00100000002010101000000004DC3020025
S3150003BB00000000000000000016000000CA0200004A
S3150003BB1000000000BA9303009A750020069C0300F8
S3150003BB2001000000060101010000000075C30200C8
S3150003BB3000000000FFFFFFFF16000000CB0200001D
S3150003BB4000000000C99303009B750020079C0300B7
S3150003BB50010000000201010100000000E7BB020032
S3150003BB60000000000000000002000000CC020000FC
S3150003BB7000000000D49303009C750020089C03007A
S3150003BB80010000000201010100000000E7BB020002
S3150003BB90000000000000000005000000CD020000C8
S3150003BBA000000000ED930300A07500200C9C030029
S3150003BBB0040000000401010100000000F5C30200B7
S3150003BBC0000000000000000080AC6E37CE020000CB
S3150003BBD0000000000B940300A4750020109C0300D2
S3150003BBE00100000002010101000000001DC4020063
S3150003BBF000000000000000000A000000CF02000061
S3150003BC000000000024940300A8750020149C030080
S3150003BC1004000000040101010000000045C4020005
S3150003BC20000000000000000080AC6E37D002000068
S3150003BC300000000042940300AC750020189C03002A
S3150003BC40010000000201010100000000E7BB020041
S3150003BC50000000000100000002000000D102000005
S3150003BC600000000056940300AD750020199C0300E4
S3150003BC70010000000201010100000000E7BB020011
S3150003BC80000000000000000003000000D2020000D4
S3150003BC90000000006F940300AE7500201A9C030099
S3150003BCA0010000000201010100000000E7BB0200E1
S3150003BCB00000000000000000FF000000D3020000A7
S3150003BCC0000000008F940300AF7500201B9C030047
S3150003BCD0010000000201010100000000E7BB0200B1
S3150003BCE00000000000000000FF000000D402000076
S3150003BCF000000000A4940300B07500201C9C030000
S3150003BD00010000000201010100000000E7BB020080
S3150003BD100000000000000000FF000000D502000044
S3150003BD2000000000B5940300B17500201D9C0300BC
S3150003BD30210000000B01010100000000FDBA020012
S3150003BD40000000002000000020000000D6020000D2
S3150003BD5000000000C1940300D4750020409C03003A
S3150003BD6004000000040101010000000057BB0200AB
S3150003BD70000000000000000000000000FFFFFFFFBE
S3150003BD8000000000D9940300D8750020449C0300EA
S3150003BD9004000000040101010000000057BB02007B
S3150003BDA0000000000000000000000000FFFFFFFF8E
S3150003BDB000000000F1940300DC750020489C03009A
S3150003BDC004000000040101010000000057BB02004B
S3150003BDD0000000000000000000000000FFFFFFFF5E
S3150003BDE00000000009950300E07500204C9C030049
S3150003BDF004000000040101010000000057BB02001B
S3150003BE00000000000000000000000000FFFFFFFF2D
S3150003BE100000000021950300E4750020509C0300F8
S3150003BE2004000000040101010000000057BB0200EA
S3150003BE30000000000000000000000000FFFFFFFFFD
S3150003BE400000000039950300E8750020549C0300A8
S3150003BE5004000000040101010000000057BB0200BA
S3150003BE60000000000000000000000000FFFFFFFFCD
S3150003BE700000000051950300EC750020589C030058
S3150003BE8004000000040101010000000057BB02008A
S3150003BE90000000000000000000000000FFFFFFFF9D
S3150003BEA00000000069950300F07500205C9C030008
S3150003BEB004000000040101010000000057BB02005A
S3150003BEC0000000000000000000000000FFFFFFFF6D
S3150003BED00000000081950300F4750020609C0300B8
S3150003BEE004000000040101010000000057BB02002A
S3150003BEF0000000000000000000000000FFFFFFFF3D
S3150003BF000000000099950300F8750020649C030067
S3150003BF1004000000040101010000000057BB0200F9
S3150003BF20000000000000000000000000FFFFFFFF0C
S3150003BF3000000000B1950300FC750020689C030017
S3150003BF4004000000040101010000000057BB0200C9
S3150003BF50000000000000000000000000FFFFFFFFDC
S3150003BF6000000000CA950300007600206C9C0300C5
S3150003BF7004000000040101010000000057BB020099
S3150003BF80000000000000000000000000FFFFFFFFAC
S3150003BF9000000000E395030004760020709C030074
S3150003BFA004000000040101010000000057BB020069
S3150003BFB0000000000000000000000000FFFFFFFF7C
S3150003BFC000000000FC95030008760020749C030023
S3150003BFD004000000040101010000000057BB020039
S3150003BFE0000000000000000000000000FFFFFFFF4C
S3150003BFF000000000159603000C760020789C0300D1
S3150003C00004000000040101010000000057BB020008
S3150003C010000000000000000000000000FFFFFFFF1B
S3150003C020000000002E960300107600207C9C03007F
S3150003C03004000000040101010000000057BB0200D8
S3150003C040000000000000000000000000FFFFFFFFEB
S3150003C050000000004796030014760020809C03002E
S3150003C06002000000030101010000000087BB02007B
S3150003C070000000000000000000000000FFFFFFFFBB
S3150003C080000000007D860300F06F00205C9603002D
S3150003C090070000000B00000100000000FDBA0200CB
S3150003C0A035C0020006000000060000000000000084
S3150003C0B00000000087860300F76F002063960300E5
S3150003C0C0170000000B00000100000000FDBA02008B
S3150003C0D069C40200160000001600000003000000F9
S3150003C0E0000000009C8603000E7000207A96030071
S3150003C0F0010000000100010100000000B7BB0200BF
S3150003C10049C402000000000001000000FFFFFFFF1A
S3150003C11000000000AC8603000F7000207B9603002E
S3150003C120010000000200010100000000E7BB02005D
S3150003C1300000000000000000090000002A000000C3
S3150003C14000000000BF860300107000207C960300E9
S3150003C15004000000040000010000000057BB0200B9
S3150003C160000000008025000080250000EA0300008F
S3150003C17000000000CD8603001470002080960300A3
S3150003C18004000000040000010000000057BB020089
S3150003C1900000000040420F0040420F00EB03000086
S3150003C1A000000000DB86030018700020849603005D
S3150003C1B002000000030001010000000087BB02002B
S3150003C1C0000000000000000000000000D00700008F
S3150003C1D000000000E88603001A700020869603001C
S3150003C1E002000000030001010000000087BB0200FB
S3150003C1F0000000000000000000000000D10700005E
S3150003C20000000000FC8603001C70002088960300D3
S3150003C2100100000006000101000000001FBC02002F
S3150003C22079C00200F6FFFFFF16000000D8070000E2
S3150003C230000000000D8703001D700020899603008F
S3150003C240010000000200010100000000E7BB02003C
S3150003C25000000000000000001F000000E0070000CF
S3150003C26000000000008F03001E7000208A96030062
S3150003C270010000000200010100000000E7BB02000C
S3150003C28091C002000000000004000000B80B00008B
S3150003C29000000000218703001F7000208B96030017
S3150003C2A0010000000100010100000000B7BB02000D
S3150003C2B0000000000000000001000000B90B0000B0
S3150003C2C000000000BA920300207000208C96030041
S3150003C2D0090000000B00010100000000FDBA020086
S3150003C2E0E1C002000800000008000000BA0B0000CD
S3150003C2F00000000033870300297000209596030091
S3150003C300170000000B00000100000000FDBA020048
S3150003C310A9C402001600000016000000BB0B0000B3
S3150003C320000000004F87030040700020AC96030016
S3150003C330010000000200010100000000E7BB02004B
S3150003C34009C102000000000002000000BC0B00004F
S3150003C350000000005F87030041700020AD960300D4
S3150003C360010000000200000100000000E7BB02001C
S3150003C370000000000000000001000000BD0B0000EB
S3150003C380000000006B87030044700020B096030092
S3150003C39004000000040001010000000057BB020076
S3150003C3A0000000000000000000000000BE0B0000BB
S3150003C3B0000000007887030048700020B49603004D
S3150003C3C004000000040001010000000057BB020046
S3150003C3D0000000000000000000000000BF0B00008A
S3150003C3E000000000858703004C700020B896030008
S3150003C3F00100000006000101000000001FBC02004E
S3150003C400000000000000000000000000C00B000058
S3150003C410000000008A8703004D700020B9960300D0
S3150003C4200100000006000101000000001FBC02001D
S3150003C430000000000000000000000000C10B000027
S3150003C440000000001C8A03004E700020BA96030009
S3150003C450010000000200010100000000E7BB02002A
S3150003C4603BC10200050000000C000000C20B0000E7
S3150003C47000000000249103004F700020BB960300C8
S3150003C480010000000200010100000000E7BB0200FA
S3150003C49089C102000000000007000000C30B000072
S3150003C4A000000000A087030050700020BC96030024
S3150003C4B004000000040001010000000057BB020055
S3150003C4C0000000000000000000000000A00F0000B4
S3150003C4D000000000BA87030054700020C0960300D2
S3150003C4E004000000040001010000000057BB020025
S3150003C4F0000000000000000000000000A10F000083
S3150003C50000000000D187030058700020C496030082
S3150003C51004000000040001010000000057BB0200F4
S3150003C520000000000000000000000000A20F000051
S3150003C53000000000DE8703005C700020C89603003D
S3150003C540010000000200010100000000E7BB020039
S3150003C550000000000000000000000000A30F000020
S3150003C56000000000F787030060700020CC960300EC
S3150003C57004000000040001010000000057BB020094
S3150003C580000000000000000000000000A40F0000EF
S3150003C590000000000688030064700020D0960300A4
S3150003C5A002000000030001010000000087BB020037
S3150003C5B0000000000000000000000000A50F0000BE
S3150003C5C0000000002088030066700020D296030056
S3150003C5D0010000000200010100000000E7BB0200A9
S3150003C5E0000000000000000000000000A60F00008D
S3150003C5F0000000003988030067700020D39603000B
S3150003C600090000000B00010100000000FDBA020052
S3150003C610000000000800000008000000A70F00004B
S3150003C620000000006F81898B87524D31323632000C
S3150003C6302530386C5800979A9CA1A2A30031323852
S3150003C6402E342E312E383036003030303030303004
S3150003C6503100303030303030303030303030303000
S3150003C66030303030303030303030303030303030C1
S3150003C6703031001A0E0F15000000000000001700ED
S3150003C680040104025B785D20003F3F3F000A5258D5
S3150003C6903A20573A25732C20503A25642C20433AE6
S3150003C6A025642C20463A256C75487A2C2044523A48
S3150003C6B025642C20523A256464426D2C20533A2576
S3150003C6C06464422C20004641494C0053454E5400B5
S3150003C6D041434B000A54583A205B25735D2C204393
S3150003C6E03A25642C20463A256C75487A2C20445208
S3150003C6F03A25640D000A4A4F494E3A205B4F4B5D7B
S3150003C7000D000A4A4F494E3A205B4F4B5D2C205B86
S3150003C71054585D3A20433A25642C20463A256C75D5
S3150003C720487A2C2044523A25642C205B52585D3AB1
S3150003C73020573A25732C20433A25642C20463A2564
S3150003C7406C75487A2C2044523A25640D000A4A4FE8
S3150003C750494E3A205B4641494C5D2C205B54585D5B
S3150003C7603A20433A25642C20463A256C75487A2CA0
S3150003C7702044523A25640D000A54494D453A205B3C
S3150003C7804641494C5D0D000A54494D453A205B4FDD
S3150003C7904B5D200025593A256D3A25643A25483ADA
S3150003C7A0254D3A2553000A434C4153533A205B2502
S3150003C7B0735D0D000A52583A205B5032505D205388
S3150003C7C03A25642C20523A256464426D2C20533A50
S3150003C7D0256464422C20000A414452583A20000A38
S3150003C7E0414452493A20000A4144524A3A200044FD
S3150003C7F0523A257325642C20504F3A257325642C11
S3150003C800204E423A257325642C2043503A25730063
S3150003C810253032783A002C20504C3A257325640093
S3150003C8200A465553543A20493A25752C204D433A26
S3150003C83025752C204E3A25752C20533A25752C2028
S3150003C840433A253032582C20503A25752C20443A49
S3150003C85030782530386C580D000A46554652473A0B
S3150003C86020493A25752C204E3A25752C20443A004A
S3150003C8700A465555503A20493A25752C20503A25F3
S3150003C880750D000A414C4353594E433A205B5359A5
S3150003C8904E435D000A4655464D560D000A4655461B
S3150003C8A04D52543A20543A256C750D000A465546A6
S3150003C8B04D52433A20543A256C750D000A465546A7
S3150003C8C04D550D000A4655464D443A20563A2530F5
S3150003C8D0386C580D000A5355503A20253034646D90
S3150003C8E0560D000A4352583A20523A25642C2053D7
S3150003C8F03A25640D000A4C433A205B4F4B5D2C20CE
S3150003C9004D3A25642C20433A25640D000A4C433ADC
S3150003C910205B4641494C5D0D005B215D20005B5E5B
S3150003C9205D20005B765D2000435F4D433000435F2F
S3150003C9304D433100435F4D433200435F4D43330064
S3150003C9404200425F4D433000425F4D433100425F38
S3150003C9504D433200425F4D4333004245410050325E
S3150003C9605000000019C903001EC9030023C90300B0
S3150003C970C68B0300958D030023CB030028C9030050
S3150003C9802EC9030034C903003AC9030040C9030092
S3150003C99042C9030048C903004EC9030054C9030032
S3150003C9A05AC9030089C603005EC9030041542646DB
S3150003C9B0000000000100000033000000000000003A
S3150003C9C0000000000000000000000000000000005E
S3150003C9D0415426570000000000000000000000003C
S3150003C9E00000000000000000000000004154255331
S3150003C9F00025642C202564000203000000000000CB
S3150003CA00000000000000000000000000010000001C
S3150003CA105100000041542B414C434F464600000051
S3150003CA200000000034CA03000300000000000000F9
S3150003CA300000000000010200010000005100000098
S3150003CA4041542B414C434F4E0000000000000000B0
S3150003CA5060CA03000300000000000000000000009D
S3150003CA6000010241542B4241540000000101000021
S3150003CA7080CA03000300000000000000000000005D
S3150003CA8000010241542B43525800000001020000EA
S3150003CA90000000000000000000000000000000008D
S3150003CAA041542B43545800000101000000000000CC
S3150003CAB000000000000000000000000041542B4469
S3150003CAC0524F500000000000D9CA030003000000C3
S3150003CAD0D8CA0300010000000100010241542B449F
S3150003CAE05554590001010000F8CA03000300000071
S3150003CAF0000000000000000000010241542B4655CF
S3150003CB00464D44000101000018CB0300030000005A
S3150003CB10000000000000000000010241542B4655AE
S3150003CB20464D524300000000010100003CCB0300C8
S3150003CB3003000000000000000000000000010241A5
S3150003CB40542B4655464D5254000000000101000087
S3150003CB5060CB03000300000000000000000000009B
S3150003CB6000010241542B4655464D55000102000073
S3150003CB7080CB03000300000000000000000000005B
S3150003CB8000010241542B4655464D56000202000051
S3150003CB90A0CB03000300000000000000000000001B
S3150003CBA000010241542B4655535400000101000075
S3150003CBB0C0CB0300030000000000000000000000DB
S3150003CBC000010241542B4655555000000404000051
S3150003CBD0E0CB03000300000000000000000000009B
S3150003CBE000010241542B4A4F494E00000000000049
S3150003CBF001CC03000300000000CC03000100000089
S3150003CC0001000102010000005100000041542B4CB9
S3150003CC10494E4B4300000000000000002CCC0300EB
S3150003CC2003000000000000000000000000010200F5
S3150003CC30010000002F00000041542B4D43474100E3
S3150003CC400404000054CC03000200000000000000AE
S3150003CC5000000000010200000100000021000000A6
S3150003CC6041542B4D43474500010100007CCC030092
S3150003CC7002000000000000000000000001020A2577
S3150003CC80642C256C750000000100000021000000E3
S3150003CC9041542B4D43474C0001010000ACCC03002B
S3150003CCA00200000000000000000000000102000076
S3150003CCB0010000002100000041542B4D4347520060
S3150003CCC001010000D4CC03000200000000000000B4
S3150003CCD000000000010241542B4D4347530000005E
S3150003CCE003040000F4CC030002000000000000006F
S3150003CCF000000000010241542B5032504500000051
S3150003CD000000000014CD0300010000000000000035
S3150003CD10000000000341542B503250530000000022
S3150003CD200000000034CD03000100000000000000F5
S3150003CD3000000000030000000100000021000000C5
S3150003CD4041542B5032505400020200005CCD0300C4
S3150003CD5001000000000000000000000003000000C6
S3150003CD60010000002100000041542B53454E4400AE
S3150003CD700101000084CD0300030000000000000051
S3150003CD800000000000010200010000000E00000088
S3150003CD9041542B534C454550000000000000000051
S3150003CDA0000000000000000000000000000000007A
S3150003CDB041542B535550430000000000CCCD0300D3
S3150003CDC00300000000000000000000000001020A4A
S3150003CDD0253034646D560D0041542B53555049008C
S3150003CDE000000000F4CD0300030000000000000073
S3150003CDF00000000000010241542B5355505300001C
S3150003CE000000000014CE0300030000000000000031
S3150003CE10000000000001020A25303364430D00417F
S3150003CE20542B54454D500000000000000000000044
S3150003CE3000000000000000000000000041542B54D5
S3150003CE40494D45000000000058CE030003000000D2
S3150003CE50000000000000000000010241542B57416E
S3150003CE604B45000A57414B450D00000000000000EA
S3150003CE7000000000000000000000000000000000A9
S3150003CE80415449000A25730D00000000000100000B
S3150003CE900000000000000000000000000000000089
S3150003CEA041545300256C642E2E256C64000000004B
S3150003CEB00203000000000000000000000000000064
S3150003CEC0000000002E2E2F6C635F636F6D706F6E14
S3150003CED0656E74732F7372632F736C5F696F7374EC
S3150003CEE07265616D5F696E69745F6575736172748E
S3150003CEF05F696E7374616E6365732E630000000071
S3150003CF00050000000000000000C20100000200004E
S3150003CF1000100000000000000000000000000000F8
S3150003CF200000035A0301000038000000020000005D
S3150003CF3007000000010000000300000001000000DC
S3150003CF400400000001000000020000003E3F000054
S3150003CF501C790020200000000000000003010100EE
S3150003CF60010401010001070001000107010100019D
S3150003CF7008000100010A0001000108030100010C79
S3150003CF80000100010F000100010E01010001140060
S3150003CF900100011302010001140101000115000142
S3150003CFA00001120002000116000100011601010032
S3150003CFB00116020100011603010001160401000116
S3150003CFC016000200011601020001160202000116F4
S3150003CFD003020001160103000116020300011600F5
S3150003CFE005000116010500011604040001160306D7
S3150003CFF000011603070001160407000102000003DF
S3150003D000000100000005006D63755F70616E696362
S3150003D0103A25730A002D3E200025733A256C7520A8
S3150003D02000736D74635F6D6F64656D5F68616C5FDC
S3150003D030636F6E746578745F73746F726500736D76
S3150003D04074635F6D6F64656D5F68616C5F636F6E5C
S3150003D050746578745F726573746F726500524545C3
S3150003D0604E54206D616C6C6F6320737563636565E5
S3150003D070646564002F6D6E742F776F726B737061C6
S3150003D08063652F776F726B73706163652F474343D5
S3150003D0902D31302D706970656C696E652F6A656E0A
S3150003D0A06B696E732D4743432D31302D706970655F
S3150003D0B06C696E652D3333385F323032313130313E
S3150003D0C0385F313633343531363230332F7372634A
S3150003D0D02F6E65776C69622F6E65776C69622F6C4C
S3150003D0E06962632F74696D652F676D74696D652E4B
S3150003D0F063002F6D6E742F776F726B737061636548
S3150003D1002F776F726B73706163652F4743432D31BE
S3150003D110302D706970656C696E652F6A656E6B6913
S3150003D1206E732D4743432D31302D706970656C69DD
S3150003D1306E652D3333385F32303231313031385FFB
S3150003D140313633343531363230332F7372632F6EC3
S3150003D15065776C69622F6E65776C69622F6C69629D
S3150003D160632F7374646C69622F72616E642E63003D
S3150003D1702573252E2A6400257325302E2A64002B59
S3150003D1800025326400252E32642F252E32642F2586
S3150003D1902E326400592D256D2D2564002E2A750027
S3150003D1A0252E336400256C6C6400252E32643A25E3
S3150003D1B02E32643A252E326400252B30336C6425D7
S3150003D1C02E326C64004A616E00466562004D6172E0
S3150003D1D000417072004D6179004A756E004A756CA4
S3150003D1E00041756700536570004F6374004E6F7698
S3150003D1F000446563004A616E756172790046656233
S3150003D2007275617279004D6172636800417072696B
S3150003D2106C004A756E65004A756C790041756775D1
S3150003D22073740053657074656D626572004F637441
S3150003D2306F626572004E6F76656D62657200446556
S3150003D24063656D6265720053756E004D6F6E0054B3
S3150003D2507565005765640054687500467269005326
S3150003D26061740053756E646179004D6F6E64617904
S3150003D2700054756573646179005765646E657364FC
S3150003D28061790054687572736461790046726964E2
S3150003D290617900536174757264617900256D2F2578
S3150003D2A0642F2579002561202562202565202548E0
S3150003D2B03A254D3A255320255900414D00504D003E
S3150003D2C025612025622025652025483A254D3A25E6
S3150003D2D05320255A202559006D640025493A254DCA
S3150003D2E03A25532025700000C5D10300C9D1030098
S3150003D2F0CDD10300D1D10300D5D10300D9D1030089
S3150003D300DDD10300E1D10300E5D10300E9D1030038
S3150003D310EDD10300F1D10300F5D10300FDD10300E4
S3150003D32006D203000CD20300D5D1030012D20300A8
S3150003D33017D203001CD2030023D203002DD203000D
S3150003D34035D203003ED2030047D203004BD203007B
S3150003D3504FD2030053D2030057D203005BD203001C
S3150003D3605FD2030063D203006AD2030071D20300C3
S3150003D37079D2030083D203008CD2030093D2030035
S3150003D3809DC703009CD20300A5D20300BAD20300B3
S3150003D390BDD20300C0D20300F5D10300FDD10300C3
S3150003D3A006D203000CD20300D5D1030012D2030028
S3150003D3B017D203001CD2030023D203002DD203008D
S3150003D3C035D203003ED20300D8D20300DBD20300DA
S3150003D3D00544030005440300054403000544030014
S3150003D3E005440300474D54002531305B5E302D392B
S3150003D3F02C2B2D5D256E004D256875256E2E256813
S3150003D40075256E2E256875256E002F256875256E84
S3150003D4103A256875256E3A256875256E002C2066B3
S3150003D420756E6374696F6E3A200061737365727407
S3150003D430696F6E2022257322206661696C65643AE2
S3150003D4402066696C6520222573222C206C696E6523
S3150003D450202564257325730A000000001F000000C1
S3150003D4601C0000001F0000001E0000001F0000003B
S3150003D4701E0000001F0000001F0000001E00000029
S3150003D4801F0000001E0000001F0000001F00000018
S3150003D4901D0000001F0000001E0000001F0000000A
S3150003D4A01E0000001F0000001F0000001E000000F9
S3150003D4B01F0000001E0000001F0000002B2D00307F
S3150003D4C03000785800412D46612D663839303132A7
S3150003D4D033343536375D0000BCD40300BFD40300B4
S3150003D4E0C2D403001D7E000001F4020039F50200D8
S3150003D4F0B58500009DD80200D9D702003DD80200A9
S3150003D500797E0000A97F000069800000A5810000E4
S3150003D5107982000065830000C5840000D9DB020020
S3150003D52069DC0200F9DC020089DD02001DDF02006E
S3150003D53019E0020091E0020049E10200E9E102007C
S3150003D5406DE20200F1E20200B9E302006DE40200BB
S3150003D550FDE4020011E6020089E6020025E7020067
S3150003D560C5E802009DE902007DEA020049EB0200DC
S3150003D570EDEC020059ED0200C5ED02003DEF02009D
S3150003D58091F0020009F102007DF1020021F202008E
S3150003D59095F2020011F3020091F30200E48BFC7F83
S3150003D5A001000000B0D50300000F00206401000055
S3150003D5B0A00000002F9A0000FFFF0000E8350020BE
S3150003D5C0140F00200040070000A00000A82F002031
S3150003D5D0C8000000FE000000000000001C35030028
S3150003D5E0187C0020C0EA2101C0EA210100F04902AB
S3150003D5F00080000001041F004C0F00200000000003
S3150003D6001037030030370300F03603000000000034
S3150003D6100000000000000000000000000000000001
S3150003D62000000000000000000000000000000000F1
S3150003D63000000000000000000000000000000000E1
S3150003D64000000000000000000000000000000000D1
S3150003D6500000000000000000000000000101FFFFC1
S3150003D6600100000000000000015B01000000000053
S3150003D670B93A020000000000C53C020000000000A9
S3150003D680B942010000000000014D01000000000046
S3150003D690896A010000000000DD4801000000000067
S3150003D6A019600100000000000D3E0100C0120000D9
S3150003D6B01F000000A816000017000000841C0000CD
S3150003D6C00F000000E42500001E000000B42D00003A
S3150003D6D016000000083900000E0000002C4C000064
S3150003D6E01D000000685B0000150000007472000056
S3150003D6F00D000000589800001C00000034B700001D
S3150003D70014000000E8E400000C000000783101007A
S3150003D7101B000000686E01001300000034CA0100FC
S3150003D7200B000000286202001A00000040DB020022
S3150003D730120000003C9303000A000000C0C204006C
S3150003D7401900000060B3050011000000382007002F
S3150003D7500900000000000000459A0200759A0200C5
S3150003D760799A0200039B0200079B0200139B0200A7
S3150003D770219B0200259B02003D9B0200719B020038
S3150003D780759B0200899B02008D9B0200919B020000
S3150003D790A79B0200BD9B0200D39B0200D79B0200FE
S3150003D7A05F9C0200839C0200E79F020085A00200A3
S3150003D7B00DA002009BA00200B79C0200BB9C0200C6
S3150003D7C0C99C02000FA10200B3A1020049A20200F4
S3150003D7D085A202005BA30200EF9C0200FD9C0200EF
S3150003D7E0019D0200059D02006D9D02008F9D0200B2
S3150003D7F0939D0200A5A20200D5A10200979D0200F7
S3150003D8009B9D02009F9D0200A39D0200A79D02000F
S3150003D810C19D0200C59D020095A30200AFA30200AD
S3150003D820DFA30200FDA302001BA402003BA4020027
S3150003D83057A40200EBA20200C99D0200699E0200E2
S3150003D840A19E0200D59E0200D99E0200DD9E020023
S3150003D850E19E020077A40200FDA402005FA5020078
S3150003D86063A50200008182800184858302878886FE
S3150003D870038A8B89FFFFFFFF01FF01003C7900202C
S3150003D8803C79002000000650000000000408000058
S3150003D89040420F00080000000000000000010001E4
S3150003D8A0000000006079002001000000E4D30300BB
S3150003D8B0E4D30300000000000100000000000000A4
S3150003D8C04A00000000000000000000000000000005
S3150003D8D0000000000000000000000000000000003F
S3150003D8E000000000000000004A00000000000000E5
S3150003D8F0000000000000000000000000000000001F
S3150003D900000000000000000000000000000000000E
S3150003D9101C7B002082B030BF074BD3F8F030DB0707
S3150003D92004D500230193019B052B01DD02B070474B
S3150003D930019B0133F6E700BF00ED00E0F0B5114AA5
S3150003D940114C124E00F00105E3695F0713D40DB9BC
S3150003D950334213D103EA00078F4207D10B4A1A4019
S3150003D960002A14BF6FF001000020F0BD013AEBD18D
S3150003D9706FF00200F9E74FF0FF30F6E76FF00100B2
S3150003D980F3E700BF809698000000035002000100F1
S3150003D9900B4B70B5D96911F480310DD101244FF4C5
S3150003D9A08072084E084DF46020462C641A61FFF716
S3150003D9B0C5FF3464EC6070BD6FF00100FBE700BF88
S3150003D9C0000003500010035000200350C0F30C0363
S3150003D9D070B5054623B14FF4FE71114800F0A4F863
S3150003D9E04FF400320F4B104C9A6641F67133012205
S3150003D9F0E669E3630D4B0021DA60022365612120AA
S3150003DA00236106F48036FFF799FF10B92120FFF74B
S3150003DA1095FF0122064BDA600EB10023E36370BD66
S3150003DA200834030000900050000003500010035018
S3150003DA300020035070B5134C6061E3695B071ED485
S3150003DA400E4656F8043B8D18A361AE420BD1042350
S3150003DA50002121202361FFF771FF58B9BDE870400B
S3150003DA602120FFF76BBF08210846FFF767FF10B1B8
S3150003DA700423236170BD56F8043BA361E5E74FF029
S3150003DA80FF30F7E7000003502DE9F84315468207F8
S3150003DA900F46064604D04FF412711E4800F044F8B0
S3150003DAA0AB0704D040F24A211A4800F03DF84FF480
S3150003DAB00032194BDFF868909A6603F51C33DA696E
S3150003DAC002F4803841F67132DA63012203F580539A
S3150003DAD0DA6065B928460122104BDA60B8F1000F07
S3150003DAE003D00022A3F50053DA63BDE8F88306F5F5
S3150003DAF0005404EA0904A41BAC4228BF2C46394649
S3150003DB0022463046FFF796FF0028E4D126442744F1
S3150003DB102D1BDEE70834030000900050002003505D
S3150003DB2000E0FFFF0000000001B40248844601BC88
S3150003DB30604700BF41E400006561000041610000E9
S3150007E000FFFFFFFFFFFFFFFFFFFFFFFFFFFFFFFF13
S3150007E010FFFFFFFFFFFFFFFFFFFFFFFFFFFFFFFF03
S3150007E020FFFFFFFFFFFFFFFFFFFFFFFFFFFFFFFFF3
S3150007E030FFFFFFFFFFFFFFFFFFFFFFFFFFFFFFFFE3
S3150007E040FFFFFFFFFFFFFFFFFFFFFFFFFFFFFFFFD3
S3150007E050FFFFFFFFFFFFFFFFFFFFFFFFFFFFFFFFC3
S3150007E060FFFFFFFFFFFFFFFFFFFFFFFFFFFFFFFFB3
S3150007E070FFFFFFFFFFFFFFFFFFFFFFFFFFFFFFFFA3
S3150007E080FFFFFFFFFFFFFFFFFFFFFFFFFFFFFFFF93
S3150007E090FFFFFFFFFFFFFFFFFFFFFFFFFFFFFFFF83
S3150007E0A0FFFFFFFFFFFFFFFFFFFFFFFFFFFFFFFF73
S3150007E0B0FFFFFFFFFFFFFFFFFFFFFFFFFFFFFFFF63
S3150007E0C0FFFFFFFFFFFFFFFFFFFFFFFFFFFFFFFF53
S3150007E0D0FFFFFFFFFFFFFFFFFFFFFFFFFFFFFFFF43
S3150007E0E0FFFFFFFFFFFFFFFFFFFFFFFFFFFFFFFF33
S3150007E0F0FFFFFFFFFFFFFFFFFFFFFFFFFFFFFFFF23
S3150007E100FFFFFFFFFFFFFFFFFFFFFFFFFFFFFFFF12
S3150007E110FFFFFFFFFFFFFFFFFFFFFFFFFFFFFFFF02
S3150007E120FFFFFFFFFFFFFFFFFFFFFFFFFFFFFFFFF2
S3150007E130FFFFFFFFFFFFFFFFFFFFFFFFFFFFFFFFE2
S3150007E140FFFFFFFFFFFFFFFFFFFFFFFFFFFFFFFFD2
S3150007E150FFFFFFFFFFFFFFFFFFFFFFFFFFFFFFFFC2
S3150007E160FFFFFFFFFFFFFFFFFFFFFFFFFFFFFFFFB2
S3150007E170FFFFFFFFFFFFFFFFFFFFFFFFFFFFFFFFA2
S3150007E180FFFFFFFFFFFFFFFFFFFFFFFFFFFFFFFF92
S3150007E190FFFFFFFFFFFFFFFFFFFFFFFFFFFFFFFF82
S3150007E1A0FFFFFFFFFFFFFFFFFFFFFFFFFFFFFFFF72
S3150007E1B0FFFFFFFFFFFFFFFFFFFFFFFFFFFFFFFF62
S3150007E1C0FFFFFFFFFFFFFFFFFFFFFFFFFFFFFFFF52
S3150007E1D0FFFFFFFFFFFFFFFFFFFFFFFFFFFFFFFF42
S3150007E1E0FFFFFFFFFFFFFFFFFFFFFFFFFFFFFFFF32
S3150007E1F0FFFFFFFFFFFFFFFFFFFFFFFFFFFFFFFF22
S3150007E200FFFFFFFFFFFFFFFFFFFFFFFFFFFFFFFF11
S3150007E210FFFFFFFFFFFFFFFFFFFFFFFFFFFFFFFF01
S3150007E220FFFFFFFFFFFFFFFFFFFFFFFFFFFFFFFFF1
S3150007E230FFFFFFFFFFFFFFFFFFFFFFFFFFFFFFFFE1
S3150007E240FFFFFFFFFFFFFFFFFFFFFFFFFFFFFFFFD1
S3150007E250FFFFFFFFFFFFFFFFFFFFFFFFFFFFFFFFC1
S3150007E260FFFFFFFFFFFFFFFFFFFFFFFFFFFFFFFFB1
S3150007E270FFFFFFFFFFFFFFFFFFFFFFFFFFFFFFFFA1
S3150007E280FFFFFFFFFFFF3D2CC496C101D2CF8F7F53
S3150007E290E717115C65B5FFFFFFFFFFFFFFFFFFFFF6
S3150007E2A0FFFFFFFFFFFFFFFFFFFFFFFFFFFFFFFF71
S3150007E2B0FFFFFFFFFFFFFFFFFFFFFFFFFFFFFFFF61
S3150007E2C0FFFFFFFFFFFFFFFFFFFFFFFFFFFFFFFF51
S3150007E2D0FFFFFFFFFFFFFFFFFFFFFFFFFFFFFFFF41
S3150007E2E0FFFFFFFFFFFFFFFFFFFFFFFFFFFFFFFF31
S3150007E2F0FFFFFFFFFFFFFFFFFFFFFFFFFFFFFFFF21
S3150007E300FFFFFFFFFFFFFFFFFFFFFFFFFFFFFFFF10
S3150007E310FFFFFFFFFFFFFFFFFFFFFFFFFFFFFFFF00
S3150007E320FFFFFFFFFFFFFFFFFFFFFFFFFFFFFFFFF0
S3150007E330FFFFFFFFFFFFFFFFFFFFFFFFFFFFFFFFE0
S3150007E340FFFFFFFFFFFFFFFFFFFFFFFF272907561F
S3150007E350C3835D72F6635D2B4C15C497786EFFA079
S3150007E360628861895C0007558818C2E21ACC4E306C
S3150007E370A29CCE9242E2C713E52B4B57BE0B0288EF
S3150007E380FAE9FB9272DA4EC8452EDB63FFFFFFFF01
S3150007E390FFFFFFFFFFFFFFFFFFFFFFFFFFFFFFFF80
S3150007E3A0FFFFFFFFFFFFFFFFFFFFFFFFFFFFFFFF70
S3150007E3B0FFFFFFFFFFFFFFFFFFFFFFFFFFFFFFFF60
S3150007E3C0FFFFFFFFFFFFFFFFFFFFFFFFFFFFFFFF50
S3150007E3D0FFFFFFFFFFFFFFFFFFFFFFFFFFFFFFFF40
S3150007E3E0FFFFFFFFFFFFFFFFFFFFFFFFFFFFFFFF30
S3150007E3F0FFFFFFFFFFFFFFFFFFFFFFFFFFFFFFFF20
S3150007E400FFFFFFFFFFFFFFFFFFFFFFFFFFFFFFFF0F
S3150007E410FFFFFFFFFFFFFFFFFFFFFFFFFFFFFFFFFF
S3150007E420FFFFFFFFFFFFFFFFFFFFFFFFFFFFFFFFEF
S3150007E430FFFFFFFFFFFFFFFFFFFFFFFFFFFFFFFFDF
S3150007E440FFFFFFFFFFFFFFFFFFFFFFFFFFFFFFFFCF
S3150007E450FFFFFFFFFFFFFFFFFFFFFFFFFFFFFFFFBF
S3150007E460FFFFFFFFFFFFFFFFFFFFFFFFFFFFFFFFAF
S3150007E470FFFFFFFFFFFFFFFFFFFFFFFFFFFFFFFF9F
S3150007E480FFFFFFFFFFFFFFFFFFFFFFFFFFFFFFFF8F
S3150007E490FFFFFFFFFFFFFFFFFFFFFFFFFFFFFFFF7F
S3150007E4A0FFFFFFFFFFFFFFFFFFFFFFFFFFFFFFFF6F
S3150007E4B0FFFFFFFFFFFFFFFFFFFFFFFFFFFFFFFF5F
S3150007E4C0FFFFFFFFFFFFFFFFFFFFFFFFFFFFFFFF4F
S3150007E4D0FFFFFFFFFFFFFFFFFFFFFFFFFFFFFFFF3F
S3150007E4E0FFFFFFFFFFFFFFFFFFFFFFFFFFFFFFFF2F
S3150007E4F0FFFFFFFFFFFFFFFFFFFFFFFFFFFFFFFF1F
S3150007E500FFFFFFFFFFFFFFFFFFFFFFFFFFFFFFFF0E
S3150007E510FFFFFFFFFFFFFFFFFFFFFFFFFFFFFFFFFE
S3150007E520FFFFFFFFFFFFFFFFFFFFFFFFFFFFFFFFEE
S3150007E530FFFFFFFFFFFFFFFFFFFFFFFFFFFFFFFFDE
S3150007E540FFFFFFFFFFFFFFFFFFFFFFFFFFFFFFFFCE
S3150007E550FFFFFFFFFFFFFFFFFFFFFFFFFFFFFFFFBE
S3150007E560FFFFFFFFFFFFFFFFFFFFFFFFFFFFFFFFAE
S3150007E570FFFFFFFFFFFFFFFFFFFFFFFFFFFFFFFF9E
S3150007E580FFFFFFFFFFFFFFFFFFFFFFFFFFFFFFFF8E
S3150007E590FFFFFFFFFFFFFFFFFFFFFFFFFFFFFFFF7E
S3150007E5A0FFFFFFFFFFFFFFFFFFFFFFFFFFFFFFFF6E
S3150007E5B0FFFFFFFFFFFFFFFFFFFFFFFFFFFFFFFF5E
S3150007E5C0FFFFFFFFFFFFFFFFFFFFFFFFFFFFFFFF4E
S3150007E5D0FFFFFFFFFFFFFFFFFFFFFFFFFFFFFFFF3E
S3150007E5E0FFFFFFFFFFFFFFFFFFFFFFFFFFFFFFFF2E
S3150007E5F0FFFFFFFFFFFFFFFFFFFFFFFFFFFFFFFF1E
S3150007E600FFFFFFFFFFFFFFFFFFFFFFFFFFFFFFFF0D
S3150007E610FFFFFFFFFFFFFFFFFFFFFFFFFFFFFFFFFD
S3150007E620FFFFFFFFFFFFFFFFFFFFFFFFFFFFFFFFED
S3150007E630FFFFFFFFFFFFFFFFFFFFFFFFFFFFFFFFDD
S3150007E640FFFFFFFFFFFFFFFFFFFFFFFFFFFFFFFFCD
S3150007E650FFFFFFFFFFFFFFFFFFFFFFFFFFFFFFFFBD
S3150007E660FFFFFFFFFFFFFFFFFFFFFFFFFFFFFFFFAD
S3150007E670FFFFFFFFFFFFFFFFFFFFFFFFFFFFFFFF9D
S3150007E680FFFFFFFFFFFFFFFFFFFFFFFFFFFFFFFF8D
S3150007E690FFFFFFFFFFFFFFFFFFFFFFFFFFFFFFFF7D
S3150007E6A0FFFFFFFFFFFFFFFFFFFFFFFFFFFFFFFF6D
S3150007E6B0FFFFFFFFFFFFFFFFFFFFFFFFFFFFFFFF5D
S3150007E6C0FFFFFFFFFFFFFFFFFFFFFFFFFFFFFFFF4D
S3150007E6D0FFFFFFFFFFFFFFFFFFFFFFFFFFFFFFFF3D
S3150007E6E0FFFFFFFFFFFFFFFFFFFFFFFFFFFFFFFF2D
S3150007E6F0FFFFFFFFFFFFFFFFFFFFFFFFFFFFFFFF1D
S3150007E700FFFFFFFFFFFFFFFFFFFFFFFFFFFFFFFF0C
S3150007E710FFFFFFFFFFFFFFFFFFFFFFFFFFFFFFFFFC
S3150007E720FFFFFFFFFFFFFFFFFFFFFFFFFFFFFFFFEC
S3150007E730FFFFFFFFFFFFFFFFFFFFFFFFFFFFFFFFDC
S3150007E740FFFFFFFFFFFFFFFFFFFFFFFFFFFFFFFFCC
S3150007E750FFFFFFFFFFFFFFFFFFFFFFFFFFFFFFFFBC
S3150007E760FFFFFFFFFFFFFFFFFFFFFFFFFFFFFFFFAC
S3150007E770FFFFFFFFFFFFFFFFFFFFFFFFFFFFFFFF9C
S3150007E780FFFFFFFFFFFFFFFFFFFFFFFFFFFFFFFF8C
S3150007E790FFFFFFFFFFFFFFFFFFFFFFFFFFFFFFFF7C
S3150007E7A0FFFFFFFFFFFFFFFFFFFFFFFFFFFFFFFF6C
S3150007E7B0FFFFFFFFFFFFFFFFFFFFFFFFFFFFFFFF5C
S3150007E7C0FFFFFFFFFFFFFFFFFFFFFFFFFFFFFFFF4C
S3150007E7D0FFFFFFFFFFFFFFFFFFFFFFFFFFFFFFFF3C
S3150007E7E0FFFFFFFFFFFFFFFFFFFFFFFFFFFFFFFF2C
S3150007E7F0FFFFFFFFFFFFFFFFFFFFFFFFFFFFFFFF1C
S3150007E800FFFFFFFFFFFFFFFFFFFFFFFFFFFFFFFF0B
S3150007E810FFFFFFFFFFFFFFFFFFFFFFFFFFFFFFFFFB
S3150007E820FFFFFFFFFFFFFFFFFFFFFFFFFFFFFFFFEB
S3150007E830FFFFFFFFFFFFFFFFFFFFFFFFFFFFFFFFDB
S3150007E840FFFFFFFFFFFFFFFFFFFFFFFFFFFFFFFFCB
S3150007E850FFFFFFFFFFFFFFFFFFFFFFFFFFFFFFFFBB
S3150007E860FFFFFFFFFFFFFFFFFFFFFFFFFFFFFFFFAB
S3150007E870FFFFFFFFFFFFFFFFFFFFFFFFFFFFFFFF9B
S3150007E880FFFFFFFFFFFFFFFFFFFFFFFFFFFFFFFF8B
S3150007E890FFFFFFFFFFFFFFFFFFFFFFFFFFFFFFFF7B
S3150007E8A0FFFFFFFFFFFFFFFFFFFFFFFFFFFFFFFF6B
S3150007E8B0FFFFFFFFFFFFFFFFFFFFFFFFFFFFFFFF5B
S3150007E8C0FFFFFFFFFFFFFFFFFFFFFFFFFFFFFFFF4B
S3150007E8D0FFFFFFFFFFFFFFFFFFFFFFFFFFFFFFFF3B
S3150007E8E0FFFFFFFFFFFFFFFFFFFFFFFFFFFFFFFF2B
S3150007E8F0FFFFFFFFFFFFFFFFFFFFFFFFFFFFFFFF1B
S3150007E900FFFFFFFFFFFFFFFFFFFFFFFFFFFFFFFF0A
S3150007E910FFFFFFFFFFFFFFFFFFFFFFFFFFFFFFFFFA
S3150007E920FFFFFFFFFFFFFFFFFFFFFFFFFFFFFFFFEA
S3150007E930FFFFFFFFFFFFFFFFFFFFFFFFFFFFFFFFDA
S3150007E940FFFFFFFFFFFFFFFFFFFFFFFFFFFFFFFFCA
S3150007E950FFFFFFFFFFFFFFFFFFFFFFFFFFFFFFFFBA
S3150007E960FFFFFFFFFFFFFFFFFFFFFFFFFFFFFFFFAA
S3150007E970FFFFFFFFFFFFFFFFFFFFFFFFFFFFFFFF9A
S3150007E980FFFFFFFFFFFFFFFFFFFFFFFFFFFFFFFF8A
S3150007E990FFFFFFFFFFFFFFFFFFFFFFFFFFFFFFFF7A
S3150007E9A0FFFFFFFFFFFFFFFFFFFFFFFFFFFFFFFF6A
S3150007E9B0FFFFFFFFFFFFFFFFFFFFFFFFFFFFFFFF5A
S3150007E9C0FFFFFFFFFFFFFFFFFFFFFFFFFFFFFFFF4A
S3150007E9D0FFFFFFFFFFFFFFFFFFFFFFFFFFFFFFFF3A
S3150007E9E0FFFFFFFFFFFFFFFFFFFFFFFFFFFFFFFF2A
S3150007E9F0FFFFFFFFFFFFFFFFFFFFFFFFFFFFFFFF1A
S3150007EA00FFFFFFFFFFFFFFFFFFFFFFFFFFFFFFFF09
S3150007EA10FFFFFFFFFFFFFFFFFFFFFFFFFFFFFFFFF9
S3150007EA20FFFFFFFFFFFFFFFFFFFFFFFFFFFFFFFFE9
S3150007EA30FFFFFFFFFFFFFFFFFFFFFFFFFFFFFFFFD9
S3150007EA40FFFFFFFFFFFFFFFFFFFFFFFFFFFFFFFFC9
S3150007EA50FFFFFFFFFFFFFFFFFFFFFFFFFFFFFFFFB9
S3150007EA60FFFFFFFFFFFFFFFFFFFFFFFFFFFFFFFFA9
S3150007EA70FFFFFFFFFFFFFFFFFFFFFFFFFFFFFFFF99
S3150007EA80FFFFFFFFFFFFFFFFFFFFFFFFFFFFFFFF89
S3150007EA90FFFFFFFFFFFFFFFFFFFFFFFFFFFFFFFF79
S3150007EAA0FFFFFFFFFFFFFFFFFFFFFFFFFFFFFFFF69
S3150007EAB0FFFFFFFFFFFFFFFFFFFFFFFFFFFFFFFF59
S3150007EAC0FFFFFFFFFFFFFFFFFFFFFFFFFFFFFFFF49
S3150007EAD0FFFFFFFFFFFFFFFFFFFFFFFFFFFFFFFF39
S3150007EAE0FFFFFFFFFFFFFFFFFFFFFFFFFFFFFFFF29
S3150007EAF0FFFFFFFFFFFFFFFFFFFFFFFFFFFFFFFF19
S3150007EB00FFFFFFFFFFFFFFFFFFFFFFFFFFFFFFFF08
S3150007EB10FFFFFFFFFFFFFFFFFFFFFFFFFFFFFFFFF8
S3150007EB20FFFFFFFFFFFFFFFFFFFFFFFFFFFFFFFFE8
S3150007EB30FFFFFFFFFFFFFFFFFFFFFFFFFFFFFFFFD8
S3150007EB40FFFFFFFFFFFFFFFFFFFFFFFFFFFFFFFFC8
S3150007EB50FFFFFFFFFFFFFFFFFFFFFFFFFFFFFFFFB8
S3150007EB60FFFFFFFFFFFFFFFFFFFFFFFFFFFFFFFFA8
S3150007EB70FFFFFFFFFFFFFFFFFFFFFFFFFFFFFFFF98
S3150007EB80FFFFFFFFFFFFFFFFFFFFFFFFFFFFFFFF88
S3150007EB90FFFFFFFFFFFFFFFFFFFFFFFFFFFFFFFF78
S3150007EBA0FFFFFFFFFFFFFFFFFFFFFFFFFFFFFFFF68
S3150007EBB0FFFFFFFFFFFFFFFFFFFFFFFFFFFFFFFF58
S3150007EBC0FFFFFFFFFFFFFFFFFFFFFFFFFFFFFFFF48
S3150007EBD0FFFFFFFFFFFFFFFFFFFFFFFFFFFFFFFF38
S3150007EBE0FFFFFFFFFFFFFFFFFFFFFFFFFFFFFFFF28
S3150007EBF0FFFFFFFFFFFFFFFFFFFFFFFFFFFFFFFF18
S3150007EC00FFFFFFFFFFFFFFFFFFFFFFFFFFFFFFFF07
S3150007EC10FFFFFFFFFFFFFFFFFFFFFFFFFFFFFFFFF7
S3150007EC20FFFFFFFFFFFFFFFFFFFFFFFFFFFFFFFFE7
S3150007EC30FFFFFFFFFFFFFFFFFFFFFFFFFFFFFFFFD7
S3150007EC40FFFFFFFFFFFFFFFFFFFFFFFFFFFFFFFFC7
S3150007EC50FFFFFFFFFFFFFFFFFFFFFFFFFFFFFFFFB7
S3150007EC60FFFFFFFFFFFFFFFFFFFFFFFFFFFFFFFFA7
S3150007EC70FFFFFFFFFFFFFFFFFFFFFFFFFFFFFFFF97
S3150007EC80FFFFFFFFFFFFFFFFFFFFFFFFFFFFFFFF87
S3150007EC90FFFFFFFFFFFFFFFFFFFFFFFFFFFFFFFF77
S3150007ECA0FFFFFFFFFFFFFFFFFFFFFFFFFFFFFFFF67
S3150007ECB0FFFFFFFFFFFFFFFFFFFFFFFFFFFFFFFF57
S3150007ECC0FFFFFFFFFFFFFFFFFFFFFFFFFFFFFFFF47
S3150007ECD0FFFFFFFFFFFFFFFFFFFFFFFFFFFFFFFF37
S3150007ECE0FFFFFFFFFFFFFFFFFFFFFFFFFFFFFFFF27
S3150007ECF0FFFFFFFFFFFFFFFFFFFFFFFFFFFFFFFF17
S3150007ED00FFFFFFFFFFFFFFFFFFFFFFFFFFFFFFFF06
S3150007ED10FFFFFFFFFFFFFFFFFFFFFFFFFFFFFFFFF6
S3150007ED20FFFFFFFFFFFFFFFFFFFFFFFFFFFFFFFFE6
S3150007ED30FFFFFFFFFFFFFFFFFFFFFFFFFFFFFFFFD6
S3150007ED40FFFFFFFFFFFFFFFFFFFFFFFFFFFFFFFFC6
S3150007ED50FFFFFFFFFFFFFFFFFFFFFFFFFFFFFFFFB6
S3150007ED60FFFFFFFFFFFFFFFFFFFFFFFFFFFFFFFFA6
S3150007ED70FFFFFFFFFFFFFFFFFFFFFFFFFFFFFFFF96
S3150007ED80FFFFFFFFFFFFFFFFFFFFFFFFFFFFFFFF86
S3150007ED90FFFFFFFFFFFFFFFFFFFFFFFFFFFFFFFF76
S3150007EDA0FFFFFFFFFFFFFFFFFFFFFFFFFFFFFFFF66
S3150007EDB0FFFFFFFFFFFFFFFFFFFFFFFFFFFFFFFF56
S3150007EDC0FFFFFFFFFFFFFFFFFFFFFFFFFFFFFFFF46
S3150007EDD0FFFFFFFFFFFFFFFFFFFFFFFFFFFFFFFF36
S3150007EDE0FFFFFFFFFFFFFFFFFFFFFFFFFFFFFFFF26
S3150007EDF0FFFFFFFFFFFFFFFFFFFFFFFFFFFFFFFF16
S3150007EE00FFFFFFFFFFFFFFFFFFFFFFFFFFFFFFFF05
S3150007EE10FFFFFFFFFFFFFFFFFFFFFFFFFFFFFFFFF5
S3150007EE20FFFFFFFFFFFFFFFFFFFFFFFFFFFFFFFFE5
S3150007EE30FFFFFFFFFFFFFFFFFFFFFFFFFFFFFFFFD5
S3150007EE40FFFFFFFFFFFFFFFFFFFFFFFFFFFFFFFFC5
S3150007EE50FFFFFFFFFFFFFFFFFFFFFFFFFFFFFFFFB5
S3150007EE60FFFFFFFFFFFFFFFFFFFFFFFFFFFFFFFFA5
S3150007EE70FFFFFFFFFFFFFFFFFFFFFFFFFFFFFFFF95
S3150007EE80FFFFFFFFFFFFFFFFFFFFFFFFFFFFFFFF85
S3150007EE90FFFFFFFFFFFFFFFFFFFFFFFFFFFFFFFF75
S3150007EEA0FFFFFFFFFFFFFFFFFFFFFFFFFFFFFFFF65
S3150007EEB0FFFFFFFFFFFFFFFFFFFFFFFFFFFFFFFF55
S3150007EEC0FFFFFFFFFFFFFFFFFFFFFFFFFFFFFFFF45
S3150007EED0FFFFFFFFFFFFFFFFFFFFFFFFFFFFFFFF35
S3150007EEE0FFFFFFFFFFFFFFFFFFFFFFFFFFFFFFFF25
S3150007EEF0FFFFFFFFFFFFFFFFFFFFFFFFFFFFFFFF15
S3150007EF00FFFFFFFFFFFFFFFFFFFFFFFFFFFFFFFF04
S3150007EF10FFFFFFFFFFFFFFFFFFFFFFFFFFFFFFFFF4
S3150007EF20FFFFFFFFFFFFFFFFFFFFFFFFFFFFFFFFE4
S3150007EF30FFFFFFFFFFFFFFFFFFFFFFFFFFFFFFFFD4
S3150007EF40FFFFFFFFFFFFFFFFFFFFFFFFFFFFFFFFC4
S3150007EF50FFFFFFFFFFFFFFFFFFFFFFFFFFFFFFFFB4
S3150007EF60FFFFFFFFFFFFFFFFFFFFFFFFFFFFFFFFA4
S3150007EF70FFFFFFFFFFFFFFFFFFFFFFFFFFFFFFFF94
S3150007EF80FFFFFFFFFFFFFFFFFFFFFFFFFFFFFFFF84
S3150007EF90FFFFFFFFFFFFFFFFFFFFFFFFFFFFFFFF74
S3150007EFA0FFFFFFFFFFFFFFFFFFFFFFFFFFFFFFFF64
S3150007EFB0FFFFFFFFFFFFFFFFFFFFFFFFFFFFFFFF54
S3150007EFC0FFFFFFFFFFFFFFFFFFFFFFFFFFFFFFFF44
S3150007EFD0FFFFFFFFFFFFFFFFFFFFFFFFFFFFFFFF34
S3150007EFE0FFFFFFFFFFFFFFFFFFFFFFFFFFFFFFFF24
S3150007EFF0FFFFFFFFFFFFFFFFFFFFFFFFFFFFFFFF14
S3150007F000FFFFFFFFFFFFFFFFFFFFFFFFFFFFFFFF03
S3150007F010FFFFFFFFFFFFFFFFFFFFFFFFFFFFFFFFF3
S3150007F020FFFFFFFFFFFFFFFFFFFFFFFFFFFFFFFFE3
S3150007F030FFFFFFFFFFFFFFFFFFFFFFFFFFFFFFFFD3
S3150007F040FFFFFFFFFFFFFFFFFFFFFFFFFFFFFFFFC3
S3150007F050FFFFFFFFFFFFFFFFFFFFFFFFFFFFFFFFB3
S3150007F060FFFFFFFFFFFFFFFFFFFFFFFFFFFFFFFFA3
S3150007F070FFFFFFFFFFFFFFFFFFFFFFFFFFFFFFFF93
S3150007F080FFFFFFFFFFFFFFFFFFFFFFFFFFFFFFFF83
S3150007F090FFFFFFFFFFFFFFFFFFFFFFFFFFFFFFFF73
S3150007F0A0FFFFFFFFFFFFFFFFFFFFFFFFFFFFFFFF63
S3150007F0B0FFFFFFFFFFFFFFFFFFFFFFFFFFFFFFFF53
S3150007F0C0FFFFFFFFFFFFFFFFFFFFFFFFFFFFFFFF43
S3150007F0D0FFFFFFFFFFFFFFFFFFFFFFFFFFFFFFFF33
S3150007F0E0FFFFFFFFFFFFFFFFFFFFFFFFFFFFFFFF23
S3150007F0F0FFFFFFFFFFFFFFFFFFFFFFFFFFFFFFFF13
S3150007F100FFFFFFFFFFFFFFFFFFFFFFFFFFFFFFFF02
S3150007F110FFFFFFFFFFFFFFFFFFFFFFFFFFFFFFFFF2
S3150007F120FFFFFFFFFFFFFFFFFFFFFFFFFFFFFFFFE2
S3150007F130FFFFFFFFFFFFFFFFFFFFFFFFFFFFFFFFD2
S3150007F140FFFFFFFFFFFFFFFFFFFFFFFFFFFFFFFFC2
S3150007F150FFFFFFFFFFFFFFFFFFFFFFFFFFFFFFFFB2
S3150007F160FFFFFFFFFFFFFFFFFFFFFFFFFFFFFFFFA2
S3150007F170FFFFFFFFFFFFFFFFFFFFFFFFFFFFFFFF92
S3150007F180FFFFFFFFFFFFFFFFFFFFFFFFFFFFFFFF82
S3150007F190FFFFFFFFFFFFFFFFFFFFFFFFFFFFFFFF72
S3150007F1A0FFFFFFFFFFFFFFFFFFFFFFFFFFFFFFFF62
S3150007F1B0FFFFFFFFFFFFFFFFFFFFFFFFFFFFFFFF52
S3150007F1C0FFFFFFFFFFFFFFFFFFFFFFFFFFFFFFFF42
S3150007F1D0FFFFFFFFFFFFFFFFFFFFFFFFFFFFFFFF32
S3150007F1E0FFFFFFFFFFFFFFFFFFFFFFFFFFFFFFFF22
S3150007F1F0FFFFFFFFFFFFFFFFFFFFFFFFFFFFFFFF12
S3150007F200FFFFFFFFFFFFFFFFFFFFFFFFFFFFFFFF01
S3150007F210FFFFFFFFFFFFFFFFFFFFFFFFFFFFFFFFF1
S3150007F220FFFFFFFFFFFFFFFFFFFFFFFFFFFFFFFFE1
S3150007F230FFFFFFFFFFFFFFFFFFFFFFFFFFFFFFFFD1
S3150007F240FFFFFFFFFFFFFFFFFFFFFFFFFFFFFFFFC1
S3150007F250FFFFFFFFFFFFFFFFFFFFFFFFFFFFFFFFB1
S3150007F260FFFFFFFFFFFFFFFFFFFFFFFFFFFFFFFFA1
S3150007F270FFFFFFFFFFFFFFFFFFFFFFFFFFFFFFFF91
S3150007F280FFFFFFFFFFFFFFFFFFFFFFFFFFFFFFFF81
S3150007F290FFFFFFFFFFFFFFFFFFFFFFFFFFFFFFFF71
S3150007F2A0FFFFFFFFFFFFFFFFFFFFFFFFFFFFFFFF61
S3150007F2B0FFFFFFFFFFFFFFFFFFFFFFFFFFFFFFFF51
S3150007F2C0FFFFFFFFFFFFFFFFFFFFFFFFFFFFFFFF41
S3150007F2D0FFFFFFFFFFFFFFFFFFFFFFFFFFFFFFFF31
S3150007F2E0FFFFFFFFFFFFFFFFFFFFFFFFFFFFFFFF21
S3150007F2F0FFFFFFFFFFFFFFFFFFFFFFFFFFFFFFFF11
S3150007F300FFFFFFFFFFFFFFFFFFFFFFFFFFFFFFFF00
S3150007F310FFFFFFFFFFFFFFFFFFFFFFFFFFFFFFFFF0
S3150007F320FFFFFFFFFFFFFFFFFFFFFFFFFFFFFFFFE0
S3150007F330FFFFFFFFFFFFFFFFFFFFFFFFFFFFFFFFD0
S3150007F340FFFFFFFFFFFFFFFFFFFFFFFFFFFFFFFFC0
S3150007F350FFFFFFFFFFFFFFFFFFFFFFFFFFFFFFFFB0
S3150007F360FFFFFFFFFFFFFFFFFFFFFFFFFFFFFFFFA0
S3150007F370FFFFFFFFFFFFFFFFFFFFFFFFFFFFFFFF90
S3150007F380FFFFFFFFFFFFFFFFFFFFFFFFFFFFFFFF80
S3150007F390FFFFFFFFFFFFFFFFFFFFFFFFFFFFFFFF70
S3150007F3A0FFFFFFFFFFFFFFFFFFFFFFFFFFFFFFFF60
S3150007F3B0FFFFFFFFFFFFFFFFFFFFFFFFFFFFFFFF50
S3150007F3C0FFFFFFFFFFFFFFFFFFFFFFFFFFFFFFFF40
S3150007F3D0FFFFFFFFFFFFFFFFFFFFFFFFFFFFFFFF30
S3150007F3E0FFFFFFFFFFFFFFFFFFFFFFFFFFFFFFFF20
S3150007F3F0FFFFFFFFFFFFFFFFFFFFFFFFFFFFFFFF10
S3150007F400FFFFFFFFFFFFFFFFFFFFFFFFFFFFFFFFFF
S3150007F410FFFFFFFFFFFFFFFFFFFFFFFFFFFFFFFFEF
S3150007F420FFFFFFFFFFFFFFFFFFFFFFFFFFFFFFFFDF
S3150007F430FFFFFFFFFFFFFFFFFFFFFFFFFFFFFFFFCF
S3150007F440FFFFFFFFFFFFFFFFFFFFFFFFFFFFFFFFBF
S3150007F450FFFFFFFFFFFFFFFFFFFFFFFFFFFFFFFFAF
S3150007F460FFFFFFFFFFFFFFFFFFFFFFFFFFFFFFFF9F
S3150007F470FFFFFFFFFFFFFFFFFFFFFFFFFFFFFFFF8F
S3150007F480FFFFFFFFFFFFFFFFFFFFFFFFFFFFFFFF7F
S3150007F490FFFFFFFFFFFFFFFFFFFFFFFFFFFFFFFF6F
S3150007F4A0FFFFFFFFFFFFFFFFFFFFFFFFFFFFFFFF5F
S3150007F4B0FFFFFFFFFFFFFFFFFFFFFFFFFFFFFFFF4F
S3150007F4C0FFFFFFFFFFFFFFFFFFFFFFFFFFFFFFFF3F
S3150007F4D0FFFFFFFFFFFFFFFFFFFFFFFFFFFFFFFF2F
S3150007F4E0FFFFFFFFFFFFFFFFFFFFFFFFFFFFFFFF1F
S3150007F4F0FFFFFFFFFFFFFFFFFFFFFFFFFFFFFFFF0F
S3150007F500FFFFFFFFFFFFFFFFFFFFFFFFFFFFFFFFFE
S3150007F510FFFFFFFFFFFFFFFFFFFFFFFFFFFFFFFFEE
S3150007F520FFFFFFFFFFFFFFFFFFFFFFFFFFFFFFFFDE
S3150007F530FFFFFFFFFFFFFFFFFFFFFFFFFFFFFFFFCE
S3150007F540FFFFFFFFFFFFFFFFFFFFFFFFFFFFFFFFBE
S3150007F550FFFFFFFFFFFFFFFFFFFFFFFFFFFFFFFFAE
S3150007F560FFFFFFFFFFFFFFFFFFFFFFFFFFFFFFFF9E
S3150007F570FFFFFFFFFFFFFFFFFFFFFFFFFFFFFFFF8E
S3150007F580FFFFFFFFFFFFFFFFFFFFFFFFFFFFFFFF7E
S3150007F590FFFFFFFFFFFFFFFFFFFFFFFFFFFFFFFF6E
S3150007F5A0FFFFFFFFFFFFFFFFFFFFFFFFFFFFFFFF5E
S3150007F5B0FFFFFFFFFFFFFFFFFFFFFFFFFFFFFFFF4E
S3150007F5C0FFFFFFFFFFFFFFFFFFFFFFFFFFFFFFFF3E
S3150007F5D0FFFFFFFFFFFFFFFFFFFFFFFFFFFFFFFF2E
S3150007F5E0FFFFFFFFFFFFFFFFFFFFFFFFFFFFFFFF1E
S3150007F5F0FFFFFFFFFFFFFFFFFFFFFFFFFFFFFFFF0E
S3150007F600FFFFFFFFFFFFFFFFFFFFFFFFFFFFFFFFFD
S3150007F610FFFFFFFFFFFFFFFFFFFFFFFFFFFFFFFFED
S3150007F620FFFFFFFFFFFFFFFFFFFFFFFFFFFFFFFFDD
S3150007F630FFFFFFFFFFFFFFFFFFFFFFFFFFFFFFFFCD
S3150007F640FFFFFFFFFFFFFFFFFFFFFFFFFFFFFFFFBD
S3150007F650FFFFFFFFFFFFFFFFFFFFFFFFFFFFFFFFAD
S3150007F660FFFFFFFFFFFFFFFFFFFFFFFFFFFFFFFF9D
S3150007F670FFFFFFFFFFFFFFFFFFFFFFFFFFFFFFFF8D
S3150007F680FFFFFFFFFFFFFFFFFFFFFFFFFFFFFFFF7D
S3150007F690FFFFFFFFFFFFFFFFFFFFFFFFFFFFFFFF6D
S3150007F6A0FFFFFFFFFFFFFFFFFFFFFFFFFFFFFFFF5D
S3150007F6B0FFFFFFFFFFFFFFFFFFFFFFFFFFFFFFFF4D
S3150007F6C0FFFFFFFFFFFFFFFFFFFFFFFFFFFFFFFF3D
S3150007F6D0FFFFFFFFFFFFFFFFFFFFFFFFFFFFFFFF2D
S3150007F6E0FFFFFFFFFFFFFFFFFFFFFFFFFFFFFFFF1D
S3150007F6F0FFFFFFFFFFFFFFFFFFFFFFFFFFFFFFFF0D
S3150007F700FFFFFFFFFFFFFFFFFFFFFFFFFFFFFFFFFC
S3150007F710FFFFFFFFFFFFFFFFFFFFFFFFFFFFFFFFEC
S3150007F720FFFFFFFFFFFFFFFFFFFFFFFFFFFFFFFFDC
S3150007F730FFFFFFFFFFFFFFFFFFFFFFFFFFFFFFFFCC
S3150007F740FFFFFFFFFFFFFFFFFFFFFFFFFFFFFFFFBC
S3150007F750FFFFFFFFFFFFFFFFFFFFFFFFFFFFFFFFAC
S3150007F760FFFFFFFFFFFFFFFFFFFFFFFFFFFFFFFF9C
S3150007F770FFFFFFFFFFFFFFFFFFFFFFFFFFFFFFFF8C
S3150007F780FFFFFFFFFFFFFFFFFFFFFFFFFFFFFFFF7C
S3150007F790FFFFFFFFFFFFFFFFFFFFFFFFFFFFFFFF6C
S3150007F7A0FFFFFFFFFFFFFFFFFFFFFFFFFFFFFFFF5C
S3150007F7B0FFFFFFFFFFFFFFFFFFFFFFFFFFFFFFFF4C
S3150007F7C0FFFFFFFFFFFFFFFFFFFFFFFFFFFFFFFF3C
S3150007F7D0FFFFFFFFFFFFFFFFFFFFFFFFFFFFFFFF2C
S3150007F7E0FFFFFFFFFFFFFFFFFFFFFFFFFFFFFFFF1C
S3150007F7F0FFFFFFFFFFFFFFFFFFFFFFFFFFFFFFFF0C
S3150007F800FFFFFFFFFFFFFFFFFFFFFFFFFFFFFFFFFB
S3150007F810FFFFFFFFFFFFFFFFFFFFFFFFFFFFFFFFEB
S3150007F820FFFFFFFFFFFFFFFFFFFFFFFFFFFFFFFFDB
S3150007F830FFFFFFFFFFFFFFFFFFFFFFFFFFFFFFFFCB
S3150007F840FFFFFFFFFFFFFFFFFFFFFFFFFFFFFFFFBB
S3150007F850FFFFFFFFFFFFFFFFFFFFFFFFFFFFFFFFAB
S3150007F860FFFFFFFFFFFFFFFFFFFFFFFFFFFFFFFF9B
S3150007F870FFFFFFFFFFFFFFFFFFFFFFFFFFFFFFFF8B
S3150007F880FFFFFFFFFFFFFFFFFFFFFFFFFFFFFFFF7B
S3150007F890FFFFFFFFFFFFFFFFFFFFFFFFFFFFFFFF6B
S3150007F8A0FFFFFFFFFFFFFFFFFFFFFFFFFFFFFFFF5B
S3150007F8B0FFFFFFFFFFFFFFFFFFFFFFFFFFFFFFFF4B
S3150007F8C0FFFFFFFFFFFFFFFFFFFFFFFFFFFFFFFF3B
S3150007F8D0FFFFFFFFFFFFFFFFFFFFFFFFFFFFFFFF2B
S3150007F8E0FFFFFFFFFFFFFFFFFFFFFFFFFFFFFFFF1B
S3150007F8F0FFFFFFFFFFFFFFFFFFFFFFFFFFFFFFFF0B
S3150007F900FFFFFFFFFFFFFFFFFFFFFFFFFFFFFFFFFA
S3150007F910FFFFFFFFFFFFFFFFFFFFFFFFFFFFFFFFEA
S3150007F920FFFFFFFFFFFFFFFFFFFFFFFFFFFFFFFFDA
S3150007F930FFFFFFFFFFFFFFFFFFFFFFFFFFFFFFFFCA
S3150007F940FFFFFFFFFFFFFFFFFFFFFFFFFFFFFFFFBA
S3150007F950FFFFFFFFFFFFFFFFFFFFFFFFFFFFFFFFAA
S3150007F960FFFFFFFFFFFFFFFFFFFFFFFFFFFFFFFF9A
S3150007F970FFFFFFFFFFFFFFFFFFFFFFFFFFFFFFFF8A
S3150007F980FFFFFFFFFFFFFFFFFFFFFFFFFFFFFFFF7A
S3150007F990FFFFFFFFFFFFFFFFFFFFFFFFFFFFFFFF6A
S3150007F9A0FFFFFFFFFFFFFFFFFFFFFFFFFFFFFFFF5A
S3150007F9B0FFFFFFFFFFFFFFFFFFFFFFFFFFFFFFFF4A
S3150007F9C0FFFFFFFFFFFFFFFFFFFFFFFFFFFFFFFF3A
S3150007F9D0FFFFFFFFFFFFFFFFFFFFFFFFFFFFFFFF2A
S3150007F9E0FFFFFFFFFFFFFFFFFFFFFFFFFFFFFFFF1A
S3150007F9F0FFFFFFFFFFFFFFFFFFFFFFFFFFFFFFFF0A
S3150007FA00FFFFFFFFFFFFFFFFFFFFFFFFFFFFFFFFF9
S3150007FA10FFFFFFFFFFFFFFFFFFFFFFFFFFFFFFFFE9
S3150007FA20FFFFFFFFFFFFFFFFFFFFFFFFFFFFFFFFD9
S3150007FA30FFFFFFFFFFFFFFFFFFFFFFFFFFFFFFFFC9
S3150007FA40FFFFFFFFFFFFFFFFFFFFFFFFFFFFFFFFB9
S3150007FA50FFFFFFFFFFFFFFFFFFFFFFFFFFFFFFFFA9
S3150007FA60FFFFFFFFFFFFFFFFFFFFFFFFFFFFFFFF99
S3150007FA70FFFFFFFFFFFFFFFFFFFFFFFFFFFFFFFF89
S3150007FA80FFFFFFFFFFFFFFFFFFFFFFFFFFFFFFFF79
S3150007FA90FFFFFFFFFFFFFFFFFFFFFFFFFFFFFFFF69
S3150007FAA0FFFFFFFFFFFFFFFFFFFFFFFFFFFFFFFF59
S3150007FAB0FFFFFFFFFFFFFFFFFFFFFFFFFFFFFFFF49
S3150007FAC0FFFFFFFFFFFFFFFFFFFFFFFFFFFFFFFF39
S3150007FAD0FFFFFFFFFFFFFFFFFFFFFFFFFFFFFFFF29
S3150007FAE0FFFFFFFFFFFFFFFFFFFFFFFFFFFFFFFF19
S3150007FAF0FFFFFFFFFFFFFFFFFFFFFFFFFFFFFFFF09
S3150007FB00FFFFFFFFFFFFFFFFFFFFFFFFFFFFFFFFF8
S3150007FB10FFFFFFFFFFFFFFFFFFFFFFFFFFFFFFFFE8
S3150007FB20FFFFFFFFFFFFFFFFFFFFFFFFFFFFFFFFD8
S3150007FB30FFFFFFFFFFFFFFFFFFFFFFFFFFFFFFFFC8
S3150007FB40FFFFFFFFFFFFFFFFFFFFFFFFFFFFFFFFB8
S3150007FB50FFFFFFFFFFFFFFFFFFFFFFFFFFFFFFFFA8
S3150007FB60FFFFFFFFFFFFFFFFFFFFFFFFFFFFFFFF98
S3150007FB70FFFFFFFFFFFFFFFFFFFFFFFFFFFFFFFF88
S3150007FB80FFFFFFFFFFFFFFFFFFFFFFFFFFFFFFFF78
S3150007FB90FFFFFFFFFFFFFFFFFFFFFFFFFFFFFFFF68
S3150007FBA0FFFFFFFFFFFFFFFFFFFFFFFFFFFFFFFF58
S3150007FBB0FFFFFFFFFFFFFFFFFFFFFFFFFFFFFFFF48
S3150007FBC0FFFFFFFFFFFFFFFFFFFFFFFFFFFFFFFF38
S3150007FBD0FFFFFFFFFFFFFFFFFFFFFFFFFFFFFFFF28
S3150007FBE0FFFFFFFFFFFFFFFFFFFFFFFFFFFFFFFF18
S3150007FBF0FFFFFFFFFFFFFFFFFFFFFFFFFFFFFFFF08
S3150007FC00FFFFFFFFFFFFFFFFFFFFFFFFFFFFFFFFF7
S3150007FC10FFFFFFFFFFFFFFFFFFFFFFFFFFFFFFFFE7
S3150007FC20FFFFFFFFFFFFFFFFFFFFFFFFFFFFFFFFD7
S3150007FC30FFFFFFFFFFFFFFFFFFFFFFFFFFFFFFFFC7
S3150007FC40FFFFFFFFFFFFFFFFFFFFFFFFFFFFFFFFB7
S3150007FC50FFFFFFFFFFFFFFFFFFFFFFFFFFFFFFFFA7
S3150007FC60FFFFFFFFFFFFFFFFFFFFFFFFFFFFFFFF97
S3150007FC70FFFFFFFFFFFFFFFFFFFFFFFFFFFFFFFF87
S3150007FC80FFFFFFFFFFFFFFFFFFFFFFFFFFFFFFFF77
S3150007FC90FFFFFFFFFFFFFFFFFFFFFFFFFFFFFFFF67
S3150007FCA0FFFFFFFFFFFFFFFFFFFFFFFFFFFFFFFF57
S3150007FCB0FFFFFFFFFFFFFFFFFFFFFFFFFFFFFFFF47
S3150007FCC0FFFFFFFFFFFFFFFFFFFFFFFFFFFFFFFF37
S3150007FCD0FFFFFFFFFFFFFFFFFFFFFFFFFFFFFFFF27
S3150007FCE0FFFFFFFFFFFFFFFFFFFFFFFFFFFFFFFF17
S3150007FCF0FFFFFFFFFFFFFFFFFFFFFFFFFFFFFFFF07
S3150007FD00FFFFFFFFFFFFFFFFFFFFFFFFFFFFFFFFF6
S3150007FD10FFFFFFFFFFFFFFFFFFFFFFFFFFFFFFFFE6
S3150007FD20FFFFFFFFFFFFFFFFFFFFFFFFFFFFFFFFD6
S3150007FD30FFFFFFFFFFFFFFFFFFFFFFFFFFFFFFFFC6
S3150007FD40FFFFFFFFFFFFFFFFFFFFFFFFFFFFFFFFB6
S3150007FD50FFFFFFFFFFFFFFFFFFFFFFFFFFFFFFFFA6
S3150007FD60FFFFFFFFFFFFFFFFFFFFFFFFFFFFFFFF96
S3150007FD70FFFFFFFFFFFFFFFFFFFFFFFFFFFFFFFF86
S3150007FD80FFFFFFFFFFFFFFFFFFFFFFFFFFFFFFFF76
S3150007FD90FFFFFFFFFFFFFFFFFFFFFFFFFFFFFFFF66
S3150007FDA0FFFFFFFFFFFFFFFFFFFFFFFFFFFFFFFF56
S3150007FDB0FFFFFFFFFFFFFFFFFFFFFFFFFFFFFFFF46
S3150007FDC0FFFFFFFFFFFFFFFFFFFFFFFFFFFFFFFF36
S3150007FDD0FFFFFFFFFFFFFFFFFFFFFFFFFFFFFFFF26
S3150007FDE0FFFFFFFFFFFFFFFFFFFFFFFFFFFFFFFF16
S3150007FDF0FFFFFFFFFFFFFFFFFFFFFFFFFFFFFFFF06
S3150007FE00FFFFFFFFFFFFFFFFFFFFFFFFFFFFFFFFF5
S3150007FE10FFFFFFFFFFFFFFFFFFFFFFFFFFFFFFFFE5
S3150007FE20FFFFFFFFFFFFFFFFFFFFFFFFFFFFFFFFD5
S3150007FE30FFFFFFFFFFFFFFFFFFFFFFFFFFFFFFFFC5
S3150007FE40FFFFFFFFFFFFFFFFFFFFFFFFFFFFFFFFB5
S3150007FE50FFFFFFFFFFFFFFFFFFFFFFFFFFFFFFFFA5
S3150007FE60FFFFFFFFFFFFFFFFFFFFFFFFFFFFFFFF95
S3150007FE70FFFFFFFFFFFFFFFFFFFFFFFFFFFFFFFF85
S3150007FE80FFFFFFFFFFFFFFFFFFFFFFFFFFFFFFFF75
S3150007FE90FFFFFFFFFFFFFFFFFFFFFFFFFFFFFFFF65
S3150007FEA0FFFFFFFFFFFFFFFFFFFFFFFFFFFFFFFF55
S3150007FEB0FFFFFFFFFFFFFFFFFFFFFFFFFFFFFFFF45
S3150007FEC0FFFFFFFFFFFFFFFFFFFFFFFFFFFFFFFF35
S3150007FED0FFFFFFFFFFFFFFFFFFFFFFFFFFFFFFFF25
S3150007FEE0FFFFFFFFFFFFFFFFFFFFFFFFFFFFFFFF15
S3150007FEF0FFFFFFFFFFFFFFFFFFFFFFFFFFFFFFFF05
S3150007FF00FFFFFFFFFFFFFFFFFFFFFFFFFFFFFFFFF4
S3150007FF10FFFFFFFFFFFFFFFFFFFFFFFFFFFFFFFFE4
S3150007FF20FFFFFFFFFFFFFFFFFFFFFFFFFFFFFFFFD4
S3150007FF30FFFFFFFFFFFFFFFFFFFFFFFFFFFFFFFFC4
S3150007FF40FFFFFFFFFFFFFFFFFFFFFFFFFFFFFFFFB4
S3150007FF50FFFFFFFFFFFFFFFFFFFFFFFFFFFFFFFFA4
S3150007FF60FFFFFFFFFFFFFFFFFFFFFFFFFFFFFFFF94
S3150007FF70FFFFFFFFFFFFFFFFFFFFFFFFFFFFFFFF84
S3150007FF80FFFFFFFFFFFFFFFFFFFFFFFFFFFFFFFF74
S3150007FF90FFFFFFFFFFFFFFFFFFFFFFFFFFFFFFFF64
S3150007FFA0FFFFFFFFFFFFFFFFFFFFFFFFFFFFFFFF54
S3150007FFB0FFFFFFFFFFFFFFFFFFFFFFFFFFFFFFFF44
S3150007FFC0FFFFFFFFFFFFFFFFFFFFFFFFFFFFFFFF34
S3150007FFD0FFFFFFFFFFFFFFFFFFFFFFFFFFFFFFFF24
S3150007FFE0FFFFFFFFFFFFFFFFFFFFFFFFFFFFFFFF14
S3140007FFF0FFFFFFFFFFFFFFFFFFFFFFFFFFFFFF04
S5033E4A74
S70500000000FA
